Transaction_Id,Date,Time,Product_ID,Product_Name,Category,Quantity,Unit_Price,Discount,Total_Amount
T2025000001,2025-11-24,18:15:00,P0298,Pepero White Cookie,Snacks,5,55.0,0.0,275.0
T2025000001,2025-11-24,18:15:00,P0122,Chamisul Original Soju,Liquor/Beverage,1,175.0,0.0,175.0
T2025000001,2025-11-24,18:15:00,P0177,Ottogi Beef Seaweed Soup Ramen,Noodles,4,70.0,0.0,280.0
T2025000001,2025-11-24,18:15:00,P0245,Honey Butter Almond 190g,Snacks,1,420.0,0.0,420.0
T2025000001,2025-11-24,18:15:00,P0189,Ottogi Bodle Cheese Ramen,Noodles,2,60.0,0.0,120.0
T2025000002,2025-11-24,18:19:00,P0299,Lotte Xylitol Green Gum,Snacks,1,55.0,0.0,55.0
T2025000002,2025-11-24,18:19:00,P0080,Samyang Buldak Original Spicy Mandu 700g,Food Frozen,1,410.0,0.0,410.0
T2025000002,2025-11-24,18:19:00,P0179,Ottogi Ramen Bokki Cup,Noodles,4,69.0,0.0,276.0
T2025000002,2025-11-24,18:19:00,P0279,Orion O! Karto Sweet Corn,Snacks,2,88.0,0.0,176.0
T2025000002,2025-11-24,18:19:00,P0203,Jin Ramen Spicy Cup,Noodles,3,50.0,0.0,150.0
T2025000003,2025-11-24,19:17:00,P0148,Binggrae Strawberry Milk,Liquor/Beverage,5,45.0,0.0,225.0
T2025000003,2025-11-24,19:17:00,P0032,Samlip Mini Kimbap,Dry Food,1,120.0,0.0,120.0
T2025000004,2025-11-24,18:14:00,P0145,Binggrae Melon Soda,Liquor/Beverage,1,60.0,0.05,57.0
T2025000004,2025-11-24,18:14:00,P0274,Haitai Matdongsan,Snacks,2,95.0,0.0,190.0
T2025000004,2025-11-24,18:14:00,P0280,Nongshim Potato Sticks,Snacks,1,85.0,0.0,85.0
T2025000004,2025-11-24,18:14:00,P0191,Paldo Teumsae Ramen,Noodles,3,60.0,0.0,180.0
T2025000004,2025-11-24,18:14:00,P0008,Ottogi Corn Syrup,Condiments,1,98.0,0.0,98.0
T2025000005,2025-11-24,13:18:00,P0134,KSD Green Grape Rice Wine 750mL,Liquor/Beverage,2,105.0,0.0,210.0
T2025000005,2025-11-24,13:18:00,P0059,Pork Belly (Samgyupsal) 500g,Food Fresh/Meat/Sidedish,2,275.0,0.0,550.0
T2025000006,2025-11-24,19:06:00,P0132,Sunhari Strawberry 360mL,Liquor/Beverage,3,120.0,0.0,360.0
T2025000006,2025-11-24,19:06:00,P0040,Ottogi Sweet Corn 340g,Dry Food,2,95.0,0.0,190.0
T2025000007,2025-11-24,17:54:00,P0044,Ottogi Vegetable Soup 80g,Dry Food,2,90.0,0.0,180.0
T2025000007,2025-11-24,17:54:00,P0067,Wasabi Radish Wrapper 340g,Food Fresh/Meat/Sidedish,1,145.0,0.0,145.0
T2025000008,2025-11-24,13:43:00,P0172,Ottogi Jin Hot Big Cup,Noodles,3,75.0,0.0,225.0
T2025000008,2025-11-24,13:43:00,P0025,Sempio Yellow Peach In Can 400g,Dry Food,1,145.0,0.0,145.0
T2025000008,2025-11-24,13:43:00,P0231,O'Food Bulgogi Marinade,Seasoned/Sauce/Powder,2,145.0,0.0,290.0
T2025000008,2025-11-24,13:43:00,P0277,Orion Turtle Chips Sweet Corn,Snacks,1,89.0,0.0,89.0
T2025000008,2025-11-24,13:43:00,P0129,Sunhari Grape 360mL,Liquor/Beverage,1,120.0,0.15,102.0
T2025000009,2025-11-24,19:21:00,P0122,Chamisul Original Soju,Liquor/Beverage,1,175.0,0.0,175.0
T2025000009,2025-11-24,19:21:00,P0169,Samyang Buldak Stew Type 145g,Noodles,1,80.0,0.0,80.0
T2025000010,2025-11-24,13:42:00,P0122,Chamisul Original Soju,Liquor/Beverage,1,175.0,0.0,175.0
T2025000010,2025-11-24,13:42:00,P0295,Pepero Almond,Snacks,1,55.0,0.1,49.5
T2025000010,2025-11-24,13:42:00,P0211,Ottogi Jin Ramen Hot,Noodles,1,40.0,0.0,40.0
T2025000010,2025-11-24,13:42:00,P0102,MWC Tteok Galbi Bar,Food Frozen,3,75.0,0.0,225.0
T2025000011,2025-11-24,19:59:00,P0123,Cass Cold Brewed Beer 500mL,Liquor/Beverage,2,170.0,0.1,306.0
T2025000011,2025-11-24,19:59:00,P0194,Shin Ramen Kimchi,Noodles,1,55.0,0.0,55.0
T2025000011,2025-11-24,19:59:00,P0197,Nongshim Seafood Ramyun,Noodles,4,52.0,0.0,208.0
T2025000011,2025-11-24,19:59:00,P0181,Paldo Bibim Cold Noodles,Noodles,5,65.0,0.0,325.0
T2025000012,2025-11-24,08:53:00,P0121,Lotte Chum Churum Soju,Liquor/Beverage,2,175.0,0.0,350.0
T2025000012,2025-11-24,08:53:00,P0160,Paldo Wang Cup Kimchi,Noodles,3,90.0,0.0,270.0
T2025000012,2025-11-24,08:53:00,P0193,Paldo Gomtang Ramen,Noodles,4,56.0,0.05,212.8
T2025000012,2025-11-24,08:53:00,P0237,O'Food Tteokbokki Sauce,Seasoned/Sauce/Powder,2,120.0,0.0,240.0
T2025000012,2025-11-24,08:53:00,P0073,Perilla Leaves 2Packs,Food Fresh/Meat/Sidedish,5,40.0,0.0,200.0
T2025000013,2025-11-24,12:20:00,P0298,Pepero White Cookie,Snacks,4,55.0,0.0,220.0
T2025000013,2025-11-24,12:20:00,P0175,Samyang Jjajang Hot Chicken,Noodles,2,75.0,0.0,150.0
T2025000013,2025-11-24,12:20:00,P0164,Samyang Buldak 4 Cheese 145g,Noodles,2,88.0,0.0,176.0
T2025000014,2025-11-24,12:10:00,P0144,Nongshim Welchs Strawberry 355mL,Liquor/Beverage,2,60.0,0.0,120.0
T2025000014,2025-11-24,12:10:00,P0025,Sempio Yellow Peach In Can 400g,Dry Food,1,145.0,0.0,145.0
T2025000014,2025-11-24,12:10:00,P0006,Chung Jung One Soy Sauce,Condiments,2,140.0,0.0,280.0
T2025000015,2025-11-24,12:52:00,P0124,Terra Lager Beer 500mL,Liquor/Beverage,2,170.0,0.0,340.0
T2025000016,2025-11-24,14:11:00,P0144,Nongshim Welchs Strawberry 355mL,Liquor/Beverage,3,60.0,0.0,180.0
T2025000016,2025-11-24,14:11:00,P0029,CJ Beksul Pancake Flour,Dry Food,1,125.0,0.0,125.0
T2025000017,2025-11-24,18:10:00,P0125,Jinro Fresh Soju,Liquor/Beverage,2,170.0,0.0,340.0
T2025000017,2025-11-24,18:10:00,P0296,Lotte Cereal Choco,Snacks,3,55.0,0.0,165.0
T2025000017,2025-11-24,18:10:00,P0295,Pepero Almond,Snacks,4,55.0,0.0,220.0
T2025000017,2025-11-24,18:10:00,P0013,Dongwon  Whelk In Can 140g,Dry Food,1,280.0,0.0,280.0
T2025000018,2025-11-24,12:25:00,P0142,Nongshim Welchs White Grape 355mL,Liquor/Beverage,2,60.0,0.0,120.0
T2025000018,2025-11-24,12:25:00,P0259,Nongshim Sengseng U-Dong,Snacks,2,125.0,0.15,212.5
T2025000018,2025-11-24,12:25:00,P0266,Bibigo Seaweed Crisps,Snacks,3,110.0,0.0,330.0
T2025000019,2025-11-24,19:56:00,P0137,Hite Beer Can,Liquor/Beverage,1,80.0,0.05,76.0
T2025000019,2025-11-24,19:56:00,P0245,Honey Butter Almond 190g,Snacks,1,420.0,0.15,357.0
T2025000019,2025-11-24,19:56:00,P0297,Pepero Choco Filled,Snacks,5,55.0,0.0,275.0
T2025000019,2025-11-24,19:56:00,P0208,Ottogi Jin Ramen Mild,Noodles,3,40.0,0.0,120.0
T2025000020,2025-11-24,14:15:00,P0249,Lotte Chocopie 12Pcs,Snacks,1,200.0,0.0,200.0
T2025000020,2025-11-24,14:15:00,P0251,Oil Fried & Salted Peanuts,Snacks,1,185.0,0.15,157.25
T2025000020,2025-11-24,14:15:00,P0289,Crown Corn Chips,Snacks,1,80.0,0.0,80.0
T2025000020,2025-11-24,14:15:00,P0211,Ottogi Jin Ramen Hot,Noodles,4,40.0,0.0,160.0
T2025000020,2025-11-24,14:15:00,P0177,Ottogi Beef Seaweed Soup Ramen,Noodles,1,70.0,0.0,70.0
T2025000021,2025-11-24,16:07:00,P0295,Pepero Almond,Snacks,1,55.0,0.15,46.75
T2025000021,2025-11-24,16:07:00,P0269,Lotte Soft Strawberry Milk Candy 79g,Snacks,1,105.0,0.0,105.0
T2025000021,2025-11-24,16:07:00,P0020,CJ Beksul Hotteok Mix,Dry Food,1,185.0,0.0,185.0
T2025000021,2025-11-24,16:07:00,P0240,Ottogi Spaghetti Sauce,Seasoned/Sauce/Powder,2,115.0,0.05,218.5
T2025000022,2025-11-24,12:44:00,P0118,Brown Rice Green Tea 50Pcs,Liquor/Beverage,1,257.0,0.0,257.0
T2025000022,2025-11-24,12:44:00,P0181,Paldo Bibim Cold Noodles,Noodles,2,65.0,0.0,130.0
T2025000023,2025-11-24,13:35:00,P0123,Cass Cold Brewed Beer 500mL,Liquor/Beverage,2,170.0,0.0,340.0
T2025000023,2025-11-24,13:35:00,P0168,Samyang Carbo Buldak,Noodles,3,88.0,0.0,264.0
T2025000023,2025-11-24,13:35:00,P0028,CJ Bibigo Seaweed Soup,Dry Food,1,140.0,0.0,140.0
T2025000024,2025-11-24,12:51:00,P0114,Banana Milk 200mL 6Pcs,Liquor/Beverage,1,290.0,0.0,290.0
T2025000024,2025-11-24,12:51:00,P0286,Crown Caramel Maple Corn,Snacks,2,80.0,0.0,160.0
T2025000024,2025-11-24,12:51:00,P0295,Pepero Almond,Snacks,1,55.0,0.0,55.0
T2025000024,2025-11-24,12:51:00,P0177,Ottogi Beef Seaweed Soup Ramen,Noodles,3,70.0,0.0,210.0
T2025000024,2025-11-24,12:51:00,P0027,Yopokki Cheese 240g,Dry Food,2,145.0,0.0,290.0
T2025000025,2025-11-24,18:52:00,P0166,Samyang Buldak Original,Noodles,1,88.0,0.1,79.2
T2025000025,2025-11-24,18:52:00,P0043,CJ Hetbahn Cooked Barley,Dry Food,3,95.0,0.0,285.0
T2025000026,2025-11-24,11:26:00,P0122,Chamisul Original Soju,Liquor/Beverage,1,175.0,0.0,175.0
T2025000026,2025-11-24,11:26:00,P0171,Tempura Udon Big Cup,Noodles,2,75.0,0.0,150.0
T2025000026,2025-11-24,11:26:00,P0177,Ottogi Beef Seaweed Soup Ramen,Noodles,2,70.0,0.1,126.0
T2025000026,2025-11-24,11:26:00,P0175,Samyang Jjajang Hot Chicken,Noodles,3,75.0,0.0,225.0
T2025000026,2025-11-24,11:26:00,P0004,O'Food Korean Chili Oil,Condiments,2,160.0,0.0,320.0
T2025000027,2025-11-24,19:57:00,P0193,Paldo Gomtang Ramen,Noodles,2,56.0,0.1,100.8
T2025000027,2025-11-24,19:57:00,P0211,Ottogi Jin Ramen Hot,Noodles,4,40.0,0.0,160.0
T2025000027,2025-11-24,19:57:00,P0166,Samyang Buldak Original,Noodles,1,88.0,0.0,88.0
T2025000027,2025-11-24,19:57:00,P0265,Orion Almond Candy,Snacks,2,110.0,0.0,220.0
T2025000027,2025-11-24,19:57:00,P0242,CJ  Gochujang 200g,Seasoned/Sauce/Powder,1,100.0,0.0,100.0
T2025000028,2025-11-24,18:44:00,P0120,Aloe Vera Juice 1.5L,Liquor/Beverage,1,175.0,0.0,175.0
T2025000028,2025-11-24,18:44:00,P0295,Pepero Almond,Snacks,1,55.0,0.0,55.0
T2025000028,2025-11-24,18:44:00,P0297,Pepero Choco Filled,Snacks,2,55.0,0.0,110.0
T2025000028,2025-11-24,18:44:00,P0230,CJ Beksul Pancake Sauce,Seasoned/Sauce/Powder,1,145.0,0.0,145.0
T2025000029,2025-11-24,18:34:00,P0246,Post Almond Flakes,Snacks,1,245.0,0.0,245.0
T2025000029,2025-11-24,18:34:00,P0190,Nongshim Tempura Udon Cup,Noodles,4,60.0,0.0,240.0
T2025000029,2025-11-24,18:34:00,P0250,Haitai Honey Butter Almonds,Snacks,1,190.0,0.0,190.0
T2025000029,2025-11-24,18:34:00,P0178,Samyang Mala Buldak,Noodles,2,70.0,0.0,140.0
T2025000029,2025-11-24,18:34:00,P0114,Banana Milk 200mL 6Pcs,Liquor/Beverage,1,290.0,0.05,275.5
T2025000030,2025-11-24,18:58:00,P0114,Banana Milk 200mL 6Pcs,Liquor/Beverage,1,290.0,0.0,290.0
T2025000030,2025-11-24,18:58:00,P0182,Paldo Ilpoom Jjajang,Noodles,4,65.0,0.0,260.0
T2025000030,2025-11-24,18:58:00,P0177,Ottogi Beef Seaweed Soup Ramen,Noodles,1,70.0,0.0,70.0
T2025000030,2025-11-24,18:58:00,P0185,Nongshim Shin Non-Frying Ramen 97g,Noodles,5,60.0,0.1,270.0
T2025000030,2025-11-24,18:58:00,P0214,Jin Soy Sauce Rich & Savory 860mL,Seasoned/Sauce/Powder,1,315.0,0.0,315.0
T2025000031,2025-11-24,19:06:00,P0125,Jinro Fresh Soju,Liquor/Beverage,2,170.0,0.0,340.0
T2025000031,2025-11-24,19:06:00,P0166,Samyang Buldak Original,Noodles,1,88.0,0.0,88.0
T2025000031,2025-11-24,19:06:00,P0298,Pepero White Cookie,Snacks,1,55.0,0.0,55.0
T2025000032,2025-11-24,18:01:00,P0121,Lotte Chum Churum Soju,Liquor/Beverage,2,175.0,0.0,350.0
T2025000032,2025-11-24,18:01:00,P0295,Pepero Almond,Snacks,2,55.0,0.0,110.0
T2025000032,2025-11-24,18:01:00,P0292,Orion Goraebab Crackers,Snacks,1,75.0,0.0,75.0
T2025000032,2025-11-24,18:01:00,P0211,Ottogi Jin Ramen Hot,Noodles,1,40.0,0.1,36.0
T2025000032,2025-11-24,18:01:00,P0203,Jin Ramen Spicy Cup,Noodles,2,50.0,0.0,100.0
T2025000033,2025-11-24,17:18:00,P0168,Samyang Carbo Buldak,Noodles,1,88.0,0.0,88.0
T2025000033,2025-11-24,17:18:00,P0200,Paldo Koreno Kimchi Noodle,Noodles,3,50.0,0.0,150.0
T2025000033,2025-11-24,17:18:00,P0178,Samyang Mala Buldak,Noodles,5,70.0,0.0,350.0
T2025000034,2025-11-24,20:39:00,P0243,CJ  Ssamjang 170g,Seasoned/Sauce/Powder,2,88.0,0.0,176.0
T2025000035,2025-11-24,09:02:00,P0129,Sunhari Grape 360mL,Liquor/Beverage,1,120.0,0.0,120.0
T2025000035,2025-11-24,09:02:00,P0040,Ottogi Sweet Corn 340g,Dry Food,2,95.0,0.0,190.0
T2025000036,2025-11-24,20:28:00,P0268,Samlip Walnut Pie,Snacks,2,110.0,0.1,198.0
T2025000036,2025-11-24,20:28:00,P0188,Nagasaki Jjampong,Noodles,4,60.0,0.0,240.0
T2025000036,2025-11-24,20:28:00,P0166,Samyang Buldak Original,Noodles,2,88.0,0.0,176.0
T2025000036,2025-11-24,20:28:00,P0006,Chung Jung One Soy Sauce,Condiments,2,140.0,0.0,280.0
T2025000036,2025-11-24,20:28:00,P0078,Spanish Mackerel 340g,Food Frozen,1,500.0,0.0,500.0
T2025000037,2025-11-24,17:59:00,P0149,Binggrae Mango Milk,Liquor/Beverage,5,45.0,0.0,225.0
T2025000037,2025-11-24,17:59:00,P0263,Samlip Honey Castella,Snacks,3,120.0,0.0,360.0
T2025000038,2025-11-24,11:27:00,P0298,Pepero White Cookie,Snacks,5,55.0,0.0,275.0
T2025000038,2025-11-24,11:27:00,P0300,Can Choco Balls,Snacks,5,45.0,0.1,202.5
T2025000039,2025-11-24,19:27:00,P0146,Binggrae Yogurt Drink,Liquor/Beverage,5,55.0,0.0,275.0
T2025000039,2025-11-24,19:27:00,P0293,Lotte Sand Biscuit,Snacks,1,75.0,0.0,75.0
T2025000039,2025-11-24,19:27:00,P0242,CJ  Gochujang 200g,Seasoned/Sauce/Powder,2,100.0,0.0,200.0
T2025000040,2025-11-24,11:47:00,P0277,Orion Turtle Chips Sweet Corn,Snacks,1,89.0,0.0,89.0
T2025000040,2025-11-24,11:47:00,P0278,Haitai O! Karto Chips,Snacks,2,88.0,0.0,176.0
T2025000040,2025-11-24,11:47:00,P0207,Ottogi Yeul Ramen 120g,Noodles,2,40.0,0.15,68.0
T2025000040,2025-11-24,11:47:00,P0027,Yopokki Cheese 240g,Dry Food,2,145.0,0.0,290.0
T2025000040,2025-11-24,11:47:00,P0234,CJ Beksul Spicy Pork Sauce 290g,Seasoned/Sauce/Powder,1,130.0,0.0,130.0
T2025000041,2025-11-24,10:32:00,P0125,Jinro Fresh Soju,Liquor/Beverage,2,170.0,0.1,306.0
T2025000041,2025-11-24,10:32:00,P0027,Yopokki Cheese 240g,Dry Food,2,145.0,0.0,290.0
T2025000041,2025-11-24,10:32:00,P0080,Samyang Buldak Original Spicy Mandu 700g,Food Frozen,1,410.0,0.0,410.0
T2025000042,2025-11-24,18:48:00,P0145,Binggrae Melon Soda,Liquor/Beverage,5,60.0,0.0,300.0
T2025000042,2025-11-24,18:48:00,P0284,Kkokal Sweet Corn Snack,Snacks,2,80.0,0.0,160.0
T2025000042,2025-11-24,18:48:00,P0298,Pepero White Cookie,Snacks,1,55.0,0.0,55.0
T2025000043,2025-11-24,19:03:00,P0269,Lotte Soft Strawberry Milk Candy 79g,Snacks,1,105.0,0.0,105.0
T2025000043,2025-11-24,19:03:00,P0270,Samlip Custard Cream Cake,Snacks,2,105.0,0.0,210.0
T2025000043,2025-11-24,19:03:00,P0299,Lotte Xylitol Green Gum,Snacks,3,55.0,0.0,165.0
T2025000043,2025-11-24,19:03:00,P0211,Ottogi Jin Ramen Hot,Noodles,3,40.0,0.1,108.0
T2025000043,2025-11-24,19:03:00,P0093,Bibigo Kimchi Fried Rice,Food Frozen,2,190.0,0.0,380.0
T2025000044,2025-11-24,19:00:00,P0179,Ottogi Ramen Bokki Cup,Noodles,1,69.0,0.0,69.0
T2025000044,2025-11-24,19:00:00,P0189,Ottogi Bodle Cheese Ramen,Noodles,3,60.0,0.0,180.0
T2025000044,2025-11-24,19:00:00,P0195,Ottogi Jin Mild Small Cup,Noodles,1,55.0,0.0,55.0
T2025000045,2025-11-24,14:26:00,P0285,Corn Choco,Snacks,1,80.0,0.0,80.0
T2025000045,2025-11-24,14:26:00,P0286,Crown Caramel Maple Corn,Snacks,1,80.0,0.0,80.0
T2025000046,2025-11-24,13:34:00,P0133,Sunhari Blueberry 360mL,Liquor/Beverage,3,120.0,0.0,360.0
T2025000046,2025-11-24,13:34:00,P0175,Samyang Jjajang Hot Chicken,Noodles,1,75.0,0.15,63.75
T2025000046,2025-11-24,13:34:00,P0174,Ottogi Cheese Bokki Cup,Noodles,3,75.0,0.0,225.0
T2025000047,2025-11-24,17:51:00,P0271,Orion Choco Chip Cookies,Snacks,2,100.0,0.0,200.0
T2025000047,2025-11-24,17:51:00,P0298,Pepero White Cookie,Snacks,4,55.0,0.0,220.0
T2025000047,2025-11-24,17:51:00,P0187,Paldo Bibim Men,Noodles,5,60.0,0.0,300.0
T2025000047,2025-11-24,17:51:00,P0008,Ottogi Corn Syrup,Condiments,3,98.0,0.0,294.0
T2025000048,2025-11-24,12:56:00,P0148,Binggrae Strawberry Milk,Liquor/Beverage,4,45.0,0.0,180.0
T2025000048,2025-11-24,12:56:00,P0226,CJ Beksul Sweet Korean Pancake Mix 400g,Seasoned/Sauce/Powder,1,155.0,0.0,155.0
T2025000049,2025-11-24,18:02:00,P0166,Samyang Buldak Original,Noodles,3,88.0,0.0,264.0
T2025000050,2025-11-24,13:31:00,P0295,Pepero Almond,Snacks,1,55.0,0.0,55.0
T2025000050,2025-11-24,13:31:00,P0211,Ottogi Jin Ramen Hot,Noodles,1,40.0,0.0,40.0
T2025000050,2025-11-24,13:31:00,P0176,Ottogi Cheese Bokki Cup,Noodles,3,72.0,0.0,216.0
T2025000050,2025-11-24,13:31:00,P0204,Ottogi Cup Ramen Kimchi,Noodles,1,50.0,0.0,50.0
T2025000050,2025-11-24,13:31:00,P0080,Samyang Buldak Original Spicy Mandu 700g,Food Frozen,1,410.0,0.1,369.0
T2025000051,2025-11-24,13:01:00,P0197,Nongshim Seafood Ramyun,Noodles,1,52.0,0.0,52.0
T2025000051,2025-11-24,13:01:00,P0183,Samyang Kimchi Ramen Bowl,Noodles,3,65.0,0.0,195.0
T2025000051,2025-11-24,13:01:00,P0172,Ottogi Jin Hot Big Cup,Noodles,1,75.0,0.0,75.0
T2025000052,2025-11-24,12:45:00,P0191,Paldo Teumsae Ramen,Noodles,1,60.0,0.0,60.0
T2025000052,2025-11-24,12:45:00,P0035,CJ  Multi-Grains Cooked Rice 210g,Dry Food,1,110.0,0.0,110.0
T2025000053,2025-11-24,11:09:00,P0125,Jinro Fresh Soju,Liquor/Beverage,1,170.0,0.0,170.0
T2025000053,2025-11-24,11:09:00,P0276,Orion Sun Chips Korean BBQ,Snacks,1,90.0,0.0,90.0
T2025000054,2025-11-24,19:23:00,P0136,Cass Fresh Beer,Liquor/Beverage,1,85.0,0.0,85.0
T2025000054,2025-11-24,19:23:00,P0258,Orion Custard Choco Cake,Snacks,1,130.0,0.0,130.0
T2025000054,2025-11-24,19:23:00,P0295,Pepero Almond,Snacks,4,55.0,0.0,220.0
T2025000054,2025-11-24,19:23:00,P0296,Lotte Cereal Choco,Snacks,4,55.0,0.0,220.0
T2025000055,2025-11-24,09:05:00,P0245,Honey Butter Almond 190g,Snacks,1,420.0,0.0,420.0
T2025000055,2025-11-24,09:05:00,P0253,Orion Market O Brownie,Snacks,2,170.0,0.0,340.0
T2025000056,2025-11-24,20:52:00,P0139,Paldo Pororo Juice,Liquor/Beverage,5,65.0,0.0,325.0
T2025000056,2025-11-24,20:52:00,P0282,Orion Choco Boy,Snacks,1,85.0,0.0,85.0
T2025000056,2025-11-24,20:52:00,P0166,Samyang Buldak Original,Noodles,3,88.0,0.0,264.0
T2025000056,2025-11-24,20:52:00,P0236,CJ  Soybean Paste 500g,Seasoned/Sauce/Powder,2,123.0,0.0,246.0
T2025000057,2025-11-24,21:42:00,P0138,Kirin Ichiban Beer 330mL,Liquor/Beverage,2,68.0,0.0,136.0
T2025000057,2025-11-24,21:42:00,P0026,Yopokki Sweet & Spicy 280g,Dry Food,2,145.0,0.0,290.0
T2025000057,2025-11-24,21:42:00,P0174,Ottogi Cheese Bokki Cup,Noodles,1,75.0,0.1,67.5
T2025000058,2025-11-24,11:46:00,P0129,Sunhari Grape 360mL,Liquor/Beverage,1,120.0,0.0,120.0
T2025000058,2025-11-24,11:46:00,P0288,Nongshim Honey Rice Snack,Snacks,3,80.0,0.0,240.0
T2025000058,2025-11-24,11:46:00,P0211,Ottogi Jin Ramen Hot,Noodles,2,40.0,0.05,76.0
T2025000058,2025-11-24,11:46:00,P0031,Yopokki Cheese Cup 120g,Dry Food,1,120.0,0.0,120.0
T2025000058,2025-11-24,11:46:00,P0231,O'Food Bulgogi Marinade,Seasoned/Sauce/Powder,1,145.0,0.15,123.25
T2025000059,2025-11-24,18:25:00,P0173,Nongshim Jjapageti,Noodles,1,75.0,0.0,75.0
T2025000059,2025-11-24,18:25:00,P0166,Samyang Buldak Original,Noodles,3,88.0,0.0,264.0
T2025000059,2025-11-24,18:25:00,P0103,Daerim  Chaw Stick 100g,Food Frozen,2,73.0,0.0,146.0
T2025000059,2025-11-24,18:25:00,P0197,Nongshim Seafood Ramyun,Noodles,3,52.0,0.0,156.0
T2025000059,2025-11-24,18:25:00,P0133,Sunhari Blueberry 360mL,Liquor/Beverage,2,120.0,0.0,240.0
T2025000060,2025-11-24,17:16:00,P0178,Samyang Mala Buldak,Noodles,4,70.0,0.0,280.0
T2025000060,2025-11-24,17:16:00,P0187,Paldo Bibim Men,Noodles,1,60.0,0.0,60.0
T2025000061,2025-11-24,18:21:00,P0151,Samyang Buldak 4 Cheese Ramen 110g,Noodles,3,110.0,0.0,330.0
T2025000061,2025-11-24,18:21:00,P0192,Nongshim Soon Veggie Ramen,Noodles,4,58.0,0.0,232.0
T2025000061,2025-11-24,18:21:00,P0207,Ottogi Yeul Ramen 120g,Noodles,4,40.0,0.0,160.0
T2025000061,2025-11-24,18:21:00,P0278,Haitai O! Karto Chips,Snacks,1,88.0,0.0,88.0
T2025000061,2025-11-24,18:21:00,P0123,Cass Cold Brewed Beer 500mL,Liquor/Beverage,2,170.0,0.0,340.0
T2025000062,2025-11-24,13:03:00,P0148,Binggrae Strawberry Milk,Liquor/Beverage,3,45.0,0.0,135.0
T2025000062,2025-11-24,13:03:00,P0205,Ottogi Yeul Ramen,Noodles,1,48.0,0.0,48.0
T2025000062,2025-11-24,13:03:00,P0201,Sewoo Tang Small Cup,Noodles,4,50.0,0.0,200.0
T2025000062,2025-11-24,13:03:00,P0241,CJ Anchovy Sauce 500g,Seasoned/Sauce/Powder,3,105.0,0.0,315.0
T2025000063,2025-11-24,10:32:00,P0134,KSD Green Grape Rice Wine 750mL,Liquor/Beverage,2,105.0,0.0,210.0
T2025000063,2025-11-24,10:32:00,P0285,Corn Choco,Snacks,1,80.0,0.05,76.0
T2025000063,2025-11-24,10:32:00,P0211,Ottogi Jin Ramen Hot,Noodles,2,40.0,0.0,80.0
T2025000063,2025-11-24,10:32:00,P0294,Pepero Strawberry,Snacks,3,55.0,0.0,165.0
T2025000063,2025-11-24,10:32:00,P0096,Daerim  Vienna Sausage 170g,Food Frozen,2,145.0,0.0,290.0
T2025000064,2025-11-24,14:24:00,P0006,Chung Jung One Soy Sauce,Condiments,1,140.0,0.0,140.0
T2025000065,2025-11-24,11:36:00,P0140,Woongjin Yogurt Peach 340mL,Liquor/Beverage,2,60.0,0.0,120.0
T2025000065,2025-11-24,11:36:00,P0171,Tempura Udon Big Cup,Noodles,2,75.0,0.0,150.0
T2025000065,2025-11-24,11:36:00,P0196,Paldo Cheese Ramen,Noodles,2,55.0,0.0,110.0
T2025000065,2025-11-24,11:36:00,P0178,Samyang Mala Buldak,Noodles,1,70.0,0.0,70.0
T2025000065,2025-11-24,11:36:00,P0104,Pepero Original,Food Frozen,5,55.0,0.0,275.0
T2025000066,2025-11-24,20:49:00,P0295,Pepero Almond,Snacks,5,55.0,0.15,233.75
T2025000066,2025-11-24,20:49:00,P0278,Haitai O! Karto Chips,Snacks,1,88.0,0.0,88.0
T2025000066,2025-11-24,20:49:00,P0296,Lotte Cereal Choco,Snacks,4,55.0,0.0,220.0
T2025000066,2025-11-24,20:49:00,P0027,Yopokki Cheese 240g,Dry Food,1,145.0,0.0,145.0
T2025000067,2025-11-24,12:42:00,P0003,Sempio Sesame Oil,Condiments,1,185.0,0.0,185.0
T2025000068,2025-11-24,18:32:00,P0004,O'Food Korean Chili Oil,Condiments,1,160.0,0.0,160.0
T2025000068,2025-11-24,18:32:00,P0172,Ottogi Jin Hot Big Cup,Noodles,1,75.0,0.0,75.0
T2025000068,2025-11-24,18:32:00,P0150,Samyang Buldak Rosã Ramen 105g,Noodles,3,110.0,0.0,330.0
T2025000068,2025-11-24,18:32:00,P0179,Ottogi Ramen Bokki Cup,Noodles,3,69.0,0.0,207.0
T2025000068,2025-11-24,18:32:00,P0030,Yopokki Onion Butter 120g Cup,Dry Food,1,120.0,0.0,120.0
T2025000069,2025-11-24,19:13:00,P0072,Kongsarang Soft Tofu,Food Fresh/Meat/Sidedish,2,65.0,0.0,130.0
T2025000070,2025-11-24,12:04:00,P0141,Woongjin Yogurt Apple 340mL,Liquor/Beverage,5,60.0,0.0,300.0
T2025000071,2025-11-24,11:25:00,P0187,Paldo Bibim Men,Noodles,4,60.0,0.0,240.0
T2025000071,2025-11-24,11:25:00,P0295,Pepero Almond,Snacks,3,55.0,0.0,165.0
T2025000071,2025-11-24,11:25:00,P0205,Ottogi Yeul Ramen,Noodles,1,48.0,0.05,45.6
T2025000071,2025-11-24,11:25:00,P0122,Chamisul Original Soju,Liquor/Beverage,1,175.0,0.0,175.0
T2025000071,2025-11-24,11:25:00,P0249,Lotte Chocopie 12Pcs,Snacks,2,200.0,0.0,400.0
T2025000072,2025-11-24,12:39:00,P0288,Nongshim Honey Rice Snack,Snacks,2,80.0,0.0,160.0
T2025000072,2025-11-24,12:39:00,P0295,Pepero Almond,Snacks,1,55.0,0.0,55.0
T2025000072,2025-11-24,12:39:00,P0172,Ottogi Jin Hot Big Cup,Noodles,3,75.0,0.0,225.0
T2025000072,2025-11-24,12:39:00,P0166,Samyang Buldak Original,Noodles,2,88.0,0.0,176.0
T2025000072,2025-11-24,12:39:00,P0020,CJ Beksul Hotteok Mix,Dry Food,2,185.0,0.0,370.0
T2025000073,2025-11-24,12:58:00,P0284,Kkokal Sweet Corn Snack,Snacks,1,80.0,0.0,80.0
T2025000073,2025-11-24,12:58:00,P0252,Lotte Banana Choco Pie 12Pcs,Snacks,2,180.0,0.0,360.0
T2025000073,2025-11-24,12:58:00,P0188,Nagasaki Jjampong,Noodles,2,60.0,0.0,120.0
T2025000073,2025-11-24,12:58:00,P0196,Paldo Cheese Ramen,Noodles,5,55.0,0.0,275.0
T2025000074,2025-11-24,16:00:00,P0124,Terra Lager Beer 500mL,Liquor/Beverage,2,170.0,0.0,340.0
T2025000074,2025-11-24,16:00:00,P0018,(Kaya) Korean Rice 1.5Kg,Dry Food,1,190.0,0.15,161.5
T2025000075,2025-11-24,12:44:00,P0124,Terra Lager Beer 500mL,Liquor/Beverage,1,170.0,0.05,161.5
T2025000075,2025-11-24,12:44:00,P0223,Jin Soy Sauce For Soup 860mL,Seasoned/Sauce/Powder,2,205.0,0.0,410.0
T2025000076,2025-11-24,19:24:00,P0145,Binggrae Melon Soda,Liquor/Beverage,3,60.0,0.1,162.0
T2025000076,2025-11-24,19:24:00,P0204,Ottogi Cup Ramen Kimchi,Noodles,4,50.0,0.0,200.0
T2025000076,2025-11-24,19:24:00,P0192,Nongshim Soon Veggie Ramen,Noodles,5,58.0,0.0,290.0
T2025000076,2025-11-24,19:24:00,P0060,Homemade Spring Onion Kimchi 350g,Food Fresh/Meat/Sidedish,2,250.0,0.0,500.0
T2025000077,2025-11-24,13:03:00,P0256,Orion Custard Cake,Snacks,1,130.0,0.1,117.0
T2025000077,2025-11-24,13:03:00,P0168,Samyang Carbo Buldak,Noodles,3,88.0,0.15,224.4
T2025000078,2025-11-24,19:29:00,P0265,Orion Almond Candy,Snacks,3,110.0,0.0,330.0
T2025000078,2025-11-24,19:29:00,P0278,Haitai O! Karto Chips,Snacks,3,88.0,0.0,264.0
T2025000078,2025-11-24,19:29:00,P0208,Ottogi Jin Ramen Mild,Noodles,5,40.0,0.0,200.0
T2025000078,2025-11-24,19:29:00,P0198,Paldo Koreno Beef Noodle 100g,Noodles,3,50.0,0.0,150.0
T2025000078,2025-11-24,19:29:00,P0142,Nongshim Welchs White Grape 355mL,Liquor/Beverage,4,60.0,0.0,240.0
T2025000079,2025-11-24,11:12:00,P0003,Sempio Sesame Oil,Condiments,1,185.0,0.1,166.5
T2025000079,2025-11-24,11:12:00,P0142,Nongshim Welchs White Grape 355mL,Liquor/Beverage,4,60.0,0.0,240.0
T2025000079,2025-11-24,11:12:00,P0245,Honey Butter Almond 190g,Snacks,1,420.0,0.0,420.0
T2025000079,2025-11-24,11:12:00,P0176,Ottogi Cheese Bokki Cup,Noodles,2,72.0,0.0,144.0
T2025000079,2025-11-24,11:12:00,P0254,Honey Roasted Peanuts,Snacks,2,165.0,0.1,297.0
T2025000080,2025-11-24,18:31:00,P0281,Haitai Ace Crackers,Snacks,1,85.0,0.0,85.0
T2025000080,2025-11-24,18:31:00,P0044,Ottogi Vegetable Soup 80g,Dry Food,1,90.0,0.0,90.0
T2025000080,2025-11-24,18:31:00,P0091,CJ Bibigo Japchae,Food Frozen,1,220.0,0.0,220.0
T2025000081,2025-11-24,18:36:00,P0142,Nongshim Welchs White Grape 355mL,Liquor/Beverage,3,60.0,0.0,180.0
T2025000081,2025-11-24,18:36:00,P0197,Nongshim Seafood Ramyun,Noodles,1,52.0,0.0,52.0
T2025000082,2025-11-24,08:54:00,P0268,Samlip Walnut Pie,Snacks,3,110.0,0.0,330.0
T2025000082,2025-11-24,08:54:00,P0208,Ottogi Jin Ramen Mild,Noodles,1,40.0,0.0,40.0
T2025000082,2025-11-24,08:54:00,P0273,Haitai  Plumcandy 130g,Snacks,1,95.0,0.0,95.0
T2025000082,2025-11-24,08:54:00,P0205,Ottogi Yeul Ramen,Noodles,3,48.0,0.0,144.0
T2025000082,2025-11-24,08:54:00,P0256,Orion Custard Cake,Snacks,2,130.0,0.0,260.0
T2025000084,2025-11-24,16:51:00,P0122,Chamisul Original Soju,Liquor/Beverage,1,175.0,0.0,175.0
T2025000084,2025-11-24,16:51:00,P0256,Orion Custard Cake,Snacks,1,130.0,0.0,130.0
T2025000084,2025-11-24,16:51:00,P0042,CJ Hetbahn Brown Rice,Dry Food,2,95.0,0.0,190.0
T2025000084,2025-11-24,16:51:00,P0231,O'Food Bulgogi Marinade,Seasoned/Sauce/Powder,1,145.0,0.0,145.0
T2025000085,2025-11-24,18:41:00,P0197,Nongshim Seafood Ramyun,Noodles,2,52.0,0.0,104.0
T2025000085,2025-11-24,18:41:00,P0292,Orion Goraebab Crackers,Snacks,3,75.0,0.0,225.0
T2025000085,2025-11-24,18:41:00,P0078,Spanish Mackerel 340g,Food Frozen,1,500.0,0.0,500.0
T2025000085,2025-11-24,18:41:00,P0271,Orion Choco Chip Cookies,Snacks,2,100.0,0.0,200.0
T2025000085,2025-11-24,18:41:00,P0273,Haitai  Plumcandy 130g,Snacks,3,95.0,0.0,285.0
T2025000086,2025-11-25,13:50:00,P0133,Sunhari Blueberry 360mL,Liquor/Beverage,2,120.0,0.0,240.0
T2025000086,2025-11-25,13:50:00,P0178,Samyang Mala Buldak,Noodles,2,70.0,0.15,119.0
T2025000086,2025-11-25,13:50:00,P0080,Samyang Buldak Original Spicy Mandu 700g,Food Frozen,1,410.0,0.0,410.0
T2025000087,2025-11-25,11:09:00,P0248,Choco Pie Black Sugar 12Pcs,Snacks,2,200.0,0.0,400.0
T2025000087,2025-11-25,11:09:00,P0263,Samlip Honey Castella,Snacks,2,120.0,0.0,240.0
T2025000087,2025-11-25,11:09:00,P0046,CJ Beksul Potato Starch,Dry Food,3,85.0,0.0,255.0
T2025000087,2025-11-25,11:09:00,P0003,Sempio Sesame Oil,Condiments,1,185.0,0.0,185.0
T2025000088,2025-11-25,09:12:00,P0145,Binggrae Melon Soda,Liquor/Beverage,3,60.0,0.0,180.0
T2025000089,2025-11-25,10:33:00,P0123,Cass Cold Brewed Beer 500mL,Liquor/Beverage,1,170.0,0.0,170.0
T2025000089,2025-11-25,10:33:00,P0295,Pepero Almond,Snacks,5,55.0,0.0,275.0
T2025000089,2025-11-25,10:33:00,P0294,Pepero Strawberry,Snacks,4,55.0,0.0,220.0
T2025000089,2025-11-25,10:33:00,P0228,Sempio Gochujang (500g),Seasoned/Sauce/Powder,2,145.0,0.0,290.0
T2025000090,2025-11-25,16:10:00,P0295,Pepero Almond,Snacks,5,55.0,0.0,275.0
T2025000090,2025-11-25,16:10:00,P0261,Lotte Choco Heim,Snacks,1,120.0,0.0,120.0
T2025000090,2025-11-25,16:10:00,P0297,Pepero Choco Filled,Snacks,5,55.0,0.15,233.75
T2025000091,2025-11-25,11:47:00,P0005,Ottogi Gold Mayonnaise 300g,Condiments,2,150.0,0.0,300.0
T2025000091,2025-11-25,11:47:00,P0142,Nongshim Welchs White Grape 355mL,Liquor/Beverage,5,60.0,0.0,300.0
T2025000091,2025-11-25,11:47:00,P0261,Lotte Choco Heim,Snacks,1,120.0,0.0,120.0
T2025000091,2025-11-25,11:47:00,P0193,Paldo Gomtang Ramen,Noodles,3,56.0,0.0,168.0
T2025000091,2025-11-25,11:47:00,P0228,Sempio Gochujang (500g),Seasoned/Sauce/Powder,2,145.0,0.0,290.0
T2025000092,2025-11-25,20:13:00,P0264,Lotte Ghana Dark Chocolate,Snacks,3,115.0,0.0,345.0
T2025000092,2025-11-25,20:13:00,P0254,Honey Roasted Peanuts,Snacks,1,165.0,0.0,165.0
T2025000092,2025-11-25,20:13:00,P0300,Can Choco Balls,Snacks,3,45.0,0.0,135.0
T2025000092,2025-11-25,20:13:00,P0207,Ottogi Yeul Ramen 120g,Noodles,2,40.0,0.0,80.0
T2025000092,2025-11-25,20:13:00,P0211,Ottogi Jin Ramen Hot,Noodles,4,40.0,0.0,160.0
T2025000093,2025-11-25,17:14:00,P0190,Nongshim Tempura Udon Cup,Noodles,4,60.0,0.0,240.0
T2025000093,2025-11-25,17:14:00,P0166,Samyang Buldak Original,Noodles,1,88.0,0.0,88.0
T2025000093,2025-11-25,17:14:00,P0211,Ottogi Jin Ramen Hot,Noodles,4,40.0,0.0,160.0
T2025000093,2025-11-25,17:14:00,P0026,Yopokki Sweet & Spicy 280g,Dry Food,2,145.0,0.0,290.0
T2025000093,2025-11-25,17:14:00,P0004,O'Food Korean Chili Oil,Condiments,2,160.0,0.0,320.0
T2025000094,2025-11-25,21:17:00,P0254,Honey Roasted Peanuts,Snacks,1,165.0,0.0,165.0
T2025000094,2025-11-25,21:17:00,P0128,Chamiseul Fresh 360mL,Liquor/Beverage,2,120.0,0.0,240.0
T2025000094,2025-11-25,21:17:00,P0211,Ottogi Jin Ramen Hot,Noodles,5,40.0,0.0,200.0
T2025000094,2025-11-25,21:17:00,P0192,Nongshim Soon Veggie Ramen,Noodles,4,58.0,0.0,232.0
T2025000094,2025-11-25,21:17:00,P0266,Bibigo Seaweed Crisps,Snacks,3,110.0,0.0,330.0
T2025000095,2025-11-25,18:00:00,P0289,Crown Corn Chips,Snacks,2,80.0,0.0,160.0
T2025000095,2025-11-25,18:00:00,P0027,Yopokki Cheese 240g,Dry Food,2,145.0,0.0,290.0
T2025000096,2025-11-25,13:37:00,P0139,Paldo Pororo Juice,Liquor/Beverage,4,65.0,0.0,260.0
T2025000097,2025-11-25,19:22:00,P0291,Crown Sando Biscuit,Snacks,3,75.0,0.1,202.5
T2025000097,2025-11-25,19:22:00,P0008,Ottogi Corn Syrup,Condiments,1,98.0,0.0,98.0
T2025000097,2025-11-25,19:22:00,P0183,Samyang Kimchi Ramen Bowl,Noodles,3,65.0,0.0,195.0
T2025000097,2025-11-25,19:22:00,P0277,Orion Turtle Chips Sweet Corn,Snacks,3,89.0,0.0,267.0
T2025000097,2025-11-25,19:22:00,P0174,Ottogi Cheese Bokki Cup,Noodles,2,75.0,0.0,150.0
T2025000098,2025-11-25,17:01:00,P0133,Sunhari Blueberry 360mL,Liquor/Beverage,1,120.0,0.0,120.0
T2025000098,2025-11-25,17:01:00,P0178,Samyang Mala Buldak,Noodles,3,70.0,0.0,210.0
T2025000098,2025-11-25,17:01:00,P0211,Ottogi Jin Ramen Hot,Noodles,3,40.0,0.0,120.0
T2025000098,2025-11-25,17:01:00,P0027,Yopokki Cheese 240g,Dry Food,2,145.0,0.0,290.0
T2025000098,2025-11-25,17:01:00,P0218,CJ Beksul Beef Bulgogi Sauce 500g,Seasoned/Sauce/Powder,1,250.0,0.0,250.0
T2025000099,2025-11-25,17:10:00,P0130,Sunhari Apple 360mL,Liquor/Beverage,1,120.0,0.0,120.0
T2025000099,2025-11-25,17:10:00,P0201,Sewoo Tang Small Cup,Noodles,1,50.0,0.0,50.0
T2025000099,2025-11-25,17:10:00,P0151,Samyang Buldak 4 Cheese Ramen 110g,Noodles,1,110.0,0.0,110.0
T2025000099,2025-11-25,17:10:00,P0243,CJ  Ssamjang 170g,Seasoned/Sauce/Powder,2,88.0,0.0,176.0
T2025000099,2025-11-25,17:10:00,P0104,Pepero Original,Food Frozen,5,55.0,0.0,275.0
T2025000100,2025-11-25,18:20:00,P0122,Chamisul Original Soju,Liquor/Beverage,1,175.0,0.0,175.0
T2025000101,2025-11-25,08:29:00,P0185,Nongshim Shin Non-Frying Ramen 97g,Noodles,5,60.0,0.0,300.0
T2025000101,2025-11-25,08:29:00,P0113,Binggre Melon Milk 200mL 6Pcs,Liquor/Beverage,1,290.0,0.0,290.0
T2025000101,2025-11-25,08:29:00,P0259,Nongshim Sengseng U-Dong,Snacks,2,125.0,0.0,250.0
T2025000101,2025-11-25,08:29:00,P0202,Nongshim Ansung Tangmen,Noodles,5,50.0,0.0,250.0
T2025000101,2025-11-25,08:29:00,P0238,Ottogi Curry Mild,Seasoned/Sauce/Powder,2,115.0,0.0,230.0
T2025000102,2025-11-25,17:34:00,P0149,Binggrae Mango Milk,Liquor/Beverage,1,45.0,0.0,45.0
T2025000103,2025-11-25,19:18:00,P0232,O'Food Tofu Stew Base,Seasoned/Sauce/Powder,1,135.0,0.0,135.0
T2025000103,2025-11-25,19:18:00,P0202,Nongshim Ansung Tangmen,Noodles,2,50.0,0.0,100.0
T2025000103,2025-11-25,19:18:00,P0158,Nongshim Shin Ramen Black,Noodles,3,92.0,0.0,276.0
T2025000103,2025-11-25,19:18:00,P0288,Nongshim Honey Rice Snack,Snacks,1,80.0,0.0,80.0
T2025000103,2025-11-25,19:18:00,P0269,Lotte Soft Strawberry Milk Candy 79g,Snacks,1,105.0,0.0,105.0
T2025000104,2025-11-25,09:39:00,P0120,Aloe Vera Juice 1.5L,Liquor/Beverage,2,175.0,0.0,350.0
T2025000104,2025-11-25,09:39:00,P0295,Pepero Almond,Snacks,3,55.0,0.0,165.0
T2025000104,2025-11-25,09:39:00,P0259,Nongshim Sengseng U-Dong,Snacks,2,125.0,0.0,250.0
T2025000104,2025-11-25,09:39:00,P0252,Lotte Banana Choco Pie 12Pcs,Snacks,1,180.0,0.0,180.0
T2025000105,2025-11-25,14:32:00,P0059,Pork Belly (Samgyupsal) 500g,Food Fresh/Meat/Sidedish,1,275.0,0.0,275.0
T2025000105,2025-11-25,14:32:00,P0152,Samyang Buldak Original Cup,Noodles,3,110.0,0.0,330.0
T2025000105,2025-11-25,14:32:00,P0197,Nongshim Seafood Ramyun,Noodles,2,52.0,0.0,104.0
T2025000105,2025-11-25,14:32:00,P0268,Samlip Walnut Pie,Snacks,1,110.0,0.0,110.0
T2025000105,2025-11-25,14:32:00,P0207,Ottogi Yeul Ramen 120g,Noodles,5,40.0,0.0,200.0
T2025000106,2025-11-25,11:40:00,P0080,Samyang Buldak Original Spicy Mandu 700g,Food Frozen,1,410.0,0.0,410.0
T2025000106,2025-11-25,11:40:00,P0282,Orion Choco Boy,Snacks,2,85.0,0.0,170.0
T2025000106,2025-11-25,11:40:00,P0227,CJ Beksul Beef Bulgogi Sauce 290g,Seasoned/Sauce/Powder,2,150.0,0.0,300.0
T2025000106,2025-11-25,11:40:00,P0294,Pepero Strawberry,Snacks,2,55.0,0.0,110.0
T2025000106,2025-11-25,11:40:00,P0292,Orion Goraebab Crackers,Snacks,3,75.0,0.0,225.0
T2025000107,2025-11-25,19:35:00,P0295,Pepero Almond,Snacks,2,55.0,0.0,110.0
T2025000107,2025-11-25,19:35:00,P0260,Binch Biscuit,Snacks,3,120.0,0.0,360.0
T2025000108,2025-11-25,19:58:00,P0007,Samyang Spicy Mayo,Condiments,1,130.0,0.0,130.0
T2025000109,2025-11-25,18:14:00,P0297,Pepero Choco Filled,Snacks,5,55.0,0.0,275.0
T2025000109,2025-11-25,18:14:00,P0142,Nongshim Welchs White Grape 355mL,Liquor/Beverage,1,60.0,0.0,60.0
T2025000109,2025-11-25,18:14:00,P0035,CJ  Multi-Grains Cooked Rice 210g,Dry Food,3,110.0,0.0,330.0
T2025000109,2025-11-25,18:14:00,P0174,Ottogi Cheese Bokki Cup,Noodles,3,75.0,0.0,225.0
T2025000109,2025-11-25,18:14:00,P0278,Haitai O! Karto Chips,Snacks,3,88.0,0.0,264.0
T2025000111,2025-11-25,12:56:00,P0123,Cass Cold Brewed Beer 500mL,Liquor/Beverage,2,170.0,0.0,340.0
T2025000111,2025-11-25,12:56:00,P0252,Lotte Banana Choco Pie 12Pcs,Snacks,2,180.0,0.0,360.0
T2025000111,2025-11-25,12:56:00,P0183,Samyang Kimchi Ramen Bowl,Noodles,3,65.0,0.0,195.0
T2025000111,2025-11-25,12:56:00,P0161,Paldo Wang Cup,Noodles,2,90.0,0.0,180.0
T2025000111,2025-11-25,12:56:00,P0166,Samyang Buldak Original,Noodles,1,88.0,0.0,88.0
T2025000112,2025-11-25,19:24:00,P0299,Lotte Xylitol Green Gum,Snacks,1,55.0,0.0,55.0
T2025000112,2025-11-25,19:24:00,P0177,Ottogi Beef Seaweed Soup Ramen,Noodles,1,70.0,0.0,70.0
T2025000112,2025-11-25,19:24:00,P0087,Bibigo Crispy Seaweed Roll,Food Frozen,1,260.0,0.0,260.0
T2025000112,2025-11-25,19:24:00,P0295,Pepero Almond,Snacks,4,55.0,0.0,220.0
T2025000112,2025-11-25,19:24:00,P0255,Bibigo Crispy Seaweed Snack,Snacks,1,140.0,0.0,140.0
T2025000113,2025-11-25,16:40:00,P0295,Pepero Almond,Snacks,3,55.0,0.0,165.0
T2025000113,2025-11-25,16:40:00,P0294,Pepero Strawberry,Snacks,3,55.0,0.05,156.75
T2025000113,2025-11-25,16:40:00,P0194,Shin Ramen Kimchi,Noodles,2,55.0,0.0,110.0
T2025000113,2025-11-25,16:40:00,P0152,Samyang Buldak Original Cup,Noodles,3,110.0,0.1,297.0
T2025000114,2025-11-25,19:17:00,P0114,Banana Milk 200mL 6Pcs,Liquor/Beverage,1,290.0,0.0,290.0
T2025000114,2025-11-25,19:17:00,P0299,Lotte Xylitol Green Gum,Snacks,4,55.0,0.0,220.0
T2025000114,2025-11-25,19:17:00,P0252,Lotte Banana Choco Pie 12Pcs,Snacks,1,180.0,0.0,180.0
T2025000114,2025-11-25,19:17:00,P0296,Lotte Cereal Choco,Snacks,2,55.0,0.0,110.0
T2025000115,2025-11-25,12:07:00,P0256,Orion Custard Cake,Snacks,1,130.0,0.0,130.0
T2025000116,2025-11-25,12:59:00,P0114,Banana Milk 200mL 6Pcs,Liquor/Beverage,1,290.0,0.0,290.0
T2025000116,2025-11-25,12:59:00,P0289,Crown Corn Chips,Snacks,2,80.0,0.0,160.0
T2025000116,2025-11-25,12:59:00,P0169,Samyang Buldak Stew Type 145g,Noodles,2,80.0,0.0,160.0
T2025000116,2025-11-25,12:59:00,P0075,Bibigo Mul Mandu 370g 2Packs,Food Frozen,1,695.0,0.05,660.25
T2025000117,2025-11-25,20:56:00,P0270,Samlip Custard Cream Cake,Snacks,2,105.0,0.0,210.0
T2025000117,2025-11-25,20:56:00,P0300,Can Choco Balls,Snacks,3,45.0,0.0,135.0
T2025000117,2025-11-25,20:56:00,P0186,Ottogi Chachelin Blackbean 145g,Noodles,5,60.0,0.0,300.0
T2025000117,2025-11-25,20:56:00,P0027,Yopokki Cheese 240g,Dry Food,2,145.0,0.0,290.0
T2025000118,2025-11-25,12:27:00,P0198,Paldo Koreno Beef Noodle 100g,Noodles,2,50.0,0.0,100.0
T2025000118,2025-11-25,12:27:00,P0289,Crown Corn Chips,Snacks,2,80.0,0.0,160.0
T2025000118,2025-11-25,12:27:00,P0260,Binch Biscuit,Snacks,2,120.0,0.0,240.0
T2025000118,2025-11-25,12:27:00,P0001,Ottogi Sesame Oil 500mL,Condiments,1,590.5,0.0,590.5
T2025000118,2025-11-25,12:27:00,P0276,Orion Sun Chips Korean BBQ,Snacks,3,90.0,0.0,270.0
T2025000119,2025-11-25,18:48:00,P0104,Pepero Original,Food Frozen,1,55.0,0.0,55.0
T2025000119,2025-11-25,18:48:00,P0035,CJ  Multi-Grains Cooked Rice 210g,Dry Food,3,110.0,0.0,330.0
T2025000119,2025-11-25,18:48:00,P0278,Haitai O! Karto Chips,Snacks,1,88.0,0.0,88.0
T2025000119,2025-11-25,18:48:00,P0268,Samlip Walnut Pie,Snacks,3,110.0,0.0,330.0
T2025000119,2025-11-25,18:48:00,P0181,Paldo Bibim Cold Noodles,Noodles,2,65.0,0.0,130.0
T2025000120,2025-11-25,12:00:00,P0140,Woongjin Yogurt Peach 340mL,Liquor/Beverage,5,60.0,0.0,300.0
T2025000120,2025-11-25,12:00:00,P0027,Yopokki Cheese 240g,Dry Food,1,145.0,0.0,145.0
T2025000121,2025-11-25,13:11:00,P0297,Pepero Choco Filled,Snacks,1,55.0,0.0,55.0
T2025000121,2025-11-25,13:11:00,P0155,Nongshim Dungji Mul Nengmyeon (Cold Noodle),Noodles,3,95.0,0.0,285.0
T2025000121,2025-11-25,13:11:00,P0196,Paldo Cheese Ramen,Noodles,1,55.0,0.0,55.0
T2025000121,2025-11-25,13:11:00,P0211,Ottogi Jin Ramen Hot,Noodles,4,40.0,0.0,160.0
T2025000121,2025-11-25,13:11:00,P0006,Chung Jung One Soy Sauce,Condiments,2,140.0,0.0,280.0
T2025000122,2025-11-25,17:43:00,P0043,CJ Hetbahn Cooked Barley,Dry Food,1,95.0,0.0,95.0
T2025000122,2025-11-25,17:43:00,P0253,Orion Market O Brownie,Snacks,1,170.0,0.05,161.5
T2025000122,2025-11-25,17:43:00,P0292,Orion Goraebab Crackers,Snacks,2,75.0,0.0,150.0
T2025000122,2025-11-25,17:43:00,P0124,Terra Lager Beer 500mL,Liquor/Beverage,1,170.0,0.0,170.0
T2025000122,2025-11-25,17:43:00,P0299,Lotte Xylitol Green Gum,Snacks,1,55.0,0.0,55.0
T2025000123,2025-11-25,14:34:00,P0096,Daerim  Vienna Sausage 170g,Food Frozen,2,145.0,0.0,290.0
T2025000124,2025-11-25,17:58:00,P0294,Pepero Strawberry,Snacks,4,55.0,0.0,220.0
T2025000124,2025-11-25,17:58:00,P0193,Paldo Gomtang Ramen,Noodles,4,56.0,0.0,224.0
T2025000124,2025-11-25,17:58:00,P0280,Nongshim Potato Sticks,Snacks,1,85.0,0.0,85.0
T2025000124,2025-11-25,17:58:00,P0152,Samyang Buldak Original Cup,Noodles,3,110.0,0.0,330.0
T2025000124,2025-11-25,17:58:00,P0185,Nongshim Shin Non-Frying Ramen 97g,Noodles,5,60.0,0.0,300.0
T2025000125,2025-11-25,12:27:00,P0143,Nongshim Welchs Grape 355mL,Liquor/Beverage,2,60.0,0.0,120.0
T2025000125,2025-11-25,12:27:00,P0156,Nongshim Ramyun King Bowl,Noodles,3,95.0,0.0,285.0
T2025000125,2025-11-25,12:27:00,P0205,Ottogi Yeul Ramen,Noodles,1,48.0,0.0,48.0
T2025000126,2025-11-25,16:45:00,P0123,Cass Cold Brewed Beer 500mL,Liquor/Beverage,1,170.0,0.0,170.0
T2025000126,2025-11-25,16:45:00,P0295,Pepero Almond,Snacks,1,55.0,0.0,55.0
T2025000126,2025-11-25,16:45:00,P0027,Yopokki Cheese 240g,Dry Food,2,145.0,0.0,290.0
T2025000127,2025-11-25,20:09:00,P0125,Jinro Fresh Soju,Liquor/Beverage,2,170.0,0.0,340.0
T2025000127,2025-11-25,20:09:00,P0254,Honey Roasted Peanuts,Snacks,1,165.0,0.0,165.0
T2025000127,2025-11-25,20:09:00,P0250,Haitai Honey Butter Almonds,Snacks,2,190.0,0.0,380.0
T2025000127,2025-11-25,20:09:00,P0295,Pepero Almond,Snacks,1,55.0,0.0,55.0
T2025000128,2025-11-25,16:08:00,P0130,Sunhari Apple 360mL,Liquor/Beverage,1,120.0,0.0,120.0
T2025000128,2025-11-25,16:08:00,P0155,Nongshim Dungji Mul Nengmyeon (Cold Noodle),Noodles,1,95.0,0.0,95.0
T2025000128,2025-11-25,16:08:00,P0208,Ottogi Jin Ramen Mild,Noodles,2,40.0,0.0,80.0
T2025000128,2025-11-25,16:08:00,P0004,O'Food Korean Chili Oil,Condiments,2,160.0,0.0,320.0
T2025000129,2025-11-25,13:17:00,P0125,Jinro Fresh Soju,Liquor/Beverage,2,170.0,0.0,340.0
T2025000129,2025-11-25,13:17:00,P0270,Samlip Custard Cream Cake,Snacks,2,105.0,0.0,210.0
T2025000129,2025-11-25,13:17:00,P0003,Sempio Sesame Oil,Condiments,1,185.0,0.0,185.0
T2025000130,2025-11-25,08:52:00,P0125,Jinro Fresh Soju,Liquor/Beverage,2,170.0,0.05,323.0
T2025000130,2025-11-25,08:52:00,P0152,Samyang Buldak Original Cup,Noodles,1,110.0,0.0,110.0
T2025000130,2025-11-25,08:52:00,P0211,Ottogi Jin Ramen Hot,Noodles,3,40.0,0.0,120.0
T2025000130,2025-11-25,08:52:00,P0154,Nongshim Jjawang,Noodles,3,100.0,0.0,300.0
T2025000131,2025-11-25,17:25:00,P0149,Binggrae Mango Milk,Liquor/Beverage,5,45.0,0.0,225.0
T2025000131,2025-11-25,17:25:00,P0300,Can Choco Balls,Snacks,1,45.0,0.0,45.0
T2025000131,2025-11-25,17:25:00,P0191,Paldo Teumsae Ramen,Noodles,5,60.0,0.0,300.0
T2025000132,2025-11-25,18:39:00,P0125,Jinro Fresh Soju,Liquor/Beverage,2,170.0,0.0,340.0
T2025000132,2025-11-25,18:39:00,P0158,Nongshim Shin Ramen Black,Noodles,3,92.0,0.0,276.0
T2025000132,2025-11-25,18:39:00,P0203,Jin Ramen Spicy Cup,Noodles,3,50.0,0.0,150.0
T2025000132,2025-11-25,18:39:00,P0178,Samyang Mala Buldak,Noodles,3,70.0,0.0,210.0
T2025000133,2025-11-25,11:46:00,P0122,Chamisul Original Soju,Liquor/Beverage,1,175.0,0.0,175.0
T2025000133,2025-11-25,11:46:00,P0287,Nongshim Banana Kick 75g,Snacks,2,80.0,0.0,160.0
T2025000133,2025-11-25,11:46:00,P0300,Can Choco Balls,Snacks,4,45.0,0.0,180.0
T2025000133,2025-11-25,11:46:00,P0171,Tempura Udon Big Cup,Noodles,1,75.0,0.0,75.0
T2025000134,2025-11-25,18:56:00,P0284,Kkokal Sweet Corn Snack,Snacks,1,80.0,0.0,80.0
T2025000134,2025-11-25,18:56:00,P0294,Pepero Strawberry,Snacks,1,55.0,0.0,55.0
T2025000134,2025-11-25,18:56:00,P0174,Ottogi Cheese Bokki Cup,Noodles,2,75.0,0.05,142.5
T2025000134,2025-11-25,18:56:00,P0292,Orion Goraebab Crackers,Snacks,1,75.0,0.0,75.0
T2025000134,2025-11-25,18:56:00,P0198,Paldo Koreno Beef Noodle 100g,Noodles,4,50.0,0.0,200.0
T2025000135,2025-11-25,08:20:00,P0227,CJ Beksul Beef Bulgogi Sauce 290g,Seasoned/Sauce/Powder,1,150.0,0.0,150.0
T2025000136,2025-11-25,09:26:00,P0256,Orion Custard Cake,Snacks,1,130.0,0.0,130.0
T2025000136,2025-11-25,09:26:00,P0260,Binch Biscuit,Snacks,1,120.0,0.1,108.0
T2025000136,2025-11-25,09:26:00,P0189,Ottogi Bodle Cheese Ramen,Noodles,5,60.0,0.0,300.0
T2025000136,2025-11-25,09:26:00,P0202,Nongshim Ansung Tangmen,Noodles,3,50.0,0.0,150.0
T2025000136,2025-11-25,09:26:00,P0166,Samyang Buldak Original,Noodles,1,88.0,0.0,88.0
T2025000137,2025-11-25,11:09:00,P0137,Hite Beer Can,Liquor/Beverage,1,80.0,0.0,80.0
T2025000137,2025-11-25,11:09:00,P0150,Samyang Buldak Rosã Ramen 105g,Noodles,2,110.0,0.1,198.0
T2025000137,2025-11-25,11:09:00,P0007,Samyang Spicy Mayo,Condiments,1,130.0,0.0,130.0
T2025000138,2025-11-25,18:06:00,P0122,Chamisul Original Soju,Liquor/Beverage,1,175.0,0.0,175.0
T2025000138,2025-11-25,18:06:00,P0291,Crown Sando Biscuit,Snacks,3,75.0,0.0,225.0
T2025000138,2025-11-25,18:06:00,P0286,Crown Caramel Maple Corn,Snacks,2,80.0,0.0,160.0
T2025000138,2025-11-25,18:06:00,P0158,Nongshim Shin Ramen Black,Noodles,3,92.0,0.0,276.0
T2025000139,2025-11-25,12:18:00,P0123,Cass Cold Brewed Beer 500mL,Liquor/Beverage,1,170.0,0.0,170.0
T2025000139,2025-11-25,12:18:00,P0197,Nongshim Seafood Ramyun,Noodles,5,52.0,0.0,260.0
T2025000139,2025-11-25,12:18:00,P0165,Samyang Cream Carbo Buldak 140g,Noodles,2,88.0,0.0,176.0
T2025000139,2025-11-25,12:18:00,P0088,Dongwon  Real Crabs 144g ,Food Frozen,1,259.0,0.0,259.0
T2025000140,2025-11-25,20:45:00,P0123,Cass Cold Brewed Beer 500mL,Liquor/Beverage,2,170.0,0.0,340.0
T2025000140,2025-11-25,20:45:00,P0295,Pepero Almond,Snacks,2,55.0,0.0,110.0
T2025000140,2025-11-25,20:45:00,P0022,Ottogi Tteokbokki Cup,Dry Food,2,160.0,0.0,320.0
T2025000141,2025-11-25,21:42:00,P0260,Binch Biscuit,Snacks,2,120.0,0.0,240.0
T2025000141,2025-11-25,21:42:00,P0201,Sewoo Tang Small Cup,Noodles,1,50.0,0.0,50.0
T2025000141,2025-11-25,21:42:00,P0242,CJ  Gochujang 200g,Seasoned/Sauce/Powder,2,100.0,0.0,200.0
T2025000142,2025-11-25,11:08:00,P0107,Ottogi Honey Ginger Tea 1Kg,Liquor/Beverage,1,530.0,0.0,530.0
T2025000142,2025-11-25,11:08:00,P0295,Pepero Almond,Snacks,1,55.0,0.0,55.0
T2025000142,2025-11-25,11:08:00,P0191,Paldo Teumsae Ramen,Noodles,2,60.0,0.0,120.0
T2025000142,2025-11-25,11:08:00,P0187,Paldo Bibim Men,Noodles,1,60.0,0.0,60.0
T2025000142,2025-11-25,11:08:00,P0172,Ottogi Jin Hot Big Cup,Noodles,1,75.0,0.0,75.0
T2025000143,2025-11-25,11:36:00,P0145,Binggrae Melon Soda,Liquor/Beverage,1,60.0,0.0,60.0
T2025000143,2025-11-25,11:36:00,P0178,Samyang Mala Buldak,Noodles,5,70.0,0.0,350.0
T2025000143,2025-11-25,11:36:00,P0180,Samyang Curry Ramen,Noodles,2,68.0,0.0,136.0
T2025000143,2025-11-25,11:36:00,P0211,Ottogi Jin Ramen Hot,Noodles,4,40.0,0.0,160.0
T2025000144,2025-11-25,18:51:00,P0146,Binggrae Yogurt Drink,Liquor/Beverage,5,55.0,0.0,275.0
T2025000144,2025-11-25,18:51:00,P0294,Pepero Strawberry,Snacks,5,55.0,0.0,275.0
T2025000144,2025-11-25,18:51:00,P0293,Lotte Sand Biscuit,Snacks,2,75.0,0.0,150.0
T2025000144,2025-11-25,18:51:00,P0295,Pepero Almond,Snacks,3,55.0,0.0,165.0
T2025000144,2025-11-25,18:51:00,P0241,CJ Anchovy Sauce 500g,Seasoned/Sauce/Powder,2,105.0,0.1,189.0
T2025000145,2025-11-25,13:55:00,P0274,Haitai Matdongsan,Snacks,2,95.0,0.0,190.0
T2025000145,2025-11-25,13:55:00,P0201,Sewoo Tang Small Cup,Noodles,1,50.0,0.0,50.0
T2025000145,2025-11-25,13:55:00,P0290,Doritos Galbi Chicken,Snacks,1,77.0,0.0,77.0
T2025000145,2025-11-25,13:55:00,P0293,Lotte Sand Biscuit,Snacks,2,75.0,0.0,150.0
T2025000145,2025-11-25,13:55:00,P0122,Chamisul Original Soju,Liquor/Beverage,2,175.0,0.0,350.0
T2025000146,2025-11-25,19:20:00,P0146,Binggrae Yogurt Drink,Liquor/Beverage,4,55.0,0.0,220.0
T2025000146,2025-11-25,19:20:00,P0287,Nongshim Banana Kick 75g,Snacks,2,80.0,0.0,160.0
T2025000146,2025-11-25,19:20:00,P0298,Pepero White Cookie,Snacks,4,55.0,0.0,220.0
T2025000146,2025-11-25,19:20:00,P0299,Lotte Xylitol Green Gum,Snacks,4,55.0,0.0,220.0
T2025000146,2025-11-25,19:20:00,P0003,Sempio Sesame Oil,Condiments,1,185.0,0.0,185.0
T2025000147,2025-11-25,19:09:00,P0129,Sunhari Grape 360mL,Liquor/Beverage,3,120.0,0.0,360.0
T2025000148,2025-11-25,12:59:00,P0278,Haitai O! Karto Chips,Snacks,1,88.0,0.0,88.0
T2025000148,2025-11-25,12:59:00,P0295,Pepero Almond,Snacks,3,55.0,0.0,165.0
T2025000148,2025-11-25,12:59:00,P0202,Nongshim Ansung Tangmen,Noodles,3,50.0,0.0,150.0
T2025000148,2025-11-25,12:59:00,P0187,Paldo Bibim Men,Noodles,1,60.0,0.0,60.0
T2025000149,2025-11-25,20:33:00,P0266,Bibigo Seaweed Crisps,Snacks,3,110.0,0.0,330.0
T2025000149,2025-11-25,20:33:00,P0046,CJ Beksul Potato Starch,Dry Food,1,85.0,0.0,85.0
T2025000149,2025-11-25,20:33:00,P0270,Samlip Custard Cream Cake,Snacks,2,105.0,0.0,210.0
T2025000149,2025-11-25,20:33:00,P0163,Samyang Buldak Rose 140g,Noodles,3,88.0,0.0,264.0
T2025000149,2025-11-25,20:33:00,P0141,Woongjin Yogurt Apple 340mL,Liquor/Beverage,5,60.0,0.0,300.0
T2025000150,2025-11-25,12:08:00,P0126,Woongjin Yogurt Pineapple 1.5L,Liquor/Beverage,2,135.0,0.1,243.0
T2025000151,2025-11-25,17:10:00,P0295,Pepero Almond,Snacks,3,55.0,0.0,165.0
T2025000151,2025-11-25,17:10:00,P0296,Lotte Cereal Choco,Snacks,1,55.0,0.0,55.0
T2025000151,2025-11-25,17:10:00,P0273,Haitai  Plumcandy 130g,Snacks,2,95.0,0.0,190.0
T2025000151,2025-11-25,17:10:00,P0175,Samyang Jjajang Hot Chicken,Noodles,3,75.0,0.0,225.0
T2025000151,2025-11-25,17:10:00,P0186,Ottogi Chachelin Blackbean 145g,Noodles,5,60.0,0.0,300.0
T2025000152,2025-11-25,21:41:00,P0138,Kirin Ichiban Beer 330mL,Liquor/Beverage,3,68.0,0.0,204.0
T2025000152,2025-11-25,21:41:00,P0300,Can Choco Balls,Snacks,5,45.0,0.0,225.0
T2025000152,2025-11-25,21:41:00,P0021,Bibigo Kimbab Kim 10Sheets,Dry Food,2,161.0,0.0,322.0
T2025000152,2025-11-25,21:41:00,P0273,Haitai  Plumcandy 130g,Snacks,2,95.0,0.05,180.5
T2025000152,2025-11-25,21:41:00,P0261,Lotte Choco Heim,Snacks,3,120.0,0.0,360.0
T2025000153,2025-11-25,12:49:00,P0140,Woongjin Yogurt Peach 340mL,Liquor/Beverage,1,60.0,0.0,60.0
T2025000153,2025-11-25,12:49:00,P0274,Haitai Matdongsan,Snacks,2,95.0,0.0,190.0
T2025000154,2025-11-25,20:11:00,P0185,Nongshim Shin Non-Frying Ramen 97g,Noodles,3,60.0,0.0,180.0
T2025000154,2025-11-25,20:11:00,P0163,Samyang Buldak Rose 140g,Noodles,1,88.0,0.0,88.0
T2025000154,2025-11-25,20:11:00,P0127,Lets Be Mild Coffee Can 4Pcs,Liquor/Beverage,2,128.0,0.0,256.0
T2025000154,2025-11-25,20:11:00,P0290,Doritos Galbi Chicken,Snacks,2,77.0,0.0,154.0
T2025000154,2025-11-25,20:11:00,P0152,Samyang Buldak Original Cup,Noodles,3,110.0,0.0,330.0
T2025000155,2025-11-25,11:02:00,P0254,Honey Roasted Peanuts,Snacks,2,165.0,0.0,330.0
T2025000155,2025-11-25,11:02:00,P0034,CJ  Cooked Rice,Dry Food,1,116.0,0.0,116.0
T2025000156,2025-11-25,11:44:00,P0124,Terra Lager Beer 500mL,Liquor/Beverage,1,170.0,0.0,170.0
T2025000156,2025-11-25,11:44:00,P0285,Corn Choco,Snacks,1,80.0,0.05,76.0
T2025000156,2025-11-25,11:44:00,P0256,Orion Custard Cake,Snacks,1,130.0,0.0,130.0
T2025000156,2025-11-25,11:44:00,P0277,Orion Turtle Chips Sweet Corn,Snacks,2,89.0,0.0,178.0
T2025000157,2025-11-25,11:55:00,P0122,Chamisul Original Soju,Liquor/Beverage,1,175.0,0.0,175.0
T2025000157,2025-11-25,11:55:00,P0275,Haitai Sweet Potato Snack,Snacks,2,95.0,0.0,190.0
T2025000157,2025-11-25,11:55:00,P0290,Doritos Galbi Chicken,Snacks,1,77.0,0.0,77.0
T2025000157,2025-11-25,11:55:00,P0296,Lotte Cereal Choco,Snacks,4,55.0,0.0,220.0
T2025000158,2025-11-25,19:24:00,P0124,Terra Lager Beer 500mL,Liquor/Beverage,2,170.0,0.0,340.0
T2025000158,2025-11-25,19:24:00,P0166,Samyang Buldak Original,Noodles,3,88.0,0.0,264.0
T2025000158,2025-11-25,19:24:00,P0172,Ottogi Jin Hot Big Cup,Noodles,1,75.0,0.0,75.0
T2025000159,2025-11-25,11:48:00,P0022,Ottogi Tteokbokki Cup,Dry Food,1,160.0,0.0,160.0
T2025000159,2025-11-25,11:48:00,P0166,Samyang Buldak Original,Noodles,2,88.0,0.0,176.0
T2025000159,2025-11-25,11:48:00,P0008,Ottogi Corn Syrup,Condiments,3,98.0,0.0,294.0
T2025000159,2025-11-25,11:48:00,P0197,Nongshim Seafood Ramyun,Noodles,4,52.0,0.0,208.0
T2025000159,2025-11-25,11:48:00,P0187,Paldo Bibim Men,Noodles,3,60.0,0.0,180.0
T2025000160,2025-11-25,12:24:00,P0139,Paldo Pororo Juice,Liquor/Beverage,2,65.0,0.0,130.0
T2025000160,2025-11-25,12:24:00,P0205,Ottogi Yeul Ramen,Noodles,3,48.0,0.0,144.0
T2025000160,2025-11-25,12:24:00,P0160,Paldo Wang Cup Kimchi,Noodles,2,90.0,0.0,180.0
T2025000161,2025-11-25,09:12:00,P0124,Terra Lager Beer 500mL,Liquor/Beverage,1,170.0,0.0,170.0
T2025000163,2025-11-25,11:13:00,P0268,Samlip Walnut Pie,Snacks,2,110.0,0.0,220.0
T2025000163,2025-11-25,11:13:00,P0290,Doritos Galbi Chicken,Snacks,2,77.0,0.0,154.0
T2025000163,2025-11-25,11:13:00,P0147,Binggrae Coffee Milk,Liquor/Beverage,2,48.0,0.0,96.0
T2025000163,2025-11-25,11:13:00,P0173,Nongshim Jjapageti,Noodles,2,75.0,0.15,127.5
T2025000163,2025-11-25,11:13:00,P0008,Ottogi Corn Syrup,Condiments,3,98.0,0.0,294.0
T2025000164,2025-11-25,13:34:00,P0138,Kirin Ichiban Beer 330mL,Liquor/Beverage,5,68.0,0.05,323.0
T2025000164,2025-11-25,13:34:00,P0003,Sempio Sesame Oil,Condiments,2,185.0,0.0,370.0
T2025000165,2025-11-25,12:14:00,P0022,Ottogi Tteokbokki Cup,Dry Food,1,160.0,0.0,160.0
T2025000165,2025-11-25,12:14:00,P0230,CJ Beksul Pancake Sauce,Seasoned/Sauce/Powder,2,145.0,0.0,290.0
T2025000165,2025-11-25,12:14:00,P0060,Homemade Spring Onion Kimchi 350g,Food Fresh/Meat/Sidedish,2,250.0,0.0,500.0
T2025000166,2025-11-25,13:45:00,P0116,Maxim Mocha Gold Coffee Mix 20Pcs,Liquor/Beverage,2,275.0,0.0,550.0
T2025000166,2025-11-25,13:45:00,P0271,Orion Choco Chip Cookies,Snacks,2,100.0,0.05,190.0
T2025000166,2025-11-25,13:45:00,P0152,Samyang Buldak Original Cup,Noodles,3,110.0,0.0,330.0
T2025000166,2025-11-25,13:45:00,P0160,Paldo Wang Cup Kimchi,Noodles,3,90.0,0.0,270.0
T2025000167,2025-11-25,10:11:00,P0125,Jinro Fresh Soju,Liquor/Beverage,1,170.0,0.0,170.0
T2025000167,2025-11-25,10:11:00,P0172,Ottogi Jin Hot Big Cup,Noodles,2,75.0,0.0,150.0
T2025000167,2025-11-25,10:11:00,P0007,Samyang Spicy Mayo,Condiments,1,130.0,0.15,110.5
T2025000168,2025-11-26,17:51:00,P0143,Nongshim Welchs Grape 355mL,Liquor/Beverage,5,60.0,0.05,285.0
T2025000168,2025-11-26,17:51:00,P0295,Pepero Almond,Snacks,5,55.0,0.0,275.0
T2025000168,2025-11-26,17:51:00,P0258,Orion Custard Choco Cake,Snacks,1,130.0,0.0,130.0
T2025000168,2025-11-26,17:51:00,P0084,Assi Vegetable Dumplings 675g,Food Frozen,1,285.0,0.0,285.0
T2025000168,2025-11-26,17:51:00,P0051,Us Premium Rib Eye 500g,Food Fresh/Meat/Sidedish,1,725.0,0.0,725.0
T2025000169,2025-11-26,14:23:00,P0046,CJ Beksul Potato Starch,Dry Food,2,85.0,0.0,170.0
T2025000169,2025-11-26,14:23:00,P0080,Samyang Buldak Original Spicy Mandu 700g,Food Frozen,1,410.0,0.1,369.0
T2025000170,2025-11-26,13:36:00,P0176,Ottogi Cheese Bokki Cup,Noodles,1,72.0,0.0,72.0
T2025000170,2025-11-26,13:36:00,P0122,Chamisul Original Soju,Liquor/Beverage,2,175.0,0.0,350.0
T2025000170,2025-11-26,13:36:00,P0164,Samyang Buldak 4 Cheese 145g,Noodles,3,88.0,0.0,264.0
T2025000170,2025-11-26,13:36:00,P0299,Lotte Xylitol Green Gum,Snacks,1,55.0,0.0,55.0
T2025000170,2025-11-26,13:36:00,P0296,Lotte Cereal Choco,Snacks,2,55.0,0.0,110.0
T2025000171,2025-11-26,14:17:00,P0280,Nongshim Potato Sticks,Snacks,3,85.0,0.15,216.75
T2025000171,2025-11-26,14:17:00,P0299,Lotte Xylitol Green Gum,Snacks,5,55.0,0.0,275.0
T2025000171,2025-11-26,14:17:00,P0027,Yopokki Cheese 240g,Dry Food,1,145.0,0.0,145.0
T2025000172,2025-11-26,17:06:00,P0122,Chamisul Original Soju,Liquor/Beverage,2,175.0,0.0,350.0
T2025000172,2025-11-26,17:06:00,P0263,Samlip Honey Castella,Snacks,1,120.0,0.0,120.0
T2025000172,2025-11-26,17:06:00,P0259,Nongshim Sengseng U-Dong,Snacks,1,125.0,0.0,125.0
T2025000172,2025-11-26,17:06:00,P0207,Ottogi Yeul Ramen 120g,Noodles,2,40.0,0.0,80.0
T2025000173,2025-11-26,11:41:00,P0137,Hite Beer Can,Liquor/Beverage,2,80.0,0.15,136.0
T2025000173,2025-11-26,11:41:00,P0256,Orion Custard Cake,Snacks,2,130.0,0.0,260.0
T2025000173,2025-11-26,11:41:00,P0261,Lotte Choco Heim,Snacks,3,120.0,0.0,360.0
T2025000173,2025-11-26,11:41:00,P0254,Honey Roasted Peanuts,Snacks,1,165.0,0.0,165.0
T2025000173,2025-11-26,11:41:00,P0104,Pepero Original,Food Frozen,4,55.0,0.0,220.0
T2025000174,2025-11-26,19:51:00,P0027,Yopokki Cheese 240g,Dry Food,2,145.0,0.0,290.0
T2025000175,2025-11-26,12:02:00,P0196,Paldo Cheese Ramen,Noodles,4,55.0,0.0,220.0
T2025000176,2025-11-26,19:53:00,P0024,O'Food Kimchi Soup Mix,Dry Food,1,150.0,0.0,150.0
T2025000176,2025-11-26,19:53:00,P0073,Perilla Leaves 2Packs,Food Fresh/Meat/Sidedish,2,40.0,0.0,80.0
T2025000177,2025-11-26,17:15:00,P0136,Cass Fresh Beer,Liquor/Beverage,2,85.0,0.0,170.0
T2025000177,2025-11-26,17:15:00,P0006,Chung Jung One Soy Sauce,Condiments,1,140.0,0.0,140.0
T2025000178,2025-11-26,19:35:00,P0172,Ottogi Jin Hot Big Cup,Noodles,1,75.0,0.0,75.0
T2025000178,2025-11-26,19:35:00,P0175,Samyang Jjajang Hot Chicken,Noodles,2,75.0,0.0,150.0
T2025000178,2025-11-26,19:35:00,P0180,Samyang Curry Ramen,Noodles,5,68.0,0.0,340.0
T2025000178,2025-11-26,19:35:00,P0234,CJ Beksul Spicy Pork Sauce 290g,Seasoned/Sauce/Powder,1,130.0,0.0,130.0
T2025000179,2025-11-26,16:16:00,P0114,Banana Milk 200mL 6Pcs,Liquor/Beverage,1,290.0,0.0,290.0
T2025000179,2025-11-26,16:16:00,P0280,Nongshim Potato Sticks,Snacks,3,85.0,0.0,255.0
T2025000179,2025-11-26,16:16:00,P0255,Bibigo Crispy Seaweed Snack,Snacks,1,140.0,0.0,140.0
T2025000179,2025-11-26,16:16:00,P0245,Honey Butter Almond 190g,Snacks,1,420.0,0.1,378.0
T2025000179,2025-11-26,16:16:00,P0152,Samyang Buldak Original Cup,Noodles,1,110.0,0.0,110.0
T2025000180,2025-11-26,20:43:00,P0172,Ottogi Jin Hot Big Cup,Noodles,3,75.0,0.0,225.0
T2025000180,2025-11-26,20:43:00,P0003,Sempio Sesame Oil,Condiments,2,185.0,0.0,370.0
T2025000181,2025-11-26,11:11:00,P0211,Ottogi Jin Ramen Hot,Noodles,5,40.0,0.0,200.0
T2025000181,2025-11-26,11:11:00,P0188,Nagasaki Jjampong,Noodles,1,60.0,0.05,57.0
T2025000181,2025-11-26,11:11:00,P0230,CJ Beksul Pancake Sauce,Seasoned/Sauce/Powder,2,145.0,0.1,261.0
T2025000182,2025-11-26,15:29:00,P0263,Samlip Honey Castella,Snacks,1,120.0,0.0,120.0
T2025000182,2025-11-26,15:29:00,P0276,Orion Sun Chips Korean BBQ,Snacks,1,90.0,0.0,90.0
T2025000183,2025-11-26,12:29:00,P0295,Pepero Almond,Snacks,3,55.0,0.0,165.0
T2025000183,2025-11-26,12:29:00,P0278,Haitai O! Karto Chips,Snacks,1,88.0,0.0,88.0
T2025000183,2025-11-26,12:29:00,P0256,Orion Custard Cake,Snacks,1,130.0,0.0,130.0
T2025000184,2025-11-26,18:43:00,P0125,Jinro Fresh Soju,Liquor/Beverage,1,170.0,0.0,170.0
T2025000184,2025-11-26,18:43:00,P0295,Pepero Almond,Snacks,1,55.0,0.0,55.0
T2025000184,2025-11-26,18:43:00,P0293,Lotte Sand Biscuit,Snacks,2,75.0,0.0,150.0
T2025000184,2025-11-26,18:43:00,P0018,(Kaya) Korean Rice 1.5Kg,Dry Food,1,190.0,0.0,190.0
T2025000185,2025-11-26,12:35:00,P0200,Paldo Koreno Kimchi Noodle,Noodles,3,50.0,0.0,150.0
T2025000185,2025-11-26,12:35:00,P0114,Banana Milk 200mL 6Pcs,Liquor/Beverage,1,290.0,0.0,290.0
T2025000185,2025-11-26,12:35:00,P0004,O'Food Korean Chili Oil,Condiments,1,160.0,0.0,160.0
T2025000185,2025-11-26,12:35:00,P0287,Nongshim Banana Kick 75g,Snacks,3,80.0,0.0,240.0
T2025000185,2025-11-26,12:35:00,P0150,Samyang Buldak Rosã Ramen 105g,Noodles,2,110.0,0.0,220.0
T2025000186,2025-11-26,15:00:00,P0298,Pepero White Cookie,Snacks,4,55.0,0.0,220.0
T2025000186,2025-11-26,15:00:00,P0245,Honey Butter Almond 190g,Snacks,1,420.0,0.0,420.0
T2025000186,2025-11-26,15:00:00,P0205,Ottogi Yeul Ramen,Noodles,2,48.0,0.0,96.0
T2025000186,2025-11-26,15:00:00,P0185,Nongshim Shin Non-Frying Ramen 97g,Noodles,4,60.0,0.0,240.0
T2025000186,2025-11-26,15:00:00,P0173,Nongshim Jjapageti,Noodles,2,75.0,0.0,150.0
T2025000187,2025-11-26,18:46:00,P0266,Bibigo Seaweed Crisps,Snacks,3,110.0,0.1,297.0
T2025000187,2025-11-26,18:46:00,P0211,Ottogi Jin Ramen Hot,Noodles,3,40.0,0.0,120.0
T2025000187,2025-11-26,18:46:00,P0189,Ottogi Bodle Cheese Ramen,Noodles,5,60.0,0.0,300.0
T2025000187,2025-11-26,18:46:00,P0190,Nongshim Tempura Udon Cup,Noodles,4,60.0,0.0,240.0
T2025000187,2025-11-26,18:46:00,P0258,Orion Custard Choco Cake,Snacks,1,130.0,0.0,130.0
T2025000188,2025-11-26,17:53:00,P0291,Crown Sando Biscuit,Snacks,2,75.0,0.0,150.0
T2025000188,2025-11-26,17:53:00,P0295,Pepero Almond,Snacks,1,55.0,0.0,55.0
T2025000188,2025-11-26,17:53:00,P0275,Haitai Sweet Potato Snack,Snacks,1,95.0,0.0,95.0
T2025000188,2025-11-26,17:53:00,P0231,O'Food Bulgogi Marinade,Seasoned/Sauce/Powder,2,145.0,0.0,290.0
T2025000189,2025-11-26,12:14:00,P0123,Cass Cold Brewed Beer 500mL,Liquor/Beverage,1,170.0,0.0,170.0
T2025000189,2025-11-26,12:14:00,P0296,Lotte Cereal Choco,Snacks,2,55.0,0.0,110.0
T2025000189,2025-11-26,12:14:00,P0156,Nongshim Ramyun King Bowl,Noodles,2,95.0,0.1,171.0
T2025000190,2025-11-26,11:59:00,P0208,Ottogi Jin Ramen Mild,Noodles,3,40.0,0.0,120.0
T2025000190,2025-11-26,11:59:00,P0207,Ottogi Yeul Ramen 120g,Noodles,4,40.0,0.0,160.0
T2025000190,2025-11-26,11:59:00,P0197,Nongshim Seafood Ramyun,Noodles,4,52.0,0.0,208.0
T2025000190,2025-11-26,11:59:00,P0042,CJ Hetbahn Brown Rice,Dry Food,2,95.0,0.0,190.0
T2025000191,2025-11-26,09:32:00,P0114,Banana Milk 200mL 6Pcs,Liquor/Beverage,1,290.0,0.0,290.0
T2025000191,2025-11-26,09:32:00,P0295,Pepero Almond,Snacks,1,55.0,0.0,55.0
T2025000191,2025-11-26,09:32:00,P0296,Lotte Cereal Choco,Snacks,4,55.0,0.0,220.0
T2025000191,2025-11-26,09:32:00,P0071,Kongsarang Firm Tofu,Food Fresh/Meat/Sidedish,1,65.0,0.0,65.0
T2025000192,2025-11-26,09:59:00,P0114,Banana Milk 200mL 6Pcs,Liquor/Beverage,1,290.0,0.0,290.0
T2025000192,2025-11-26,09:59:00,P0166,Samyang Buldak Original,Noodles,2,88.0,0.05,167.2
T2025000192,2025-11-26,09:59:00,P0102,MWC Tteok Galbi Bar,Food Frozen,3,75.0,0.0,225.0
T2025000193,2025-11-26,13:08:00,P0258,Orion Custard Choco Cake,Snacks,2,130.0,0.1,234.0
T2025000193,2025-11-26,13:08:00,P0096,Daerim  Vienna Sausage 170g,Food Frozen,2,145.0,0.0,290.0
T2025000193,2025-11-26,13:08:00,P0250,Haitai Honey Butter Almonds,Snacks,2,190.0,0.0,380.0
T2025000193,2025-11-26,13:08:00,P0284,Kkokal Sweet Corn Snack,Snacks,3,80.0,0.05,228.0
T2025000193,2025-11-26,13:08:00,P0034,CJ  Cooked Rice,Dry Food,1,116.0,0.0,116.0
T2025000194,2025-11-26,10:35:00,P0042,CJ Hetbahn Brown Rice,Dry Food,3,95.0,0.0,285.0
T2025000194,2025-11-26,10:35:00,P0152,Samyang Buldak Original Cup,Noodles,1,110.0,0.0,110.0
T2025000194,2025-11-26,10:35:00,P0245,Honey Butter Almond 190g,Snacks,1,420.0,0.0,420.0
T2025000194,2025-11-26,10:35:00,P0210,2Mins Snack Men,Noodles,4,40.0,0.0,160.0
T2025000194,2025-11-26,10:35:00,P0183,Samyang Kimchi Ramen Bowl,Noodles,3,65.0,0.0,195.0
T2025000195,2025-11-26,18:46:00,P0125,Jinro Fresh Soju,Liquor/Beverage,1,170.0,0.0,170.0
T2025000195,2025-11-26,18:46:00,P0277,Orion Turtle Chips Sweet Corn,Snacks,3,89.0,0.0,267.0
T2025000195,2025-11-26,18:46:00,P0299,Lotte Xylitol Green Gum,Snacks,3,55.0,0.0,165.0
T2025000195,2025-11-26,18:46:00,P0245,Honey Butter Almond 190g,Snacks,1,420.0,0.0,420.0
T2025000196,2025-11-26,19:12:00,P0192,Nongshim Soon Veggie Ramen,Noodles,1,58.0,0.0,58.0
T2025000196,2025-11-26,19:12:00,P0181,Paldo Bibim Cold Noodles,Noodles,1,65.0,0.0,65.0
T2025000196,2025-11-26,19:12:00,P0191,Paldo Teumsae Ramen,Noodles,4,60.0,0.05,228.0
T2025000196,2025-11-26,19:12:00,P0006,Chung Jung One Soy Sauce,Condiments,2,140.0,0.0,280.0
T2025000196,2025-11-26,19:12:00,P0067,Wasabi Radish Wrapper 340g,Food Fresh/Meat/Sidedish,2,145.0,0.0,290.0
T2025000197,2025-11-26,19:26:00,P0122,Chamisul Original Soju,Liquor/Beverage,1,175.0,0.0,175.0
T2025000197,2025-11-26,19:26:00,P0270,Samlip Custard Cream Cake,Snacks,3,105.0,0.0,315.0
T2025000197,2025-11-26,19:26:00,P0288,Nongshim Honey Rice Snack,Snacks,1,80.0,0.0,80.0
T2025000199,2025-11-26,18:23:00,P0104,Pepero Original,Food Frozen,5,55.0,0.1,247.5
T2025000199,2025-11-26,18:23:00,P0185,Nongshim Shin Non-Frying Ramen 97g,Noodles,4,60.0,0.0,240.0
T2025000199,2025-11-26,18:23:00,P0233,O'Food Korean Fried Chicken Sauce,Seasoned/Sauce/Powder,2,135.0,0.0,270.0
T2025000199,2025-11-26,18:23:00,P0290,Doritos Galbi Chicken,Snacks,2,77.0,0.0,154.0
T2025000199,2025-11-26,18:23:00,P0293,Lotte Sand Biscuit,Snacks,2,75.0,0.05,142.5
T2025000200,2025-11-26,14:38:00,P0020,CJ Beksul Hotteok Mix,Dry Food,1,185.0,0.0,185.0
T2025000201,2025-11-26,18:13:00,P0286,Crown Caramel Maple Corn,Snacks,1,80.0,0.0,80.0
T2025000201,2025-11-26,18:13:00,P0245,Honey Butter Almond 190g,Snacks,1,420.0,0.0,420.0
T2025000201,2025-11-26,18:13:00,P0080,Samyang Buldak Original Spicy Mandu 700g,Food Frozen,1,410.0,0.0,410.0
T2025000203,2025-11-26,11:00:00,P0293,Lotte Sand Biscuit,Snacks,2,75.0,0.0,150.0
T2025000203,2025-11-26,11:00:00,P0253,Orion Market O Brownie,Snacks,1,170.0,0.0,170.0
T2025000203,2025-11-26,11:00:00,P0177,Ottogi Beef Seaweed Soup Ramen,Noodles,4,70.0,0.0,280.0
T2025000203,2025-11-26,11:00:00,P0152,Samyang Buldak Original Cup,Noodles,3,110.0,0.0,330.0
T2025000204,2025-11-26,12:56:00,P0293,Lotte Sand Biscuit,Snacks,3,75.0,0.0,225.0
T2025000204,2025-11-26,12:56:00,P0261,Lotte Choco Heim,Snacks,1,120.0,0.0,120.0
T2025000204,2025-11-26,12:56:00,P0192,Nongshim Soon Veggie Ramen,Noodles,4,58.0,0.1,208.8
T2025000204,2025-11-26,12:56:00,P0199,Paldo Koreno Shrimp Noodle,Noodles,5,50.0,0.0,250.0
T2025000205,2025-11-26,17:13:00,P0286,Crown Caramel Maple Corn,Snacks,3,80.0,0.0,240.0
T2025000205,2025-11-26,17:13:00,P0211,Ottogi Jin Ramen Hot,Noodles,5,40.0,0.0,200.0
T2025000205,2025-11-26,17:13:00,P0204,Ottogi Cup Ramen Kimchi,Noodles,5,50.0,0.0,250.0
T2025000206,2025-11-26,18:23:00,P0295,Pepero Almond,Snacks,3,55.0,0.0,165.0
T2025000206,2025-11-26,18:23:00,P0298,Pepero White Cookie,Snacks,3,55.0,0.1,148.5
T2025000206,2025-11-26,18:23:00,P0291,Crown Sando Biscuit,Snacks,1,75.0,0.0,75.0
T2025000206,2025-11-26,18:23:00,P0243,CJ  Ssamjang 170g,Seasoned/Sauce/Powder,1,88.0,0.0,88.0
T2025000207,2025-11-26,17:05:00,P0266,Bibigo Seaweed Crisps,Snacks,3,110.0,0.0,330.0
T2025000208,2025-11-26,08:39:00,P0116,Maxim Mocha Gold Coffee Mix 20Pcs,Liquor/Beverage,1,275.0,0.0,275.0
T2025000208,2025-11-26,08:39:00,P0029,CJ Beksul Pancake Flour,Dry Food,2,125.0,0.0,250.0
T2025000208,2025-11-26,08:39:00,P0227,CJ Beksul Beef Bulgogi Sauce 290g,Seasoned/Sauce/Powder,2,150.0,0.0,300.0
T2025000209,2025-11-26,20:56:00,P0255,Bibigo Crispy Seaweed Snack,Snacks,2,140.0,0.0,280.0
T2025000209,2025-11-26,20:56:00,P0175,Samyang Jjajang Hot Chicken,Noodles,3,75.0,0.1,202.5
T2025000209,2025-11-26,20:56:00,P0250,Haitai Honey Butter Almonds,Snacks,2,190.0,0.0,380.0
T2025000209,2025-11-26,20:56:00,P0114,Banana Milk 200mL 6Pcs,Liquor/Beverage,1,290.0,0.0,290.0
T2025000209,2025-11-26,20:56:00,P0027,Yopokki Cheese 240g,Dry Food,1,145.0,0.0,145.0
T2025000210,2025-11-26,19:58:00,P0114,Banana Milk 200mL 6Pcs,Liquor/Beverage,1,290.0,0.05,275.5
T2025000210,2025-11-26,19:58:00,P0261,Lotte Choco Heim,Snacks,3,120.0,0.0,360.0
T2025000210,2025-11-26,19:58:00,P0260,Binch Biscuit,Snacks,2,120.0,0.0,240.0
T2025000210,2025-11-26,19:58:00,P0255,Bibigo Crispy Seaweed Snack,Snacks,2,140.0,0.0,280.0
T2025000211,2025-11-26,18:01:00,P0249,Lotte Chocopie 12Pcs,Snacks,1,200.0,0.0,200.0
T2025000211,2025-11-26,18:01:00,P0166,Samyang Buldak Original,Noodles,3,88.0,0.0,264.0
T2025000211,2025-11-26,18:01:00,P0123,Cass Cold Brewed Beer 500mL,Liquor/Beverage,2,170.0,0.0,340.0
T2025000211,2025-11-26,18:01:00,P0025,Sempio Yellow Peach In Can 400g,Dry Food,1,145.0,0.05,137.75
T2025000211,2025-11-26,18:01:00,P0158,Nongshim Shin Ramen Black,Noodles,2,92.0,0.05,174.8
T2025000212,2025-11-26,17:44:00,P0261,Lotte Choco Heim,Snacks,3,120.0,0.1,324.0
T2025000212,2025-11-26,17:44:00,P0164,Samyang Buldak 4 Cheese 145g,Noodles,2,88.0,0.0,176.0
T2025000212,2025-11-26,17:44:00,P0293,Lotte Sand Biscuit,Snacks,1,75.0,0.0,75.0
T2025000212,2025-11-26,17:44:00,P0124,Terra Lager Beer 500mL,Liquor/Beverage,2,170.0,0.0,340.0
T2025000212,2025-11-26,17:44:00,P0289,Crown Corn Chips,Snacks,3,80.0,0.0,240.0
T2025000213,2025-11-26,11:36:00,P0134,KSD Green Grape Rice Wine 750mL,Liquor/Beverage,2,105.0,0.0,210.0
T2025000213,2025-11-26,11:36:00,P0284,Kkokal Sweet Corn Snack,Snacks,1,80.0,0.0,80.0
T2025000213,2025-11-26,11:36:00,P0282,Orion Choco Boy,Snacks,3,85.0,0.0,255.0
T2025000213,2025-11-26,11:36:00,P0295,Pepero Almond,Snacks,3,55.0,0.0,165.0
T2025000214,2025-11-26,19:27:00,P0148,Binggrae Strawberry Milk,Liquor/Beverage,1,45.0,0.0,45.0
T2025000214,2025-11-26,19:27:00,P0290,Doritos Galbi Chicken,Snacks,3,77.0,0.0,231.0
T2025000214,2025-11-26,19:27:00,P0295,Pepero Almond,Snacks,4,55.0,0.0,220.0
T2025000214,2025-11-26,19:27:00,P0283,Orion Ogingo Ttangkong,Snacks,2,83.0,0.0,166.0
T2025000214,2025-11-26,19:27:00,P0236,CJ  Soybean Paste 500g,Seasoned/Sauce/Powder,1,123.0,0.0,123.0
T2025000215,2025-11-26,20:38:00,P0124,Terra Lager Beer 500mL,Liquor/Beverage,2,170.0,0.0,340.0
T2025000215,2025-11-26,20:38:00,P0293,Lotte Sand Biscuit,Snacks,2,75.0,0.0,150.0
T2025000215,2025-11-26,20:38:00,P0290,Doritos Galbi Chicken,Snacks,1,77.0,0.0,77.0
T2025000216,2025-11-26,17:34:00,P0299,Lotte Xylitol Green Gum,Snacks,4,55.0,0.0,220.0
T2025000216,2025-11-26,17:34:00,P0236,CJ  Soybean Paste 500g,Seasoned/Sauce/Powder,2,123.0,0.0,246.0
T2025000216,2025-11-26,17:34:00,P0198,Paldo Koreno Beef Noodle 100g,Noodles,3,50.0,0.0,150.0
T2025000216,2025-11-26,17:34:00,P0150,Samyang Buldak Rosã Ramen 105g,Noodles,3,110.0,0.0,330.0
T2025000216,2025-11-26,17:34:00,P0027,Yopokki Cheese 240g,Dry Food,2,145.0,0.0,290.0
T2025000217,2025-11-26,14:54:00,P0124,Terra Lager Beer 500mL,Liquor/Beverage,2,170.0,0.1,306.0
T2025000217,2025-11-26,14:54:00,P0296,Lotte Cereal Choco,Snacks,2,55.0,0.0,110.0
T2025000217,2025-11-26,14:54:00,P0027,Yopokki Cheese 240g,Dry Food,1,145.0,0.0,145.0
T2025000217,2025-11-26,14:54:00,P0228,Sempio Gochujang (500g),Seasoned/Sauce/Powder,2,145.0,0.0,290.0
T2025000218,2025-11-26,20:48:00,P0122,Chamisul Original Soju,Liquor/Beverage,1,175.0,0.15,148.75
T2025000218,2025-11-26,20:48:00,P0259,Nongshim Sengseng U-Dong,Snacks,1,125.0,0.0,125.0
T2025000218,2025-11-26,20:48:00,P0174,Ottogi Cheese Bokki Cup,Noodles,1,75.0,0.0,75.0
T2025000218,2025-11-26,20:48:00,P0152,Samyang Buldak Original Cup,Noodles,2,110.0,0.0,220.0
T2025000218,2025-11-26,20:48:00,P0162,Ottogi Jin Jjampong,Noodles,2,90.0,0.0,180.0
T2025000219,2025-11-26,09:19:00,P0288,Nongshim Honey Rice Snack,Snacks,1,80.0,0.0,80.0
T2025000219,2025-11-26,09:19:00,P0250,Haitai Honey Butter Almonds,Snacks,2,190.0,0.0,380.0
T2025000219,2025-11-26,09:19:00,P0165,Samyang Cream Carbo Buldak 140g,Noodles,3,88.0,0.15,224.4
T2025000219,2025-11-26,09:19:00,P0033,CJ Beksul Frying Mix,Dry Food,1,120.0,0.0,120.0
T2025000220,2025-11-26,08:50:00,P0295,Pepero Almond,Snacks,1,55.0,0.0,55.0
T2025000220,2025-11-26,08:50:00,P0255,Bibigo Crispy Seaweed Snack,Snacks,1,140.0,0.0,140.0
T2025000221,2025-11-26,18:01:00,P0114,Banana Milk 200mL 6Pcs,Liquor/Beverage,1,290.0,0.0,290.0
T2025000221,2025-11-26,18:01:00,P0298,Pepero White Cookie,Snacks,5,55.0,0.0,275.0
T2025000221,2025-11-26,18:01:00,P0165,Samyang Cream Carbo Buldak 140g,Noodles,3,88.0,0.0,264.0
T2025000221,2025-11-26,18:01:00,P0185,Nongshim Shin Non-Frying Ramen 97g,Noodles,2,60.0,0.0,120.0
T2025000221,2025-11-26,18:01:00,P0034,CJ  Cooked Rice,Dry Food,1,116.0,0.0,116.0
T2025000222,2025-11-26,12:50:00,P0146,Binggrae Yogurt Drink,Liquor/Beverage,1,55.0,0.0,55.0
T2025000222,2025-11-26,12:50:00,P0188,Nagasaki Jjampong,Noodles,1,60.0,0.0,60.0
T2025000222,2025-11-26,12:50:00,P0274,Haitai Matdongsan,Snacks,1,95.0,0.0,95.0
T2025000222,2025-11-26,12:50:00,P0070,Skinless Garlic 150G,Food Fresh/Meat/Sidedish,1,65.0,0.0,65.0
T2025000222,2025-11-26,12:50:00,P0285,Corn Choco,Snacks,3,80.0,0.0,240.0
T2025000223,2025-11-26,19:23:00,P0255,Bibigo Crispy Seaweed Snack,Snacks,1,140.0,0.0,140.0
T2025000223,2025-11-26,19:23:00,P0247,Choco Pie Green Tea 12Pcs,Snacks,2,200.0,0.05,380.0
T2025000223,2025-11-26,19:23:00,P0001,Ottogi Sesame Oil 500mL,Condiments,1,590.5,0.0,590.5
T2025000223,2025-11-26,19:23:00,P0081,Assi Shrimp Wanton 600g,Food Frozen,1,400.0,0.0,400.0
T2025000224,2025-11-26,12:56:00,P0274,Haitai Matdongsan,Snacks,1,95.0,0.0,95.0
T2025000225,2025-11-26,11:53:00,P0280,Nongshim Potato Sticks,Snacks,2,85.0,0.0,170.0
T2025000225,2025-11-26,11:53:00,P0263,Samlip Honey Castella,Snacks,3,120.0,0.0,360.0
T2025000225,2025-11-26,11:53:00,P0201,Sewoo Tang Small Cup,Noodles,1,50.0,0.0,50.0
T2025000225,2025-11-26,11:53:00,P0211,Ottogi Jin Ramen Hot,Noodles,5,40.0,0.15,170.0
T2025000225,2025-11-26,11:53:00,P0152,Samyang Buldak Original Cup,Noodles,1,110.0,0.0,110.0
T2025000226,2025-11-26,17:28:00,P0299,Lotte Xylitol Green Gum,Snacks,1,55.0,0.05,52.25
T2025000226,2025-11-26,17:28:00,P0255,Bibigo Crispy Seaweed Snack,Snacks,1,140.0,0.0,140.0
T2025000226,2025-11-26,17:28:00,P0181,Paldo Bibim Cold Noodles,Noodles,3,65.0,0.0,195.0
T2025000226,2025-11-26,17:28:00,P0100,Binggrae Ice Cream Sandwich,Food Frozen,1,80.0,0.15,68.0
T2025000227,2025-11-26,09:42:00,P0122,Chamisul Original Soju,Liquor/Beverage,1,175.0,0.0,175.0
T2025000227,2025-11-26,09:42:00,P0255,Bibigo Crispy Seaweed Snack,Snacks,1,140.0,0.0,140.0
T2025000227,2025-11-26,09:42:00,P0290,Doritos Galbi Chicken,Snacks,2,77.0,0.0,154.0
T2025000227,2025-11-26,09:42:00,P0260,Binch Biscuit,Snacks,2,120.0,0.0,240.0
T2025000228,2025-11-26,12:08:00,P0072,Kongsarang Soft Tofu,Food Fresh/Meat/Sidedish,4,65.0,0.0,260.0
T2025000228,2025-11-26,12:08:00,P0272,Haitai  Sunkist Candy 125g,Snacks,3,95.0,0.0,285.0
T2025000228,2025-11-26,12:08:00,P0213,Sempio Yondu 500mL,Seasoned/Sauce/Powder,1,345.0,0.15,293.25
T2025000228,2025-11-26,12:08:00,P0041,CJ Hetbahn Multi-Grain Rice,Dry Food,3,95.0,0.1,256.5
T2025000228,2025-11-26,12:08:00,P0245,Honey Butter Almond 190g,Snacks,1,420.0,0.0,420.0
T2025000229,2025-11-26,19:24:00,P0119,Sempio Yuzu Tea,Liquor/Beverage,1,250.0,0.0,250.0
T2025000229,2025-11-26,19:24:00,P0208,Ottogi Jin Ramen Mild,Noodles,2,40.0,0.0,80.0
T2025000229,2025-11-26,19:24:00,P0176,Ottogi Cheese Bokki Cup,Noodles,3,72.0,0.0,216.0
T2025000229,2025-11-26,19:24:00,P0030,Yopokki Onion Butter 120g Cup,Dry Food,3,120.0,0.0,360.0
T2025000229,2025-11-26,19:24:00,P0070,Skinless Garlic 150G,Food Fresh/Meat/Sidedish,4,65.0,0.0,260.0
T2025000230,2025-11-26,12:41:00,P0125,Jinro Fresh Soju,Liquor/Beverage,2,170.0,0.0,340.0
T2025000230,2025-11-26,12:41:00,P0273,Haitai  Plumcandy 130g,Snacks,2,95.0,0.0,190.0
T2025000230,2025-11-26,12:41:00,P0166,Samyang Buldak Original,Noodles,3,88.0,0.0,264.0
T2025000230,2025-11-26,12:41:00,P0178,Samyang Mala Buldak,Noodles,5,70.0,0.0,350.0
T2025000230,2025-11-26,12:41:00,P0165,Samyang Cream Carbo Buldak 140g,Noodles,2,88.0,0.0,176.0
T2025000231,2025-11-26,20:36:00,P0144,Nongshim Welchs Strawberry 355mL,Liquor/Beverage,4,60.0,0.0,240.0
T2025000231,2025-11-26,20:36:00,P0277,Orion Turtle Chips Sweet Corn,Snacks,1,89.0,0.0,89.0
T2025000231,2025-11-26,20:36:00,P0193,Paldo Gomtang Ramen,Noodles,3,56.0,0.0,168.0
T2025000231,2025-11-26,20:36:00,P0198,Paldo Koreno Beef Noodle 100g,Noodles,4,50.0,0.0,200.0
T2025000232,2025-11-26,17:52:00,P0293,Lotte Sand Biscuit,Snacks,2,75.0,0.0,150.0
T2025000232,2025-11-26,17:52:00,P0209,Ottogi Kimchi Ramen,Noodles,1,40.0,0.0,40.0
T2025000232,2025-11-26,17:52:00,P0208,Ottogi Jin Ramen Mild,Noodles,5,40.0,0.0,200.0
T2025000233,2025-11-26,12:30:00,P0123,Cass Cold Brewed Beer 500mL,Liquor/Beverage,1,170.0,0.0,170.0
T2025000233,2025-11-26,12:30:00,P0166,Samyang Buldak Original,Noodles,2,88.0,0.0,176.0
T2025000233,2025-11-26,12:30:00,P0198,Paldo Koreno Beef Noodle 100g,Noodles,2,50.0,0.0,100.0
T2025000233,2025-11-26,12:30:00,P0029,CJ Beksul Pancake Flour,Dry Food,2,125.0,0.0,250.0
T2025000234,2025-11-26,12:46:00,P0230,CJ Beksul Pancake Sauce,Seasoned/Sauce/Powder,1,145.0,0.0,145.0
T2025000234,2025-11-26,12:46:00,P0141,Woongjin Yogurt Apple 340mL,Liquor/Beverage,2,60.0,0.0,120.0
T2025000234,2025-11-26,12:46:00,P0198,Paldo Koreno Beef Noodle 100g,Noodles,2,50.0,0.0,100.0
T2025000234,2025-11-26,12:46:00,P0294,Pepero Strawberry,Snacks,2,55.0,0.0,110.0
T2025000234,2025-11-26,12:46:00,P0297,Pepero Choco Filled,Snacks,5,55.0,0.05,261.25
T2025000235,2025-11-26,13:01:00,P0114,Banana Milk 200mL 6Pcs,Liquor/Beverage,1,290.0,0.0,290.0
T2025000235,2025-11-26,13:01:00,P0196,Paldo Cheese Ramen,Noodles,2,55.0,0.0,110.0
T2025000235,2025-11-26,13:01:00,P0198,Paldo Koreno Beef Noodle 100g,Noodles,4,50.0,0.0,200.0
T2025000235,2025-11-26,13:01:00,P0005,Ottogi Gold Mayonnaise 300g,Condiments,1,150.0,0.0,150.0
T2025000235,2025-11-26,13:01:00,P0080,Samyang Buldak Original Spicy Mandu 700g,Food Frozen,1,410.0,0.0,410.0
T2025000236,2025-11-26,18:11:00,P0070,Skinless Garlic 150G,Food Fresh/Meat/Sidedish,2,65.0,0.0,130.0
T2025000236,2025-11-26,18:11:00,P0199,Paldo Koreno Shrimp Noodle,Noodles,1,50.0,0.0,50.0
T2025000236,2025-11-26,18:11:00,P0172,Ottogi Jin Hot Big Cup,Noodles,2,75.0,0.0,150.0
T2025000236,2025-11-26,18:11:00,P0020,CJ Beksul Hotteok Mix,Dry Food,2,185.0,0.0,370.0
T2025000236,2025-11-26,18:11:00,P0123,Cass Cold Brewed Beer 500mL,Liquor/Beverage,2,170.0,0.0,340.0
T2025000237,2025-11-26,08:43:00,P0295,Pepero Almond,Snacks,1,55.0,0.0,55.0
T2025000237,2025-11-26,08:43:00,P0152,Samyang Buldak Original Cup,Noodles,2,110.0,0.0,220.0
T2025000237,2025-11-26,08:43:00,P0166,Samyang Buldak Original,Noodles,1,88.0,0.0,88.0
T2025000237,2025-11-26,08:43:00,P0027,Yopokki Cheese 240g,Dry Food,1,145.0,0.0,145.0
T2025000237,2025-11-26,08:43:00,P0236,CJ  Soybean Paste 500g,Seasoned/Sauce/Powder,2,123.0,0.0,246.0
T2025000238,2025-11-26,20:00:00,P0070,Skinless Garlic 150G,Food Fresh/Meat/Sidedish,2,65.0,0.0,130.0
T2025000239,2025-11-26,19:29:00,P0122,Chamisul Original Soju,Liquor/Beverage,1,175.0,0.0,175.0
T2025000239,2025-11-26,19:29:00,P0285,Corn Choco,Snacks,1,80.0,0.0,80.0
T2025000239,2025-11-26,19:29:00,P0293,Lotte Sand Biscuit,Snacks,2,75.0,0.0,150.0
T2025000239,2025-11-26,19:29:00,P0266,Bibigo Seaweed Crisps,Snacks,1,110.0,0.0,110.0
T2025000239,2025-11-26,19:29:00,P0023,Dongwon  Luncheon Meat 340g,Dry Food,2,155.0,0.0,310.0
T2025000240,2025-11-26,19:04:00,P0296,Lotte Cereal Choco,Snacks,2,55.0,0.05,104.5
T2025000240,2025-11-26,19:04:00,P0299,Lotte Xylitol Green Gum,Snacks,5,55.0,0.0,275.0
T2025000241,2025-11-26,08:14:00,P0122,Chamisul Original Soju,Liquor/Beverage,2,175.0,0.0,350.0
T2025000241,2025-11-26,08:14:00,P0293,Lotte Sand Biscuit,Snacks,2,75.0,0.0,150.0
T2025000241,2025-11-26,08:14:00,P0287,Nongshim Banana Kick 75g,Snacks,3,80.0,0.0,240.0
T2025000241,2025-11-26,08:14:00,P0253,Orion Market O Brownie,Snacks,1,170.0,0.05,161.5
T2025000242,2025-11-26,08:21:00,P0293,Lotte Sand Biscuit,Snacks,3,75.0,0.0,225.0
T2025000242,2025-11-26,08:21:00,P0251,Oil Fried & Salted Peanuts,Snacks,1,185.0,0.0,185.0
T2025000243,2025-11-26,09:02:00,P0114,Banana Milk 200mL 6Pcs,Liquor/Beverage,1,290.0,0.0,290.0
T2025000243,2025-11-26,09:02:00,P0273,Haitai  Plumcandy 130g,Snacks,3,95.0,0.0,285.0
T2025000243,2025-11-26,09:02:00,P0267,Lotte Pepero White Cookie,Snacks,2,110.0,0.15,187.0
T2025000244,2025-11-26,18:29:00,P0114,Banana Milk 200mL 6Pcs,Liquor/Beverage,1,290.0,0.0,290.0
T2025000244,2025-11-26,18:29:00,P0275,Haitai Sweet Potato Snack,Snacks,3,95.0,0.0,285.0
T2025000244,2025-11-26,18:29:00,P0287,Nongshim Banana Kick 75g,Snacks,2,80.0,0.0,160.0
T2025000244,2025-11-26,18:29:00,P0099,Daerim  Chaw Spicy Stick 90g,Food Frozen,3,80.0,0.0,240.0
T2025000245,2025-11-26,20:03:00,P0262,Orion Custard Pineapple,Snacks,1,120.0,0.0,120.0
T2025000245,2025-11-26,20:03:00,P0254,Honey Roasted Peanuts,Snacks,2,165.0,0.0,330.0
T2025000245,2025-11-26,20:03:00,P0278,Haitai O! Karto Chips,Snacks,1,88.0,0.0,88.0
T2025000245,2025-11-26,20:03:00,P0182,Paldo Ilpoom Jjajang,Noodles,3,65.0,0.0,195.0
T2025000245,2025-11-26,20:03:00,P0114,Banana Milk 200mL 6Pcs,Liquor/Beverage,2,290.0,0.0,580.0
T2025000246,2025-11-26,12:18:00,P0205,Ottogi Yeul Ramen,Noodles,3,48.0,0.0,144.0
T2025000246,2025-11-26,12:18:00,P0176,Ottogi Cheese Bokki Cup,Noodles,3,72.0,0.0,216.0
T2025000246,2025-11-26,12:18:00,P0035,CJ  Multi-Grains Cooked Rice 210g,Dry Food,2,110.0,0.0,220.0
T2025000246,2025-11-26,12:18:00,P0123,Cass Cold Brewed Beer 500mL,Liquor/Beverage,2,170.0,0.0,340.0
T2025000246,2025-11-26,12:18:00,P0294,Pepero Strawberry,Snacks,3,55.0,0.0,165.0
T2025000247,2025-11-26,17:24:00,P0006,Chung Jung One Soy Sauce,Condiments,1,140.0,0.0,140.0
T2025000247,2025-11-26,17:24:00,P0152,Samyang Buldak Original Cup,Noodles,3,110.0,0.0,330.0
T2025000247,2025-11-26,17:24:00,P0295,Pepero Almond,Snacks,2,55.0,0.0,110.0
T2025000247,2025-11-26,17:24:00,P0190,Nongshim Tempura Udon Cup,Noodles,1,60.0,0.0,60.0
T2025000247,2025-11-26,17:24:00,P0121,Lotte Chum Churum Soju,Liquor/Beverage,2,175.0,0.0,350.0
T2025000248,2025-11-26,17:09:00,P0137,Hite Beer Can,Liquor/Beverage,2,80.0,0.1,144.0
T2025000248,2025-11-26,17:09:00,P0295,Pepero Almond,Snacks,1,55.0,0.1,49.5
T2025000248,2025-11-26,17:09:00,P0270,Samlip Custard Cream Cake,Snacks,2,105.0,0.0,210.0
T2025000248,2025-11-26,17:09:00,P0166,Samyang Buldak Original,Noodles,2,88.0,0.0,176.0
T2025000248,2025-11-26,17:09:00,P0205,Ottogi Yeul Ramen,Noodles,2,48.0,0.0,96.0
T2025000249,2025-11-26,13:30:00,P0125,Jinro Fresh Soju,Liquor/Beverage,2,170.0,0.0,340.0
T2025000249,2025-11-26,13:30:00,P0298,Pepero White Cookie,Snacks,4,55.0,0.0,220.0
T2025000249,2025-11-26,13:30:00,P0006,Chung Jung One Soy Sauce,Condiments,1,140.0,0.0,140.0
T2025000249,2025-11-26,13:30:00,P0080,Samyang Buldak Original Spicy Mandu 700g,Food Frozen,1,410.0,0.0,410.0
T2025000250,2025-11-26,19:28:00,P0150,Samyang Buldak Rosã Ramen 105g,Noodles,3,110.0,0.0,330.0
T2025000250,2025-11-26,19:28:00,P0166,Samyang Buldak Original,Noodles,3,88.0,0.0,264.0
T2025000250,2025-11-26,19:28:00,P0006,Chung Jung One Soy Sauce,Condiments,1,140.0,0.0,140.0
T2025000251,2025-11-26,21:50:00,P0125,Jinro Fresh Soju,Liquor/Beverage,2,170.0,0.0,340.0
T2025000251,2025-11-26,21:50:00,P0152,Samyang Buldak Original Cup,Noodles,3,110.0,0.0,330.0
T2025000251,2025-11-26,21:50:00,P0185,Nongshim Shin Non-Frying Ramen 97g,Noodles,2,60.0,0.0,120.0
T2025000251,2025-11-26,21:50:00,P0184,Nongshim Baehongdong Bibimyeon 137g,Noodles,3,61.0,0.0,183.0
T2025000251,2025-11-26,21:50:00,P0048,Dongwon Light Tuna,Dry Food,1,75.0,0.0,75.0
T2025000252,2025-11-26,18:07:00,P0148,Binggrae Strawberry Milk,Liquor/Beverage,5,45.0,0.0,225.0
T2025000252,2025-11-26,18:07:00,P0171,Tempura Udon Big Cup,Noodles,2,75.0,0.0,150.0
T2025000253,2025-11-26,17:16:00,P0297,Pepero Choco Filled,Snacks,1,55.0,0.0,55.0
T2025000253,2025-11-26,17:16:00,P0252,Lotte Banana Choco Pie 12Pcs,Snacks,2,180.0,0.0,360.0
T2025000253,2025-11-26,17:16:00,P0227,CJ Beksul Beef Bulgogi Sauce 290g,Seasoned/Sauce/Powder,1,150.0,0.0,150.0
T2025000254,2025-11-26,19:17:00,P0123,Cass Cold Brewed Beer 500mL,Liquor/Beverage,1,170.0,0.0,170.0
T2025000255,2025-11-26,11:41:00,P0159,Nongshim Neuguri Cup 111g,Noodles,2,90.0,0.05,171.0
T2025000256,2025-11-26,13:28:00,P0274,Haitai Matdongsan,Snacks,1,95.0,0.0,95.0
T2025000256,2025-11-26,13:28:00,P0236,CJ  Soybean Paste 500g,Seasoned/Sauce/Powder,1,123.0,0.0,123.0
T2025000256,2025-11-26,13:28:00,P0254,Honey Roasted Peanuts,Snacks,2,165.0,0.0,330.0
T2025000256,2025-11-26,13:28:00,P0029,CJ Beksul Pancake Flour,Dry Food,1,125.0,0.0,125.0
T2025000256,2025-11-26,13:28:00,P0133,Sunhari Blueberry 360mL,Liquor/Beverage,2,120.0,0.0,240.0
T2025000257,2025-11-26,12:33:00,P0290,Doritos Galbi Chicken,Snacks,1,77.0,0.0,77.0
T2025000257,2025-11-26,12:33:00,P0147,Binggrae Coffee Milk,Liquor/Beverage,5,48.0,0.0,240.0
T2025000257,2025-11-26,12:33:00,P0039,Ottogi 3Mins Curry,Dry Food,2,99.0,0.0,198.0
T2025000257,2025-11-26,12:33:00,P0200,Paldo Koreno Kimchi Noodle,Noodles,1,50.0,0.0,50.0
T2025000257,2025-11-26,12:33:00,P0183,Samyang Kimchi Ramen Bowl,Noodles,5,65.0,0.05,308.75
T2025000258,2025-11-26,14:03:00,P0034,CJ  Cooked Rice,Dry Food,2,116.0,0.0,232.0
T2025000258,2025-11-26,14:03:00,P0080,Samyang Buldak Original Spicy Mandu 700g,Food Frozen,1,410.0,0.0,410.0
T2025000259,2025-11-26,18:20:00,P0143,Nongshim Welchs Grape 355mL,Liquor/Beverage,3,60.0,0.0,180.0
T2025000259,2025-11-26,18:20:00,P0152,Samyang Buldak Original Cup,Noodles,1,110.0,0.0,110.0
T2025000259,2025-11-26,18:20:00,P0046,CJ Beksul Potato Starch,Dry Food,1,85.0,0.0,85.0
T2025000259,2025-11-26,18:20:00,P0223,Jin Soy Sauce For Soup 860mL,Seasoned/Sauce/Powder,1,205.0,0.0,205.0
T2025000259,2025-11-26,18:20:00,P0065,Sempio Spicy Stir-Fried Dried Squid,Food Fresh/Meat/Sidedish,2,175.0,0.0,350.0
T2025000260,2025-11-26,11:55:00,P0027,Yopokki Cheese 240g,Dry Food,2,145.0,0.0,290.0
T2025000260,2025-11-26,11:55:00,P0162,Ottogi Jin Jjampong,Noodles,1,90.0,0.0,90.0
T2025000260,2025-11-26,11:55:00,P0158,Nongshim Shin Ramen Black,Noodles,2,92.0,0.0,184.0
T2025000260,2025-11-26,11:55:00,P0214,Jin Soy Sauce Rich & Savory 860mL,Seasoned/Sauce/Powder,1,315.0,0.0,315.0
T2025000260,2025-11-26,11:55:00,P0114,Banana Milk 200mL 6Pcs,Liquor/Beverage,1,290.0,0.0,290.0
T2025000261,2025-11-26,19:39:00,P0122,Chamisul Original Soju,Liquor/Beverage,1,175.0,0.0,175.0
T2025000261,2025-11-26,19:39:00,P0264,Lotte Ghana Dark Chocolate,Snacks,2,115.0,0.0,230.0
T2025000261,2025-11-26,19:39:00,P0152,Samyang Buldak Original Cup,Noodles,1,110.0,0.0,110.0
T2025000262,2025-11-26,21:25:00,P0128,Chamiseul Fresh 360mL,Liquor/Beverage,2,120.0,0.0,240.0
T2025000262,2025-11-26,21:25:00,P0258,Orion Custard Choco Cake,Snacks,2,130.0,0.0,260.0
T2025000262,2025-11-26,21:25:00,P0273,Haitai  Plumcandy 130g,Snacks,1,95.0,0.0,95.0
T2025000263,2025-11-26,10:03:00,P0245,Honey Butter Almond 190g,Snacks,1,420.0,0.0,420.0
T2025000263,2025-11-26,10:03:00,P0250,Haitai Honey Butter Almonds,Snacks,1,190.0,0.0,190.0
T2025000263,2025-11-26,10:03:00,P0190,Nongshim Tempura Udon Cup,Noodles,5,60.0,0.0,300.0
T2025000264,2025-11-26,18:51:00,P0139,Paldo Pororo Juice,Liquor/Beverage,3,65.0,0.0,195.0
T2025000264,2025-11-26,18:51:00,P0285,Corn Choco,Snacks,1,80.0,0.0,80.0
T2025000264,2025-11-26,18:51:00,P0296,Lotte Cereal Choco,Snacks,3,55.0,0.0,165.0
T2025000264,2025-11-26,18:51:00,P0295,Pepero Almond,Snacks,1,55.0,0.0,55.0
T2025000264,2025-11-26,18:51:00,P0007,Samyang Spicy Mayo,Condiments,2,130.0,0.0,260.0
T2025000265,2025-11-26,15:26:00,P0132,Sunhari Strawberry 360mL,Liquor/Beverage,2,120.0,0.0,240.0
T2025000265,2025-11-26,15:26:00,P0160,Paldo Wang Cup Kimchi,Noodles,1,90.0,0.0,90.0
T2025000265,2025-11-26,15:26:00,P0019,Haepyo Crispy Seaweed 9Pcs,Dry Food,2,188.0,0.0,376.0
T2025000266,2025-11-26,19:36:00,P0294,Pepero Strawberry,Snacks,4,55.0,0.0,220.0
T2025000266,2025-11-26,19:36:00,P0123,Cass Cold Brewed Beer 500mL,Liquor/Beverage,1,170.0,0.0,170.0
T2025000266,2025-11-26,19:36:00,P0175,Samyang Jjajang Hot Chicken,Noodles,2,75.0,0.0,150.0
T2025000266,2025-11-26,19:36:00,P0166,Samyang Buldak Original,Noodles,2,88.0,0.0,176.0
T2025000266,2025-11-26,19:36:00,P0181,Paldo Bibim Cold Noodles,Noodles,3,65.0,0.0,195.0
T2025000267,2025-11-26,21:03:00,P0123,Cass Cold Brewed Beer 500mL,Liquor/Beverage,1,170.0,0.0,170.0
T2025000267,2025-11-26,21:03:00,P0254,Honey Roasted Peanuts,Snacks,1,165.0,0.0,165.0
T2025000267,2025-11-26,21:03:00,P0295,Pepero Almond,Snacks,2,55.0,0.0,110.0
T2025000268,2025-11-26,12:32:00,P0147,Binggrae Coffee Milk,Liquor/Beverage,4,48.0,0.05,182.4
T2025000268,2025-11-26,12:32:00,P0295,Pepero Almond,Snacks,3,55.0,0.0,165.0
T2025000268,2025-11-26,12:32:00,P0042,CJ Hetbahn Brown Rice,Dry Food,2,95.0,0.0,190.0
T2025000268,2025-11-26,12:32:00,P0006,Chung Jung One Soy Sauce,Condiments,2,140.0,0.0,280.0
T2025000269,2025-11-26,20:47:00,P0245,Honey Butter Almond 190g,Snacks,1,420.0,0.0,420.0
T2025000269,2025-11-26,20:47:00,P0293,Lotte Sand Biscuit,Snacks,2,75.0,0.0,150.0
T2025000269,2025-11-26,20:47:00,P0158,Nongshim Shin Ramen Black,Noodles,1,92.0,0.0,92.0
T2025000269,2025-11-26,20:47:00,P0010,Daerim  Big Smoke Ham 1Kg,Dry Food,1,480.0,0.0,480.0
T2025000270,2025-11-26,15:52:00,P0178,Samyang Mala Buldak,Noodles,1,70.0,0.0,70.0
T2025000270,2025-11-26,15:52:00,P0258,Orion Custard Choco Cake,Snacks,2,130.0,0.0,260.0
T2025000270,2025-11-26,15:52:00,P0294,Pepero Strawberry,Snacks,4,55.0,0.0,220.0
T2025000270,2025-11-26,15:52:00,P0152,Samyang Buldak Original Cup,Noodles,1,110.0,0.0,110.0
T2025000270,2025-11-26,15:52:00,P0245,Honey Butter Almond 190g,Snacks,1,420.0,0.0,420.0
T2025000271,2025-11-26,09:24:00,P0293,Lotte Sand Biscuit,Snacks,3,75.0,0.0,225.0
T2025000271,2025-11-26,09:24:00,P0278,Haitai O! Karto Chips,Snacks,2,88.0,0.0,176.0
T2025000271,2025-11-26,09:24:00,P0263,Samlip Honey Castella,Snacks,3,120.0,0.0,360.0
T2025000271,2025-11-26,09:24:00,P0189,Ottogi Bodle Cheese Ramen,Noodles,3,60.0,0.05,171.0
T2025000271,2025-11-26,09:24:00,P0185,Nongshim Shin Non-Frying Ramen 97g,Noodles,3,60.0,0.0,180.0
T2025000272,2025-11-26,08:57:00,P0121,Lotte Chum Churum Soju,Liquor/Beverage,2,175.0,0.0,350.0
T2025000272,2025-11-26,08:57:00,P0155,Nongshim Dungji Mul Nengmyeon (Cold Noodle),Noodles,2,95.0,0.0,190.0
T2025000272,2025-11-26,08:57:00,P0211,Ottogi Jin Ramen Hot,Noodles,1,40.0,0.0,40.0
T2025000273,2025-11-27,17:31:00,P0166,Samyang Buldak Original,Noodles,2,88.0,0.0,176.0
T2025000273,2025-11-27,17:31:00,P0038,(Kaya) Korean Rice 1Kg,Dry Food,3,100.0,0.0,300.0
T2025000274,2025-11-27,16:49:00,P0044,Ottogi Vegetable Soup 80g,Dry Food,2,90.0,0.0,180.0
T2025000275,2025-11-27,18:51:00,P0143,Nongshim Welchs Grape 355mL,Liquor/Beverage,2,60.0,0.0,120.0
T2025000275,2025-11-27,18:51:00,P0188,Nagasaki Jjampong,Noodles,3,60.0,0.0,180.0
T2025000276,2025-11-27,21:02:00,P0008,Ottogi Corn Syrup,Condiments,1,98.0,0.0,98.0
T2025000276,2025-11-27,21:02:00,P0296,Lotte Cereal Choco,Snacks,5,55.0,0.0,275.0
T2025000276,2025-11-27,21:02:00,P0285,Corn Choco,Snacks,3,80.0,0.0,240.0
T2025000276,2025-11-27,21:02:00,P0183,Samyang Kimchi Ramen Bowl,Noodles,5,65.0,0.0,325.0
T2025000276,2025-11-27,21:02:00,P0266,Bibigo Seaweed Crisps,Snacks,2,110.0,0.0,220.0
T2025000277,2025-11-27,19:44:00,P0272,Haitai  Sunkist Candy 125g,Snacks,2,95.0,0.0,190.0
T2025000277,2025-11-27,19:44:00,P0186,Ottogi Chachelin Blackbean 145g,Noodles,4,60.0,0.0,240.0
T2025000277,2025-11-27,19:44:00,P0162,Ottogi Jin Jjampong,Noodles,1,90.0,0.0,90.0
T2025000277,2025-11-27,19:44:00,P0181,Paldo Bibim Cold Noodles,Noodles,4,65.0,0.0,260.0
T2025000278,2025-11-27,09:47:00,P0045,CJ Beksul Wheat Flour,Dry Food,3,90.0,0.1,243.0
T2025000278,2025-11-27,09:47:00,P0008,Ottogi Corn Syrup,Condiments,3,98.0,0.0,294.0
T2025000279,2025-11-27,15:08:00,P0125,Jinro Fresh Soju,Liquor/Beverage,2,170.0,0.15,289.0
T2025000279,2025-11-27,15:08:00,P0166,Samyang Buldak Original,Noodles,1,88.0,0.0,88.0
T2025000279,2025-11-27,15:08:00,P0171,Tempura Udon Big Cup,Noodles,2,75.0,0.0,150.0
T2025000279,2025-11-27,15:08:00,P0195,Ottogi Jin Mild Small Cup,Noodles,1,55.0,0.0,55.0
T2025000280,2025-11-27,11:55:00,P0048,Dongwon Light Tuna,Dry Food,2,75.0,0.0,150.0
T2025000280,2025-11-27,11:55:00,P0190,Nongshim Tempura Udon Cup,Noodles,3,60.0,0.0,180.0
T2025000280,2025-11-27,11:55:00,P0124,Terra Lager Beer 500mL,Liquor/Beverage,1,170.0,0.0,170.0
T2025000280,2025-11-27,11:55:00,P0289,Crown Corn Chips,Snacks,1,80.0,0.0,80.0
T2025000280,2025-11-27,11:55:00,P0166,Samyang Buldak Original,Noodles,1,88.0,0.0,88.0
T2025000281,2025-11-27,11:19:00,P0297,Pepero Choco Filled,Snacks,4,55.0,0.0,220.0
T2025000281,2025-11-27,11:19:00,P0295,Pepero Almond,Snacks,5,55.0,0.0,275.0
T2025000281,2025-11-27,11:19:00,P0285,Corn Choco,Snacks,3,80.0,0.0,240.0
T2025000282,2025-11-27,18:20:00,P0142,Nongshim Welchs White Grape 355mL,Liquor/Beverage,3,60.0,0.15,153.0
T2025000282,2025-11-27,18:20:00,P0277,Orion Turtle Chips Sweet Corn,Snacks,2,89.0,0.0,178.0
T2025000282,2025-11-27,18:20:00,P0255,Bibigo Crispy Seaweed Snack,Snacks,1,140.0,0.0,140.0
T2025000283,2025-11-27,12:02:00,P0300,Can Choco Balls,Snacks,4,45.0,0.0,180.0
T2025000283,2025-11-27,12:02:00,P0080,Samyang Buldak Original Spicy Mandu 700g,Food Frozen,1,410.0,0.0,410.0
T2025000284,2025-11-27,15:55:00,P0029,CJ Beksul Pancake Flour,Dry Food,2,125.0,0.0,250.0
T2025000284,2025-11-27,15:55:00,P0165,Samyang Cream Carbo Buldak 140g,Noodles,3,88.0,0.0,264.0
T2025000284,2025-11-27,15:55:00,P0080,Samyang Buldak Original Spicy Mandu 700g,Food Frozen,1,410.0,0.0,410.0
T2025000284,2025-11-27,15:55:00,P0259,Nongshim Sengseng U-Dong,Snacks,2,125.0,0.0,250.0
T2025000284,2025-11-27,15:55:00,P0122,Chamisul Original Soju,Liquor/Beverage,1,175.0,0.0,175.0
T2025000285,2025-11-27,18:55:00,P0209,Ottogi Kimchi Ramen,Noodles,4,40.0,0.0,160.0
T2025000285,2025-11-27,18:55:00,P0258,Orion Custard Choco Cake,Snacks,2,130.0,0.0,260.0
T2025000285,2025-11-27,18:55:00,P0295,Pepero Almond,Snacks,4,55.0,0.0,220.0
T2025000285,2025-11-27,18:55:00,P0144,Nongshim Welchs Strawberry 355mL,Liquor/Beverage,4,60.0,0.15,204.0
T2025000285,2025-11-27,18:55:00,P0196,Paldo Cheese Ramen,Noodles,3,55.0,0.0,165.0
T2025000286,2025-11-27,19:56:00,P0194,Shin Ramen Kimchi,Noodles,2,55.0,0.0,110.0
T2025000286,2025-11-27,19:56:00,P0114,Banana Milk 200mL 6Pcs,Liquor/Beverage,1,290.0,0.0,290.0
T2025000286,2025-11-27,19:56:00,P0299,Lotte Xylitol Green Gum,Snacks,4,55.0,0.0,220.0
T2025000286,2025-11-27,19:56:00,P0158,Nongshim Shin Ramen Black,Noodles,3,92.0,0.0,276.0
T2025000286,2025-11-27,19:56:00,P0245,Honey Butter Almond 190g,Snacks,1,420.0,0.0,420.0
T2025000287,2025-11-27,19:06:00,P0184,Nongshim Baehongdong Bibimyeon 137g,Noodles,5,61.0,0.15,259.25
T2025000287,2025-11-27,19:06:00,P0210,2Mins Snack Men,Noodles,5,40.0,0.0,200.0
T2025000287,2025-11-27,19:06:00,P0236,CJ  Soybean Paste 500g,Seasoned/Sauce/Powder,1,123.0,0.0,123.0
T2025000288,2025-11-27,14:48:00,P0122,Chamisul Original Soju,Liquor/Beverage,2,175.0,0.0,350.0
T2025000288,2025-11-27,14:48:00,P0178,Samyang Mala Buldak,Noodles,4,70.0,0.0,280.0
T2025000288,2025-11-27,14:48:00,P0173,Nongshim Jjapageti,Noodles,3,75.0,0.0,225.0
T2025000288,2025-11-27,14:48:00,P0194,Shin Ramen Kimchi,Noodles,4,55.0,0.0,220.0
T2025000289,2025-11-27,19:08:00,P0114,Banana Milk 200mL 6Pcs,Liquor/Beverage,1,290.0,0.0,290.0
T2025000289,2025-11-27,19:08:00,P0272,Haitai  Sunkist Candy 125g,Snacks,2,95.0,0.0,190.0
T2025000289,2025-11-27,19:08:00,P0255,Bibigo Crispy Seaweed Snack,Snacks,1,140.0,0.0,140.0
T2025000289,2025-11-27,19:08:00,P0298,Pepero White Cookie,Snacks,1,55.0,0.0,55.0
T2025000290,2025-11-27,12:45:00,P0148,Binggrae Strawberry Milk,Liquor/Beverage,2,45.0,0.0,90.0
T2025000290,2025-11-27,12:45:00,P0190,Nongshim Tempura Udon Cup,Noodles,4,60.0,0.0,240.0
T2025000290,2025-11-27,12:45:00,P0198,Paldo Koreno Beef Noodle 100g,Noodles,4,50.0,0.0,200.0
T2025000291,2025-11-27,17:37:00,P0009,CJ Beksul Corn Syrup,Condiments,3,95.0,0.1,256.5
T2025000292,2025-11-27,21:08:00,P0156,Nongshim Ramyun King Bowl,Noodles,2,95.0,0.0,190.0
T2025000292,2025-11-27,21:08:00,P0205,Ottogi Yeul Ramen,Noodles,2,48.0,0.0,96.0
T2025000292,2025-11-27,21:08:00,P0042,CJ Hetbahn Brown Rice,Dry Food,3,95.0,0.0,285.0
T2025000292,2025-11-27,21:08:00,P0211,Ottogi Jin Ramen Hot,Noodles,3,40.0,0.0,120.0
T2025000292,2025-11-27,21:08:00,P0274,Haitai Matdongsan,Snacks,2,95.0,0.0,190.0
T2025000293,2025-11-27,09:51:00,P0174,Ottogi Cheese Bokki Cup,Noodles,1,75.0,0.0,75.0
T2025000293,2025-11-27,09:51:00,P0173,Nongshim Jjapageti,Noodles,1,75.0,0.0,75.0
T2025000294,2025-11-27,20:42:00,P0144,Nongshim Welchs Strawberry 355mL,Liquor/Beverage,2,60.0,0.0,120.0
T2025000294,2025-11-27,20:42:00,P0295,Pepero Almond,Snacks,1,55.0,0.0,55.0
T2025000294,2025-11-27,20:42:00,P0046,CJ Beksul Potato Starch,Dry Food,3,85.0,0.0,255.0
T2025000295,2025-11-27,13:23:00,P0123,Cass Cold Brewed Beer 500mL,Liquor/Beverage,2,170.0,0.0,340.0
T2025000295,2025-11-27,13:23:00,P0179,Ottogi Ramen Bokki Cup,Noodles,4,69.0,0.0,276.0
T2025000296,2025-11-27,19:12:00,P0211,Ottogi Jin Ramen Hot,Noodles,2,40.0,0.0,80.0
T2025000296,2025-11-27,19:12:00,P0125,Jinro Fresh Soju,Liquor/Beverage,2,170.0,0.0,340.0
T2025000296,2025-11-27,19:12:00,P0206,Nongshim Chapagetti,Noodles,5,45.0,0.0,225.0
T2025000296,2025-11-27,19:12:00,P0292,Orion Goraebab Crackers,Snacks,2,75.0,0.0,150.0
T2025000296,2025-11-27,19:12:00,P0202,Nongshim Ansung Tangmen,Noodles,2,50.0,0.0,100.0
T2025000297,2025-11-27,09:45:00,P0126,Woongjin Yogurt Pineapple 1.5L,Liquor/Beverage,1,135.0,0.0,135.0
T2025000297,2025-11-27,09:45:00,P0160,Paldo Wang Cup Kimchi,Noodles,3,90.0,0.0,270.0
T2025000297,2025-11-27,09:45:00,P0208,Ottogi Jin Ramen Mild,Noodles,1,40.0,0.0,40.0
T2025000298,2025-11-27,12:34:00,P0290,Doritos Galbi Chicken,Snacks,1,77.0,0.0,77.0
T2025000298,2025-11-27,12:34:00,P0292,Orion Goraebab Crackers,Snacks,1,75.0,0.0,75.0
T2025000298,2025-11-27,12:34:00,P0293,Lotte Sand Biscuit,Snacks,1,75.0,0.0,75.0
T2025000298,2025-11-27,12:34:00,P0102,MWC Tteok Galbi Bar,Food Frozen,3,75.0,0.0,225.0
T2025000299,2025-11-27,12:56:00,P0114,Banana Milk 200mL 6Pcs,Liquor/Beverage,1,290.0,0.0,290.0
T2025000299,2025-11-27,12:56:00,P0294,Pepero Strawberry,Snacks,3,55.0,0.15,140.25
T2025000299,2025-11-27,12:56:00,P0150,Samyang Buldak Rosã Ramen 105g,Noodles,1,110.0,0.0,110.0
T2025000299,2025-11-27,12:56:00,P0025,Sempio Yellow Peach In Can 400g,Dry Food,1,145.0,0.0,145.0
T2025000300,2025-11-27,14:53:00,P0114,Banana Milk 200mL 6Pcs,Liquor/Beverage,1,290.0,0.0,290.0
T2025000300,2025-11-27,14:53:00,P0251,Oil Fried & Salted Peanuts,Snacks,1,185.0,0.0,185.0
T2025000300,2025-11-27,14:53:00,P0245,Honey Butter Almond 190g,Snacks,1,420.0,0.0,420.0
T2025000300,2025-11-27,14:53:00,P0300,Can Choco Balls,Snacks,4,45.0,0.0,180.0
T2025000300,2025-11-27,14:53:00,P0027,Yopokki Cheese 240g,Dry Food,1,145.0,0.0,145.0
T2025000301,2025-11-27,18:25:00,P0250,Haitai Honey Butter Almonds,Snacks,1,190.0,0.0,190.0
T2025000301,2025-11-27,18:25:00,P0260,Binch Biscuit,Snacks,2,120.0,0.0,240.0
T2025000302,2025-11-27,12:15:00,P0294,Pepero Strawberry,Snacks,3,55.0,0.0,165.0
T2025000302,2025-11-27,12:15:00,P0024,O'Food Kimchi Soup Mix,Dry Food,2,150.0,0.0,300.0
T2025000303,2025-11-27,18:03:00,P0290,Doritos Galbi Chicken,Snacks,1,77.0,0.0,77.0
T2025000303,2025-11-27,18:03:00,P0294,Pepero Strawberry,Snacks,2,55.0,0.1,99.0
T2025000303,2025-11-27,18:03:00,P0166,Samyang Buldak Original,Noodles,2,88.0,0.0,176.0
T2025000304,2025-11-27,21:00:00,P0131,Sunhari Yogurt 360mL,Liquor/Beverage,2,120.0,0.0,240.0
T2025000304,2025-11-27,21:00:00,P0300,Can Choco Balls,Snacks,3,45.0,0.0,135.0
T2025000304,2025-11-27,21:00:00,P0152,Samyang Buldak Original Cup,Noodles,1,110.0,0.0,110.0
T2025000304,2025-11-27,21:00:00,P0040,Ottogi Sweet Corn 340g,Dry Food,3,95.0,0.05,270.75
T2025000305,2025-11-27,13:48:00,P0111,Maxim Kanu Ice Latte 10 Sticks,Liquor/Beverage,1,360.0,0.0,360.0
T2025000305,2025-11-27,13:48:00,P0080,Samyang Buldak Original Spicy Mandu 700g,Food Frozen,1,410.0,0.0,410.0
T2025000306,2025-11-27,21:54:00,P0255,Bibigo Crispy Seaweed Snack,Snacks,2,140.0,0.0,280.0
T2025000306,2025-11-27,21:54:00,P0274,Haitai Matdongsan,Snacks,2,95.0,0.0,190.0
T2025000306,2025-11-27,21:54:00,P0237,O'Food Tteokbokki Sauce,Seasoned/Sauce/Powder,2,120.0,0.0,240.0
T2025000307,2025-11-27,08:19:00,P0200,Paldo Koreno Kimchi Noodle,Noodles,3,50.0,0.0,150.0
T2025000307,2025-11-27,08:19:00,P0152,Samyang Buldak Original Cup,Noodles,3,110.0,0.0,330.0
T2025000307,2025-11-27,08:19:00,P0222,CJ  Soybean Paste 1Kg,Seasoned/Sauce/Powder,1,208.0,0.0,208.0
T2025000308,2025-11-27,21:20:00,P0135,KSD Peach Rice Wine 750mL,Liquor/Beverage,3,105.0,0.05,299.25
T2025000308,2025-11-27,21:20:00,P0292,Orion Goraebab Crackers,Snacks,1,75.0,0.0,75.0
T2025000308,2025-11-27,21:20:00,P0256,Orion Custard Cake,Snacks,2,130.0,0.0,260.0
T2025000308,2025-11-27,21:20:00,P0006,Chung Jung One Soy Sauce,Condiments,1,140.0,0.0,140.0
T2025000308,2025-11-27,21:20:00,P0238,Ottogi Curry Mild,Seasoned/Sauce/Powder,1,115.0,0.0,115.0
T2025000309,2025-11-27,13:57:00,P0298,Pepero White Cookie,Snacks,2,55.0,0.0,110.0
T2025000309,2025-11-27,13:57:00,P0264,Lotte Ghana Dark Chocolate,Snacks,1,115.0,0.0,115.0
T2025000309,2025-11-27,13:57:00,P0295,Pepero Almond,Snacks,4,55.0,0.0,220.0
T2025000309,2025-11-27,13:57:00,P0007,Samyang Spicy Mayo,Condiments,2,130.0,0.0,260.0
T2025000309,2025-11-27,13:57:00,P0088,Dongwon  Real Crabs 144g ,Food Frozen,1,259.0,0.0,259.0
T2025000310,2025-11-27,20:50:00,P0188,Nagasaki Jjampong,Noodles,4,60.0,0.0,240.0
T2025000310,2025-11-27,20:50:00,P0198,Paldo Koreno Beef Noodle 100g,Noodles,5,50.0,0.0,250.0
T2025000310,2025-11-27,20:50:00,P0211,Ottogi Jin Ramen Hot,Noodles,5,40.0,0.0,200.0
T2025000310,2025-11-27,20:50:00,P0231,O'Food Bulgogi Marinade,Seasoned/Sauce/Powder,2,145.0,0.15,246.5
T2025000311,2025-11-27,19:51:00,P0272,Haitai  Sunkist Candy 125g,Snacks,2,95.0,0.0,190.0
T2025000311,2025-11-27,19:51:00,P0294,Pepero Strawberry,Snacks,4,55.0,0.05,209.0
T2025000311,2025-11-27,19:51:00,P0276,Orion Sun Chips Korean BBQ,Snacks,1,90.0,0.0,90.0
T2025000311,2025-11-27,19:51:00,P0080,Samyang Buldak Original Spicy Mandu 700g,Food Frozen,1,410.0,0.0,410.0
T2025000312,2025-11-27,12:13:00,P0288,Nongshim Honey Rice Snack,Snacks,1,80.0,0.0,80.0
T2025000312,2025-11-27,12:13:00,P0191,Paldo Teumsae Ramen,Noodles,4,60.0,0.0,240.0
T2025000312,2025-11-27,12:13:00,P0005,Ottogi Gold Mayonnaise 300g,Condiments,1,150.0,0.0,150.0
T2025000312,2025-11-27,12:13:00,P0124,Terra Lager Beer 500mL,Liquor/Beverage,2,170.0,0.0,340.0
T2025000312,2025-11-27,12:13:00,P0031,Yopokki Cheese Cup 120g,Dry Food,3,120.0,0.0,360.0
T2025000313,2025-11-27,20:01:00,P0125,Jinro Fresh Soju,Liquor/Beverage,2,170.0,0.0,340.0
T2025000313,2025-11-27,20:01:00,P0272,Haitai  Sunkist Candy 125g,Snacks,2,95.0,0.0,190.0
T2025000313,2025-11-27,20:01:00,P0286,Crown Caramel Maple Corn,Snacks,3,80.0,0.0,240.0
T2025000313,2025-11-27,20:01:00,P0162,Ottogi Jin Jjampong,Noodles,1,90.0,0.0,90.0
T2025000313,2025-11-27,20:01:00,P0196,Paldo Cheese Ramen,Noodles,3,55.0,0.05,156.75
T2025000314,2025-11-27,18:50:00,P0186,Ottogi Chachelin Blackbean 145g,Noodles,5,60.0,0.0,300.0
T2025000314,2025-11-27,18:50:00,P0275,Haitai Sweet Potato Snack,Snacks,3,95.0,0.0,285.0
T2025000314,2025-11-27,18:50:00,P0299,Lotte Xylitol Green Gum,Snacks,2,55.0,0.0,110.0
T2025000314,2025-11-27,18:50:00,P0205,Ottogi Yeul Ramen,Noodles,3,48.0,0.0,144.0
T2025000314,2025-11-27,18:50:00,P0152,Samyang Buldak Original Cup,Noodles,1,110.0,0.0,110.0
T2025000315,2025-11-27,13:51:00,P0171,Tempura Udon Big Cup,Noodles,2,75.0,0.0,150.0
T2025000315,2025-11-27,13:51:00,P0211,Ottogi Jin Ramen Hot,Noodles,3,40.0,0.0,120.0
T2025000315,2025-11-27,13:51:00,P0157,Nongshim Yachae Ramyeon 100g,Noodles,1,93.0,0.0,93.0
T2025000316,2025-11-27,11:53:00,P0112,Teazen Diet Tea Berry 10 Sticks,Liquor/Beverage,1,290.0,0.0,290.0
T2025000316,2025-11-27,11:53:00,P0280,Nongshim Potato Sticks,Snacks,3,85.0,0.0,255.0
T2025000316,2025-11-27,11:53:00,P0279,Orion O! Karto Sweet Corn,Snacks,2,88.0,0.0,176.0
T2025000316,2025-11-27,11:53:00,P0080,Samyang Buldak Original Spicy Mandu 700g,Food Frozen,1,410.0,0.1,369.0
T2025000317,2025-11-27,13:19:00,P0288,Nongshim Honey Rice Snack,Snacks,3,80.0,0.0,240.0
T2025000317,2025-11-27,13:19:00,P0245,Honey Butter Almond 190g,Snacks,1,420.0,0.0,420.0
T2025000317,2025-11-27,13:19:00,P0198,Paldo Koreno Beef Noodle 100g,Noodles,4,50.0,0.0,200.0
T2025000317,2025-11-27,13:19:00,P0100,Binggrae Ice Cream Sandwich,Food Frozen,2,80.0,0.0,160.0
T2025000318,2025-11-27,20:43:00,P0142,Nongshim Welchs White Grape 355mL,Liquor/Beverage,5,60.0,0.0,300.0
T2025000318,2025-11-27,20:43:00,P0286,Crown Caramel Maple Corn,Snacks,2,80.0,0.0,160.0
T2025000318,2025-11-27,20:43:00,P0004,O'Food Korean Chili Oil,Condiments,1,160.0,0.15,136.0
T2025000319,2025-11-27,11:40:00,P0296,Lotte Cereal Choco,Snacks,4,55.0,0.0,220.0
T2025000319,2025-11-27,11:40:00,P0300,Can Choco Balls,Snacks,3,45.0,0.05,128.25
T2025000319,2025-11-27,11:40:00,P0295,Pepero Almond,Snacks,4,55.0,0.0,220.0
T2025000319,2025-11-27,11:40:00,P0009,CJ Beksul Corn Syrup,Condiments,2,95.0,0.0,190.0
T2025000320,2025-11-27,19:24:00,P0178,Samyang Mala Buldak,Noodles,1,70.0,0.0,70.0
T2025000321,2025-11-27,12:20:00,P0140,Woongjin Yogurt Peach 340mL,Liquor/Beverage,4,60.0,0.0,240.0
T2025000321,2025-11-27,12:20:00,P0254,Honey Roasted Peanuts,Snacks,2,165.0,0.0,330.0
T2025000321,2025-11-27,12:20:00,P0007,Samyang Spicy Mayo,Condiments,2,130.0,0.0,260.0
T2025000321,2025-11-27,12:20:00,P0098,Daerim  Crabstick 216g,Food Frozen,1,98.0,0.1,88.2
T2025000322,2025-11-27,11:59:00,P0285,Corn Choco,Snacks,2,80.0,0.0,160.0
T2025000322,2025-11-27,11:59:00,P0286,Crown Caramel Maple Corn,Snacks,1,80.0,0.0,80.0
T2025000322,2025-11-27,11:59:00,P0080,Samyang Buldak Original Spicy Mandu 700g,Food Frozen,1,410.0,0.05,389.5
T2025000323,2025-11-27,18:43:00,P0132,Sunhari Strawberry 360mL,Liquor/Beverage,2,120.0,0.05,228.0
T2025000323,2025-11-27,18:43:00,P0292,Orion Goraebab Crackers,Snacks,2,75.0,0.0,150.0
T2025000324,2025-11-27,18:24:00,P0259,Nongshim Sengseng U-Dong,Snacks,1,125.0,0.0,125.0
T2025000324,2025-11-27,18:24:00,P0202,Nongshim Ansung Tangmen,Noodles,1,50.0,0.0,50.0
T2025000324,2025-11-27,18:24:00,P0009,CJ Beksul Corn Syrup,Condiments,3,95.0,0.0,285.0
T2025000324,2025-11-27,18:24:00,P0263,Samlip Honey Castella,Snacks,2,120.0,0.0,240.0
T2025000324,2025-11-27,18:24:00,P0289,Crown Corn Chips,Snacks,2,80.0,0.0,160.0
T2025000325,2025-11-27,17:43:00,P0122,Chamisul Original Soju,Liquor/Beverage,2,175.0,0.0,350.0
T2025000325,2025-11-27,17:43:00,P0291,Crown Sando Biscuit,Snacks,3,75.0,0.0,225.0
T2025000325,2025-11-27,17:43:00,P0272,Haitai  Sunkist Candy 125g,Snacks,1,95.0,0.0,95.0
T2025000325,2025-11-27,17:43:00,P0288,Nongshim Honey Rice Snack,Snacks,3,80.0,0.0,240.0
T2025000326,2025-11-27,11:54:00,P0141,Woongjin Yogurt Apple 340mL,Liquor/Beverage,1,60.0,0.0,60.0
T2025000326,2025-11-27,11:54:00,P0275,Haitai Sweet Potato Snack,Snacks,3,95.0,0.0,285.0
T2025000326,2025-11-27,11:54:00,P0198,Paldo Koreno Beef Noodle 100g,Noodles,1,50.0,0.0,50.0
T2025000326,2025-11-27,11:54:00,P0236,CJ  Soybean Paste 500g,Seasoned/Sauce/Powder,1,123.0,0.05,116.85
T2025000327,2025-11-27,18:26:00,P0291,Crown Sando Biscuit,Snacks,2,75.0,0.0,150.0
T2025000327,2025-11-27,18:26:00,P0125,Jinro Fresh Soju,Liquor/Beverage,2,170.0,0.0,340.0
T2025000327,2025-11-27,18:26:00,P0007,Samyang Spicy Mayo,Condiments,2,130.0,0.0,260.0
T2025000327,2025-11-27,18:26:00,P0256,Orion Custard Cake,Snacks,1,130.0,0.0,130.0
T2025000327,2025-11-27,18:26:00,P0205,Ottogi Yeul Ramen,Noodles,5,48.0,0.0,240.0
T2025000328,2025-11-27,20:05:00,P0144,Nongshim Welchs Strawberry 355mL,Liquor/Beverage,2,60.0,0.0,120.0
T2025000328,2025-11-27,20:05:00,P0285,Corn Choco,Snacks,1,80.0,0.0,80.0
T2025000328,2025-11-27,20:05:00,P0284,Kkokal Sweet Corn Snack,Snacks,3,80.0,0.0,240.0
T2025000328,2025-11-27,20:05:00,P0293,Lotte Sand Biscuit,Snacks,2,75.0,0.0,150.0
T2025000328,2025-11-27,20:05:00,P0035,CJ  Multi-Grains Cooked Rice 210g,Dry Food,2,110.0,0.0,220.0
T2025000329,2025-11-27,11:37:00,P0124,Terra Lager Beer 500mL,Liquor/Beverage,1,170.0,0.0,170.0
T2025000329,2025-11-27,11:37:00,P0288,Nongshim Honey Rice Snack,Snacks,3,80.0,0.0,240.0
T2025000329,2025-11-27,11:37:00,P0290,Doritos Galbi Chicken,Snacks,2,77.0,0.0,154.0
T2025000329,2025-11-27,11:37:00,P0295,Pepero Almond,Snacks,5,55.0,0.0,275.0
T2025000329,2025-11-27,11:37:00,P0046,CJ Beksul Potato Starch,Dry Food,1,85.0,0.0,85.0
T2025000330,2025-11-27,09:11:00,P0131,Sunhari Yogurt 360mL,Liquor/Beverage,2,120.0,0.0,240.0
T2025000330,2025-11-27,09:11:00,P0297,Pepero Choco Filled,Snacks,2,55.0,0.0,110.0
T2025000330,2025-11-27,09:11:00,P0184,Nongshim Baehongdong Bibimyeon 137g,Noodles,5,61.0,0.15,259.25
T2025000331,2025-11-27,18:16:00,P0121,Lotte Chum Churum Soju,Liquor/Beverage,2,175.0,0.0,350.0
T2025000331,2025-11-27,18:16:00,P0263,Samlip Honey Castella,Snacks,3,120.0,0.0,360.0
T2025000331,2025-11-27,18:16:00,P0293,Lotte Sand Biscuit,Snacks,3,75.0,0.0,225.0
T2025000332,2025-11-27,16:00:00,P0124,Terra Lager Beer 500mL,Liquor/Beverage,2,170.0,0.0,340.0
T2025000332,2025-11-27,16:00:00,P0299,Lotte Xylitol Green Gum,Snacks,5,55.0,0.0,275.0
T2025000332,2025-11-27,16:00:00,P0252,Lotte Banana Choco Pie 12Pcs,Snacks,2,180.0,0.0,360.0
T2025000332,2025-11-27,16:00:00,P0264,Lotte Ghana Dark Chocolate,Snacks,1,115.0,0.15,97.75
T2025000333,2025-11-27,12:34:00,P0245,Honey Butter Almond 190g,Snacks,1,420.0,0.0,420.0
T2025000333,2025-11-27,12:34:00,P0259,Nongshim Sengseng U-Dong,Snacks,1,125.0,0.0,125.0
T2025000333,2025-11-27,12:34:00,P0166,Samyang Buldak Original,Noodles,2,88.0,0.0,176.0
T2025000334,2025-11-27,19:31:00,P0124,Terra Lager Beer 500mL,Liquor/Beverage,2,170.0,0.0,340.0
T2025000334,2025-11-27,19:31:00,P0295,Pepero Almond,Snacks,1,55.0,0.15,46.75
T2025000335,2025-11-27,19:37:00,P0268,Samlip Walnut Pie,Snacks,3,110.0,0.0,330.0
T2025000335,2025-11-27,19:37:00,P0173,Nongshim Jjapageti,Noodles,1,75.0,0.0,75.0
T2025000335,2025-11-27,19:37:00,P0168,Samyang Carbo Buldak,Noodles,2,88.0,0.0,176.0
T2025000335,2025-11-27,19:37:00,P0102,MWC Tteok Galbi Bar,Food Frozen,3,75.0,0.0,225.0
T2025000336,2025-11-27,20:11:00,P0122,Chamisul Original Soju,Liquor/Beverage,2,175.0,0.0,350.0
T2025000336,2025-11-27,20:11:00,P0008,Ottogi Corn Syrup,Condiments,3,98.0,0.0,294.0
T2025000336,2025-11-27,20:11:00,P0152,Samyang Buldak Original Cup,Noodles,1,110.0,0.0,110.0
T2025000337,2025-11-27,21:17:00,P0108,Ottogi Honey Citron Tea 1Kg,Liquor/Beverage,1,530.0,0.0,530.0
T2025000337,2025-11-27,21:17:00,P0275,Haitai Sweet Potato Snack,Snacks,1,95.0,0.0,95.0
T2025000337,2025-11-27,21:17:00,P0288,Nongshim Honey Rice Snack,Snacks,1,80.0,0.0,80.0
T2025000337,2025-11-27,21:17:00,P0258,Orion Custard Choco Cake,Snacks,2,130.0,0.05,247.0
T2025000338,2025-11-27,17:20:00,P0138,Kirin Ichiban Beer 330mL,Liquor/Beverage,2,68.0,0.0,136.0
T2025000338,2025-11-27,17:20:00,P0189,Ottogi Bodle Cheese Ramen,Noodles,3,60.0,0.0,180.0
T2025000338,2025-11-27,17:20:00,P0179,Ottogi Ramen Bokki Cup,Noodles,4,69.0,0.0,276.0
T2025000339,2025-11-27,08:08:00,P0245,Honey Butter Almond 190g,Snacks,1,420.0,0.05,399.0
T2025000339,2025-11-27,08:08:00,P0003,Sempio Sesame Oil,Condiments,2,185.0,0.0,370.0
T2025000339,2025-11-27,08:08:00,P0227,CJ Beksul Beef Bulgogi Sauce 290g,Seasoned/Sauce/Powder,1,150.0,0.0,150.0
T2025000340,2025-11-27,17:36:00,P0156,Nongshim Ramyun King Bowl,Noodles,3,95.0,0.0,285.0
T2025000340,2025-11-27,17:36:00,P0160,Paldo Wang Cup Kimchi,Noodles,2,90.0,0.0,180.0
T2025000341,2025-11-27,11:02:00,P0125,Jinro Fresh Soju,Liquor/Beverage,2,170.0,0.0,340.0
T2025000341,2025-11-27,11:02:00,P0169,Samyang Buldak Stew Type 145g,Noodles,2,80.0,0.05,152.0
T2025000341,2025-11-27,11:02:00,P0181,Paldo Bibim Cold Noodles,Noodles,1,65.0,0.05,61.75
T2025000341,2025-11-27,11:02:00,P0027,Yopokki Cheese 240g,Dry Food,1,145.0,0.0,145.0
T2025000341,2025-11-27,11:02:00,P0104,Pepero Original,Food Frozen,2,55.0,0.0,110.0
T2025000342,2025-11-27,12:07:00,P0295,Pepero Almond,Snacks,2,55.0,0.0,110.0
T2025000342,2025-11-27,12:07:00,P0294,Pepero Strawberry,Snacks,4,55.0,0.0,220.0
T2025000342,2025-11-27,12:07:00,P0278,Haitai O! Karto Chips,Snacks,3,88.0,0.0,264.0
T2025000342,2025-11-27,12:07:00,P0158,Nongshim Shin Ramen Black,Noodles,1,92.0,0.05,87.4
T2025000342,2025-11-27,12:07:00,P0039,Ottogi 3Mins Curry,Dry Food,3,99.0,0.05,282.15
T2025000343,2025-11-27,12:19:00,P0279,Orion O! Karto Sweet Corn,Snacks,2,88.0,0.0,176.0
T2025000343,2025-11-27,12:19:00,P0288,Nongshim Honey Rice Snack,Snacks,2,80.0,0.0,160.0
T2025000343,2025-11-27,12:19:00,P0228,Sempio Gochujang (500g),Seasoned/Sauce/Powder,2,145.0,0.0,290.0
T2025000343,2025-11-27,12:19:00,P0184,Nongshim Baehongdong Bibimyeon 137g,Noodles,1,61.0,0.0,61.0
T2025000343,2025-11-27,12:19:00,P0150,Samyang Buldak Rosã Ramen 105g,Noodles,2,110.0,0.0,220.0
T2025000344,2025-11-27,18:58:00,P0293,Lotte Sand Biscuit,Snacks,1,75.0,0.15,63.75
T2025000344,2025-11-27,18:58:00,P0300,Can Choco Balls,Snacks,3,45.0,0.0,135.0
T2025000344,2025-11-27,18:58:00,P0172,Ottogi Jin Hot Big Cup,Noodles,3,75.0,0.0,225.0
T2025000344,2025-11-27,18:58:00,P0208,Ottogi Jin Ramen Mild,Noodles,5,40.0,0.0,200.0
T2025000345,2025-11-27,13:18:00,P0139,Paldo Pororo Juice,Liquor/Beverage,5,65.0,0.1,292.5
T2025000345,2025-11-27,13:18:00,P0175,Samyang Jjajang Hot Chicken,Noodles,1,75.0,0.15,63.75
T2025000345,2025-11-27,13:18:00,P0208,Ottogi Jin Ramen Mild,Noodles,2,40.0,0.0,80.0
T2025000346,2025-11-27,17:51:00,P0114,Banana Milk 200mL 6Pcs,Liquor/Beverage,1,290.0,0.0,290.0
T2025000346,2025-11-27,17:51:00,P0255,Bibigo Crispy Seaweed Snack,Snacks,2,140.0,0.0,280.0
T2025000347,2025-11-27,18:40:00,P0172,Ottogi Jin Hot Big Cup,Noodles,1,75.0,0.0,75.0
T2025000348,2025-11-27,15:29:00,P0256,Orion Custard Cake,Snacks,2,130.0,0.0,260.0
T2025000348,2025-11-27,15:29:00,P0272,Haitai  Sunkist Candy 125g,Snacks,3,95.0,0.0,285.0
T2025000348,2025-11-27,15:29:00,P0157,Nongshim Yachae Ramyeon 100g,Noodles,3,93.0,0.05,265.05
T2025000348,2025-11-27,15:29:00,P0169,Samyang Buldak Stew Type 145g,Noodles,3,80.0,0.0,240.0
T2025000348,2025-11-27,15:29:00,P0230,CJ Beksul Pancake Sauce,Seasoned/Sauce/Powder,2,145.0,0.0,290.0
T2025000349,2025-11-27,20:53:00,P0281,Haitai Ace Crackers,Snacks,3,85.0,0.0,255.0
T2025000349,2025-11-27,20:53:00,P0211,Ottogi Jin Ramen Hot,Noodles,4,40.0,0.0,160.0
T2025000349,2025-11-27,20:53:00,P0197,Nongshim Seafood Ramyun,Noodles,5,52.0,0.0,260.0
T2025000349,2025-11-27,20:53:00,P0166,Samyang Buldak Original,Noodles,2,88.0,0.0,176.0
T2025000349,2025-11-27,20:53:00,P0008,Ottogi Corn Syrup,Condiments,3,98.0,0.15,249.9
T2025000350,2025-11-27,19:11:00,P0066,Imported Kimchi Big Tub 850g,Food Fresh/Meat/Sidedish,1,150.0,0.0,150.0
T2025000350,2025-11-27,19:11:00,P0238,Ottogi Curry Mild,Seasoned/Sauce/Powder,3,115.0,0.0,345.0
T2025000350,2025-11-27,19:11:00,P0150,Samyang Buldak Rosã Ramen 105g,Noodles,3,110.0,0.0,330.0
T2025000350,2025-11-27,19:11:00,P0294,Pepero Strawberry,Snacks,3,55.0,0.0,165.0
T2025000350,2025-11-27,19:11:00,P0208,Ottogi Jin Ramen Mild,Noodles,3,40.0,0.15,102.0
T2025000351,2025-11-27,21:28:00,P0114,Banana Milk 200mL 6Pcs,Liquor/Beverage,1,290.0,0.0,290.0
T2025000351,2025-11-27,21:28:00,P0205,Ottogi Yeul Ramen,Noodles,2,48.0,0.0,96.0
T2025000351,2025-11-27,21:28:00,P0162,Ottogi Jin Jjampong,Noodles,2,90.0,0.0,180.0
T2025000351,2025-11-27,21:28:00,P0096,Daerim  Vienna Sausage 170g,Food Frozen,2,145.0,0.15,246.5
T2025000352,2025-11-27,13:08:00,P0278,Haitai O! Karto Chips,Snacks,3,88.0,0.15,224.4
T2025000352,2025-11-27,13:08:00,P0001,Ottogi Sesame Oil 500mL,Condiments,1,590.5,0.15,501.93
T2025000354,2025-11-27,19:48:00,P0254,Honey Roasted Peanuts,Snacks,2,165.0,0.0,330.0
T2025000355,2025-11-27,20:18:00,P0124,Terra Lager Beer 500mL,Liquor/Beverage,1,170.0,0.0,170.0
T2025000355,2025-11-27,20:18:00,P0299,Lotte Xylitol Green Gum,Snacks,4,55.0,0.0,220.0
T2025000355,2025-11-27,20:18:00,P0195,Ottogi Jin Mild Small Cup,Noodles,4,55.0,0.05,209.0
T2025000355,2025-11-27,20:18:00,P0006,Chung Jung One Soy Sauce,Condiments,2,140.0,0.0,280.0
T2025000356,2025-11-27,13:38:00,P0296,Lotte Cereal Choco,Snacks,2,55.0,0.0,110.0
T2025000356,2025-11-27,13:38:00,P0196,Paldo Cheese Ramen,Noodles,3,55.0,0.1,148.5
T2025000356,2025-11-27,13:38:00,P0185,Nongshim Shin Non-Frying Ramen 97g,Noodles,5,60.0,0.0,300.0
T2025000356,2025-11-27,13:38:00,P0292,Orion Goraebab Crackers,Snacks,2,75.0,0.0,150.0
T2025000356,2025-11-27,13:38:00,P0121,Lotte Chum Churum Soju,Liquor/Beverage,1,175.0,0.0,175.0
T2025000357,2025-11-27,17:51:00,P0293,Lotte Sand Biscuit,Snacks,3,75.0,0.0,225.0
T2025000357,2025-11-27,17:51:00,P0296,Lotte Cereal Choco,Snacks,2,55.0,0.0,110.0
T2025000357,2025-11-27,17:51:00,P0034,CJ  Cooked Rice,Dry Food,1,116.0,0.0,116.0
T2025000357,2025-11-27,17:51:00,P0237,O'Food Tteokbokki Sauce,Seasoned/Sauce/Powder,1,120.0,0.0,120.0
T2025000358,2025-11-27,19:07:00,P0291,Crown Sando Biscuit,Snacks,1,75.0,0.0,75.0
T2025000358,2025-11-27,19:07:00,P0271,Orion Choco Chip Cookies,Snacks,2,100.0,0.0,200.0
T2025000358,2025-11-27,19:07:00,P0006,Chung Jung One Soy Sauce,Condiments,2,140.0,0.0,280.0
T2025000358,2025-11-27,19:07:00,P0063,Our Home Kimchi 1Kg Jar,Food Fresh/Meat/Sidedish,1,190.0,0.0,190.0
T2025000359,2025-11-27,08:35:00,P0025,Sempio Yellow Peach In Can 400g,Dry Food,2,145.0,0.0,290.0
T2025000360,2025-11-27,20:31:00,P0277,Orion Turtle Chips Sweet Corn,Snacks,2,89.0,0.0,178.0
T2025000361,2025-11-27,16:22:00,P0142,Nongshim Welchs White Grape 355mL,Liquor/Beverage,5,60.0,0.0,300.0
T2025000361,2025-11-27,16:22:00,P0300,Can Choco Balls,Snacks,2,45.0,0.0,90.0
T2025000361,2025-11-27,16:22:00,P0245,Honey Butter Almond 190g,Snacks,1,420.0,0.0,420.0
T2025000361,2025-11-27,16:22:00,P0067,Wasabi Radish Wrapper 340g,Food Fresh/Meat/Sidedish,1,145.0,0.0,145.0
T2025000362,2025-11-27,17:58:00,P0246,Post Almond Flakes,Snacks,2,245.0,0.0,490.0
T2025000362,2025-11-27,17:58:00,P0258,Orion Custard Choco Cake,Snacks,2,130.0,0.0,260.0
T2025000362,2025-11-27,17:58:00,P0152,Samyang Buldak Original Cup,Noodles,1,110.0,0.0,110.0
T2025000362,2025-11-27,17:58:00,P0211,Ottogi Jin Ramen Hot,Noodles,1,40.0,0.0,40.0
T2025000362,2025-11-27,17:58:00,P0003,Sempio Sesame Oil,Condiments,1,185.0,0.0,185.0
T2025000363,2025-11-27,18:47:00,P0126,Woongjin Yogurt Pineapple 1.5L,Liquor/Beverage,2,135.0,0.0,270.0
T2025000363,2025-11-27,18:47:00,P0292,Orion Goraebab Crackers,Snacks,1,75.0,0.0,75.0
T2025000363,2025-11-27,18:47:00,P0287,Nongshim Banana Kick 75g,Snacks,1,80.0,0.0,80.0
T2025000363,2025-11-27,18:47:00,P0151,Samyang Buldak 4 Cheese Ramen 110g,Noodles,1,110.0,0.0,110.0
T2025000364,2025-11-27,17:05:00,P0125,Jinro Fresh Soju,Liquor/Beverage,2,170.0,0.0,340.0
T2025000364,2025-11-27,17:05:00,P0208,Ottogi Jin Ramen Mild,Noodles,5,40.0,0.0,200.0
T2025000364,2025-11-27,17:05:00,P0047,Dongwon Spicy Tuna,Dry Food,1,80.0,0.0,80.0
T2025000364,2025-11-27,17:05:00,P0295,Pepero Almond,Snacks,1,55.0,0.0,55.0
T2025000365,2025-11-27,12:58:00,P0191,Paldo Teumsae Ramen,Noodles,5,60.0,0.0,300.0
T2025000365,2025-11-27,12:58:00,P0259,Nongshim Sengseng U-Dong,Snacks,1,125.0,0.0,125.0
T2025000365,2025-11-27,12:58:00,P0104,Pepero Original,Food Frozen,2,55.0,0.0,110.0
T2025000365,2025-11-27,12:58:00,P0178,Samyang Mala Buldak,Noodles,4,70.0,0.0,280.0
T2025000365,2025-11-27,12:58:00,P0024,O'Food Kimchi Soup Mix,Dry Food,1,150.0,0.0,150.0
T2025000366,2025-11-27,19:06:00,P0165,Samyang Cream Carbo Buldak 140g,Noodles,2,88.0,0.0,176.0
T2025000366,2025-11-27,19:06:00,P0284,Kkokal Sweet Corn Snack,Snacks,3,80.0,0.0,240.0
T2025000366,2025-11-27,19:06:00,P0300,Can Choco Balls,Snacks,4,45.0,0.0,180.0
T2025000366,2025-11-27,19:06:00,P0018,(Kaya) Korean Rice 1.5Kg,Dry Food,1,190.0,0.0,190.0
T2025000366,2025-11-27,19:06:00,P0295,Pepero Almond,Snacks,2,55.0,0.0,110.0
T2025000367,2025-11-27,12:06:00,P0250,Haitai Honey Butter Almonds,Snacks,1,190.0,0.0,190.0
T2025000367,2025-11-27,12:06:00,P0185,Nongshim Shin Non-Frying Ramen 97g,Noodles,1,60.0,0.0,60.0
T2025000367,2025-11-27,12:06:00,P0027,Yopokki Cheese 240g,Dry Food,2,145.0,0.0,290.0
T2025000368,2025-11-27,08:25:00,P0125,Jinro Fresh Soju,Liquor/Beverage,1,170.0,0.15,144.5
T2025000368,2025-11-27,08:25:00,P0183,Samyang Kimchi Ramen Bowl,Noodles,2,65.0,0.0,130.0
T2025000368,2025-11-27,08:25:00,P0241,CJ Anchovy Sauce 500g,Seasoned/Sauce/Powder,2,105.0,0.0,210.0
T2025000368,2025-11-27,08:25:00,P0298,Pepero White Cookie,Snacks,1,55.0,0.0,55.0
T2025000369,2025-11-27,09:43:00,P0124,Terra Lager Beer 500mL,Liquor/Beverage,2,170.0,0.0,340.0
T2025000370,2025-11-27,12:38:00,P0146,Binggrae Yogurt Drink,Liquor/Beverage,2,55.0,0.0,110.0
T2025000371,2025-11-27,19:07:00,P0295,Pepero Almond,Snacks,4,55.0,0.0,220.0
T2025000371,2025-11-27,19:07:00,P0181,Paldo Bibim Cold Noodles,Noodles,1,65.0,0.0,65.0
T2025000371,2025-11-27,19:07:00,P0033,CJ Beksul Frying Mix,Dry Food,3,120.0,0.0,360.0
T2025000371,2025-11-27,19:07:00,P0127,Lets Be Mild Coffee Can 4Pcs,Liquor/Beverage,2,128.0,0.0,256.0
T2025000371,2025-11-27,19:07:00,P0205,Ottogi Yeul Ramen,Noodles,4,48.0,0.0,192.0
T2025000372,2025-11-27,17:40:00,P0134,KSD Green Grape Rice Wine 750mL,Liquor/Beverage,3,105.0,0.0,315.0
T2025000373,2025-11-27,10:30:00,P0114,Banana Milk 200mL 6Pcs,Liquor/Beverage,1,290.0,0.0,290.0
T2025000373,2025-11-27,10:30:00,P0300,Can Choco Balls,Snacks,4,45.0,0.15,153.0
T2025000373,2025-11-27,10:30:00,P0294,Pepero Strawberry,Snacks,2,55.0,0.05,104.5
T2025000373,2025-11-27,10:30:00,P0018,(Kaya) Korean Rice 1.5Kg,Dry Food,1,190.0,0.0,190.0
T2025000374,2025-11-27,10:01:00,P0114,Banana Milk 200mL 6Pcs,Liquor/Beverage,1,290.0,0.0,290.0
T2025000374,2025-11-27,10:01:00,P0294,Pepero Strawberry,Snacks,1,55.0,0.0,55.0
T2025000374,2025-11-27,10:01:00,P0262,Orion Custard Pineapple,Snacks,2,120.0,0.0,240.0
T2025000374,2025-11-27,10:01:00,P0295,Pepero Almond,Snacks,3,55.0,0.0,165.0
T2025000374,2025-11-27,10:01:00,P0177,Ottogi Beef Seaweed Soup Ramen,Noodles,5,70.0,0.05,332.5
T2025000375,2025-11-27,18:27:00,P0281,Haitai Ace Crackers,Snacks,3,85.0,0.0,255.0
T2025000375,2025-11-27,18:27:00,P0147,Binggrae Coffee Milk,Liquor/Beverage,2,48.0,0.0,96.0
T2025000375,2025-11-27,18:27:00,P0286,Crown Caramel Maple Corn,Snacks,2,80.0,0.0,160.0
T2025000375,2025-11-27,18:27:00,P0027,Yopokki Cheese 240g,Dry Food,2,145.0,0.0,290.0
T2025000375,2025-11-27,18:27:00,P0211,Ottogi Jin Ramen Hot,Noodles,2,40.0,0.0,80.0
T2025000376,2025-11-27,12:24:00,P0275,Haitai Sweet Potato Snack,Snacks,3,95.0,0.0,285.0
T2025000376,2025-11-27,12:24:00,P0154,Nongshim Jjawang,Noodles,1,100.0,0.05,95.0
T2025000377,2025-11-27,12:03:00,P0287,Nongshim Banana Kick 75g,Snacks,2,80.0,0.0,160.0
T2025000377,2025-11-27,12:03:00,P0254,Honey Roasted Peanuts,Snacks,2,165.0,0.0,330.0
T2025000377,2025-11-27,12:03:00,P0027,Yopokki Cheese 240g,Dry Food,2,145.0,0.0,290.0
T2025000378,2025-11-27,16:08:00,P0179,Ottogi Ramen Bokki Cup,Noodles,4,69.0,0.1,248.4
T2025000379,2025-11-27,13:55:00,P0123,Cass Cold Brewed Beer 500mL,Liquor/Beverage,2,170.0,0.0,340.0
T2025000380,2025-11-27,19:46:00,P0124,Terra Lager Beer 500mL,Liquor/Beverage,2,170.0,0.0,340.0
T2025000380,2025-11-27,19:46:00,P0252,Lotte Banana Choco Pie 12Pcs,Snacks,1,180.0,0.0,180.0
T2025000380,2025-11-27,19:46:00,P0296,Lotte Cereal Choco,Snacks,3,55.0,0.0,165.0
T2025000380,2025-11-27,19:46:00,P0041,CJ Hetbahn Multi-Grain Rice,Dry Food,1,95.0,0.0,95.0
T2025000381,2025-11-28,14:23:00,P0124,Terra Lager Beer 500mL,Liquor/Beverage,1,170.0,0.0,170.0
T2025000382,2025-11-28,13:27:00,P0142,Nongshim Welchs White Grape 355mL,Liquor/Beverage,5,60.0,0.0,300.0
T2025000382,2025-11-28,13:27:00,P0270,Samlip Custard Cream Cake,Snacks,2,105.0,0.0,210.0
T2025000382,2025-11-28,13:27:00,P0203,Jin Ramen Spicy Cup,Noodles,3,50.0,0.0,150.0
T2025000382,2025-11-28,13:27:00,P0197,Nongshim Seafood Ramyun,Noodles,3,52.0,0.0,156.0
T2025000382,2025-11-28,13:27:00,P0027,Yopokki Cheese 240g,Dry Food,2,145.0,0.0,290.0
T2025000383,2025-11-28,21:40:00,P0114,Banana Milk 200mL 6Pcs,Liquor/Beverage,2,290.0,0.0,580.0
T2025000383,2025-11-28,21:40:00,P0202,Nongshim Ansung Tangmen,Noodles,4,50.0,0.0,200.0
T2025000383,2025-11-28,21:40:00,P0180,Samyang Curry Ramen,Noodles,3,68.0,0.0,204.0
T2025000383,2025-11-28,21:40:00,P0194,Shin Ramen Kimchi,Noodles,2,55.0,0.0,110.0
T2025000383,2025-11-28,21:40:00,P0003,Sempio Sesame Oil,Condiments,1,185.0,0.0,185.0
T2025000384,2025-11-28,18:14:00,P0276,Orion Sun Chips Korean BBQ,Snacks,2,90.0,0.0,180.0
T2025000384,2025-11-28,18:14:00,P0299,Lotte Xylitol Green Gum,Snacks,2,55.0,0.0,110.0
T2025000384,2025-11-28,18:14:00,P0271,Orion Choco Chip Cookies,Snacks,2,100.0,0.05,190.0
T2025000385,2025-11-28,11:52:00,P0285,Corn Choco,Snacks,3,80.0,0.0,240.0
T2025000385,2025-11-28,11:52:00,P0156,Nongshim Ramyun King Bowl,Noodles,3,95.0,0.0,285.0
T2025000385,2025-11-28,11:52:00,P0096,Daerim  Vienna Sausage 170g,Food Frozen,2,145.0,0.0,290.0
T2025000385,2025-11-28,11:52:00,P0166,Samyang Buldak Original,Noodles,2,88.0,0.0,176.0
T2025000385,2025-11-28,11:52:00,P0186,Ottogi Chachelin Blackbean 145g,Noodles,2,60.0,0.0,120.0
T2025000386,2025-11-28,15:27:00,P0125,Jinro Fresh Soju,Liquor/Beverage,1,170.0,0.15,144.5
T2025000386,2025-11-28,15:27:00,P0160,Paldo Wang Cup Kimchi,Noodles,2,90.0,0.0,180.0
T2025000386,2025-11-28,15:27:00,P0174,Ottogi Cheese Bokki Cup,Noodles,3,75.0,0.0,225.0
T2025000386,2025-11-28,15:27:00,P0166,Samyang Buldak Original,Noodles,1,88.0,0.0,88.0
T2025000387,2025-11-28,20:34:00,P0292,Orion Goraebab Crackers,Snacks,2,75.0,0.0,150.0
T2025000387,2025-11-28,20:34:00,P0296,Lotte Cereal Choco,Snacks,4,55.0,0.0,220.0
T2025000387,2025-11-28,20:34:00,P0068,Enoki Mushroom 150G 2Packs,Food Fresh/Meat/Sidedish,1,120.0,0.0,120.0
T2025000388,2025-11-28,21:01:00,P0202,Nongshim Ansung Tangmen,Noodles,5,50.0,0.0,250.0
T2025000388,2025-11-28,21:01:00,P0259,Nongshim Sengseng U-Dong,Snacks,2,125.0,0.0,250.0
T2025000388,2025-11-28,21:01:00,P0003,Sempio Sesame Oil,Condiments,2,185.0,0.0,370.0
T2025000388,2025-11-28,21:01:00,P0300,Can Choco Balls,Snacks,4,45.0,0.0,180.0
T2025000388,2025-11-28,21:01:00,P0027,Yopokki Cheese 240g,Dry Food,1,145.0,0.0,145.0
T2025000389,2025-11-28,21:42:00,P0007,Samyang Spicy Mayo,Condiments,2,130.0,0.0,260.0
T2025000389,2025-11-28,21:42:00,P0133,Sunhari Blueberry 360mL,Liquor/Beverage,2,120.0,0.0,240.0
T2025000389,2025-11-28,21:42:00,P0287,Nongshim Banana Kick 75g,Snacks,2,80.0,0.0,160.0
T2025000389,2025-11-28,21:42:00,P0275,Haitai Sweet Potato Snack,Snacks,3,95.0,0.0,285.0
T2025000389,2025-11-28,21:42:00,P0295,Pepero Almond,Snacks,2,55.0,0.0,110.0
T2025000390,2025-11-28,19:00:00,P0181,Paldo Bibim Cold Noodles,Noodles,1,65.0,0.0,65.0
T2025000390,2025-11-28,19:00:00,P0197,Nongshim Seafood Ramyun,Noodles,3,52.0,0.15,132.6
T2025000390,2025-11-28,19:00:00,P0267,Lotte Pepero White Cookie,Snacks,2,110.0,0.0,220.0
T2025000390,2025-11-28,19:00:00,P0027,Yopokki Cheese 240g,Dry Food,2,145.0,0.1,261.0
T2025000390,2025-11-28,19:00:00,P0253,Orion Market O Brownie,Snacks,1,170.0,0.15,144.5
T2025000391,2025-11-28,12:11:00,P0114,Banana Milk 200mL 6Pcs,Liquor/Beverage,1,290.0,0.0,290.0
T2025000392,2025-11-28,19:02:00,P0153,Samyang Buldak Cheese Cup,Noodles,2,110.0,0.15,187.0
T2025000392,2025-11-28,19:02:00,P0093,Bibigo Kimchi Fried Rice,Food Frozen,2,190.0,0.0,380.0
T2025000393,2025-11-28,17:14:00,P0187,Paldo Bibim Men,Noodles,2,60.0,0.0,120.0
T2025000393,2025-11-28,17:14:00,P0174,Ottogi Cheese Bokki Cup,Noodles,3,75.0,0.0,225.0
T2025000393,2025-11-28,17:14:00,P0210,2Mins Snack Men,Noodles,5,40.0,0.0,200.0
T2025000393,2025-11-28,17:14:00,P0041,CJ Hetbahn Multi-Grain Rice,Dry Food,1,95.0,0.0,95.0
T2025000394,2025-11-28,19:07:00,P0122,Chamisul Original Soju,Liquor/Beverage,2,175.0,0.0,350.0
T2025000394,2025-11-28,19:07:00,P0296,Lotte Cereal Choco,Snacks,2,55.0,0.0,110.0
T2025000394,2025-11-28,19:07:00,P0267,Lotte Pepero White Cookie,Snacks,3,110.0,0.0,330.0
T2025000394,2025-11-28,19:07:00,P0256,Orion Custard Cake,Snacks,2,130.0,0.0,260.0
T2025000395,2025-11-28,20:39:00,P0144,Nongshim Welchs Strawberry 355mL,Liquor/Beverage,1,60.0,0.0,60.0
T2025000396,2025-11-28,18:32:00,P0289,Crown Corn Chips,Snacks,3,80.0,0.0,240.0
T2025000396,2025-11-28,18:32:00,P0008,Ottogi Corn Syrup,Condiments,2,98.0,0.0,196.0
T2025000396,2025-11-28,18:32:00,P0037,Ottogi Cup Spaghetti,Dry Food,3,110.0,0.0,330.0
T2025000396,2025-11-28,18:32:00,P0299,Lotte Xylitol Green Gum,Snacks,3,55.0,0.0,165.0
T2025000396,2025-11-28,18:32:00,P0150,Samyang Buldak Rosã Ramen 105g,Noodles,2,110.0,0.0,220.0
T2025000397,2025-11-28,20:35:00,P0122,Chamisul Original Soju,Liquor/Beverage,1,175.0,0.0,175.0
T2025000397,2025-11-28,20:35:00,P0285,Corn Choco,Snacks,3,80.0,0.0,240.0
T2025000397,2025-11-28,20:35:00,P0299,Lotte Xylitol Green Gum,Snacks,1,55.0,0.0,55.0
T2025000397,2025-11-28,20:35:00,P0048,Dongwon Light Tuna,Dry Food,3,75.0,0.0,225.0
T2025000398,2025-11-28,20:25:00,P0244,Wasabi Almond 190g,Snacks,1,440.0,0.15,374.0
T2025000398,2025-11-28,20:25:00,P0295,Pepero Almond,Snacks,2,55.0,0.0,110.0
T2025000398,2025-11-28,20:25:00,P0204,Ottogi Cup Ramen Kimchi,Noodles,3,50.0,0.0,150.0
T2025000398,2025-11-28,20:25:00,P0018,(Kaya) Korean Rice 1.5Kg,Dry Food,2,190.0,0.0,380.0
T2025000398,2025-11-28,20:25:00,P0094,MWC Frank Sausage 5Pcs,Food Frozen,2,173.0,0.0,346.0
T2025000399,2025-11-28,19:39:00,P0125,Jinro Fresh Soju,Liquor/Beverage,1,170.0,0.0,170.0
T2025000399,2025-11-28,19:39:00,P0245,Honey Butter Almond 190g,Snacks,1,420.0,0.0,420.0
T2025000399,2025-11-28,19:39:00,P0250,Haitai Honey Butter Almonds,Snacks,1,190.0,0.0,190.0
T2025000399,2025-11-28,19:39:00,P0285,Corn Choco,Snacks,1,80.0,0.0,80.0
T2025000399,2025-11-28,19:39:00,P0048,Dongwon Light Tuna,Dry Food,3,75.0,0.0,225.0
T2025000400,2025-11-28,15:44:00,P0270,Samlip Custard Cream Cake,Snacks,3,105.0,0.0,315.0
T2025000400,2025-11-28,15:44:00,P0295,Pepero Almond,Snacks,5,55.0,0.0,275.0
T2025000400,2025-11-28,15:44:00,P0208,Ottogi Jin Ramen Mild,Noodles,5,40.0,0.0,200.0
T2025000400,2025-11-28,15:44:00,P0114,Banana Milk 200mL 6Pcs,Liquor/Beverage,1,290.0,0.0,290.0
T2025000400,2025-11-28,15:44:00,P0202,Nongshim Ansung Tangmen,Noodles,4,50.0,0.0,200.0
T2025000401,2025-11-28,17:29:00,P0176,Ottogi Cheese Bokki Cup,Noodles,3,72.0,0.0,216.0
T2025000401,2025-11-28,17:29:00,P0174,Ottogi Cheese Bokki Cup,Noodles,3,75.0,0.0,225.0
T2025000401,2025-11-28,17:29:00,P0150,Samyang Buldak Rosã Ramen 105g,Noodles,1,110.0,0.1,99.0
T2025000402,2025-11-28,18:59:00,P0135,KSD Peach Rice Wine 750mL,Liquor/Beverage,1,105.0,0.15,89.25
T2025000402,2025-11-28,18:59:00,P0295,Pepero Almond,Snacks,5,55.0,0.0,275.0
T2025000402,2025-11-28,18:59:00,P0254,Honey Roasted Peanuts,Snacks,2,165.0,0.0,330.0
T2025000402,2025-11-28,18:59:00,P0299,Lotte Xylitol Green Gum,Snacks,3,55.0,0.0,165.0
T2025000402,2025-11-28,18:59:00,P0198,Paldo Koreno Beef Noodle 100g,Noodles,2,50.0,0.0,100.0
T2025000403,2025-11-28,13:41:00,P0281,Haitai Ace Crackers,Snacks,3,85.0,0.1,229.5
T2025000403,2025-11-28,13:41:00,P0295,Pepero Almond,Snacks,2,55.0,0.0,110.0
T2025000403,2025-11-28,13:41:00,P0294,Pepero Strawberry,Snacks,3,55.0,0.0,165.0
T2025000403,2025-11-28,13:41:00,P0236,CJ  Soybean Paste 500g,Seasoned/Sauce/Powder,1,123.0,0.0,123.0
T2025000404,2025-11-28,13:17:00,P0193,Paldo Gomtang Ramen,Noodles,4,56.0,0.1,201.6
T2025000404,2025-11-28,13:17:00,P0158,Nongshim Shin Ramen Black,Noodles,3,92.0,0.0,276.0
T2025000404,2025-11-28,13:17:00,P0138,Kirin Ichiban Beer 330mL,Liquor/Beverage,2,68.0,0.0,136.0
T2025000404,2025-11-28,13:17:00,P0028,CJ Bibigo Seaweed Soup,Dry Food,2,140.0,0.0,280.0
T2025000404,2025-11-28,13:17:00,P0277,Orion Turtle Chips Sweet Corn,Snacks,3,89.0,0.0,267.0
T2025000405,2025-11-28,19:14:00,P0279,Orion O! Karto Sweet Corn,Snacks,1,88.0,0.0,88.0
T2025000405,2025-11-28,19:14:00,P0199,Paldo Koreno Shrimp Noodle,Noodles,2,50.0,0.0,100.0
T2025000405,2025-11-28,19:14:00,P0044,Ottogi Vegetable Soup 80g,Dry Food,3,90.0,0.0,270.0
T2025000406,2025-11-28,19:08:00,P0130,Sunhari Apple 360mL,Liquor/Beverage,2,120.0,0.05,228.0
T2025000406,2025-11-28,19:08:00,P0260,Binch Biscuit,Snacks,1,120.0,0.0,120.0
T2025000407,2025-11-28,19:52:00,P0184,Nongshim Baehongdong Bibimyeon 137g,Noodles,2,61.0,0.0,122.0
T2025000407,2025-11-28,19:52:00,P0029,CJ Beksul Pancake Flour,Dry Food,1,125.0,0.0,125.0
T2025000407,2025-11-28,19:52:00,P0210,2Mins Snack Men,Noodles,3,40.0,0.0,120.0
T2025000407,2025-11-28,19:52:00,P0295,Pepero Almond,Snacks,2,55.0,0.0,110.0
T2025000407,2025-11-28,19:52:00,P0277,Orion Turtle Chips Sweet Corn,Snacks,3,89.0,0.0,267.0
T2025000408,2025-11-28,15:41:00,P0279,Orion O! Karto Sweet Corn,Snacks,2,88.0,0.0,176.0
T2025000408,2025-11-28,15:41:00,P0182,Paldo Ilpoom Jjajang,Noodles,3,65.0,0.0,195.0
T2025000408,2025-11-28,15:41:00,P0189,Ottogi Bodle Cheese Ramen,Noodles,4,60.0,0.0,240.0
T2025000408,2025-11-28,15:41:00,P0184,Nongshim Baehongdong Bibimyeon 137g,Noodles,3,61.0,0.0,183.0
T2025000409,2025-11-28,15:59:00,P0125,Jinro Fresh Soju,Liquor/Beverage,2,170.0,0.0,340.0
T2025000409,2025-11-28,15:59:00,P0181,Paldo Bibim Cold Noodles,Noodles,1,65.0,0.0,65.0
T2025000409,2025-11-28,15:59:00,P0199,Paldo Koreno Shrimp Noodle,Noodles,5,50.0,0.0,250.0
T2025000409,2025-11-28,15:59:00,P0040,Ottogi Sweet Corn 340g,Dry Food,2,95.0,0.0,190.0
T2025000410,2025-11-28,10:08:00,P0124,Terra Lager Beer 500mL,Liquor/Beverage,2,170.0,0.0,340.0
T2025000410,2025-11-28,10:08:00,P0296,Lotte Cereal Choco,Snacks,1,55.0,0.0,55.0
T2025000410,2025-11-28,10:08:00,P0273,Haitai  Plumcandy 130g,Snacks,3,95.0,0.0,285.0
T2025000410,2025-11-28,10:08:00,P0250,Haitai Honey Butter Almonds,Snacks,1,190.0,0.0,190.0
T2025000410,2025-11-28,10:08:00,P0104,Pepero Original,Food Frozen,2,55.0,0.0,110.0
T2025000411,2025-11-28,19:45:00,P0114,Banana Milk 200mL 6Pcs,Liquor/Beverage,1,290.0,0.1,261.0
T2025000411,2025-11-28,19:45:00,P0274,Haitai Matdongsan,Snacks,1,95.0,0.0,95.0
T2025000411,2025-11-28,19:45:00,P0211,Ottogi Jin Ramen Hot,Noodles,5,40.0,0.15,170.0
T2025000412,2025-11-28,08:59:00,P0130,Sunhari Apple 360mL,Liquor/Beverage,2,120.0,0.0,240.0
T2025000412,2025-11-28,08:59:00,P0296,Lotte Cereal Choco,Snacks,3,55.0,0.0,165.0
T2025000412,2025-11-28,08:59:00,P0275,Haitai Sweet Potato Snack,Snacks,3,95.0,0.0,285.0
T2025000412,2025-11-28,08:59:00,P0006,Chung Jung One Soy Sauce,Condiments,2,140.0,0.0,280.0
T2025000413,2025-11-28,20:50:00,P0166,Samyang Buldak Original,Noodles,2,88.0,0.0,176.0
T2025000413,2025-11-28,20:50:00,P0182,Paldo Ilpoom Jjajang,Noodles,1,65.0,0.0,65.0
T2025000413,2025-11-28,20:50:00,P0207,Ottogi Yeul Ramen 120g,Noodles,2,40.0,0.05,76.0
T2025000414,2025-11-28,14:30:00,P0190,Nongshim Tempura Udon Cup,Noodles,2,60.0,0.0,120.0
T2025000414,2025-11-28,14:30:00,P0104,Pepero Original,Food Frozen,5,55.0,0.0,275.0
T2025000415,2025-11-28,21:22:00,P0273,Haitai  Plumcandy 130g,Snacks,3,95.0,0.0,285.0
T2025000415,2025-11-28,21:22:00,P0179,Ottogi Ramen Bokki Cup,Noodles,4,69.0,0.0,276.0
T2025000415,2025-11-28,21:22:00,P0196,Paldo Cheese Ramen,Noodles,3,55.0,0.0,165.0
T2025000415,2025-11-28,21:22:00,P0164,Samyang Buldak 4 Cheese 145g,Noodles,3,88.0,0.0,264.0
T2025000416,2025-11-28,11:31:00,P0062,Dried Anchovy Small 100g,Food Fresh/Meat/Sidedish,2,240.0,0.0,480.0
T2025000416,2025-11-28,11:31:00,P0245,Honey Butter Almond 190g,Snacks,1,420.0,0.0,420.0
T2025000416,2025-11-28,11:31:00,P0188,Nagasaki Jjampong,Noodles,4,60.0,0.0,240.0
T2025000416,2025-11-28,11:31:00,P0172,Ottogi Jin Hot Big Cup,Noodles,3,75.0,0.0,225.0
T2025000416,2025-11-28,11:31:00,P0206,Nongshim Chapagetti,Noodles,4,45.0,0.0,180.0
T2025000417,2025-11-28,16:21:00,P0138,Kirin Ichiban Beer 330mL,Liquor/Beverage,5,68.0,0.0,340.0
T2025000417,2025-11-28,16:21:00,P0260,Binch Biscuit,Snacks,1,120.0,0.0,120.0
T2025000417,2025-11-28,16:21:00,P0211,Ottogi Jin Ramen Hot,Noodles,5,40.0,0.0,200.0
T2025000417,2025-11-28,16:21:00,P0280,Nongshim Potato Sticks,Snacks,3,85.0,0.0,255.0
T2025000417,2025-11-28,16:21:00,P0274,Haitai Matdongsan,Snacks,1,95.0,0.0,95.0
T2025000418,2025-11-28,21:33:00,P0125,Jinro Fresh Soju,Liquor/Beverage,2,170.0,0.0,340.0
T2025000418,2025-11-28,21:33:00,P0245,Honey Butter Almond 190g,Snacks,1,420.0,0.15,357.0
T2025000418,2025-11-28,21:33:00,P0249,Lotte Chocopie 12Pcs,Snacks,1,200.0,0.0,200.0
T2025000418,2025-11-28,21:33:00,P0217,Ottogi Roasted Sesame Seeds 200g,Seasoned/Sauce/Powder,2,255.0,0.0,510.0
T2025000418,2025-11-28,21:33:00,P0104,Pepero Original,Food Frozen,2,55.0,0.0,110.0
T2025000419,2025-11-28,18:21:00,P0271,Orion Choco Chip Cookies,Snacks,1,100.0,0.0,100.0
T2025000419,2025-11-28,18:21:00,P0285,Corn Choco,Snacks,2,80.0,0.0,160.0
T2025000419,2025-11-28,18:21:00,P0296,Lotte Cereal Choco,Snacks,4,55.0,0.1,198.0
T2025000420,2025-11-28,11:12:00,P0297,Pepero Choco Filled,Snacks,1,55.0,0.0,55.0
T2025000420,2025-11-28,11:12:00,P0296,Lotte Cereal Choco,Snacks,2,55.0,0.0,110.0
T2025000420,2025-11-28,11:12:00,P0211,Ottogi Jin Ramen Hot,Noodles,2,40.0,0.0,80.0
T2025000420,2025-11-28,11:12:00,P0175,Samyang Jjajang Hot Chicken,Noodles,2,75.0,0.0,150.0
T2025000421,2025-11-28,19:18:00,P0138,Kirin Ichiban Beer 330mL,Liquor/Beverage,1,68.0,0.0,68.0
T2025000421,2025-11-28,19:18:00,P0171,Tempura Udon Big Cup,Noodles,2,75.0,0.0,150.0
T2025000421,2025-11-28,19:18:00,P0004,O'Food Korean Chili Oil,Condiments,2,160.0,0.0,320.0
T2025000422,2025-11-28,15:43:00,P0144,Nongshim Welchs Strawberry 355mL,Liquor/Beverage,5,60.0,0.0,300.0
T2025000422,2025-11-28,15:43:00,P0280,Nongshim Potato Sticks,Snacks,2,85.0,0.0,170.0
T2025000422,2025-11-28,15:43:00,P0260,Binch Biscuit,Snacks,2,120.0,0.0,240.0
T2025000422,2025-11-28,15:43:00,P0256,Orion Custard Cake,Snacks,2,130.0,0.0,260.0
T2025000423,2025-11-28,17:16:00,P0166,Samyang Buldak Original,Noodles,3,88.0,0.0,264.0
T2025000423,2025-11-28,17:16:00,P0152,Samyang Buldak Original Cup,Noodles,1,110.0,0.0,110.0
T2025000423,2025-11-28,17:16:00,P0190,Nongshim Tempura Udon Cup,Noodles,4,60.0,0.0,240.0
T2025000424,2025-11-28,13:34:00,P0118,Brown Rice Green Tea 50Pcs,Liquor/Beverage,1,257.0,0.0,257.0
T2025000424,2025-11-28,13:34:00,P0295,Pepero Almond,Snacks,1,55.0,0.0,55.0
T2025000424,2025-11-28,13:34:00,P0281,Haitai Ace Crackers,Snacks,2,85.0,0.0,170.0
T2025000425,2025-11-28,16:28:00,P0149,Binggrae Mango Milk,Liquor/Beverage,3,45.0,0.0,135.0
T2025000425,2025-11-28,16:28:00,P0041,CJ Hetbahn Multi-Grain Rice,Dry Food,1,95.0,0.05,90.25
T2025000426,2025-11-28,13:13:00,P0122,Chamisul Original Soju,Liquor/Beverage,2,175.0,0.0,350.0
T2025000426,2025-11-28,13:13:00,P0008,Ottogi Corn Syrup,Condiments,1,98.0,0.0,98.0
T2025000426,2025-11-28,13:13:00,P0295,Pepero Almond,Snacks,1,55.0,0.1,49.5
T2025000427,2025-11-28,21:08:00,P0122,Chamisul Original Soju,Liquor/Beverage,2,175.0,0.0,350.0
T2025000427,2025-11-28,21:08:00,P0201,Sewoo Tang Small Cup,Noodles,4,50.0,0.0,200.0
T2025000427,2025-11-28,21:08:00,P0187,Paldo Bibim Men,Noodles,4,60.0,0.0,240.0
T2025000427,2025-11-28,21:08:00,P0169,Samyang Buldak Stew Type 145g,Noodles,1,80.0,0.0,80.0
T2025000428,2025-11-28,10:16:00,P0148,Binggrae Strawberry Milk,Liquor/Beverage,4,45.0,0.0,180.0
T2025000429,2025-11-28,18:31:00,P0140,Woongjin Yogurt Peach 340mL,Liquor/Beverage,3,60.0,0.0,180.0
T2025000429,2025-11-28,18:31:00,P0166,Samyang Buldak Original,Noodles,1,88.0,0.0,88.0
T2025000429,2025-11-28,18:31:00,P0193,Paldo Gomtang Ramen,Noodles,4,56.0,0.0,224.0
T2025000430,2025-11-28,12:33:00,P0122,Chamisul Original Soju,Liquor/Beverage,2,175.0,0.0,350.0
T2025000430,2025-11-28,12:33:00,P0299,Lotte Xylitol Green Gum,Snacks,5,55.0,0.0,275.0
T2025000430,2025-11-28,12:33:00,P0296,Lotte Cereal Choco,Snacks,4,55.0,0.0,220.0
T2025000430,2025-11-28,12:33:00,P0208,Ottogi Jin Ramen Mild,Noodles,2,40.0,0.0,80.0
T2025000430,2025-11-28,12:33:00,P0182,Paldo Ilpoom Jjajang,Noodles,4,65.0,0.0,260.0
T2025000431,2025-11-28,18:38:00,P0124,Terra Lager Beer 500mL,Liquor/Beverage,2,170.0,0.0,340.0
T2025000431,2025-11-28,18:38:00,P0296,Lotte Cereal Choco,Snacks,1,55.0,0.0,55.0
T2025000431,2025-11-28,18:38:00,P0294,Pepero Strawberry,Snacks,2,55.0,0.0,110.0
T2025000431,2025-11-28,18:38:00,P0166,Samyang Buldak Original,Noodles,3,88.0,0.0,264.0
T2025000431,2025-11-28,18:38:00,P0202,Nongshim Ansung Tangmen,Noodles,1,50.0,0.0,50.0
T2025000432,2025-11-28,18:28:00,P0146,Binggrae Yogurt Drink,Liquor/Beverage,1,55.0,0.05,52.25
T2025000432,2025-11-28,18:28:00,P0298,Pepero White Cookie,Snacks,4,55.0,0.0,220.0
T2025000432,2025-11-28,18:28:00,P0296,Lotte Cereal Choco,Snacks,2,55.0,0.0,110.0
T2025000432,2025-11-28,18:28:00,P0273,Haitai  Plumcandy 130g,Snacks,2,95.0,0.0,190.0
T2025000432,2025-11-28,18:28:00,P0196,Paldo Cheese Ramen,Noodles,5,55.0,0.0,275.0
T2025000433,2025-11-28,19:36:00,P0148,Binggrae Strawberry Milk,Liquor/Beverage,2,45.0,0.0,90.0
T2025000433,2025-11-28,19:36:00,P0282,Orion Choco Boy,Snacks,1,85.0,0.0,85.0
T2025000433,2025-11-28,19:36:00,P0296,Lotte Cereal Choco,Snacks,4,55.0,0.0,220.0
T2025000433,2025-11-28,19:36:00,P0166,Samyang Buldak Original,Noodles,2,88.0,0.0,176.0
T2025000433,2025-11-28,19:36:00,P0003,Sempio Sesame Oil,Condiments,1,185.0,0.0,185.0
T2025000434,2025-11-28,19:16:00,P0141,Woongjin Yogurt Apple 340mL,Liquor/Beverage,5,60.0,0.0,300.0
T2025000434,2025-11-28,19:16:00,P0210,2Mins Snack Men,Noodles,1,40.0,0.0,40.0
T2025000434,2025-11-28,19:16:00,P0205,Ottogi Yeul Ramen,Noodles,1,48.0,0.15,40.8
T2025000434,2025-11-28,19:16:00,P0020,CJ Beksul Hotteok Mix,Dry Food,1,185.0,0.0,185.0
T2025000434,2025-11-28,19:16:00,P0231,O'Food Bulgogi Marinade,Seasoned/Sauce/Powder,2,145.0,0.0,290.0
T2025000435,2025-11-28,19:46:00,P0183,Samyang Kimchi Ramen Bowl,Noodles,1,65.0,0.0,65.0
T2025000435,2025-11-28,19:46:00,P0115,Strawberry Milk 200mL 6Pcs,Liquor/Beverage,1,290.0,0.0,290.0
T2025000435,2025-11-28,19:46:00,P0297,Pepero Choco Filled,Snacks,3,55.0,0.0,165.0
T2025000435,2025-11-28,19:46:00,P0211,Ottogi Jin Ramen Hot,Noodles,5,40.0,0.0,200.0
T2025000435,2025-11-28,19:46:00,P0292,Orion Goraebab Crackers,Snacks,3,75.0,0.0,225.0
T2025000436,2025-11-28,13:19:00,P0008,Ottogi Corn Syrup,Condiments,2,98.0,0.0,196.0
T2025000437,2025-11-28,18:23:00,P0300,Can Choco Balls,Snacks,3,45.0,0.0,135.0
T2025000437,2025-11-28,18:23:00,P0264,Lotte Ghana Dark Chocolate,Snacks,3,115.0,0.0,345.0
T2025000437,2025-11-28,18:23:00,P0245,Honey Butter Almond 190g,Snacks,1,420.0,0.0,420.0
T2025000437,2025-11-28,18:23:00,P0039,Ottogi 3Mins Curry,Dry Food,3,99.0,0.0,297.0
T2025000438,2025-11-28,17:01:00,P0276,Orion Sun Chips Korean BBQ,Snacks,3,90.0,0.0,270.0
T2025000438,2025-11-28,17:01:00,P0065,Sempio Spicy Stir-Fried Dried Squid,Food Fresh/Meat/Sidedish,2,175.0,0.0,350.0
T2025000438,2025-11-28,17:01:00,P0035,CJ  Multi-Grains Cooked Rice 210g,Dry Food,1,110.0,0.0,110.0
T2025000438,2025-11-28,17:01:00,P0178,Samyang Mala Buldak,Noodles,1,70.0,0.15,59.5
T2025000438,2025-11-28,17:01:00,P0104,Pepero Original,Food Frozen,5,55.0,0.0,275.0
T2025000439,2025-11-28,11:03:00,P0279,Orion O! Karto Sweet Corn,Snacks,3,88.0,0.0,264.0
T2025000439,2025-11-28,11:03:00,P0206,Nongshim Chapagetti,Noodles,4,45.0,0.0,180.0
T2025000439,2025-11-28,11:03:00,P0111,Maxim Kanu Ice Latte 10 Sticks,Liquor/Beverage,1,360.0,0.0,360.0
T2025000439,2025-11-28,11:03:00,P0290,Doritos Galbi Chicken,Snacks,2,77.0,0.0,154.0
T2025000439,2025-11-28,11:03:00,P0007,Samyang Spicy Mayo,Condiments,2,130.0,0.0,260.0
T2025000440,2025-11-28,21:09:00,P0125,Jinro Fresh Soju,Liquor/Beverage,1,170.0,0.0,170.0
T2025000440,2025-11-28,21:09:00,P0273,Haitai  Plumcandy 130g,Snacks,3,95.0,0.0,285.0
T2025000440,2025-11-28,21:09:00,P0023,Dongwon  Luncheon Meat 340g,Dry Food,1,155.0,0.0,155.0
T2025000440,2025-11-28,21:09:00,P0238,Ottogi Curry Mild,Seasoned/Sauce/Powder,3,115.0,0.0,345.0
T2025000440,2025-11-28,21:09:00,P0187,Paldo Bibim Men,Noodles,4,60.0,0.0,240.0
T2025000441,2025-11-28,10:44:00,P0245,Honey Butter Almond 190g,Snacks,1,420.0,0.0,420.0
T2025000441,2025-11-28,10:44:00,P0255,Bibigo Crispy Seaweed Snack,Snacks,2,140.0,0.0,280.0
T2025000441,2025-11-28,10:44:00,P0155,Nongshim Dungji Mul Nengmyeon (Cold Noodle),Noodles,2,95.0,0.0,190.0
T2025000441,2025-11-28,10:44:00,P0206,Nongshim Chapagetti,Noodles,1,45.0,0.0,45.0
T2025000441,2025-11-28,10:44:00,P0008,Ottogi Corn Syrup,Condiments,3,98.0,0.0,294.0
T2025000442,2025-11-28,12:45:00,P0166,Samyang Buldak Original,Noodles,3,88.0,0.0,264.0
T2025000442,2025-11-28,12:45:00,P0211,Ottogi Jin Ramen Hot,Noodles,4,40.0,0.0,160.0
T2025000442,2025-11-28,12:45:00,P0197,Nongshim Seafood Ramyun,Noodles,2,52.0,0.0,104.0
T2025000442,2025-11-28,12:45:00,P0042,CJ Hetbahn Brown Rice,Dry Food,1,95.0,0.0,95.0
T2025000442,2025-11-28,12:45:00,P0233,O'Food Korean Fried Chicken Sauce,Seasoned/Sauce/Powder,1,135.0,0.0,135.0
T2025000443,2025-11-28,11:09:00,P0122,Chamisul Original Soju,Liquor/Beverage,2,175.0,0.0,350.0
T2025000443,2025-11-28,11:09:00,P0293,Lotte Sand Biscuit,Snacks,2,75.0,0.0,150.0
T2025000443,2025-11-28,11:09:00,P0267,Lotte Pepero White Cookie,Snacks,3,110.0,0.0,330.0
T2025000443,2025-11-28,11:09:00,P0166,Samyang Buldak Original,Noodles,3,88.0,0.0,264.0
T2025000443,2025-11-28,11:09:00,P0003,Sempio Sesame Oil,Condiments,1,185.0,0.0,185.0
T2025000444,2025-11-28,18:46:00,P0114,Banana Milk 200mL 6Pcs,Liquor/Beverage,1,290.0,0.0,290.0
T2025000444,2025-11-28,18:46:00,P0273,Haitai  Plumcandy 130g,Snacks,2,95.0,0.0,190.0
T2025000444,2025-11-28,18:46:00,P0245,Honey Butter Almond 190g,Snacks,1,420.0,0.0,420.0
T2025000444,2025-11-28,18:46:00,P0080,Samyang Buldak Original Spicy Mandu 700g,Food Frozen,1,410.0,0.0,410.0
T2025000445,2025-11-28,17:19:00,P0294,Pepero Strawberry,Snacks,3,55.0,0.0,165.0
T2025000445,2025-11-28,17:19:00,P0185,Nongshim Shin Non-Frying Ramen 97g,Noodles,5,60.0,0.0,300.0
T2025000445,2025-11-28,17:19:00,P0178,Samyang Mala Buldak,Noodles,2,70.0,0.0,140.0
T2025000445,2025-11-28,17:19:00,P0143,Nongshim Welchs Grape 355mL,Liquor/Beverage,3,60.0,0.0,180.0
T2025000445,2025-11-28,17:19:00,P0034,CJ  Cooked Rice,Dry Food,2,116.0,0.0,232.0
T2025000446,2025-11-28,17:03:00,P0292,Orion Goraebab Crackers,Snacks,3,75.0,0.05,213.75
T2025000446,2025-11-28,17:03:00,P0144,Nongshim Welchs Strawberry 355mL,Liquor/Beverage,3,60.0,0.0,180.0
T2025000446,2025-11-28,17:03:00,P0296,Lotte Cereal Choco,Snacks,1,55.0,0.0,55.0
T2025000446,2025-11-28,17:03:00,P0210,2Mins Snack Men,Noodles,2,40.0,0.0,80.0
T2025000446,2025-11-28,17:03:00,P0030,Yopokki Onion Butter 120g Cup,Dry Food,1,120.0,0.0,120.0
T2025000447,2025-11-28,18:03:00,P0122,Chamisul Original Soju,Liquor/Beverage,1,175.0,0.0,175.0
T2025000447,2025-11-28,18:03:00,P0295,Pepero Almond,Snacks,2,55.0,0.0,110.0
T2025000447,2025-11-28,18:03:00,P0292,Orion Goraebab Crackers,Snacks,2,75.0,0.0,150.0
T2025000447,2025-11-28,18:03:00,P0020,CJ Beksul Hotteok Mix,Dry Food,2,185.0,0.0,370.0
T2025000448,2025-11-28,18:17:00,P0122,Chamisul Original Soju,Liquor/Beverage,1,175.0,0.0,175.0
T2025000448,2025-11-28,18:17:00,P0272,Haitai  Sunkist Candy 125g,Snacks,1,95.0,0.0,95.0
T2025000448,2025-11-28,18:17:00,P0295,Pepero Almond,Snacks,1,55.0,0.0,55.0
T2025000448,2025-11-28,18:17:00,P0270,Samlip Custard Cream Cake,Snacks,3,105.0,0.0,315.0
T2025000448,2025-11-28,18:17:00,P0027,Yopokki Cheese 240g,Dry Food,2,145.0,0.0,290.0
T2025000449,2025-11-28,11:29:00,P0228,Sempio Gochujang (500g),Seasoned/Sauce/Powder,1,145.0,0.0,145.0
T2025000449,2025-11-28,11:29:00,P0258,Orion Custard Choco Cake,Snacks,1,130.0,0.0,130.0
T2025000449,2025-11-28,11:29:00,P0151,Samyang Buldak 4 Cheese Ramen 110g,Noodles,2,110.0,0.0,220.0
T2025000449,2025-11-28,11:29:00,P0292,Orion Goraebab Crackers,Snacks,3,75.0,0.05,213.75
T2025000449,2025-11-28,11:29:00,P0295,Pepero Almond,Snacks,1,55.0,0.0,55.0
T2025000450,2025-11-28,12:37:00,P0144,Nongshim Welchs Strawberry 355mL,Liquor/Beverage,3,60.0,0.0,180.0
T2025000450,2025-11-28,12:37:00,P0263,Samlip Honey Castella,Snacks,1,120.0,0.0,120.0
T2025000450,2025-11-28,12:37:00,P0034,CJ  Cooked Rice,Dry Food,2,116.0,0.05,220.4
T2025000451,2025-11-28,13:05:00,P0114,Banana Milk 200mL 6Pcs,Liquor/Beverage,2,290.0,0.0,580.0
T2025000451,2025-11-28,13:05:00,P0274,Haitai Matdongsan,Snacks,1,95.0,0.0,95.0
T2025000451,2025-11-28,13:05:00,P0294,Pepero Strawberry,Snacks,1,55.0,0.0,55.0
T2025000451,2025-11-28,13:05:00,P0181,Paldo Bibim Cold Noodles,Noodles,2,65.0,0.0,130.0
T2025000451,2025-11-28,13:05:00,P0008,Ottogi Corn Syrup,Condiments,2,98.0,0.0,196.0
T2025000452,2025-11-28,11:39:00,P0115,Strawberry Milk 200mL 6Pcs,Liquor/Beverage,1,290.0,0.0,290.0
T2025000452,2025-11-28,11:39:00,P0186,Ottogi Chachelin Blackbean 145g,Noodles,1,60.0,0.0,60.0
T2025000452,2025-11-28,11:39:00,P0183,Samyang Kimchi Ramen Bowl,Noodles,1,65.0,0.0,65.0
T2025000452,2025-11-28,11:39:00,P0012,Ottogi Glass Noodle 1Kg,Dry Food,1,300.0,0.0,300.0
T2025000452,2025-11-28,11:39:00,P0008,Ottogi Corn Syrup,Condiments,3,98.0,0.0,294.0
T2025000453,2025-11-28,13:39:00,P0235,O'Food Kimchi Base Sauce,Seasoned/Sauce/Powder,1,130.0,0.0,130.0
T2025000453,2025-11-28,13:39:00,P0156,Nongshim Ramyun King Bowl,Noodles,3,95.0,0.0,285.0
T2025000453,2025-11-28,13:39:00,P0259,Nongshim Sengseng U-Dong,Snacks,2,125.0,0.0,250.0
T2025000453,2025-11-28,13:39:00,P0266,Bibigo Seaweed Crisps,Snacks,3,110.0,0.0,330.0
T2025000453,2025-11-28,13:39:00,P0171,Tempura Udon Big Cup,Noodles,3,75.0,0.05,213.75
T2025000454,2025-11-28,11:34:00,P0211,Ottogi Jin Ramen Hot,Noodles,4,40.0,0.0,160.0
T2025000454,2025-11-28,11:34:00,P0232,O'Food Tofu Stew Base,Seasoned/Sauce/Powder,2,135.0,0.0,270.0
T2025000455,2025-11-28,17:22:00,P0178,Samyang Mala Buldak,Noodles,5,70.0,0.0,350.0
T2025000455,2025-11-28,17:22:00,P0150,Samyang Buldak Rosã Ramen 105g,Noodles,1,110.0,0.1,99.0
T2025000455,2025-11-28,17:22:00,P0267,Lotte Pepero White Cookie,Snacks,1,110.0,0.05,104.5
T2025000455,2025-11-28,17:22:00,P0006,Chung Jung One Soy Sauce,Condiments,1,140.0,0.05,133.0
T2025000455,2025-11-28,17:22:00,P0244,Wasabi Almond 190g,Snacks,1,440.0,0.0,440.0
T2025000456,2025-11-28,13:51:00,P0114,Banana Milk 200mL 6Pcs,Liquor/Beverage,2,290.0,0.0,580.0
T2025000456,2025-11-28,13:51:00,P0008,Ottogi Corn Syrup,Condiments,2,98.0,0.0,196.0
T2025000456,2025-11-28,13:51:00,P0291,Crown Sando Biscuit,Snacks,2,75.0,0.0,150.0
T2025000456,2025-11-28,13:51:00,P0277,Orion Turtle Chips Sweet Corn,Snacks,3,89.0,0.0,267.0
T2025000456,2025-11-28,13:51:00,P0233,O'Food Korean Fried Chicken Sauce,Seasoned/Sauce/Powder,1,135.0,0.0,135.0
T2025000457,2025-11-28,11:07:00,P0008,Ottogi Corn Syrup,Condiments,2,98.0,0.0,196.0
T2025000457,2025-11-28,11:07:00,P0211,Ottogi Jin Ramen Hot,Noodles,4,40.0,0.15,136.0
T2025000457,2025-11-28,11:07:00,P0159,Nongshim Neuguri Cup 111g,Noodles,3,90.0,0.0,270.0
T2025000457,2025-11-28,11:07:00,P0149,Binggrae Mango Milk,Liquor/Beverage,3,45.0,0.0,135.0
T2025000457,2025-11-28,11:07:00,P0287,Nongshim Banana Kick 75g,Snacks,1,80.0,0.0,80.0
T2025000458,2025-11-28,19:39:00,P0300,Can Choco Balls,Snacks,2,45.0,0.0,90.0
T2025000458,2025-11-28,19:39:00,P0046,CJ Beksul Potato Starch,Dry Food,1,85.0,0.0,85.0
T2025000459,2025-11-28,19:36:00,P0122,Chamisul Original Soju,Liquor/Beverage,1,175.0,0.0,175.0
T2025000459,2025-11-28,19:36:00,P0284,Kkokal Sweet Corn Snack,Snacks,2,80.0,0.0,160.0
T2025000459,2025-11-28,19:36:00,P0255,Bibigo Crispy Seaweed Snack,Snacks,2,140.0,0.0,280.0
T2025000459,2025-11-28,19:36:00,P0258,Orion Custard Choco Cake,Snacks,1,130.0,0.0,130.0
T2025000459,2025-11-28,19:36:00,P0007,Samyang Spicy Mayo,Condiments,1,130.0,0.0,130.0
T2025000460,2025-11-28,18:12:00,P0185,Nongshim Shin Non-Frying Ramen 97g,Noodles,4,60.0,0.05,228.0
T2025000460,2025-11-28,18:12:00,P0198,Paldo Koreno Beef Noodle 100g,Noodles,2,50.0,0.0,100.0
T2025000460,2025-11-28,18:12:00,P0002,Ottogi Gold Mayonnaise 500g,Condiments,1,235.0,0.0,235.0
T2025000461,2025-11-28,21:48:00,P0234,CJ Beksul Spicy Pork Sauce 290g,Seasoned/Sauce/Powder,2,130.0,0.0,260.0
T2025000461,2025-11-28,21:48:00,P0184,Nongshim Baehongdong Bibimyeon 137g,Noodles,3,61.0,0.0,183.0
T2025000461,2025-11-28,21:48:00,P0046,CJ Beksul Potato Starch,Dry Food,2,85.0,0.0,170.0
T2025000461,2025-11-28,21:48:00,P0300,Can Choco Balls,Snacks,5,45.0,0.0,225.0
T2025000461,2025-11-28,21:48:00,P0187,Paldo Bibim Men,Noodles,1,60.0,0.0,60.0
T2025000462,2025-11-28,18:33:00,P0123,Cass Cold Brewed Beer 500mL,Liquor/Beverage,2,170.0,0.0,340.0
T2025000462,2025-11-28,18:33:00,P0295,Pepero Almond,Snacks,1,55.0,0.0,55.0
T2025000462,2025-11-28,18:33:00,P0254,Honey Roasted Peanuts,Snacks,2,165.0,0.0,330.0
T2025000462,2025-11-28,18:33:00,P0291,Crown Sando Biscuit,Snacks,2,75.0,0.0,150.0
T2025000463,2025-11-28,18:29:00,P0036,Dongwon  Tuna Light Can 150g,Dry Food,2,110.0,0.0,220.0
T2025000463,2025-11-28,18:29:00,P0296,Lotte Cereal Choco,Snacks,3,55.0,0.0,165.0
T2025000463,2025-11-28,18:29:00,P0107,Ottogi Honey Ginger Tea 1Kg,Liquor/Beverage,1,530.0,0.0,530.0
T2025000463,2025-11-28,18:29:00,P0174,Ottogi Cheese Bokki Cup,Noodles,1,75.0,0.0,75.0
T2025000463,2025-11-28,18:29:00,P0211,Ottogi Jin Ramen Hot,Noodles,1,40.0,0.0,40.0
T2025000464,2025-11-28,11:04:00,P0067,Wasabi Radish Wrapper 340g,Food Fresh/Meat/Sidedish,1,145.0,0.0,145.0
T2025000464,2025-11-28,11:04:00,P0295,Pepero Almond,Snacks,2,55.0,0.0,110.0
T2025000464,2025-11-28,11:04:00,P0294,Pepero Strawberry,Snacks,5,55.0,0.0,275.0
T2025000464,2025-11-28,11:04:00,P0167,Samyang Cheese Buldak,Noodles,1,88.0,0.0,88.0
T2025000464,2025-11-28,11:04:00,P0147,Binggrae Coffee Milk,Liquor/Beverage,4,48.0,0.15,163.2
T2025000465,2025-11-28,14:09:00,P0123,Cass Cold Brewed Beer 500mL,Liquor/Beverage,1,170.0,0.0,170.0
T2025000465,2025-11-28,14:09:00,P0034,CJ  Cooked Rice,Dry Food,1,116.0,0.0,116.0
T2025000465,2025-11-28,14:09:00,P0087,Bibigo Crispy Seaweed Roll,Food Frozen,1,260.0,0.0,260.0
T2025000466,2025-11-28,13:52:00,P0073,Perilla Leaves 2Packs,Food Fresh/Meat/Sidedish,2,40.0,0.0,80.0
T2025000467,2025-11-28,13:08:00,P0043,CJ Hetbahn Cooked Barley,Dry Food,1,95.0,0.0,95.0
T2025000467,2025-11-28,13:08:00,P0239,Ottogi Curry Hot,Seasoned/Sauce/Powder,2,115.0,0.0,230.0
T2025000468,2025-11-28,12:59:00,P0149,Binggrae Mango Milk,Liquor/Beverage,5,45.0,0.0,225.0
T2025000469,2025-11-28,18:34:00,P0149,Binggrae Mango Milk,Liquor/Beverage,1,45.0,0.0,45.0
T2025000469,2025-11-28,18:34:00,P0199,Paldo Koreno Shrimp Noodle,Noodles,3,50.0,0.0,150.0
T2025000469,2025-11-28,18:34:00,P0180,Samyang Curry Ramen,Noodles,3,68.0,0.0,204.0
T2025000469,2025-11-28,18:34:00,P0182,Paldo Ilpoom Jjajang,Noodles,3,65.0,0.0,195.0
T2025000469,2025-11-28,18:34:00,P0042,CJ Hetbahn Brown Rice,Dry Food,3,95.0,0.0,285.0
T2025000470,2025-11-28,17:44:00,P0202,Nongshim Ansung Tangmen,Noodles,4,50.0,0.0,200.0
T2025000471,2025-11-28,12:06:00,P0300,Can Choco Balls,Snacks,5,45.0,0.0,225.0
T2025000471,2025-11-28,12:06:00,P0210,2Mins Snack Men,Noodles,2,40.0,0.0,80.0
T2025000471,2025-11-28,12:06:00,P0206,Nongshim Chapagetti,Noodles,3,45.0,0.0,135.0
T2025000471,2025-11-28,12:06:00,P0114,Banana Milk 200mL 6Pcs,Liquor/Beverage,1,290.0,0.0,290.0
T2025000471,2025-11-28,12:06:00,P0035,CJ  Multi-Grains Cooked Rice 210g,Dry Food,3,110.0,0.05,313.5
T2025000472,2025-11-28,20:07:00,P0008,Ottogi Corn Syrup,Condiments,2,98.0,0.0,196.0
T2025000473,2025-11-28,13:54:00,P0187,Paldo Bibim Men,Noodles,1,60.0,0.0,60.0
T2025000473,2025-11-28,13:54:00,P0027,Yopokki Cheese 240g,Dry Food,2,145.0,0.0,290.0
T2025000473,2025-11-28,13:54:00,P0104,Pepero Original,Food Frozen,2,55.0,0.0,110.0
T2025000474,2025-11-28,11:49:00,P0298,Pepero White Cookie,Snacks,1,55.0,0.0,55.0
T2025000474,2025-11-28,11:49:00,P0270,Samlip Custard Cream Cake,Snacks,3,105.0,0.0,315.0
T2025000474,2025-11-28,11:49:00,P0196,Paldo Cheese Ramen,Noodles,5,55.0,0.0,275.0
T2025000474,2025-11-28,11:49:00,P0243,CJ  Ssamjang 170g,Seasoned/Sauce/Powder,1,88.0,0.0,88.0
T2025000474,2025-11-28,11:49:00,P0104,Pepero Original,Food Frozen,5,55.0,0.0,275.0
T2025000475,2025-11-28,14:49:00,P0123,Cass Cold Brewed Beer 500mL,Liquor/Beverage,2,170.0,0.1,306.0
T2025000475,2025-11-28,14:49:00,P0295,Pepero Almond,Snacks,4,55.0,0.0,220.0
T2025000475,2025-11-28,14:49:00,P0177,Ottogi Beef Seaweed Soup Ramen,Noodles,5,70.0,0.0,350.0
T2025000475,2025-11-28,14:49:00,P0152,Samyang Buldak Original Cup,Noodles,1,110.0,0.0,110.0
T2025000475,2025-11-28,14:49:00,P0164,Samyang Buldak 4 Cheese 145g,Noodles,2,88.0,0.05,167.2
T2025000476,2025-11-28,18:46:00,P0114,Banana Milk 200mL 6Pcs,Liquor/Beverage,1,290.0,0.1,261.0
T2025000476,2025-11-28,18:46:00,P0169,Samyang Buldak Stew Type 145g,Noodles,1,80.0,0.0,80.0
T2025000476,2025-11-28,18:46:00,P0166,Samyang Buldak Original,Noodles,3,88.0,0.0,264.0
T2025000477,2025-11-28,11:53:00,P0287,Nongshim Banana Kick 75g,Snacks,2,80.0,0.0,160.0
T2025000477,2025-11-28,11:53:00,P0173,Nongshim Jjapageti,Noodles,3,75.0,0.0,225.0
T2025000477,2025-11-28,11:53:00,P0123,Cass Cold Brewed Beer 500mL,Liquor/Beverage,2,170.0,0.1,306.0
T2025000477,2025-11-28,11:53:00,P0262,Orion Custard Pineapple,Snacks,1,120.0,0.0,120.0
T2025000477,2025-11-28,11:53:00,P0206,Nongshim Chapagetti,Noodles,1,45.0,0.0,45.0
T2025000478,2025-11-28,12:41:00,P0295,Pepero Almond,Snacks,3,55.0,0.0,165.0
T2025000478,2025-11-28,12:41:00,P0188,Nagasaki Jjampong,Noodles,4,60.0,0.0,240.0
T2025000478,2025-11-28,12:41:00,P0171,Tempura Udon Big Cup,Noodles,1,75.0,0.0,75.0
T2025000478,2025-11-28,12:41:00,P0004,O'Food Korean Chili Oil,Condiments,2,160.0,0.0,320.0
T2025000479,2025-11-28,12:37:00,P0144,Nongshim Welchs Strawberry 355mL,Liquor/Beverage,5,60.0,0.0,300.0
T2025000479,2025-11-28,12:37:00,P0186,Ottogi Chachelin Blackbean 145g,Noodles,1,60.0,0.0,60.0
T2025000479,2025-11-28,12:37:00,P0166,Samyang Buldak Original,Noodles,3,88.0,0.0,264.0
T2025000480,2025-11-28,19:01:00,P0130,Sunhari Apple 360mL,Liquor/Beverage,3,120.0,0.0,360.0
T2025000480,2025-11-28,19:01:00,P0015,(Dae Joo) Gochugaru 500g,Dry Food,1,255.0,0.0,255.0
T2025000481,2025-11-28,11:24:00,P0148,Binggrae Strawberry Milk,Liquor/Beverage,1,45.0,0.0,45.0
T2025000481,2025-11-28,11:24:00,P0297,Pepero Choco Filled,Snacks,3,55.0,0.0,165.0
T2025000481,2025-11-28,11:24:00,P0287,Nongshim Banana Kick 75g,Snacks,2,80.0,0.0,160.0
T2025000481,2025-11-28,11:24:00,P0264,Lotte Ghana Dark Chocolate,Snacks,2,115.0,0.0,230.0
T2025000482,2025-11-28,09:20:00,P0122,Chamisul Original Soju,Liquor/Beverage,2,175.0,0.0,350.0
T2025000483,2025-11-28,19:48:00,P0181,Paldo Bibim Cold Noodles,Noodles,4,65.0,0.0,260.0
T2025000483,2025-11-28,19:48:00,P0211,Ottogi Jin Ramen Hot,Noodles,2,40.0,0.0,80.0
T2025000483,2025-11-28,19:48:00,P0242,CJ  Gochujang 200g,Seasoned/Sauce/Powder,3,100.0,0.05,285.0
T2025000484,2025-11-28,12:24:00,P0124,Terra Lager Beer 500mL,Liquor/Beverage,1,170.0,0.0,170.0
T2025000484,2025-11-28,12:24:00,P0245,Honey Butter Almond 190g,Snacks,1,420.0,0.0,420.0
T2025000484,2025-11-28,12:24:00,P0291,Crown Sando Biscuit,Snacks,1,75.0,0.0,75.0
T2025000484,2025-11-28,12:24:00,P0264,Lotte Ghana Dark Chocolate,Snacks,1,115.0,0.0,115.0
T2025000484,2025-11-28,12:24:00,P0008,Ottogi Corn Syrup,Condiments,3,98.0,0.0,294.0
T2025000485,2025-11-28,19:06:00,P0276,Orion Sun Chips Korean BBQ,Snacks,1,90.0,0.05,85.5
T2025000485,2025-11-28,19:06:00,P0295,Pepero Almond,Snacks,1,55.0,0.0,55.0
T2025000485,2025-11-28,19:06:00,P0043,CJ Hetbahn Cooked Barley,Dry Food,3,95.0,0.0,285.0
T2025000485,2025-11-28,19:06:00,P0072,Kongsarang Soft Tofu,Food Fresh/Meat/Sidedish,4,65.0,0.0,260.0
T2025000486,2025-11-28,12:34:00,P0294,Pepero Strawberry,Snacks,1,55.0,0.0,55.0
T2025000486,2025-11-28,12:34:00,P0276,Orion Sun Chips Korean BBQ,Snacks,3,90.0,0.0,270.0
T2025000486,2025-11-28,12:34:00,P0250,Haitai Honey Butter Almonds,Snacks,1,190.0,0.1,171.0
T2025000486,2025-11-28,12:34:00,P0103,Daerim  Chaw Stick 100g,Food Frozen,1,73.0,0.0,73.0
T2025000487,2025-11-28,19:49:00,P0124,Terra Lager Beer 500mL,Liquor/Beverage,2,170.0,0.0,340.0
T2025000487,2025-11-28,19:49:00,P0295,Pepero Almond,Snacks,4,55.0,0.0,220.0
T2025000487,2025-11-28,19:49:00,P0276,Orion Sun Chips Korean BBQ,Snacks,1,90.0,0.0,90.0
T2025000487,2025-11-28,19:49:00,P0202,Nongshim Ansung Tangmen,Noodles,5,50.0,0.05,237.5
T2025000488,2025-11-28,21:15:00,P0143,Nongshim Welchs Grape 355mL,Liquor/Beverage,4,60.0,0.0,240.0
T2025000488,2025-11-28,21:15:00,P0165,Samyang Cream Carbo Buldak 140g,Noodles,2,88.0,0.0,176.0
T2025000488,2025-11-28,21:15:00,P0243,CJ  Ssamjang 170g,Seasoned/Sauce/Powder,3,88.0,0.0,264.0
T2025000488,2025-11-28,21:15:00,P0071,Kongsarang Firm Tofu,Food Fresh/Meat/Sidedish,1,65.0,0.0,65.0
T2025000489,2025-11-28,11:56:00,P0138,Kirin Ichiban Beer 330mL,Liquor/Beverage,2,68.0,0.0,136.0
T2025000489,2025-11-28,11:56:00,P0288,Nongshim Honey Rice Snack,Snacks,2,80.0,0.0,160.0
T2025000489,2025-11-28,11:56:00,P0211,Ottogi Jin Ramen Hot,Noodles,5,40.0,0.15,170.0
T2025000489,2025-11-28,11:56:00,P0191,Paldo Teumsae Ramen,Noodles,2,60.0,0.0,120.0
T2025000489,2025-11-28,11:56:00,P0173,Nongshim Jjapageti,Noodles,3,75.0,0.0,225.0
T2025000490,2025-11-28,12:37:00,P0134,KSD Green Grape Rice Wine 750mL,Liquor/Beverage,3,105.0,0.0,315.0
T2025000490,2025-11-28,12:37:00,P0265,Orion Almond Candy,Snacks,2,110.0,0.0,220.0
T2025000491,2025-11-28,12:45:00,P0251,Oil Fried & Salted Peanuts,Snacks,1,185.0,0.0,185.0
T2025000491,2025-11-28,12:45:00,P0232,O'Food Tofu Stew Base,Seasoned/Sauce/Powder,1,135.0,0.0,135.0
T2025000492,2025-11-28,13:28:00,P0291,Crown Sando Biscuit,Snacks,1,75.0,0.0,75.0
T2025000492,2025-11-28,13:28:00,P0266,Bibigo Seaweed Crisps,Snacks,1,110.0,0.0,110.0
T2025000492,2025-11-28,13:28:00,P0200,Paldo Koreno Kimchi Noodle,Noodles,4,50.0,0.0,200.0
T2025000492,2025-11-28,13:28:00,P0027,Yopokki Cheese 240g,Dry Food,1,145.0,0.0,145.0
T2025000492,2025-11-28,13:28:00,P0115,Strawberry Milk 200mL 6Pcs,Liquor/Beverage,1,290.0,0.15,246.5
T2025000493,2025-11-28,17:08:00,P0125,Jinro Fresh Soju,Liquor/Beverage,1,170.0,0.0,170.0
T2025000493,2025-11-28,17:08:00,P0156,Nongshim Ramyun King Bowl,Noodles,3,95.0,0.0,285.0
T2025000493,2025-11-28,17:08:00,P0165,Samyang Cream Carbo Buldak 140g,Noodles,3,88.0,0.0,264.0
T2025000493,2025-11-28,17:08:00,P0169,Samyang Buldak Stew Type 145g,Noodles,1,80.0,0.0,80.0
T2025000494,2025-11-28,10:33:00,P0298,Pepero White Cookie,Snacks,4,55.0,0.0,220.0
T2025000494,2025-11-28,10:33:00,P0259,Nongshim Sengseng U-Dong,Snacks,2,125.0,0.0,250.0
T2025000494,2025-11-28,10:33:00,P0027,Yopokki Cheese 240g,Dry Food,2,145.0,0.0,290.0
T2025000494,2025-11-28,10:33:00,P0004,O'Food Korean Chili Oil,Condiments,1,160.0,0.0,160.0
T2025000494,2025-11-28,10:33:00,P0093,Bibigo Kimchi Fried Rice,Food Frozen,1,190.0,0.15,161.5
T2025000495,2025-11-28,15:51:00,P0142,Nongshim Welchs White Grape 355mL,Liquor/Beverage,3,60.0,0.0,180.0
T2025000495,2025-11-28,15:51:00,P0295,Pepero Almond,Snacks,1,55.0,0.0,55.0
T2025000495,2025-11-28,15:51:00,P0294,Pepero Strawberry,Snacks,3,55.0,0.0,165.0
T2025000495,2025-11-28,15:51:00,P0193,Paldo Gomtang Ramen,Noodles,5,56.0,0.0,280.0
T2025000495,2025-11-28,15:51:00,P0006,Chung Jung One Soy Sauce,Condiments,2,140.0,0.0,280.0
T2025000496,2025-11-28,11:23:00,P0125,Jinro Fresh Soju,Liquor/Beverage,2,170.0,0.0,340.0
T2025000496,2025-11-28,11:23:00,P0269,Lotte Soft Strawberry Milk Candy 79g,Snacks,2,105.0,0.0,210.0
T2025000496,2025-11-28,11:23:00,P0299,Lotte Xylitol Green Gum,Snacks,4,55.0,0.0,220.0
T2025000496,2025-11-28,11:23:00,P0281,Haitai Ace Crackers,Snacks,2,85.0,0.05,161.5
T2025000497,2025-11-28,18:39:00,P0286,Crown Caramel Maple Corn,Snacks,1,80.0,0.1,72.0
T2025000497,2025-11-28,18:39:00,P0006,Chung Jung One Soy Sauce,Condiments,2,140.0,0.0,280.0
T2025000497,2025-11-28,18:39:00,P0175,Samyang Jjajang Hot Chicken,Noodles,1,75.0,0.0,75.0
T2025000497,2025-11-28,18:39:00,P0034,CJ  Cooked Rice,Dry Food,1,116.0,0.0,116.0
T2025000497,2025-11-28,18:39:00,P0245,Honey Butter Almond 190g,Snacks,1,420.0,0.0,420.0
T2025000498,2025-11-28,17:10:00,P0267,Lotte Pepero White Cookie,Snacks,3,110.0,0.0,330.0
T2025000498,2025-11-28,17:10:00,P0245,Honey Butter Almond 190g,Snacks,1,420.0,0.0,420.0
T2025000498,2025-11-28,17:10:00,P0270,Samlip Custard Cream Cake,Snacks,1,105.0,0.0,105.0
T2025000498,2025-11-28,17:10:00,P0174,Ottogi Cheese Bokki Cup,Noodles,3,75.0,0.0,225.0
T2025000498,2025-11-28,17:10:00,P0181,Paldo Bibim Cold Noodles,Noodles,1,65.0,0.0,65.0
T2025000499,2025-11-28,20:09:00,P0122,Chamisul Original Soju,Liquor/Beverage,2,175.0,0.0,350.0
T2025000499,2025-11-28,20:09:00,P0199,Paldo Koreno Shrimp Noodle,Noodles,3,50.0,0.0,150.0
T2025000499,2025-11-28,20:09:00,P0189,Ottogi Bodle Cheese Ramen,Noodles,3,60.0,0.05,171.0
T2025000499,2025-11-28,20:09:00,P0030,Yopokki Onion Butter 120g Cup,Dry Food,3,120.0,0.1,324.0
T2025000500,2025-11-28,13:27:00,P0299,Lotte Xylitol Green Gum,Snacks,1,55.0,0.0,55.0
T2025000500,2025-11-28,13:27:00,P0158,Nongshim Shin Ramen Black,Noodles,1,92.0,0.0,92.0
T2025000500,2025-11-28,13:27:00,P0294,Pepero Strawberry,Snacks,2,55.0,0.0,110.0
T2025000500,2025-11-28,13:27:00,P0277,Orion Turtle Chips Sweet Corn,Snacks,3,89.0,0.0,267.0
T2025000500,2025-11-28,13:27:00,P0027,Yopokki Cheese 240g,Dry Food,2,145.0,0.0,290.0
T2025000501,2025-11-28,11:23:00,P0123,Cass Cold Brewed Beer 500mL,Liquor/Beverage,1,170.0,0.0,170.0
T2025000501,2025-11-28,11:23:00,P0287,Nongshim Banana Kick 75g,Snacks,1,80.0,0.0,80.0
T2025000501,2025-11-28,11:23:00,P0299,Lotte Xylitol Green Gum,Snacks,5,55.0,0.0,275.0
T2025000501,2025-11-28,11:23:00,P0043,CJ Hetbahn Cooked Barley,Dry Food,1,95.0,0.0,95.0
T2025000502,2025-11-28,18:41:00,P0114,Banana Milk 200mL 6Pcs,Liquor/Beverage,1,290.0,0.05,275.5
T2025000502,2025-11-28,18:41:00,P0264,Lotte Ghana Dark Chocolate,Snacks,2,115.0,0.0,230.0
T2025000502,2025-11-28,18:41:00,P0277,Orion Turtle Chips Sweet Corn,Snacks,1,89.0,0.0,89.0
T2025000502,2025-11-28,18:41:00,P0276,Orion Sun Chips Korean BBQ,Snacks,2,90.0,0.15,153.0
T2025000503,2025-11-28,11:53:00,P0137,Hite Beer Can,Liquor/Beverage,2,80.0,0.0,160.0
T2025000504,2025-11-28,19:07:00,P0124,Terra Lager Beer 500mL,Liquor/Beverage,2,170.0,0.0,340.0
T2025000504,2025-11-28,19:07:00,P0176,Ottogi Cheese Bokki Cup,Noodles,3,72.0,0.0,216.0
T2025000504,2025-11-28,19:07:00,P0007,Samyang Spicy Mayo,Condiments,1,130.0,0.0,130.0
T2025000504,2025-11-28,19:07:00,P0197,Nongshim Seafood Ramyun,Noodles,1,52.0,0.0,52.0
T2025000504,2025-11-28,19:07:00,P0189,Ottogi Bodle Cheese Ramen,Noodles,2,60.0,0.0,120.0
T2025000505,2025-11-28,12:02:00,P0296,Lotte Cereal Choco,Snacks,3,55.0,0.0,165.0
T2025000506,2025-11-28,14:29:00,P0122,Chamisul Original Soju,Liquor/Beverage,2,175.0,0.0,350.0
T2025000506,2025-11-28,14:29:00,P0291,Crown Sando Biscuit,Snacks,1,75.0,0.0,75.0
T2025000506,2025-11-28,14:29:00,P0152,Samyang Buldak Original Cup,Noodles,2,110.0,0.0,220.0
T2025000506,2025-11-28,14:29:00,P0206,Nongshim Chapagetti,Noodles,2,45.0,0.0,90.0
T2025000506,2025-11-28,14:29:00,P0157,Nongshim Yachae Ramyeon 100g,Noodles,3,93.0,0.0,279.0
T2025000507,2025-11-28,20:16:00,P0264,Lotte Ghana Dark Chocolate,Snacks,3,115.0,0.0,345.0
T2025000507,2025-11-28,20:16:00,P0297,Pepero Choco Filled,Snacks,1,55.0,0.1,49.5
T2025000507,2025-11-28,20:16:00,P0042,CJ Hetbahn Brown Rice,Dry Food,3,95.0,0.0,285.0
T2025000508,2025-11-28,19:47:00,P0125,Jinro Fresh Soju,Liquor/Beverage,2,170.0,0.0,340.0
T2025000508,2025-11-28,19:47:00,P0264,Lotte Ghana Dark Chocolate,Snacks,3,115.0,0.0,345.0
T2025000509,2025-11-28,11:07:00,P0073,Perilla Leaves 2Packs,Food Fresh/Meat/Sidedish,1,40.0,0.0,40.0
T2025000509,2025-11-28,11:07:00,P0260,Binch Biscuit,Snacks,2,120.0,0.0,240.0
T2025000509,2025-11-28,11:07:00,P0166,Samyang Buldak Original,Noodles,1,88.0,0.05,83.6
T2025000509,2025-11-28,11:07:00,P0171,Tempura Udon Big Cup,Noodles,3,75.0,0.0,225.0
T2025000509,2025-11-28,11:07:00,P0176,Ottogi Cheese Bokki Cup,Noodles,1,72.0,0.0,72.0
T2025000510,2025-11-29,17:27:00,P0282,Orion Choco Boy,Snacks,1,85.0,0.0,85.0
T2025000510,2025-11-29,17:27:00,P0261,Lotte Choco Heim,Snacks,2,120.0,0.15,204.0
T2025000510,2025-11-29,17:27:00,P0267,Lotte Pepero White Cookie,Snacks,1,110.0,0.0,110.0
T2025000510,2025-11-29,17:27:00,P0027,Yopokki Cheese 240g,Dry Food,2,145.0,0.0,290.0
T2025000510,2025-11-29,17:27:00,P0114,Banana Milk 200mL 6Pcs,Liquor/Beverage,1,290.0,0.0,290.0
T2025000511,2025-11-29,19:36:00,P0142,Nongshim Welchs White Grape 355mL,Liquor/Beverage,1,60.0,0.0,60.0
T2025000511,2025-11-29,19:36:00,P0292,Orion Goraebab Crackers,Snacks,2,75.0,0.0,150.0
T2025000511,2025-11-29,19:36:00,P0191,Paldo Teumsae Ramen,Noodles,3,60.0,0.05,171.0
T2025000511,2025-11-29,19:36:00,P0018,(Kaya) Korean Rice 1.5Kg,Dry Food,1,190.0,0.0,190.0
T2025000511,2025-11-29,19:36:00,P0004,O'Food Korean Chili Oil,Condiments,2,160.0,0.0,320.0
T2025000512,2025-11-29,09:11:00,P0144,Nongshim Welchs Strawberry 355mL,Liquor/Beverage,5,60.0,0.0,300.0
T2025000512,2025-11-29,09:11:00,P0295,Pepero Almond,Snacks,1,55.0,0.0,55.0
T2025000512,2025-11-29,09:11:00,P0004,O'Food Korean Chili Oil,Condiments,2,160.0,0.0,320.0
T2025000513,2025-11-29,12:39:00,P0123,Cass Cold Brewed Beer 500mL,Liquor/Beverage,2,170.0,0.05,323.0
T2025000513,2025-11-29,12:39:00,P0295,Pepero Almond,Snacks,3,55.0,0.0,165.0
T2025000514,2025-11-29,19:02:00,P0114,Banana Milk 200mL 6Pcs,Liquor/Beverage,2,290.0,0.15,493.0
T2025000514,2025-11-29,19:02:00,P0283,Orion Ogingo Ttangkong,Snacks,2,83.0,0.1,149.4
T2025000514,2025-11-29,19:02:00,P0199,Paldo Koreno Shrimp Noodle,Noodles,2,50.0,0.15,85.0
T2025000514,2025-11-29,19:02:00,P0203,Jin Ramen Spicy Cup,Noodles,2,50.0,0.0,100.0
T2025000514,2025-11-29,19:02:00,P0190,Nongshim Tempura Udon Cup,Noodles,4,60.0,0.1,216.0
T2025000515,2025-11-29,18:19:00,P0147,Binggrae Coffee Milk,Liquor/Beverage,3,48.0,0.0,144.0
T2025000515,2025-11-29,18:19:00,P0273,Haitai  Plumcandy 130g,Snacks,1,95.0,0.0,95.0
T2025000515,2025-11-29,18:19:00,P0095,Samlip Fish Cake Sheets,Food Frozen,1,150.0,0.0,150.0
T2025000516,2025-11-29,10:36:00,P0123,Cass Cold Brewed Beer 500mL,Liquor/Beverage,2,170.0,0.0,340.0
T2025000516,2025-11-29,10:36:00,P0245,Honey Butter Almond 190g,Snacks,1,420.0,0.0,420.0
T2025000516,2025-11-29,10:36:00,P0028,CJ Bibigo Seaweed Soup,Dry Food,1,140.0,0.0,140.0
T2025000516,2025-11-29,10:36:00,P0075,Bibigo Mul Mandu 370g 2Packs,Food Frozen,1,695.0,0.0,695.0
T2025000517,2025-11-29,19:30:00,P0121,Lotte Chum Churum Soju,Liquor/Beverage,2,175.0,0.0,350.0
T2025000517,2025-11-29,19:30:00,P0254,Honey Roasted Peanuts,Snacks,2,165.0,0.0,330.0
T2025000517,2025-11-29,19:30:00,P0290,Doritos Galbi Chicken,Snacks,2,77.0,0.0,154.0
T2025000517,2025-11-29,19:30:00,P0161,Paldo Wang Cup,Noodles,2,90.0,0.0,180.0
T2025000517,2025-11-29,19:30:00,P0093,Bibigo Kimchi Fried Rice,Food Frozen,2,190.0,0.0,380.0
T2025000518,2025-11-29,20:08:00,P0152,Samyang Buldak Original Cup,Noodles,1,110.0,0.0,110.0
T2025000518,2025-11-29,20:08:00,P0185,Nongshim Shin Non-Frying Ramen 97g,Noodles,1,60.0,0.0,60.0
T2025000518,2025-11-29,20:08:00,P0296,Lotte Cereal Choco,Snacks,3,55.0,0.0,165.0
T2025000518,2025-11-29,20:08:00,P0223,Jin Soy Sauce For Soup 860mL,Seasoned/Sauce/Powder,2,205.0,0.0,410.0
T2025000518,2025-11-29,20:08:00,P0149,Binggrae Mango Milk,Liquor/Beverage,5,45.0,0.05,213.75
T2025000519,2025-11-29,12:29:00,P0288,Nongshim Honey Rice Snack,Snacks,3,80.0,0.0,240.0
T2025000519,2025-11-29,12:29:00,P0259,Nongshim Sengseng U-Dong,Snacks,2,125.0,0.0,250.0
T2025000519,2025-11-29,12:29:00,P0166,Samyang Buldak Original,Noodles,3,88.0,0.0,264.0
T2025000519,2025-11-29,12:29:00,P0030,Yopokki Onion Butter 120g Cup,Dry Food,1,120.0,0.0,120.0
T2025000519,2025-11-29,12:29:00,P0008,Ottogi Corn Syrup,Condiments,3,98.0,0.0,294.0
T2025000520,2025-11-29,08:27:00,P0264,Lotte Ghana Dark Chocolate,Snacks,3,115.0,0.0,345.0
T2025000520,2025-11-29,08:27:00,P0027,Yopokki Cheese 240g,Dry Food,2,145.0,0.0,290.0
T2025000521,2025-11-29,12:10:00,P0233,O'Food Korean Fried Chicken Sauce,Seasoned/Sauce/Powder,2,135.0,0.0,270.0
T2025000521,2025-11-29,12:10:00,P0027,Yopokki Cheese 240g,Dry Food,2,145.0,0.0,290.0
T2025000521,2025-11-29,12:10:00,P0299,Lotte Xylitol Green Gum,Snacks,4,55.0,0.0,220.0
T2025000521,2025-11-29,12:10:00,P0114,Banana Milk 200mL 6Pcs,Liquor/Beverage,2,290.0,0.0,580.0
T2025000521,2025-11-29,12:10:00,P0265,Orion Almond Candy,Snacks,1,110.0,0.0,110.0
T2025000522,2025-11-29,10:21:00,P0144,Nongshim Welchs Strawberry 355mL,Liquor/Beverage,1,60.0,0.0,60.0
T2025000522,2025-11-29,10:21:00,P0300,Can Choco Balls,Snacks,3,45.0,0.0,135.0
T2025000522,2025-11-29,10:21:00,P0169,Samyang Buldak Stew Type 145g,Noodles,2,80.0,0.0,160.0
T2025000522,2025-11-29,10:21:00,P0186,Ottogi Chachelin Blackbean 145g,Noodles,5,60.0,0.0,300.0
T2025000522,2025-11-29,10:21:00,P0158,Nongshim Shin Ramen Black,Noodles,2,92.0,0.0,184.0
T2025000523,2025-11-29,16:17:00,P0122,Chamisul Original Soju,Liquor/Beverage,2,175.0,0.1,315.0
T2025000523,2025-11-29,16:17:00,P0177,Ottogi Beef Seaweed Soup Ramen,Noodles,1,70.0,0.15,59.5
T2025000523,2025-11-29,16:17:00,P0027,Yopokki Cheese 240g,Dry Food,2,145.0,0.0,290.0
T2025000523,2025-11-29,16:17:00,P0006,Chung Jung One Soy Sauce,Condiments,2,140.0,0.0,280.0
T2025000524,2025-11-29,18:30:00,P0038,(Kaya) Korean Rice 1Kg,Dry Food,1,100.0,0.0,100.0
T2025000524,2025-11-29,18:30:00,P0211,Ottogi Jin Ramen Hot,Noodles,1,40.0,0.0,40.0
T2025000524,2025-11-29,18:30:00,P0144,Nongshim Welchs Strawberry 355mL,Liquor/Beverage,2,60.0,0.0,120.0
T2025000524,2025-11-29,18:30:00,P0154,Nongshim Jjawang,Noodles,3,100.0,0.0,300.0
T2025000524,2025-11-29,18:30:00,P0006,Chung Jung One Soy Sauce,Condiments,1,140.0,0.0,140.0
T2025000525,2025-11-29,19:03:00,P0110,Mitte Hot Choco Original 300g,Liquor/Beverage,2,370.0,0.0,740.0
T2025000525,2025-11-29,19:03:00,P0152,Samyang Buldak Original Cup,Noodles,3,110.0,0.0,330.0
T2025000525,2025-11-29,19:03:00,P0155,Nongshim Dungji Mul Nengmyeon (Cold Noodle),Noodles,2,95.0,0.0,190.0
T2025000525,2025-11-29,19:03:00,P0173,Nongshim Jjapageti,Noodles,2,75.0,0.0,150.0
T2025000526,2025-11-29,14:30:00,P0256,Orion Custard Cake,Snacks,2,130.0,0.0,260.0
T2025000526,2025-11-29,14:30:00,P0297,Pepero Choco Filled,Snacks,5,55.0,0.0,275.0
T2025000526,2025-11-29,14:30:00,P0264,Lotte Ghana Dark Chocolate,Snacks,3,115.0,0.0,345.0
T2025000526,2025-11-29,14:30:00,P0007,Samyang Spicy Mayo,Condiments,1,130.0,0.0,130.0
T2025000527,2025-11-29,20:17:00,P0129,Sunhari Grape 360mL,Liquor/Beverage,1,120.0,0.0,120.0
T2025000527,2025-11-29,20:17:00,P0281,Haitai Ace Crackers,Snacks,2,85.0,0.0,170.0
T2025000527,2025-11-29,20:17:00,P0028,CJ Bibigo Seaweed Soup,Dry Food,1,140.0,0.0,140.0
T2025000528,2025-11-29,15:33:00,P0264,Lotte Ghana Dark Chocolate,Snacks,2,115.0,0.0,230.0
T2025000528,2025-11-29,15:33:00,P0159,Nongshim Neuguri Cup 111g,Noodles,2,90.0,0.0,180.0
T2025000528,2025-11-29,15:33:00,P0186,Ottogi Chachelin Blackbean 145g,Noodles,4,60.0,0.15,204.0
T2025000528,2025-11-29,15:33:00,P0030,Yopokki Onion Butter 120g Cup,Dry Food,2,120.0,0.0,240.0
T2025000528,2025-11-29,15:33:00,P0300,Can Choco Balls,Snacks,3,45.0,0.0,135.0
T2025000529,2025-11-29,11:39:00,P0125,Jinro Fresh Soju,Liquor/Beverage,1,170.0,0.0,170.0
T2025000529,2025-11-29,11:39:00,P0178,Samyang Mala Buldak,Noodles,3,70.0,0.0,210.0
T2025000529,2025-11-29,11:39:00,P0067,Wasabi Radish Wrapper 340g,Food Fresh/Meat/Sidedish,2,145.0,0.0,290.0
T2025000530,2025-11-29,19:57:00,P0121,Lotte Chum Churum Soju,Liquor/Beverage,1,175.0,0.0,175.0
T2025000530,2025-11-29,19:57:00,P0025,Sempio Yellow Peach In Can 400g,Dry Food,2,145.0,0.0,290.0
T2025000530,2025-11-29,19:57:00,P0073,Perilla Leaves 2Packs,Food Fresh/Meat/Sidedish,1,40.0,0.0,40.0
T2025000531,2025-11-29,14:39:00,P0139,Paldo Pororo Juice,Liquor/Beverage,2,65.0,0.0,130.0
T2025000531,2025-11-29,14:39:00,P0290,Doritos Galbi Chicken,Snacks,2,77.0,0.0,154.0
T2025000531,2025-11-29,14:39:00,P0250,Haitai Honey Butter Almonds,Snacks,1,190.0,0.0,190.0
T2025000531,2025-11-29,14:39:00,P0177,Ottogi Beef Seaweed Soup Ramen,Noodles,5,70.0,0.0,350.0
T2025000531,2025-11-29,14:39:00,P0187,Paldo Bibim Men,Noodles,2,60.0,0.0,120.0
T2025000532,2025-11-29,11:08:00,P0214,Jin Soy Sauce Rich & Savory 860mL,Seasoned/Sauce/Powder,1,315.0,0.0,315.0
T2025000532,2025-11-29,11:08:00,P0182,Paldo Ilpoom Jjajang,Noodles,3,65.0,0.0,195.0
T2025000532,2025-11-29,11:08:00,P0006,Chung Jung One Soy Sauce,Condiments,1,140.0,0.1,126.0
T2025000532,2025-11-29,11:08:00,P0188,Nagasaki Jjampong,Noodles,5,60.0,0.0,300.0
T2025000532,2025-11-29,11:08:00,P0147,Binggrae Coffee Milk,Liquor/Beverage,1,48.0,0.0,48.0
T2025000533,2025-11-29,16:37:00,P0208,Ottogi Jin Ramen Mild,Noodles,4,40.0,0.0,160.0
T2025000533,2025-11-29,16:37:00,P0201,Sewoo Tang Small Cup,Noodles,2,50.0,0.0,100.0
T2025000533,2025-11-29,16:37:00,P0027,Yopokki Cheese 240g,Dry Food,2,145.0,0.0,290.0
T2025000534,2025-11-29,17:08:00,P0204,Ottogi Cup Ramen Kimchi,Noodles,4,50.0,0.0,200.0
T2025000534,2025-11-29,17:08:00,P0155,Nongshim Dungji Mul Nengmyeon (Cold Noodle),Noodles,3,95.0,0.0,285.0
T2025000534,2025-11-29,17:08:00,P0180,Samyang Curry Ramen,Noodles,2,68.0,0.0,136.0
T2025000535,2025-11-29,14:25:00,P0300,Can Choco Balls,Snacks,4,45.0,0.0,180.0
T2025000535,2025-11-29,14:25:00,P0293,Lotte Sand Biscuit,Snacks,1,75.0,0.1,67.5
T2025000535,2025-11-29,14:25:00,P0080,Samyang Buldak Original Spicy Mandu 700g,Food Frozen,1,410.0,0.0,410.0
T2025000536,2025-11-29,18:34:00,P0131,Sunhari Yogurt 360mL,Liquor/Beverage,3,120.0,0.0,360.0
T2025000536,2025-11-29,18:34:00,P0186,Ottogi Chachelin Blackbean 145g,Noodles,3,60.0,0.0,180.0
T2025000536,2025-11-29,18:34:00,P0285,Corn Choco,Snacks,1,80.0,0.0,80.0
T2025000536,2025-11-29,18:34:00,P0280,Nongshim Potato Sticks,Snacks,2,85.0,0.1,153.0
T2025000536,2025-11-29,18:34:00,P0172,Ottogi Jin Hot Big Cup,Noodles,1,75.0,0.0,75.0
T2025000537,2025-11-29,08:31:00,P0114,Banana Milk 200mL 6Pcs,Liquor/Beverage,1,290.0,0.0,290.0
T2025000537,2025-11-29,08:31:00,P0277,Orion Turtle Chips Sweet Corn,Snacks,2,89.0,0.0,178.0
T2025000537,2025-11-29,08:31:00,P0300,Can Choco Balls,Snacks,3,45.0,0.0,135.0
T2025000537,2025-11-29,08:31:00,P0295,Pepero Almond,Snacks,5,55.0,0.0,275.0
T2025000538,2025-11-29,14:03:00,P0245,Honey Butter Almond 190g,Snacks,1,420.0,0.1,378.0
T2025000538,2025-11-29,14:03:00,P0256,Orion Custard Cake,Snacks,1,130.0,0.0,130.0
T2025000538,2025-11-29,14:03:00,P0161,Paldo Wang Cup,Noodles,1,90.0,0.0,90.0
T2025000539,2025-11-29,09:55:00,P0125,Jinro Fresh Soju,Liquor/Beverage,1,170.0,0.0,170.0
T2025000540,2025-11-29,12:54:00,P0114,Banana Milk 200mL 6Pcs,Liquor/Beverage,1,290.0,0.0,290.0
T2025000540,2025-11-29,12:54:00,P0264,Lotte Ghana Dark Chocolate,Snacks,3,115.0,0.0,345.0
T2025000540,2025-11-29,12:54:00,P0265,Orion Almond Candy,Snacks,1,110.0,0.0,110.0
T2025000540,2025-11-29,12:54:00,P0245,Honey Butter Almond 190g,Snacks,1,420.0,0.0,420.0
T2025000540,2025-11-29,12:54:00,P0235,O'Food Kimchi Base Sauce,Seasoned/Sauce/Powder,1,130.0,0.0,130.0
T2025000541,2025-11-29,11:07:00,P0114,Banana Milk 200mL 6Pcs,Liquor/Beverage,1,290.0,0.0,290.0
T2025000541,2025-11-29,11:07:00,P0254,Honey Roasted Peanuts,Snacks,1,165.0,0.0,165.0
T2025000542,2025-11-29,19:20:00,P0202,Nongshim Ansung Tangmen,Noodles,4,50.0,0.0,200.0
T2025000542,2025-11-29,19:20:00,P0206,Nongshim Chapagetti,Noodles,4,45.0,0.0,180.0
T2025000542,2025-11-29,19:20:00,P0271,Orion Choco Chip Cookies,Snacks,2,100.0,0.0,200.0
T2025000542,2025-11-29,19:20:00,P0122,Chamisul Original Soju,Liquor/Beverage,1,175.0,0.0,175.0
T2025000542,2025-11-29,19:20:00,P0283,Orion Ogingo Ttangkong,Snacks,2,83.0,0.0,166.0
T2025000543,2025-11-29,17:14:00,P0115,Strawberry Milk 200mL 6Pcs,Liquor/Beverage,1,290.0,0.0,290.0
T2025000543,2025-11-29,17:14:00,P0271,Orion Choco Chip Cookies,Snacks,3,100.0,0.0,300.0
T2025000543,2025-11-29,17:14:00,P0259,Nongshim Sengseng U-Dong,Snacks,2,125.0,0.15,212.5
T2025000543,2025-11-29,17:14:00,P0295,Pepero Almond,Snacks,5,55.0,0.0,275.0
T2025000544,2025-11-29,18:27:00,P0123,Cass Cold Brewed Beer 500mL,Liquor/Beverage,2,170.0,0.0,340.0
T2025000544,2025-11-29,18:27:00,P0030,Yopokki Onion Butter 120g Cup,Dry Food,2,120.0,0.0,240.0
T2025000545,2025-11-29,16:39:00,P0295,Pepero Almond,Snacks,1,55.0,0.15,46.75
T2025000545,2025-11-29,16:39:00,P0259,Nongshim Sengseng U-Dong,Snacks,1,125.0,0.0,125.0
T2025000545,2025-11-29,16:39:00,P0278,Haitai O! Karto Chips,Snacks,1,88.0,0.0,88.0
T2025000545,2025-11-29,16:39:00,P0233,O'Food Korean Fried Chicken Sauce,Seasoned/Sauce/Powder,2,135.0,0.0,270.0
T2025000546,2025-11-29,20:44:00,P0293,Lotte Sand Biscuit,Snacks,2,75.0,0.0,150.0
T2025000546,2025-11-29,20:44:00,P0295,Pepero Almond,Snacks,1,55.0,0.0,55.0
T2025000547,2025-11-29,13:41:00,P0166,Samyang Buldak Original,Noodles,1,88.0,0.0,88.0
T2025000547,2025-11-29,13:41:00,P0187,Paldo Bibim Men,Noodles,4,60.0,0.15,204.0
T2025000548,2025-11-29,10:53:00,P0255,Bibigo Crispy Seaweed Snack,Snacks,2,140.0,0.0,280.0
T2025000548,2025-11-29,10:53:00,P0185,Nongshim Shin Non-Frying Ramen 97g,Noodles,4,60.0,0.0,240.0
T2025000549,2025-11-29,12:58:00,P0251,Oil Fried & Salted Peanuts,Snacks,2,185.0,0.1,333.0
T2025000550,2025-11-29,13:06:00,P0125,Jinro Fresh Soju,Liquor/Beverage,2,170.0,0.0,340.0
T2025000550,2025-11-29,13:06:00,P0168,Samyang Carbo Buldak,Noodles,2,88.0,0.0,176.0
T2025000551,2025-11-29,21:23:00,P0003,Sempio Sesame Oil,Condiments,1,185.0,0.0,185.0
T2025000552,2025-11-29,14:40:00,P0123,Cass Cold Brewed Beer 500mL,Liquor/Beverage,2,170.0,0.0,340.0
T2025000552,2025-11-29,14:40:00,P0293,Lotte Sand Biscuit,Snacks,1,75.0,0.05,71.25
T2025000552,2025-11-29,14:40:00,P0234,CJ Beksul Spicy Pork Sauce 290g,Seasoned/Sauce/Powder,2,130.0,0.0,260.0
T2025000553,2025-11-29,09:15:00,P0259,Nongshim Sengseng U-Dong,Snacks,1,125.0,0.0,125.0
T2025000553,2025-11-29,09:15:00,P0294,Pepero Strawberry,Snacks,2,55.0,0.0,110.0
T2025000553,2025-11-29,09:15:00,P0295,Pepero Almond,Snacks,1,55.0,0.0,55.0
T2025000553,2025-11-29,09:15:00,P0179,Ottogi Ramen Bokki Cup,Noodles,1,69.0,0.0,69.0
T2025000553,2025-11-29,09:15:00,P0166,Samyang Buldak Original,Noodles,1,88.0,0.05,83.6
T2025000554,2025-11-29,12:22:00,P0297,Pepero Choco Filled,Snacks,4,55.0,0.0,220.0
T2025000554,2025-11-29,12:22:00,P0195,Ottogi Jin Mild Small Cup,Noodles,4,55.0,0.0,220.0
T2025000554,2025-11-29,12:22:00,P0150,Samyang Buldak Rosã Ramen 105g,Noodles,3,110.0,0.0,330.0
T2025000554,2025-11-29,12:22:00,P0191,Paldo Teumsae Ramen,Noodles,1,60.0,0.0,60.0
T2025000554,2025-11-29,12:22:00,P0001,Ottogi Sesame Oil 500mL,Condiments,1,590.5,0.0,590.5
T2025000555,2025-11-29,12:31:00,P0123,Cass Cold Brewed Beer 500mL,Liquor/Beverage,2,170.0,0.0,340.0
T2025000555,2025-11-29,12:31:00,P0289,Crown Corn Chips,Snacks,2,80.0,0.0,160.0
T2025000555,2025-11-29,12:31:00,P0270,Samlip Custard Cream Cake,Snacks,1,105.0,0.0,105.0
T2025000555,2025-11-29,12:31:00,P0255,Bibigo Crispy Seaweed Snack,Snacks,1,140.0,0.0,140.0
T2025000555,2025-11-29,12:31:00,P0020,CJ Beksul Hotteok Mix,Dry Food,1,185.0,0.0,185.0
T2025000556,2025-11-29,13:16:00,P0157,Nongshim Yachae Ramyeon 100g,Noodles,1,93.0,0.0,93.0
T2025000556,2025-11-29,13:16:00,P0027,Yopokki Cheese 240g,Dry Food,2,145.0,0.0,290.0
T2025000556,2025-11-29,13:16:00,P0228,Sempio Gochujang (500g),Seasoned/Sauce/Powder,2,145.0,0.0,290.0
T2025000556,2025-11-29,13:16:00,P0173,Nongshim Jjapageti,Noodles,1,75.0,0.0,75.0
T2025000556,2025-11-29,13:16:00,P0147,Binggrae Coffee Milk,Liquor/Beverage,1,48.0,0.0,48.0
T2025000557,2025-11-29,11:48:00,P0270,Samlip Custard Cream Cake,Snacks,1,105.0,0.0,105.0
T2025000557,2025-11-29,11:48:00,P0180,Samyang Curry Ramen,Noodles,3,68.0,0.0,204.0
T2025000557,2025-11-29,11:48:00,P0211,Ottogi Jin Ramen Hot,Noodles,5,40.0,0.0,200.0
T2025000557,2025-11-29,11:48:00,P0174,Ottogi Cheese Bokki Cup,Noodles,1,75.0,0.0,75.0
T2025000558,2025-11-29,20:14:00,P0124,Terra Lager Beer 500mL,Liquor/Beverage,1,170.0,0.0,170.0
T2025000558,2025-11-29,20:14:00,P0177,Ottogi Beef Seaweed Soup Ramen,Noodles,1,70.0,0.0,70.0
T2025000558,2025-11-29,20:14:00,P0166,Samyang Buldak Original,Noodles,1,88.0,0.0,88.0
T2025000559,2025-11-29,12:08:00,P0291,Crown Sando Biscuit,Snacks,3,75.0,0.05,213.75
T2025000559,2025-11-29,12:08:00,P0161,Paldo Wang Cup,Noodles,2,90.0,0.0,180.0
T2025000559,2025-11-29,12:08:00,P0272,Haitai  Sunkist Candy 125g,Snacks,2,95.0,0.15,161.5
T2025000559,2025-11-29,12:08:00,P0008,Ottogi Corn Syrup,Condiments,1,98.0,0.0,98.0
T2025000559,2025-11-29,12:08:00,P0182,Paldo Ilpoom Jjajang,Noodles,4,65.0,0.0,260.0
T2025000560,2025-11-29,19:36:00,P0265,Orion Almond Candy,Snacks,3,110.0,0.1,297.0
T2025000560,2025-11-29,19:36:00,P0300,Can Choco Balls,Snacks,3,45.0,0.0,135.0
T2025000560,2025-11-29,19:36:00,P0167,Samyang Cheese Buldak,Noodles,1,88.0,0.0,88.0
T2025000560,2025-11-29,19:36:00,P0243,CJ  Ssamjang 170g,Seasoned/Sauce/Powder,3,88.0,0.0,264.0
T2025000561,2025-11-29,19:04:00,P0245,Honey Butter Almond 190g,Snacks,1,420.0,0.1,378.0
T2025000561,2025-11-29,19:04:00,P0251,Oil Fried & Salted Peanuts,Snacks,2,185.0,0.0,370.0
T2025000561,2025-11-29,19:04:00,P0197,Nongshim Seafood Ramyun,Noodles,3,52.0,0.0,156.0
T2025000562,2025-11-29,11:59:00,P0165,Samyang Cream Carbo Buldak 140g,Noodles,2,88.0,0.0,176.0
T2025000562,2025-11-29,11:59:00,P0171,Tempura Udon Big Cup,Noodles,2,75.0,0.0,150.0
T2025000562,2025-11-29,11:59:00,P0298,Pepero White Cookie,Snacks,5,55.0,0.0,275.0
T2025000562,2025-11-29,11:59:00,P0002,Ottogi Gold Mayonnaise 500g,Condiments,2,235.0,0.0,470.0
T2025000562,2025-11-29,11:59:00,P0137,Hite Beer Can,Liquor/Beverage,2,80.0,0.0,160.0
T2025000563,2025-11-29,12:53:00,P0296,Lotte Cereal Choco,Snacks,5,55.0,0.0,275.0
T2025000564,2025-11-29,13:09:00,P0131,Sunhari Yogurt 360mL,Liquor/Beverage,2,120.0,0.0,240.0
T2025000564,2025-11-29,13:09:00,P0252,Lotte Banana Choco Pie 12Pcs,Snacks,2,180.0,0.0,360.0
T2025000564,2025-11-29,13:09:00,P0277,Orion Turtle Chips Sweet Corn,Snacks,1,89.0,0.0,89.0
T2025000564,2025-11-29,13:09:00,P0289,Crown Corn Chips,Snacks,1,80.0,0.0,80.0
T2025000564,2025-11-29,13:09:00,P0031,Yopokki Cheese Cup 120g,Dry Food,2,120.0,0.0,240.0
T2025000565,2025-11-29,19:37:00,P0125,Jinro Fresh Soju,Liquor/Beverage,1,170.0,0.0,170.0
T2025000565,2025-11-29,19:37:00,P0195,Ottogi Jin Mild Small Cup,Noodles,4,55.0,0.0,220.0
T2025000566,2025-11-29,20:19:00,P0144,Nongshim Welchs Strawberry 355mL,Liquor/Beverage,2,60.0,0.0,120.0
T2025000566,2025-11-29,20:19:00,P0190,Nongshim Tempura Udon Cup,Noodles,4,60.0,0.0,240.0
T2025000566,2025-11-29,20:19:00,P0211,Ottogi Jin Ramen Hot,Noodles,2,40.0,0.0,80.0
T2025000567,2025-11-29,21:25:00,P0296,Lotte Cereal Choco,Snacks,3,55.0,0.0,165.0
T2025000569,2025-11-29,17:39:00,P0298,Pepero White Cookie,Snacks,3,55.0,0.15,140.25
T2025000569,2025-11-29,17:39:00,P0197,Nongshim Seafood Ramyun,Noodles,4,52.0,0.0,208.0
T2025000569,2025-11-29,17:39:00,P0284,Kkokal Sweet Corn Snack,Snacks,1,80.0,0.0,80.0
T2025000569,2025-11-29,17:39:00,P0027,Yopokki Cheese 240g,Dry Food,2,145.0,0.0,290.0
T2025000569,2025-11-29,17:39:00,P0186,Ottogi Chachelin Blackbean 145g,Noodles,2,60.0,0.0,120.0
T2025000570,2025-11-29,18:07:00,P0203,Jin Ramen Spicy Cup,Noodles,4,50.0,0.0,200.0
T2025000570,2025-11-29,18:07:00,P0195,Ottogi Jin Mild Small Cup,Noodles,4,55.0,0.0,220.0
T2025000570,2025-11-29,18:07:00,P0188,Nagasaki Jjampong,Noodles,2,60.0,0.0,120.0
T2025000571,2025-11-29,11:07:00,P0124,Terra Lager Beer 500mL,Liquor/Beverage,1,170.0,0.0,170.0
T2025000571,2025-11-29,11:07:00,P0073,Perilla Leaves 2Packs,Food Fresh/Meat/Sidedish,1,40.0,0.0,40.0
T2025000572,2025-11-29,14:35:00,P0145,Binggrae Melon Soda,Liquor/Beverage,5,60.0,0.0,300.0
T2025000573,2025-11-29,17:13:00,P0211,Ottogi Jin Ramen Hot,Noodles,5,40.0,0.0,200.0
T2025000573,2025-11-29,17:13:00,P0186,Ottogi Chachelin Blackbean 145g,Noodles,3,60.0,0.1,162.0
T2025000574,2025-11-29,16:55:00,P0253,Orion Market O Brownie,Snacks,1,170.0,0.0,170.0
T2025000574,2025-11-29,16:55:00,P0299,Lotte Xylitol Green Gum,Snacks,1,55.0,0.05,52.25
T2025000574,2025-11-29,16:55:00,P0042,CJ Hetbahn Brown Rice,Dry Food,2,95.0,0.1,171.0
T2025000574,2025-11-29,16:55:00,P0004,O'Food Korean Chili Oil,Condiments,1,160.0,0.0,160.0
T2025000575,2025-11-29,21:40:00,P0294,Pepero Strawberry,Snacks,2,55.0,0.0,110.0
T2025000575,2025-11-29,21:40:00,P0228,Sempio Gochujang (500g),Seasoned/Sauce/Powder,2,145.0,0.0,290.0
T2025000576,2025-11-29,21:26:00,P0143,Nongshim Welchs Grape 355mL,Liquor/Beverage,2,60.0,0.0,120.0
T2025000576,2025-11-29,21:26:00,P0292,Orion Goraebab Crackers,Snacks,1,75.0,0.0,75.0
T2025000576,2025-11-29,21:26:00,P0296,Lotte Cereal Choco,Snacks,2,55.0,0.0,110.0
T2025000576,2025-11-29,21:26:00,P0180,Samyang Curry Ramen,Noodles,2,68.0,0.0,136.0
T2025000576,2025-11-29,21:26:00,P0201,Sewoo Tang Small Cup,Noodles,4,50.0,0.0,200.0
T2025000577,2025-11-29,12:09:00,P0123,Cass Cold Brewed Beer 500mL,Liquor/Beverage,1,170.0,0.0,170.0
T2025000578,2025-11-29,12:06:00,P0122,Chamisul Original Soju,Liquor/Beverage,1,175.0,0.0,175.0
T2025000579,2025-11-29,12:01:00,P0055,Beef Enoki Roll 500g,Food Fresh/Meat/Sidedish,1,410.0,0.0,410.0
T2025000579,2025-11-29,12:01:00,P0256,Orion Custard Cake,Snacks,1,130.0,0.0,130.0
T2025000579,2025-11-29,12:01:00,P0187,Paldo Bibim Men,Noodles,2,60.0,0.0,120.0
T2025000579,2025-11-29,12:01:00,P0196,Paldo Cheese Ramen,Noodles,3,55.0,0.05,156.75
T2025000579,2025-11-29,12:01:00,P0285,Corn Choco,Snacks,2,80.0,0.0,160.0
T2025000580,2025-11-29,20:12:00,P0258,Orion Custard Choco Cake,Snacks,2,130.0,0.0,260.0
T2025000580,2025-11-29,20:12:00,P0295,Pepero Almond,Snacks,4,55.0,0.0,220.0
T2025000581,2025-11-29,12:48:00,P0197,Nongshim Seafood Ramyun,Noodles,2,52.0,0.05,98.8
T2025000581,2025-11-29,12:48:00,P0239,Ottogi Curry Hot,Seasoned/Sauce/Powder,1,115.0,0.0,115.0
T2025000583,2025-11-29,13:00:00,P0144,Nongshim Welchs Strawberry 355mL,Liquor/Beverage,2,60.0,0.0,120.0
T2025000583,2025-11-29,13:00:00,P0298,Pepero White Cookie,Snacks,1,55.0,0.0,55.0
T2025000583,2025-11-29,13:00:00,P0067,Wasabi Radish Wrapper 340g,Food Fresh/Meat/Sidedish,1,145.0,0.0,145.0
T2025000584,2025-11-29,20:04:00,P0125,Jinro Fresh Soju,Liquor/Beverage,2,170.0,0.0,340.0
T2025000584,2025-11-29,20:04:00,P0221,CJ  Gochujang 500g,Seasoned/Sauce/Powder,1,220.0,0.1,198.0
T2025000585,2025-11-29,09:35:00,P0210,2Mins Snack Men,Noodles,1,40.0,0.0,40.0
T2025000585,2025-11-29,09:35:00,P0197,Nongshim Seafood Ramyun,Noodles,3,52.0,0.0,156.0
T2025000585,2025-11-29,09:35:00,P0211,Ottogi Jin Ramen Hot,Noodles,4,40.0,0.0,160.0
T2025000585,2025-11-29,09:35:00,P0027,Yopokki Cheese 240g,Dry Food,2,145.0,0.0,290.0
T2025000585,2025-11-29,09:35:00,P0104,Pepero Original,Food Frozen,4,55.0,0.0,220.0
T2025000586,2025-11-29,17:22:00,P0133,Sunhari Blueberry 360mL,Liquor/Beverage,3,120.0,0.0,360.0
T2025000586,2025-11-29,17:22:00,P0200,Paldo Koreno Kimchi Noodle,Noodles,4,50.0,0.0,200.0
T2025000586,2025-11-29,17:22:00,P0207,Ottogi Yeul Ramen 120g,Noodles,3,40.0,0.0,120.0
T2025000586,2025-11-29,17:22:00,P0237,O'Food Tteokbokki Sauce,Seasoned/Sauce/Powder,2,120.0,0.0,240.0
T2025000587,2025-11-29,13:51:00,P0295,Pepero Almond,Snacks,4,55.0,0.0,220.0
T2025000587,2025-11-29,13:51:00,P0037,Ottogi Cup Spaghetti,Dry Food,2,110.0,0.0,220.0
T2025000588,2025-11-29,15:54:00,P0202,Nongshim Ansung Tangmen,Noodles,1,50.0,0.1,45.0
T2025000588,2025-11-29,15:54:00,P0174,Ottogi Cheese Bokki Cup,Noodles,3,75.0,0.0,225.0
T2025000588,2025-11-29,15:54:00,P0027,Yopokki Cheese 240g,Dry Food,1,145.0,0.0,145.0
T2025000589,2025-11-29,13:57:00,P0114,Banana Milk 200mL 6Pcs,Liquor/Beverage,1,290.0,0.0,290.0
T2025000589,2025-11-29,13:57:00,P0251,Oil Fried & Salted Peanuts,Snacks,1,185.0,0.0,185.0
T2025000589,2025-11-29,13:57:00,P0003,Sempio Sesame Oil,Condiments,1,185.0,0.0,185.0
T2025000589,2025-11-29,13:57:00,P0212,Beef Dasida (Soup Stock) 1Kg,Seasoned/Sauce/Powder,1,550.0,0.0,550.0
T2025000590,2025-11-29,16:00:00,P0277,Orion Turtle Chips Sweet Corn,Snacks,1,89.0,0.15,75.65
T2025000590,2025-11-29,16:00:00,P0103,Daerim  Chaw Stick 100g,Food Frozen,1,73.0,0.0,73.0
T2025000590,2025-11-29,16:00:00,P0178,Samyang Mala Buldak,Noodles,5,70.0,0.0,350.0
T2025000590,2025-11-29,16:00:00,P0199,Paldo Koreno Shrimp Noodle,Noodles,1,50.0,0.0,50.0
T2025000590,2025-11-29,16:00:00,P0259,Nongshim Sengseng U-Dong,Snacks,1,125.0,0.0,125.0
T2025000591,2025-11-29,12:01:00,P0294,Pepero Strawberry,Snacks,5,55.0,0.0,275.0
T2025000591,2025-11-29,12:01:00,P0269,Lotte Soft Strawberry Milk Candy 79g,Snacks,2,105.0,0.0,210.0
T2025000591,2025-11-29,12:01:00,P0264,Lotte Ghana Dark Chocolate,Snacks,1,115.0,0.15,97.75
T2025000591,2025-11-29,12:01:00,P0046,CJ Beksul Potato Starch,Dry Food,1,85.0,0.0,85.0
T2025000591,2025-11-29,12:01:00,P0104,Pepero Original,Food Frozen,1,55.0,0.0,55.0
T2025000592,2025-11-29,12:50:00,P0278,Haitai O! Karto Chips,Snacks,2,88.0,0.0,176.0
T2025000592,2025-11-29,12:50:00,P0245,Honey Butter Almond 190g,Snacks,1,420.0,0.05,399.0
T2025000592,2025-11-29,12:50:00,P0251,Oil Fried & Salted Peanuts,Snacks,1,185.0,0.0,185.0
T2025000592,2025-11-29,12:50:00,P0152,Samyang Buldak Original Cup,Noodles,3,110.0,0.0,330.0
T2025000592,2025-11-29,12:50:00,P0006,Chung Jung One Soy Sauce,Condiments,1,140.0,0.0,140.0
T2025000593,2025-11-29,12:51:00,P0130,Sunhari Apple 360mL,Liquor/Beverage,3,120.0,0.05,342.0
T2025000593,2025-11-29,12:51:00,P0251,Oil Fried & Salted Peanuts,Snacks,1,185.0,0.0,185.0
T2025000593,2025-11-29,12:51:00,P0211,Ottogi Jin Ramen Hot,Noodles,2,40.0,0.0,80.0
T2025000593,2025-11-29,12:51:00,P0152,Samyang Buldak Original Cup,Noodles,1,110.0,0.05,104.5
T2025000593,2025-11-29,12:51:00,P0020,CJ Beksul Hotteok Mix,Dry Food,1,185.0,0.0,185.0
T2025000594,2025-11-29,13:50:00,P0294,Pepero Strawberry,Snacks,3,55.0,0.0,165.0
T2025000594,2025-11-29,13:50:00,P0006,Chung Jung One Soy Sauce,Condiments,1,140.0,0.0,140.0
T2025000595,2025-11-29,17:56:00,P0199,Paldo Koreno Shrimp Noodle,Noodles,2,50.0,0.1,90.0
T2025000595,2025-11-29,17:56:00,P0123,Cass Cold Brewed Beer 500mL,Liquor/Beverage,1,170.0,0.0,170.0
T2025000595,2025-11-29,17:56:00,P0287,Nongshim Banana Kick 75g,Snacks,2,80.0,0.0,160.0
T2025000595,2025-11-29,17:56:00,P0193,Paldo Gomtang Ramen,Noodles,2,56.0,0.0,112.0
T2025000595,2025-11-29,17:56:00,P0182,Paldo Ilpoom Jjajang,Noodles,2,65.0,0.0,130.0
T2025000596,2025-11-29,21:37:00,P0231,O'Food Bulgogi Marinade,Seasoned/Sauce/Powder,2,145.0,0.0,290.0
T2025000596,2025-11-29,21:37:00,P0007,Samyang Spicy Mayo,Condiments,1,130.0,0.1,117.0
T2025000596,2025-11-29,21:37:00,P0259,Nongshim Sengseng U-Dong,Snacks,1,125.0,0.0,125.0
T2025000596,2025-11-29,21:37:00,P0245,Honey Butter Almond 190g,Snacks,1,420.0,0.0,420.0
T2025000596,2025-11-29,21:37:00,P0047,Dongwon Spicy Tuna,Dry Food,3,80.0,0.0,240.0
T2025000597,2025-11-29,13:44:00,P0147,Binggrae Coffee Milk,Liquor/Beverage,1,48.0,0.0,48.0
T2025000597,2025-11-29,13:44:00,P0151,Samyang Buldak 4 Cheese Ramen 110g,Noodles,3,110.0,0.0,330.0
T2025000597,2025-11-29,13:44:00,P0041,CJ Hetbahn Multi-Grain Rice,Dry Food,1,95.0,0.0,95.0
T2025000598,2025-11-29,12:33:00,P0121,Lotte Chum Churum Soju,Liquor/Beverage,1,175.0,0.0,175.0
T2025000598,2025-11-29,12:33:00,P0297,Pepero Choco Filled,Snacks,3,55.0,0.05,156.75
T2025000598,2025-11-29,12:33:00,P0250,Haitai Honey Butter Almonds,Snacks,2,190.0,0.0,380.0
T2025000598,2025-11-29,12:33:00,P0182,Paldo Ilpoom Jjajang,Noodles,3,65.0,0.0,195.0
T2025000598,2025-11-29,12:33:00,P0007,Samyang Spicy Mayo,Condiments,2,130.0,0.0,260.0
T2025000600,2025-11-29,17:41:00,P0124,Terra Lager Beer 500mL,Liquor/Beverage,2,170.0,0.0,340.0
T2025000600,2025-11-29,17:41:00,P0264,Lotte Ghana Dark Chocolate,Snacks,3,115.0,0.0,345.0
T2025000600,2025-11-29,17:41:00,P0254,Honey Roasted Peanuts,Snacks,2,165.0,0.0,330.0
T2025000601,2025-11-29,11:46:00,P0123,Cass Cold Brewed Beer 500mL,Liquor/Beverage,2,170.0,0.0,340.0
T2025000601,2025-11-29,11:46:00,P0291,Crown Sando Biscuit,Snacks,1,75.0,0.0,75.0
T2025000602,2025-11-29,19:19:00,P0138,Kirin Ichiban Beer 330mL,Liquor/Beverage,5,68.0,0.0,340.0
T2025000603,2025-11-29,15:37:00,P0254,Honey Roasted Peanuts,Snacks,1,165.0,0.0,165.0
T2025000603,2025-11-29,15:37:00,P0267,Lotte Pepero White Cookie,Snacks,3,110.0,0.0,330.0
T2025000603,2025-11-29,15:37:00,P0197,Nongshim Seafood Ramyun,Noodles,5,52.0,0.0,260.0
T2025000603,2025-11-29,15:37:00,P0204,Ottogi Cup Ramen Kimchi,Noodles,1,50.0,0.0,50.0
T2025000603,2025-11-29,15:37:00,P0184,Nongshim Baehongdong Bibimyeon 137g,Noodles,5,61.0,0.0,305.0
T2025000604,2025-11-29,16:44:00,P0174,Ottogi Cheese Bokki Cup,Noodles,1,75.0,0.0,75.0
T2025000604,2025-11-29,16:44:00,P0275,Haitai Sweet Potato Snack,Snacks,3,95.0,0.0,285.0
T2025000604,2025-11-29,16:44:00,P0090,Nongmin Rice Cake 1Kg,Food Frozen,1,220.0,0.0,220.0
T2025000604,2025-11-29,16:44:00,P0148,Binggrae Strawberry Milk,Liquor/Beverage,4,45.0,0.0,180.0
T2025000604,2025-11-29,16:44:00,P0255,Bibigo Crispy Seaweed Snack,Snacks,2,140.0,0.0,280.0
T2025000605,2025-11-29,11:40:00,P0256,Orion Custard Cake,Snacks,2,130.0,0.0,260.0
T2025000605,2025-11-29,11:40:00,P0170,Ottogi Jin Jjajang,Noodles,2,80.0,0.0,160.0
T2025000605,2025-11-29,11:40:00,P0027,Yopokki Cheese 240g,Dry Food,2,145.0,0.0,290.0
T2025000605,2025-11-29,11:40:00,P0157,Nongshim Yachae Ramyeon 100g,Noodles,2,93.0,0.0,186.0
T2025000605,2025-11-29,11:40:00,P0293,Lotte Sand Biscuit,Snacks,2,75.0,0.0,150.0
T2025000606,2025-11-29,18:44:00,P0123,Cass Cold Brewed Beer 500mL,Liquor/Beverage,2,170.0,0.0,340.0
T2025000606,2025-11-29,18:44:00,P0273,Haitai  Plumcandy 130g,Snacks,1,95.0,0.0,95.0
T2025000606,2025-11-29,18:44:00,P0152,Samyang Buldak Original Cup,Noodles,1,110.0,0.0,110.0
T2025000606,2025-11-29,18:44:00,P0211,Ottogi Jin Ramen Hot,Noodles,2,40.0,0.0,80.0
T2025000607,2025-11-29,13:06:00,P0280,Nongshim Potato Sticks,Snacks,1,85.0,0.0,85.0
T2025000608,2025-11-29,18:07:00,P0147,Binggrae Coffee Milk,Liquor/Beverage,2,48.0,0.0,96.0
T2025000608,2025-11-29,18:07:00,P0172,Ottogi Jin Hot Big Cup,Noodles,1,75.0,0.0,75.0
T2025000608,2025-11-29,18:07:00,P0295,Pepero Almond,Snacks,4,55.0,0.0,220.0
T2025000608,2025-11-29,18:07:00,P0029,CJ Beksul Pancake Flour,Dry Food,2,125.0,0.0,250.0
T2025000608,2025-11-29,18:07:00,P0293,Lotte Sand Biscuit,Snacks,3,75.0,0.0,225.0
T2025000609,2025-11-29,10:57:00,P0144,Nongshim Welchs Strawberry 355mL,Liquor/Beverage,2,60.0,0.0,120.0
T2025000609,2025-11-29,10:57:00,P0295,Pepero Almond,Snacks,3,55.0,0.15,140.25
T2025000609,2025-11-29,10:57:00,P0291,Crown Sando Biscuit,Snacks,3,75.0,0.0,225.0
T2025000609,2025-11-29,10:57:00,P0038,(Kaya) Korean Rice 1Kg,Dry Food,3,100.0,0.0,300.0
T2025000609,2025-11-29,10:57:00,P0007,Samyang Spicy Mayo,Condiments,2,130.0,0.1,234.0
T2025000610,2025-11-29,17:35:00,P0122,Chamisul Original Soju,Liquor/Beverage,2,175.0,0.0,350.0
T2025000610,2025-11-29,17:35:00,P0276,Orion Sun Chips Korean BBQ,Snacks,2,90.0,0.0,180.0
T2025000610,2025-11-29,17:35:00,P0271,Orion Choco Chip Cookies,Snacks,1,100.0,0.0,100.0
T2025000610,2025-11-29,17:35:00,P0278,Haitai O! Karto Chips,Snacks,3,88.0,0.0,264.0
T2025000610,2025-11-29,17:35:00,P0238,Ottogi Curry Mild,Seasoned/Sauce/Powder,2,115.0,0.0,230.0
T2025000611,2025-11-29,10:31:00,P0296,Lotte Cereal Choco,Snacks,4,55.0,0.0,220.0
T2025000611,2025-11-29,10:31:00,P0295,Pepero Almond,Snacks,3,55.0,0.0,165.0
T2025000611,2025-11-29,10:31:00,P0193,Paldo Gomtang Ramen,Noodles,5,56.0,0.0,280.0
T2025000611,2025-11-29,10:31:00,P0175,Samyang Jjajang Hot Chicken,Noodles,3,75.0,0.0,225.0
T2025000612,2025-11-29,13:01:00,P0122,Chamisul Original Soju,Liquor/Beverage,1,175.0,0.0,175.0
T2025000612,2025-11-29,13:01:00,P0230,CJ Beksul Pancake Sauce,Seasoned/Sauce/Powder,2,145.0,0.0,290.0
T2025000612,2025-11-29,13:01:00,P0104,Pepero Original,Food Frozen,1,55.0,0.0,55.0
T2025000612,2025-11-29,13:01:00,P0178,Samyang Mala Buldak,Noodles,1,70.0,0.0,70.0
T2025000613,2025-11-29,12:46:00,P0300,Can Choco Balls,Snacks,4,45.0,0.0,180.0
T2025000613,2025-11-29,12:46:00,P0286,Crown Caramel Maple Corn,Snacks,1,80.0,0.0,80.0
T2025000613,2025-11-29,12:46:00,P0008,Ottogi Corn Syrup,Condiments,3,98.0,0.15,249.9
T2025000614,2025-11-29,12:47:00,P0027,Yopokki Cheese 240g,Dry Food,1,145.0,0.0,145.0
T2025000614,2025-11-29,12:47:00,P0160,Paldo Wang Cup Kimchi,Noodles,1,90.0,0.0,90.0
T2025000614,2025-11-29,12:47:00,P0293,Lotte Sand Biscuit,Snacks,3,75.0,0.0,225.0
T2025000614,2025-11-29,12:47:00,P0080,Samyang Buldak Original Spicy Mandu 700g,Food Frozen,1,410.0,0.0,410.0
T2025000614,2025-11-29,12:47:00,P0181,Paldo Bibim Cold Noodles,Noodles,1,65.0,0.0,65.0
T2025000615,2025-11-29,19:39:00,P0271,Orion Choco Chip Cookies,Snacks,2,100.0,0.0,200.0
T2025000615,2025-11-29,19:39:00,P0006,Chung Jung One Soy Sauce,Condiments,2,140.0,0.0,280.0
T2025000616,2025-11-29,14:14:00,P0197,Nongshim Seafood Ramyun,Noodles,5,52.0,0.0,260.0
T2025000616,2025-11-29,14:14:00,P0211,Ottogi Jin Ramen Hot,Noodles,3,40.0,0.0,120.0
T2025000616,2025-11-29,14:14:00,P0027,Yopokki Cheese 240g,Dry Food,1,145.0,0.0,145.0
T2025000616,2025-11-29,14:14:00,P0066,Imported Kimchi Big Tub 850g,Food Fresh/Meat/Sidedish,1,150.0,0.0,150.0
T2025000617,2025-11-29,19:45:00,P0146,Binggrae Yogurt Drink,Liquor/Beverage,4,55.0,0.0,220.0
T2025000617,2025-11-29,19:45:00,P0172,Ottogi Jin Hot Big Cup,Noodles,1,75.0,0.0,75.0
T2025000617,2025-11-29,19:45:00,P0211,Ottogi Jin Ramen Hot,Noodles,1,40.0,0.0,40.0
T2025000618,2025-11-29,15:25:00,P0125,Jinro Fresh Soju,Liquor/Beverage,2,170.0,0.0,340.0
T2025000618,2025-11-29,15:25:00,P0244,Wasabi Almond 190g,Snacks,1,440.0,0.0,440.0
T2025000618,2025-11-29,15:25:00,P0163,Samyang Buldak Rose 140g,Noodles,1,88.0,0.0,88.0
T2025000619,2025-11-29,13:03:00,P0122,Chamisul Original Soju,Liquor/Beverage,2,175.0,0.0,350.0
T2025000619,2025-11-29,13:03:00,P0029,CJ Beksul Pancake Flour,Dry Food,2,125.0,0.0,250.0
T2025000619,2025-11-29,13:03:00,P0166,Samyang Buldak Original,Noodles,1,88.0,0.0,88.0
T2025000620,2025-11-29,13:46:00,P0122,Chamisul Original Soju,Liquor/Beverage,1,175.0,0.0,175.0
T2025000620,2025-11-29,13:46:00,P0263,Samlip Honey Castella,Snacks,1,120.0,0.0,120.0
T2025000620,2025-11-29,13:46:00,P0196,Paldo Cheese Ramen,Noodles,3,55.0,0.0,165.0
T2025000620,2025-11-29,13:46:00,P0171,Tempura Udon Big Cup,Noodles,2,75.0,0.0,150.0
T2025000620,2025-11-29,13:46:00,P0162,Ottogi Jin Jjampong,Noodles,3,90.0,0.0,270.0
T2025000621,2025-11-29,15:17:00,P0127,Lets Be Mild Coffee Can 4Pcs,Liquor/Beverage,1,128.0,0.0,128.0
T2025000621,2025-11-29,15:17:00,P0289,Crown Corn Chips,Snacks,1,80.0,0.0,80.0
T2025000621,2025-11-29,15:17:00,P0042,CJ Hetbahn Brown Rice,Dry Food,3,95.0,0.0,285.0
T2025000622,2025-11-29,18:48:00,P0122,Chamisul Original Soju,Liquor/Beverage,2,175.0,0.15,297.5
T2025000622,2025-11-29,18:48:00,P0180,Samyang Curry Ramen,Noodles,3,68.0,0.15,173.4
T2025000622,2025-11-29,18:48:00,P0100,Binggrae Ice Cream Sandwich,Food Frozen,3,80.0,0.0,240.0
T2025000623,2025-11-29,17:07:00,P0137,Hite Beer Can,Liquor/Beverage,1,80.0,0.05,76.0
T2025000623,2025-11-29,17:07:00,P0028,CJ Bibigo Seaweed Soup,Dry Food,2,140.0,0.0,280.0
T2025000624,2025-11-29,13:08:00,P0143,Nongshim Welchs Grape 355mL,Liquor/Beverage,4,60.0,0.05,228.0
T2025000624,2025-11-29,13:08:00,P0099,Daerim  Chaw Spicy Stick 90g,Food Frozen,2,80.0,0.0,160.0
T2025000625,2025-11-29,13:31:00,P0180,Samyang Curry Ramen,Noodles,2,68.0,0.0,136.0
T2025000625,2025-11-29,13:31:00,P0201,Sewoo Tang Small Cup,Noodles,5,50.0,0.0,250.0
T2025000625,2025-11-29,13:31:00,P0018,(Kaya) Korean Rice 1.5Kg,Dry Food,2,190.0,0.0,380.0
T2025000625,2025-11-29,13:31:00,P0007,Samyang Spicy Mayo,Condiments,1,130.0,0.1,117.0
T2025000625,2025-11-29,13:31:00,P0099,Daerim  Chaw Spicy Stick 90g,Food Frozen,3,80.0,0.0,240.0
T2025000626,2025-11-29,19:45:00,P0267,Lotte Pepero White Cookie,Snacks,2,110.0,0.0,220.0
T2025000626,2025-11-29,19:45:00,P0155,Nongshim Dungji Mul Nengmyeon (Cold Noodle),Noodles,3,95.0,0.0,285.0
T2025000626,2025-11-29,19:45:00,P0171,Tempura Udon Big Cup,Noodles,2,75.0,0.0,150.0
T2025000626,2025-11-29,19:45:00,P0200,Paldo Koreno Kimchi Noodle,Noodles,1,50.0,0.0,50.0
T2025000626,2025-11-29,19:45:00,P0095,Samlip Fish Cake Sheets,Food Frozen,2,150.0,0.0,300.0
T2025000627,2025-11-29,08:17:00,P0211,Ottogi Jin Ramen Hot,Noodles,1,40.0,0.0,40.0
T2025000627,2025-11-29,08:17:00,P0265,Orion Almond Candy,Snacks,3,110.0,0.0,330.0
T2025000627,2025-11-29,08:17:00,P0261,Lotte Choco Heim,Snacks,2,120.0,0.0,240.0
T2025000627,2025-11-29,08:17:00,P0239,Ottogi Curry Hot,Seasoned/Sauce/Powder,1,115.0,0.0,115.0
T2025000627,2025-11-29,08:17:00,P0114,Banana Milk 200mL 6Pcs,Liquor/Beverage,1,290.0,0.0,290.0
T2025000628,2025-11-29,20:37:00,P0145,Binggrae Melon Soda,Liquor/Beverage,3,60.0,0.1,162.0
T2025000628,2025-11-29,20:37:00,P0295,Pepero Almond,Snacks,5,55.0,0.0,275.0
T2025000628,2025-11-29,20:37:00,P0166,Samyang Buldak Original,Noodles,3,88.0,0.0,264.0
T2025000628,2025-11-29,20:37:00,P0196,Paldo Cheese Ramen,Noodles,4,55.0,0.0,220.0
T2025000628,2025-11-29,20:37:00,P0172,Ottogi Jin Hot Big Cup,Noodles,3,75.0,0.0,225.0
T2025000629,2025-11-29,11:55:00,P0124,Terra Lager Beer 500mL,Liquor/Beverage,1,170.0,0.15,144.5
T2025000629,2025-11-29,11:55:00,P0206,Nongshim Chapagetti,Noodles,4,45.0,0.1,162.0
T2025000629,2025-11-29,11:55:00,P0177,Ottogi Beef Seaweed Soup Ramen,Noodles,5,70.0,0.0,350.0
T2025000630,2025-11-29,20:10:00,P0124,Terra Lager Beer 500mL,Liquor/Beverage,2,170.0,0.0,340.0
T2025000630,2025-11-29,20:10:00,P0034,CJ  Cooked Rice,Dry Food,1,116.0,0.0,116.0
T2025000630,2025-11-29,20:10:00,P0227,CJ Beksul Beef Bulgogi Sauce 290g,Seasoned/Sauce/Powder,2,150.0,0.1,270.0
T2025000630,2025-11-29,20:10:00,P0075,Bibigo Mul Mandu 370g 2Packs,Food Frozen,1,695.0,0.0,695.0
T2025000630,2025-11-29,20:10:00,P0072,Kongsarang Soft Tofu,Food Fresh/Meat/Sidedish,1,65.0,0.0,65.0
T2025000631,2025-11-29,13:02:00,P0166,Samyang Buldak Original,Noodles,3,88.0,0.0,264.0
T2025000631,2025-11-29,13:02:00,P0200,Paldo Koreno Kimchi Noodle,Noodles,4,50.0,0.0,200.0
T2025000632,2025-11-29,20:21:00,P0122,Chamisul Original Soju,Liquor/Beverage,2,175.0,0.0,350.0
T2025000632,2025-11-29,20:21:00,P0178,Samyang Mala Buldak,Noodles,1,70.0,0.0,70.0
T2025000633,2025-11-29,13:54:00,P0144,Nongshim Welchs Strawberry 355mL,Liquor/Beverage,2,60.0,0.0,120.0
T2025000633,2025-11-29,13:54:00,P0169,Samyang Buldak Stew Type 145g,Noodles,2,80.0,0.0,160.0
T2025000633,2025-11-29,13:54:00,P0207,Ottogi Yeul Ramen 120g,Noodles,2,40.0,0.0,80.0
T2025000634,2025-11-29,19:24:00,P0149,Binggrae Mango Milk,Liquor/Beverage,4,45.0,0.1,162.0
T2025000634,2025-11-29,19:24:00,P0271,Orion Choco Chip Cookies,Snacks,2,100.0,0.0,200.0
T2025000634,2025-11-29,19:24:00,P0250,Haitai Honey Butter Almonds,Snacks,2,190.0,0.0,380.0
T2025000634,2025-11-29,19:24:00,P0087,Bibigo Crispy Seaweed Roll,Food Frozen,2,260.0,0.0,520.0
T2025000635,2025-11-29,17:16:00,P0122,Chamisul Original Soju,Liquor/Beverage,2,175.0,0.0,350.0
T2025000635,2025-11-29,17:16:00,P0290,Doritos Galbi Chicken,Snacks,2,77.0,0.0,154.0
T2025000635,2025-11-29,17:16:00,P0286,Crown Caramel Maple Corn,Snacks,3,80.0,0.0,240.0
T2025000635,2025-11-29,17:16:00,P0159,Nongshim Neuguri Cup 111g,Noodles,3,90.0,0.0,270.0
T2025000635,2025-11-29,17:16:00,P0270,Samlip Custard Cream Cake,Snacks,2,105.0,0.0,210.0
T2025000636,2025-11-29,17:07:00,P0114,Banana Milk 200mL 6Pcs,Liquor/Beverage,1,290.0,0.0,290.0
T2025000636,2025-11-29,17:07:00,P0293,Lotte Sand Biscuit,Snacks,1,75.0,0.0,75.0
T2025000636,2025-11-29,17:07:00,P0180,Samyang Curry Ramen,Noodles,4,68.0,0.0,272.0
T2025000636,2025-11-29,17:07:00,P0190,Nongshim Tempura Udon Cup,Noodles,2,60.0,0.0,120.0
T2025000636,2025-11-29,17:07:00,P0167,Samyang Cheese Buldak,Noodles,1,88.0,0.0,88.0
T2025000637,2025-11-30,13:15:00,P0266,Bibigo Seaweed Crisps,Snacks,1,110.0,0.0,110.0
T2025000638,2025-11-30,19:26:00,P0265,Orion Almond Candy,Snacks,3,110.0,0.0,330.0
T2025000638,2025-11-30,19:26:00,P0202,Nongshim Ansung Tangmen,Noodles,2,50.0,0.0,100.0
T2025000638,2025-11-30,19:26:00,P0165,Samyang Cream Carbo Buldak 140g,Noodles,1,88.0,0.0,88.0
T2025000639,2025-11-30,12:53:00,P0114,Banana Milk 200mL 6Pcs,Liquor/Beverage,1,290.0,0.0,290.0
T2025000639,2025-11-30,12:53:00,P0258,Orion Custard Choco Cake,Snacks,2,130.0,0.0,260.0
T2025000639,2025-11-30,12:53:00,P0295,Pepero Almond,Snacks,4,55.0,0.0,220.0
T2025000639,2025-11-30,12:53:00,P0103,Daerim  Chaw Stick 100g,Food Frozen,3,73.0,0.0,219.0
T2025000640,2025-11-30,13:39:00,P0123,Cass Cold Brewed Beer 500mL,Liquor/Beverage,2,170.0,0.0,340.0
T2025000641,2025-11-30,13:21:00,P0114,Banana Milk 200mL 6Pcs,Liquor/Beverage,2,290.0,0.0,580.0
T2025000641,2025-11-30,13:21:00,P0245,Honey Butter Almond 190g,Snacks,1,420.0,0.0,420.0
T2025000641,2025-11-30,13:21:00,P0294,Pepero Strawberry,Snacks,4,55.0,0.0,220.0
T2025000641,2025-11-30,13:21:00,P0254,Honey Roasted Peanuts,Snacks,2,165.0,0.0,330.0
T2025000641,2025-11-30,13:21:00,P0227,CJ Beksul Beef Bulgogi Sauce 290g,Seasoned/Sauce/Powder,1,150.0,0.0,150.0
T2025000642,2025-11-30,18:10:00,P0297,Pepero Choco Filled,Snacks,3,55.0,0.0,165.0
T2025000642,2025-11-30,18:10:00,P0251,Oil Fried & Salted Peanuts,Snacks,1,185.0,0.0,185.0
T2025000642,2025-11-30,18:10:00,P0211,Ottogi Jin Ramen Hot,Noodles,4,40.0,0.0,160.0
T2025000642,2025-11-30,18:10:00,P0160,Paldo Wang Cup Kimchi,Noodles,1,90.0,0.0,90.0
T2025000642,2025-11-30,18:10:00,P0197,Nongshim Seafood Ramyun,Noodles,5,52.0,0.0,260.0
T2025000643,2025-11-30,19:08:00,P0143,Nongshim Welchs Grape 355mL,Liquor/Beverage,2,60.0,0.0,120.0
T2025000643,2025-11-30,19:08:00,P0272,Haitai  Sunkist Candy 125g,Snacks,2,95.0,0.0,190.0
T2025000643,2025-11-30,19:08:00,P0284,Kkokal Sweet Corn Snack,Snacks,1,80.0,0.0,80.0
T2025000643,2025-11-30,19:08:00,P0007,Samyang Spicy Mayo,Condiments,1,130.0,0.0,130.0
T2025000644,2025-11-30,18:41:00,P0121,Lotte Chum Churum Soju,Liquor/Beverage,2,175.0,0.0,350.0
T2025000644,2025-11-30,18:41:00,P0276,Orion Sun Chips Korean BBQ,Snacks,2,90.0,0.0,180.0
T2025000645,2025-11-30,12:00:00,P0258,Orion Custard Choco Cake,Snacks,2,130.0,0.0,260.0
T2025000645,2025-11-30,12:00:00,P0294,Pepero Strawberry,Snacks,2,55.0,0.0,110.0
T2025000645,2025-11-30,12:00:00,P0260,Binch Biscuit,Snacks,1,120.0,0.0,120.0
T2025000645,2025-11-30,12:00:00,P0007,Samyang Spicy Mayo,Condiments,1,130.0,0.0,130.0
T2025000646,2025-11-30,17:21:00,P0245,Honey Butter Almond 190g,Snacks,1,420.0,0.0,420.0
T2025000646,2025-11-30,17:21:00,P0166,Samyang Buldak Original,Noodles,3,88.0,0.0,264.0
T2025000646,2025-11-30,17:21:00,P0011,CJ  Cooked Rice Plain 210g,Dry Food,2,365.0,0.0,730.0
T2025000646,2025-11-30,17:21:00,P0239,Ottogi Curry Hot,Seasoned/Sauce/Powder,2,115.0,0.0,230.0
T2025000646,2025-11-30,17:21:00,P0072,Kongsarang Soft Tofu,Food Fresh/Meat/Sidedish,3,65.0,0.0,195.0
T2025000647,2025-11-30,11:56:00,P0166,Samyang Buldak Original,Noodles,1,88.0,0.0,88.0
T2025000647,2025-11-30,11:56:00,P0291,Crown Sando Biscuit,Snacks,3,75.0,0.0,225.0
T2025000647,2025-11-30,11:56:00,P0007,Samyang Spicy Mayo,Condiments,2,130.0,0.0,260.0
T2025000647,2025-11-30,11:56:00,P0293,Lotte Sand Biscuit,Snacks,2,75.0,0.0,150.0
T2025000647,2025-11-30,11:56:00,P0272,Haitai  Sunkist Candy 125g,Snacks,1,95.0,0.0,95.0
T2025000648,2025-11-30,20:31:00,P0124,Terra Lager Beer 500mL,Liquor/Beverage,1,170.0,0.0,170.0
T2025000648,2025-11-30,20:31:00,P0295,Pepero Almond,Snacks,5,55.0,0.0,275.0
T2025000648,2025-11-30,20:31:00,P0031,Yopokki Cheese Cup 120g,Dry Food,1,120.0,0.0,120.0
T2025000649,2025-11-30,13:14:00,P0166,Samyang Buldak Original,Noodles,3,88.0,0.0,264.0
T2025000649,2025-11-30,13:14:00,P0210,2Mins Snack Men,Noodles,4,40.0,0.0,160.0
T2025000649,2025-11-30,13:14:00,P0290,Doritos Galbi Chicken,Snacks,3,77.0,0.0,231.0
T2025000649,2025-11-30,13:14:00,P0197,Nongshim Seafood Ramyun,Noodles,4,52.0,0.0,208.0
T2025000649,2025-11-30,13:14:00,P0122,Chamisul Original Soju,Liquor/Beverage,1,175.0,0.0,175.0
T2025000650,2025-11-30,20:29:00,P0274,Haitai Matdongsan,Snacks,3,95.0,0.0,285.0
T2025000650,2025-11-30,20:29:00,P0268,Samlip Walnut Pie,Snacks,3,110.0,0.0,330.0
T2025000650,2025-11-30,20:29:00,P0178,Samyang Mala Buldak,Noodles,3,70.0,0.0,210.0
T2025000650,2025-11-30,20:29:00,P0245,Honey Butter Almond 190g,Snacks,1,420.0,0.0,420.0
T2025000650,2025-11-30,20:29:00,P0196,Paldo Cheese Ramen,Noodles,1,55.0,0.0,55.0
T2025000651,2025-11-30,19:30:00,P0122,Chamisul Original Soju,Liquor/Beverage,2,175.0,0.0,350.0
T2025000651,2025-11-30,19:30:00,P0158,Nongshim Shin Ramen Black,Noodles,1,92.0,0.0,92.0
T2025000651,2025-11-30,19:30:00,P0184,Nongshim Baehongdong Bibimyeon 137g,Noodles,2,61.0,0.0,122.0
T2025000652,2025-11-30,16:52:00,P0211,Ottogi Jin Ramen Hot,Noodles,5,40.0,0.0,200.0
T2025000652,2025-11-30,16:52:00,P0114,Banana Milk 200mL 6Pcs,Liquor/Beverage,1,290.0,0.0,290.0
T2025000652,2025-11-30,16:52:00,P0164,Samyang Buldak 4 Cheese 145g,Noodles,2,88.0,0.0,176.0
T2025000652,2025-11-30,16:52:00,P0263,Samlip Honey Castella,Snacks,2,120.0,0.0,240.0
T2025000652,2025-11-30,16:52:00,P0198,Paldo Koreno Beef Noodle 100g,Noodles,4,50.0,0.0,200.0
T2025000653,2025-11-30,18:23:00,P0161,Paldo Wang Cup,Noodles,3,90.0,0.0,270.0
T2025000653,2025-11-30,18:23:00,P0152,Samyang Buldak Original Cup,Noodles,2,110.0,0.0,220.0
T2025000653,2025-11-30,18:23:00,P0001,Ottogi Sesame Oil 500mL,Condiments,1,590.5,0.0,590.5
T2025000654,2025-11-30,11:58:00,P0263,Samlip Honey Castella,Snacks,3,120.0,0.0,360.0
T2025000654,2025-11-30,11:58:00,P0162,Ottogi Jin Jjampong,Noodles,3,90.0,0.0,270.0
T2025000654,2025-11-30,11:58:00,P0181,Paldo Bibim Cold Noodles,Noodles,4,65.0,0.0,260.0
T2025000654,2025-11-30,11:58:00,P0287,Nongshim Banana Kick 75g,Snacks,3,80.0,0.0,240.0
T2025000654,2025-11-30,11:58:00,P0193,Paldo Gomtang Ramen,Noodles,2,56.0,0.0,112.0
T2025000655,2025-11-30,19:56:00,P0119,Sempio Yuzu Tea,Liquor/Beverage,1,250.0,0.0,250.0
T2025000655,2025-11-30,19:56:00,P0188,Nagasaki Jjampong,Noodles,1,60.0,0.0,60.0
T2025000655,2025-11-30,19:56:00,P0152,Samyang Buldak Original Cup,Noodles,1,110.0,0.0,110.0
T2025000655,2025-11-30,19:56:00,P0046,CJ Beksul Potato Starch,Dry Food,3,85.0,0.0,255.0
T2025000656,2025-11-30,13:35:00,P0295,Pepero Almond,Snacks,4,55.0,0.0,220.0
T2025000656,2025-11-30,13:35:00,P0264,Lotte Ghana Dark Chocolate,Snacks,2,115.0,0.0,230.0
T2025000656,2025-11-30,13:35:00,P0123,Cass Cold Brewed Beer 500mL,Liquor/Beverage,2,170.0,0.0,340.0
T2025000656,2025-11-30,13:35:00,P0008,Ottogi Corn Syrup,Condiments,2,98.0,0.0,196.0
T2025000656,2025-11-30,13:35:00,P0177,Ottogi Beef Seaweed Soup Ramen,Noodles,4,70.0,0.0,280.0
T2025000657,2025-11-30,12:50:00,P0147,Binggrae Coffee Milk,Liquor/Beverage,4,48.0,0.0,192.0
T2025000657,2025-11-30,12:50:00,P0034,CJ  Cooked Rice,Dry Food,3,116.0,0.0,348.0
T2025000657,2025-11-30,12:50:00,P0103,Daerim  Chaw Stick 100g,Food Frozen,1,73.0,0.0,73.0
T2025000658,2025-11-30,13:48:00,P0145,Binggrae Melon Soda,Liquor/Beverage,5,60.0,0.0,300.0
T2025000658,2025-11-30,13:48:00,P0166,Samyang Buldak Original,Noodles,1,88.0,0.0,88.0
T2025000659,2025-11-30,19:41:00,P0142,Nongshim Welchs White Grape 355mL,Liquor/Beverage,5,60.0,0.0,300.0
T2025000659,2025-11-30,19:41:00,P0259,Nongshim Sengseng U-Dong,Snacks,2,125.0,0.0,250.0
T2025000659,2025-11-30,19:41:00,P0293,Lotte Sand Biscuit,Snacks,2,75.0,0.0,150.0
T2025000659,2025-11-30,19:41:00,P0255,Bibigo Crispy Seaweed Snack,Snacks,2,140.0,0.0,280.0
T2025000659,2025-11-30,19:41:00,P0104,Pepero Original,Food Frozen,1,55.0,0.0,55.0
T2025000660,2025-11-30,17:54:00,P0122,Chamisul Original Soju,Liquor/Beverage,1,175.0,0.0,175.0
T2025000660,2025-11-30,17:54:00,P0208,Ottogi Jin Ramen Mild,Noodles,4,40.0,0.0,160.0
T2025000661,2025-11-30,13:25:00,P0125,Jinro Fresh Soju,Liquor/Beverage,2,170.0,0.0,340.0
T2025000661,2025-11-30,13:25:00,P0267,Lotte Pepero White Cookie,Snacks,1,110.0,0.0,110.0
T2025000661,2025-11-30,13:25:00,P0282,Orion Choco Boy,Snacks,1,85.0,0.0,85.0
T2025000661,2025-11-30,13:25:00,P0213,Sempio Yondu 500mL,Seasoned/Sauce/Powder,2,345.0,0.0,690.0
T2025000662,2025-11-30,18:16:00,P0124,Terra Lager Beer 500mL,Liquor/Beverage,1,170.0,0.0,170.0
T2025000662,2025-11-30,18:16:00,P0181,Paldo Bibim Cold Noodles,Noodles,1,65.0,0.0,65.0
T2025000662,2025-11-30,18:16:00,P0211,Ottogi Jin Ramen Hot,Noodles,4,40.0,0.0,160.0
T2025000663,2025-11-30,20:55:00,P0146,Binggrae Yogurt Drink,Liquor/Beverage,5,55.0,0.0,275.0
T2025000663,2025-11-30,20:55:00,P0249,Lotte Chocopie 12Pcs,Snacks,1,200.0,0.0,200.0
T2025000663,2025-11-30,20:55:00,P0295,Pepero Almond,Snacks,4,55.0,0.0,220.0
T2025000663,2025-11-30,20:55:00,P0289,Crown Corn Chips,Snacks,1,80.0,0.0,80.0
T2025000664,2025-11-30,11:19:00,P0125,Jinro Fresh Soju,Liquor/Beverage,2,170.0,0.0,340.0
T2025000664,2025-11-30,11:19:00,P0197,Nongshim Seafood Ramyun,Noodles,1,52.0,0.0,52.0
T2025000664,2025-11-30,11:19:00,P0179,Ottogi Ramen Bokki Cup,Noodles,2,69.0,0.0,138.0
T2025000664,2025-11-30,11:19:00,P0211,Ottogi Jin Ramen Hot,Noodles,4,40.0,0.0,160.0
T2025000665,2025-11-30,09:06:00,P0047,Dongwon Spicy Tuna,Dry Food,1,80.0,0.0,80.0
T2025000666,2025-11-30,16:34:00,P0278,Haitai O! Karto Chips,Snacks,1,88.0,0.0,88.0
T2025000666,2025-11-30,16:34:00,P0289,Crown Corn Chips,Snacks,1,80.0,0.0,80.0
T2025000666,2025-11-30,16:34:00,P0268,Samlip Walnut Pie,Snacks,2,110.0,0.0,220.0
T2025000666,2025-11-30,16:34:00,P0033,CJ Beksul Frying Mix,Dry Food,2,120.0,0.0,240.0
T2025000666,2025-11-30,16:34:00,P0095,Samlip Fish Cake Sheets,Food Frozen,1,150.0,0.0,150.0
T2025000667,2025-11-30,12:52:00,P0300,Can Choco Balls,Snacks,3,45.0,0.0,135.0
T2025000667,2025-11-30,12:52:00,P0257,Lotte Almond Chocolate,Snacks,1,130.0,0.0,130.0
T2025000667,2025-11-30,12:52:00,P0284,Kkokal Sweet Corn Snack,Snacks,3,80.0,0.0,240.0
T2025000667,2025-11-30,12:52:00,P0234,CJ Beksul Spicy Pork Sauce 290g,Seasoned/Sauce/Powder,2,130.0,0.0,260.0
T2025000668,2025-11-30,12:54:00,P0116,Maxim Mocha Gold Coffee Mix 20Pcs,Liquor/Beverage,1,275.0,0.0,275.0
T2025000668,2025-11-30,12:54:00,P0191,Paldo Teumsae Ramen,Noodles,1,60.0,0.0,60.0
T2025000668,2025-11-30,12:54:00,P0173,Nongshim Jjapageti,Noodles,3,75.0,0.0,225.0
T2025000668,2025-11-30,12:54:00,P0202,Nongshim Ansung Tangmen,Noodles,1,50.0,0.0,50.0
T2025000668,2025-11-30,12:54:00,P0228,Sempio Gochujang (500g),Seasoned/Sauce/Powder,2,145.0,0.0,290.0
T2025000669,2025-11-30,11:15:00,P0114,Banana Milk 200mL 6Pcs,Liquor/Beverage,1,290.0,0.0,290.0
T2025000669,2025-11-30,11:15:00,P0277,Orion Turtle Chips Sweet Corn,Snacks,3,89.0,0.0,267.0
T2025000669,2025-11-30,11:15:00,P0295,Pepero Almond,Snacks,1,55.0,0.0,55.0
T2025000669,2025-11-30,11:15:00,P0298,Pepero White Cookie,Snacks,4,55.0,0.0,220.0
T2025000669,2025-11-30,11:15:00,P0077,Daerim  Vienna Sausage 1Kg,Food Frozen,1,580.0,0.0,580.0
T2025000670,2025-11-30,11:14:00,P0024,O'Food Kimchi Soup Mix,Dry Food,1,150.0,0.0,150.0
T2025000670,2025-11-30,11:14:00,P0188,Nagasaki Jjampong,Noodles,2,60.0,0.0,120.0
T2025000670,2025-11-30,11:14:00,P0241,CJ Anchovy Sauce 500g,Seasoned/Sauce/Powder,1,105.0,0.0,105.0
T2025000670,2025-11-30,11:14:00,P0192,Nongshim Soon Veggie Ramen,Noodles,1,58.0,0.0,58.0
T2025000670,2025-11-30,11:14:00,P0114,Banana Milk 200mL 6Pcs,Liquor/Beverage,1,290.0,0.0,290.0
T2025000671,2025-11-30,12:40:00,P0122,Chamisul Original Soju,Liquor/Beverage,1,175.0,0.0,175.0
T2025000672,2025-11-30,19:21:00,P0273,Haitai  Plumcandy 130g,Snacks,3,95.0,0.0,285.0
T2025000672,2025-11-30,19:21:00,P0282,Orion Choco Boy,Snacks,1,85.0,0.0,85.0
T2025000672,2025-11-30,19:21:00,P0036,Dongwon  Tuna Light Can 150g,Dry Food,2,110.0,0.0,220.0
T2025000672,2025-11-30,19:21:00,P0239,Ottogi Curry Hot,Seasoned/Sauce/Powder,2,115.0,0.0,230.0
T2025000673,2025-11-30,20:36:00,P0178,Samyang Mala Buldak,Noodles,5,70.0,0.0,350.0
T2025000673,2025-11-30,20:36:00,P0276,Orion Sun Chips Korean BBQ,Snacks,1,90.0,0.0,90.0
T2025000673,2025-11-30,20:36:00,P0300,Can Choco Balls,Snacks,3,45.0,0.0,135.0
T2025000673,2025-11-30,20:36:00,P0147,Binggrae Coffee Milk,Liquor/Beverage,3,48.0,0.0,144.0
T2025000673,2025-11-30,20:36:00,P0275,Haitai Sweet Potato Snack,Snacks,2,95.0,0.0,190.0
T2025000674,2025-11-30,12:48:00,P0147,Binggrae Coffee Milk,Liquor/Beverage,2,48.0,0.0,96.0
T2025000674,2025-11-30,12:48:00,P0251,Oil Fried & Salted Peanuts,Snacks,2,185.0,0.0,370.0
T2025000674,2025-11-30,12:48:00,P0033,CJ Beksul Frying Mix,Dry Food,3,120.0,0.0,360.0
T2025000674,2025-11-30,12:48:00,P0239,Ottogi Curry Hot,Seasoned/Sauce/Powder,2,115.0,0.0,230.0
T2025000675,2025-11-30,11:35:00,P0044,Ottogi Vegetable Soup 80g,Dry Food,3,90.0,0.0,270.0
T2025000675,2025-11-30,11:35:00,P0073,Perilla Leaves 2Packs,Food Fresh/Meat/Sidedish,1,40.0,0.0,40.0
T2025000676,2025-11-30,20:46:00,P0252,Lotte Banana Choco Pie 12Pcs,Snacks,2,180.0,0.0,360.0
T2025000676,2025-11-30,20:46:00,P0228,Sempio Gochujang (500g),Seasoned/Sauce/Powder,1,145.0,0.0,145.0
T2025000677,2025-11-30,08:03:00,P0114,Banana Milk 200mL 6Pcs,Liquor/Beverage,1,290.0,0.0,290.0
T2025000677,2025-11-30,08:03:00,P0261,Lotte Choco Heim,Snacks,2,120.0,0.0,240.0
T2025000677,2025-11-30,08:03:00,P0297,Pepero Choco Filled,Snacks,5,55.0,0.0,275.0
T2025000677,2025-11-30,08:03:00,P0200,Paldo Koreno Kimchi Noodle,Noodles,1,50.0,0.0,50.0
T2025000677,2025-11-30,08:03:00,P0211,Ottogi Jin Ramen Hot,Noodles,1,40.0,0.0,40.0
T2025000678,2025-11-30,15:26:00,P0271,Orion Choco Chip Cookies,Snacks,1,100.0,0.0,100.0
T2025000678,2025-11-30,15:26:00,P0244,Wasabi Almond 190g,Snacks,1,440.0,0.0,440.0
T2025000678,2025-11-30,15:26:00,P0288,Nongshim Honey Rice Snack,Snacks,2,80.0,0.0,160.0
T2025000678,2025-11-30,15:26:00,P0006,Chung Jung One Soy Sauce,Condiments,1,140.0,0.0,140.0
T2025000679,2025-11-30,16:32:00,P0295,Pepero Almond,Snacks,1,55.0,0.0,55.0
T2025000679,2025-11-30,16:32:00,P0299,Lotte Xylitol Green Gum,Snacks,2,55.0,0.0,110.0
T2025000679,2025-11-30,16:32:00,P0185,Nongshim Shin Non-Frying Ramen 97g,Noodles,2,60.0,0.0,120.0
T2025000679,2025-11-30,16:32:00,P0180,Samyang Curry Ramen,Noodles,2,68.0,0.0,136.0
T2025000679,2025-11-30,16:32:00,P0210,2Mins Snack Men,Noodles,4,40.0,0.0,160.0
T2025000680,2025-11-30,12:32:00,P0124,Terra Lager Beer 500mL,Liquor/Beverage,1,170.0,0.0,170.0
T2025000680,2025-11-30,12:32:00,P0211,Ottogi Jin Ramen Hot,Noodles,5,40.0,0.0,200.0
T2025000680,2025-11-30,12:32:00,P0184,Nongshim Baehongdong Bibimyeon 137g,Noodles,3,61.0,0.0,183.0
T2025000680,2025-11-30,12:32:00,P0171,Tempura Udon Big Cup,Noodles,3,75.0,0.0,225.0
T2025000680,2025-11-30,12:32:00,P0057,Jongga Pogi Kimchi 500g,Food Fresh/Meat/Sidedish,1,315.0,0.0,315.0
T2025000681,2025-11-30,20:54:00,P0132,Sunhari Strawberry 360mL,Liquor/Beverage,1,120.0,0.0,120.0
T2025000681,2025-11-30,20:54:00,P0289,Crown Corn Chips,Snacks,1,80.0,0.0,80.0
T2025000681,2025-11-30,20:54:00,P0195,Ottogi Jin Mild Small Cup,Noodles,3,55.0,0.0,165.0
T2025000681,2025-11-30,20:54:00,P0171,Tempura Udon Big Cup,Noodles,1,75.0,0.0,75.0
T2025000682,2025-11-30,15:30:00,P0124,Terra Lager Beer 500mL,Liquor/Beverage,2,170.0,0.0,340.0
T2025000682,2025-11-30,15:30:00,P0273,Haitai  Plumcandy 130g,Snacks,3,95.0,0.0,285.0
T2025000682,2025-11-30,15:30:00,P0202,Nongshim Ansung Tangmen,Noodles,2,50.0,0.0,100.0
T2025000682,2025-11-30,15:30:00,P0183,Samyang Kimchi Ramen Bowl,Noodles,4,65.0,0.0,260.0
T2025000682,2025-11-30,15:30:00,P0004,O'Food Korean Chili Oil,Condiments,2,160.0,0.0,320.0
T2025000683,2025-11-30,19:18:00,P0252,Lotte Banana Choco Pie 12Pcs,Snacks,1,180.0,0.0,180.0
T2025000683,2025-11-30,19:18:00,P0295,Pepero Almond,Snacks,1,55.0,0.0,55.0
T2025000683,2025-11-30,19:18:00,P0290,Doritos Galbi Chicken,Snacks,3,77.0,0.0,231.0
T2025000683,2025-11-30,19:18:00,P0166,Samyang Buldak Original,Noodles,2,88.0,0.0,176.0
T2025000683,2025-11-30,19:18:00,P0143,Nongshim Welchs Grape 355mL,Liquor/Beverage,4,60.0,0.0,240.0
T2025000684,2025-11-30,12:28:00,P0209,Ottogi Kimchi Ramen,Noodles,1,40.0,0.0,40.0
T2025000684,2025-11-30,12:28:00,P0028,CJ Bibigo Seaweed Soup,Dry Food,1,140.0,0.0,140.0
T2025000684,2025-11-30,12:28:00,P0213,Sempio Yondu 500mL,Seasoned/Sauce/Powder,1,345.0,0.0,345.0
T2025000685,2025-11-30,10:21:00,P0263,Samlip Honey Castella,Snacks,3,120.0,0.0,360.0
T2025000685,2025-11-30,10:21:00,P0271,Orion Choco Chip Cookies,Snacks,3,100.0,0.0,300.0
T2025000685,2025-11-30,10:21:00,P0045,CJ Beksul Wheat Flour,Dry Food,2,90.0,0.0,180.0
T2025000685,2025-11-30,10:21:00,P0004,O'Food Korean Chili Oil,Condiments,2,160.0,0.0,320.0
T2025000686,2025-11-30,18:49:00,P0001,Ottogi Sesame Oil 500mL,Condiments,1,590.5,0.0,590.5
T2025000687,2025-11-30,17:53:00,P0122,Chamisul Original Soju,Liquor/Beverage,1,175.0,0.0,175.0
T2025000687,2025-11-30,17:53:00,P0287,Nongshim Banana Kick 75g,Snacks,1,80.0,0.0,80.0
T2025000687,2025-11-30,17:53:00,P0289,Crown Corn Chips,Snacks,3,80.0,0.0,240.0
T2025000687,2025-11-30,17:53:00,P0293,Lotte Sand Biscuit,Snacks,2,75.0,0.0,150.0
T2025000688,2025-11-30,18:35:00,P0144,Nongshim Welchs Strawberry 355mL,Liquor/Beverage,3,60.0,0.0,180.0
T2025000688,2025-11-30,18:35:00,P0288,Nongshim Honey Rice Snack,Snacks,3,80.0,0.0,240.0
T2025000688,2025-11-30,18:35:00,P0259,Nongshim Sengseng U-Dong,Snacks,1,125.0,0.0,125.0
T2025000688,2025-11-30,18:35:00,P0003,Sempio Sesame Oil,Condiments,2,185.0,0.0,370.0
T2025000689,2025-11-30,14:04:00,P0105,White Gold Coffee 100Sticks,Liquor/Beverage,1,1150.0,0.0,1150.0
T2025000689,2025-11-30,14:04:00,P0193,Paldo Gomtang Ramen,Noodles,1,56.0,0.0,56.0
T2025000689,2025-11-30,14:04:00,P0047,Dongwon Spicy Tuna,Dry Food,3,80.0,0.0,240.0
T2025000689,2025-11-30,14:04:00,P0268,Samlip Walnut Pie,Snacks,3,110.0,0.0,330.0
T2025000689,2025-11-30,14:04:00,P0008,Ottogi Corn Syrup,Condiments,3,98.0,0.0,294.0
T2025000690,2025-11-30,14:57:00,P0130,Sunhari Apple 360mL,Liquor/Beverage,1,120.0,0.0,120.0
T2025000690,2025-11-30,14:57:00,P0292,Orion Goraebab Crackers,Snacks,2,75.0,0.0,150.0
T2025000690,2025-11-30,14:57:00,P0008,Ottogi Corn Syrup,Condiments,1,98.0,0.0,98.0
T2025000691,2025-11-30,21:34:00,P0140,Woongjin Yogurt Peach 340mL,Liquor/Beverage,2,60.0,0.0,120.0
T2025000691,2025-11-30,21:34:00,P0164,Samyang Buldak 4 Cheese 145g,Noodles,1,88.0,0.0,88.0
T2025000691,2025-11-30,21:34:00,P0171,Tempura Udon Big Cup,Noodles,2,75.0,0.0,150.0
T2025000691,2025-11-30,21:34:00,P0020,CJ Beksul Hotteok Mix,Dry Food,2,185.0,0.0,370.0
T2025000692,2025-11-30,19:06:00,P0122,Chamisul Original Soju,Liquor/Beverage,2,175.0,0.0,350.0
T2025000692,2025-11-30,19:06:00,P0290,Doritos Galbi Chicken,Snacks,3,77.0,0.0,231.0
T2025000692,2025-11-30,19:06:00,P0291,Crown Sando Biscuit,Snacks,1,75.0,0.0,75.0
T2025000692,2025-11-30,19:06:00,P0048,Dongwon Light Tuna,Dry Food,2,75.0,0.0,150.0
T2025000694,2025-11-30,12:12:00,P0041,CJ Hetbahn Multi-Grain Rice,Dry Food,1,95.0,0.0,95.0
T2025000694,2025-11-30,12:12:00,P0008,Ottogi Corn Syrup,Condiments,3,98.0,0.0,294.0
T2025000695,2025-11-30,19:56:00,P0146,Binggrae Yogurt Drink,Liquor/Beverage,5,55.0,0.0,275.0
T2025000695,2025-11-30,19:56:00,P0294,Pepero Strawberry,Snacks,4,55.0,0.0,220.0
T2025000695,2025-11-30,19:56:00,P0006,Chung Jung One Soy Sauce,Condiments,1,140.0,0.0,140.0
T2025000696,2025-11-30,08:55:00,P0006,Chung Jung One Soy Sauce,Condiments,2,140.0,0.0,280.0
T2025000696,2025-11-30,08:55:00,P0298,Pepero White Cookie,Snacks,3,55.0,0.0,165.0
T2025000696,2025-11-30,08:55:00,P0191,Paldo Teumsae Ramen,Noodles,1,60.0,0.0,60.0
T2025000696,2025-11-30,08:55:00,P0142,Nongshim Welchs White Grape 355mL,Liquor/Beverage,2,60.0,0.0,120.0
T2025000696,2025-11-30,08:55:00,P0172,Ottogi Jin Hot Big Cup,Noodles,2,75.0,0.0,150.0
T2025000697,2025-11-30,12:03:00,P0124,Terra Lager Beer 500mL,Liquor/Beverage,1,170.0,0.0,170.0
T2025000697,2025-11-30,12:03:00,P0211,Ottogi Jin Ramen Hot,Noodles,3,40.0,0.0,120.0
T2025000698,2025-11-30,12:37:00,P0125,Jinro Fresh Soju,Liquor/Beverage,1,170.0,0.0,170.0
T2025000698,2025-11-30,12:37:00,P0295,Pepero Almond,Snacks,4,55.0,0.0,220.0
T2025000698,2025-11-30,12:37:00,P0281,Haitai Ace Crackers,Snacks,2,85.0,0.0,170.0
T2025000698,2025-11-30,12:37:00,P0211,Ottogi Jin Ramen Hot,Noodles,5,40.0,0.0,200.0
T2025000698,2025-11-30,12:37:00,P0027,Yopokki Cheese 240g,Dry Food,1,145.0,0.0,145.0
T2025000699,2025-11-30,21:59:00,P0256,Orion Custard Cake,Snacks,2,130.0,0.0,260.0
T2025000699,2025-11-30,21:59:00,P0278,Haitai O! Karto Chips,Snacks,2,88.0,0.0,176.0
T2025000700,2025-11-30,11:11:00,P0123,Cass Cold Brewed Beer 500mL,Liquor/Beverage,1,170.0,0.0,170.0
T2025000700,2025-11-30,11:11:00,P0296,Lotte Cereal Choco,Snacks,4,55.0,0.0,220.0
T2025000701,2025-11-30,13:00:00,P0166,Samyang Buldak Original,Noodles,2,88.0,0.0,176.0
T2025000701,2025-11-30,13:00:00,P0038,(Kaya) Korean Rice 1Kg,Dry Food,2,100.0,0.0,200.0
T2025000701,2025-11-30,13:00:00,P0121,Lotte Chum Churum Soju,Liquor/Beverage,2,175.0,0.0,350.0
T2025000701,2025-11-30,13:00:00,P0241,CJ Anchovy Sauce 500g,Seasoned/Sauce/Powder,1,105.0,0.0,105.0
T2025000701,2025-11-30,13:00:00,P0294,Pepero Strawberry,Snacks,2,55.0,0.0,110.0
T2025000702,2025-11-30,18:36:00,P0245,Honey Butter Almond 190g,Snacks,1,420.0,0.0,420.0
T2025000702,2025-11-30,18:36:00,P0114,Banana Milk 200mL 6Pcs,Liquor/Beverage,1,290.0,0.0,290.0
T2025000702,2025-11-30,18:36:00,P0236,CJ  Soybean Paste 500g,Seasoned/Sauce/Powder,1,123.0,0.0,123.0
T2025000702,2025-11-30,18:36:00,P0264,Lotte Ghana Dark Chocolate,Snacks,2,115.0,0.0,230.0
T2025000702,2025-11-30,18:36:00,P0260,Binch Biscuit,Snacks,3,120.0,0.0,360.0
T2025000703,2025-11-30,19:17:00,P0147,Binggrae Coffee Milk,Liquor/Beverage,3,48.0,0.0,144.0
T2025000703,2025-11-30,19:17:00,P0251,Oil Fried & Salted Peanuts,Snacks,1,185.0,0.0,185.0
T2025000703,2025-11-30,19:17:00,P0203,Jin Ramen Spicy Cup,Noodles,1,50.0,0.0,50.0
T2025000703,2025-11-30,19:17:00,P0181,Paldo Bibim Cold Noodles,Noodles,2,65.0,0.0,130.0
T2025000704,2025-11-30,10:10:00,P0228,Sempio Gochujang (500g),Seasoned/Sauce/Powder,1,145.0,0.0,145.0
T2025000705,2025-11-30,19:15:00,P0125,Jinro Fresh Soju,Liquor/Beverage,1,170.0,0.0,170.0
T2025000705,2025-11-30,19:15:00,P0264,Lotte Ghana Dark Chocolate,Snacks,1,115.0,0.0,115.0
T2025000705,2025-11-30,19:15:00,P0294,Pepero Strawberry,Snacks,4,55.0,0.0,220.0
T2025000705,2025-11-30,19:15:00,P0295,Pepero Almond,Snacks,1,55.0,0.0,55.0
