Transaction_Id,Date,Time,Product_ID,Product_Name,Category,Quantity,Unit_Price,Discount,Total_Amount
T2025000001,03/11/2025,18:54:00,P0125,Jinro Fresh Soju,Liquor/Beverage,2,170,0,340
T2025000001,03/11/2025,18:54:00,P0032,Samlip Mini Kimbap,Dry Food,2,120,0,240
T2025000001,03/11/2025,18:54:00,P0076,CJ  Crispy Hotdog,Food Frozen,1,640,0,640
T2025000001,03/11/2025,18:54:00,P0071,Kongsarang Firm Tofu,Food Fresh/Meat/Sidedish,5,65,0.1,292.5
T2025000002,03/11/2025,18:05:00,P0257,Lotte Almond Chocolate,Snacks,1,130,0,130
T2025000002,03/11/2025,18:05:00,P0180,Samyang Curry Ramen,Noodles,4,68,0,272
T2025000002,03/11/2025,18:05:00,P0181,Paldo Bibim Cold Noodles,Noodles,2,65,0,130
T2025000002,03/11/2025,18:05:00,P0001,Ottogi Sesame Oil 500mL,Condiments,1,590.5,0.15,501.93
T2025000002,03/11/2025,18:05:00,P0102,MWC Tteok Galbi Bar,Food Frozen,3,75,0,225
T2025000003,03/11/2025,13:29:00,P0115,Strawberry Milk 200mL 6Pcs,Liquor/Beverage,1,290,0,290
T2025000003,03/11/2025,13:29:00,P0177,Ottogi Beef Seaweed Soup Ramen,Noodles,1,70,0,70
T2025000003,03/11/2025,13:29:00,P0165,Samyang Cream Carbo Buldak 140g,Noodles,1,88,0.1,79.2
T2025000003,03/11/2025,13:29:00,P0241,CJ Anchovy Sauce 500g,Seasoned/Sauce/Powder,2,105,0,210
T2025000004,03/11/2025,19:47:00,P0124,Terra Lager Beer 500mL,Liquor/Beverage,1,170,0,170
T2025000004,03/11/2025,19:47:00,P0027,Yopokki Cheese 240g,Dry Food,1,145,0,145
T2025000005,03/11/2025,17:05:00,P0125,Jinro Fresh Soju,Liquor/Beverage,1,170,0,170
T2025000005,03/11/2025,17:05:00,P0279,Orion O! Karto Sweet Corn,Snacks,3,88,0,264
T2025000005,03/11/2025,17:05:00,P0291,Crown Sando Biscuit,Snacks,2,75,0,150
T2025000005,03/11/2025,17:05:00,P0240,Ottogi Spaghetti Sauce,Seasoned/Sauce/Powder,2,115,0,230
T2025000006,03/11/2025,13:19:00,P0140,Woongjin Yogurt Peach 340mL,Liquor/Beverage,1,60,0,60
T2025000006,03/11/2025,13:19:00,P0296,Lotte Cereal Choco,Snacks,4,55,0,220
T2025000007,03/11/2025,12:43:00,P0148,Binggrae Strawberry Milk,Liquor/Beverage,3,45,0,135
T2025000008,03/11/2025,19:43:00,P0190,Nongshim Tempura Udon Cup,Noodles,5,60,0,300
T2025000008,03/11/2025,19:43:00,P0040,Ottogi Sweet Corn 340g,Dry Food,3,95,0.05,270.75
T2025000009,03/11/2025,17:16:00,P0172,Ottogi Jin Hot Big Cup,Noodles,1,75,0,75
T2025000009,03/11/2025,17:16:00,P0125,Jinro Fresh Soju,Liquor/Beverage,2,170,0,340
T2025000009,03/11/2025,17:16:00,P0283,Orion Ogingo Ttangkong,Snacks,3,83,0,249
T2025000009,03/11/2025,17:16:00,P0232,O'Food Tofu Stew Base,Seasoned/Sauce/Powder,2,135,0,270
T2025000009,03/11/2025,17:16:00,P0048,Dongwon Light Tuna,Dry Food,2,75,0,150
T2025000010,03/11/2025,17:17:00,P0123,Cass Cold Brewed Beer 500mL,Liquor/Beverage,1,170,0,170
T2025000010,03/11/2025,17:17:00,P0157,Nongshim Yachae Ramyeon 100g,Noodles,3,93,0,279
T2025000010,03/11/2025,17:17:00,P0153,Samyang Buldak Cheese Cup,Noodles,2,110,0,220
T2025000011,03/11/2025,21:42:00,P0147,Binggrae Coffee Milk,Liquor/Beverage,3,48,0,144
T2025000011,03/11/2025,21:42:00,P0166,Samyang Buldak Original,Noodles,3,88,0,264
T2025000011,03/11/2025,21:42:00,P0038,(Kaya) Korean Rice 1Kg,Dry Food,1,100,0,100
T2025000012,03/11/2025,11:18:00,P0131,Sunhari Yogurt 360mL,Liquor/Beverage,1,120,0,120
T2025000012,03/11/2025,11:18:00,P0281,Haitai Ace Crackers,Snacks,3,85,0,255
T2025000012,03/11/2025,11:18:00,P0245,Honey Butter Almond 190g,Snacks,1,420,0,420
T2025000012,03/11/2025,11:18:00,P0039,Ottogi 3Mins Curry,Dry Food,2,99,0,198
T2025000013,03/11/2025,12:58:00,P0124,Terra Lager Beer 500mL,Liquor/Beverage,1,170,0,170
T2025000013,03/11/2025,12:58:00,P0297,Pepero Choco Filled,Snacks,3,55,0,165
T2025000014,03/11/2025,18:57:00,P0245,Honey Butter Almond 190g,Snacks,1,420,0,420
T2025000014,03/11/2025,18:57:00,P0180,Samyang Curry Ramen,Noodles,4,68,0,272
T2025000014,03/11/2025,18:57:00,P0071,Kongsarang Firm Tofu,Food Fresh/Meat/Sidedish,1,65,0,65
T2025000014,03/11/2025,18:57:00,P0188,Nagasaki Jjampong,Noodles,3,60,0,180
T2025000014,03/11/2025,18:57:00,P0123,Cass Cold Brewed Beer 500mL,Liquor/Beverage,2,170,0,340
T2025000015,03/11/2025,17:56:00,P0191,Paldo Teumsae Ramen,Noodles,1,60,0,60
T2025000015,03/11/2025,17:56:00,P0179,Ottogi Ramen Bokki Cup,Noodles,2,69,0,138
T2025000015,03/11/2025,17:56:00,P0182,Paldo Ilpoom Jjajang,Noodles,2,65,0,130
T2025000015,03/11/2025,17:56:00,P0078,Spanish Mackerel 340g,Food Frozen,1,500,0,500
T2025000015,03/11/2025,17:56:00,P0266,Bibigo Seaweed Crisps,Snacks,2,110,0,220
T2025000016,03/11/2025,9:23:00,P0095,Samlip Fish Cake Sheets,Food Frozen,2,150,0,300
T2025000016,03/11/2025,9:23:00,P0008,Ottogi Corn Syrup,Condiments,3,98,0.05,279.3
T2025000016,03/11/2025,9:23:00,P0239,Ottogi Curry Hot,Seasoned/Sauce/Powder,3,115,0,345
T2025000016,03/11/2025,9:23:00,P0194,Shin Ramen Kimchi,Noodles,1,55,0,55
T2025000016,03/11/2025,9:23:00,P0250,Haitai Honey Butter Almonds,Snacks,1,190,0,190
T2025000017,03/11/2025,20:00:00,P0193,Paldo Gomtang Ramen,Noodles,1,56,0,56
T2025000017,03/11/2025,20:00:00,P0177,Ottogi Beef Seaweed Soup Ramen,Noodles,3,70,0,210
T2025000017,03/11/2025,20:00:00,P0152,Samyang Buldak Original Cup,Noodles,1,110,0,110
T2025000017,03/11/2025,20:00:00,P0003,Sempio Sesame Oil,Condiments,2,185,0,370
T2025000017,03/11/2025,20:00:00,P0064,Kimbab Radish 400g,Food Fresh/Meat/Sidedish,1,185,0,185
T2025000018,03/11/2025,18:58:00,P0149,Binggrae Mango Milk,Liquor/Beverage,5,45,0,225
T2025000018,03/11/2025,18:58:00,P0178,Samyang Mala Buldak,Noodles,1,70,0.15,59.5
T2025000018,03/11/2025,18:58:00,P0009,CJ Beksul Corn Syrup,Condiments,3,95,0,285
T2025000018,03/11/2025,18:58:00,P0104,Pepero Original,Food Frozen,1,55,0,55
T2025000019,03/11/2025,18:21:00,P0149,Binggrae Mango Milk,Liquor/Beverage,3,45,0,135
T2025000019,03/11/2025,18:21:00,P0257,Lotte Almond Chocolate,Snacks,2,130,0,260
T2025000019,03/11/2025,18:21:00,P0295,Pepero Almond,Snacks,5,55,0,275
T2025000019,03/11/2025,18:21:00,P0291,Crown Sando Biscuit,Snacks,3,75,0,225
T2025000020,03/11/2025,18:56:00,P0245,Honey Butter Almond 190g,Snacks,1,420,0,420
T2025000020,03/11/2025,18:56:00,P0178,Samyang Mala Buldak,Noodles,5,70,0,350
T2025000020,03/11/2025,18:56:00,P0158,Nongshim Shin Ramen Black,Noodles,1,92,0,92
T2025000020,03/11/2025,18:56:00,P0069,Bibigo Beef Bone Soup,Food Fresh/Meat/Sidedish,2,110,0,220
T2025000020,03/11/2025,18:56:00,P0177,Ottogi Beef Seaweed Soup Ramen,Noodles,2,70,0,140
T2025000021,03/11/2025,18:24:00,P0140,Woongjin Yogurt Peach 340mL,Liquor/Beverage,2,60,0,120
T2025000021,03/11/2025,18:24:00,P0276,Orion Sun Chips Korean BBQ,Snacks,3,90,0,270
T2025000021,03/11/2025,18:24:00,P0292,Orion Goraebab Crackers,Snacks,2,75,0,150
T2025000021,03/11/2025,18:24:00,P0032,Samlip Mini Kimbap,Dry Food,2,120,0,240
T2025000021,03/11/2025,18:24:00,P0080,Samyang Buldak Original Spicy Mandu 700g,Food Frozen,1,410,0,410
T2025000022,03/11/2025,13:03:00,P0264,Lotte Ghana Dark Chocolate,Snacks,2,115,0,230
T2025000022,03/11/2025,13:03:00,P0239,Ottogi Curry Hot,Seasoned/Sauce/Powder,1,115,0,115
T2025000023,03/11/2025,12:37:00,P0122,Chamisul Original Soju,Liquor/Beverage,1,175,0,175
T2025000023,03/11/2025,12:37:00,P0295,Pepero Almond,Snacks,4,55,0,220
T2025000025,03/11/2025,12:13:00,P0295,Pepero Almond,Snacks,1,55,0,55
T2025000025,03/11/2025,12:13:00,P0190,Nongshim Tempura Udon Cup,Noodles,3,60,0,180
T2025000025,03/11/2025,12:13:00,P0194,Shin Ramen Kimchi,Noodles,1,55,0,55
T2025000025,03/11/2025,12:13:00,P0184,Nongshim Baehongdong Bibimyeon 137g,Noodles,2,61,0,122
T2025000025,03/11/2025,12:13:00,P0101,Daerim  Fish Cake Stick,Food Frozen,3,77,0,231
T2025000026,03/11/2025,12:17:00,P0124,Terra Lager Beer 500mL,Liquor/Beverage,1,170,0,170
T2025000026,03/11/2025,12:17:00,P0295,Pepero Almond,Snacks,4,55,0,220
T2025000026,03/11/2025,12:17:00,P0282,Orion Choco Boy,Snacks,2,85,0,170
T2025000026,03/11/2025,12:17:00,P0008,Ottogi Corn Syrup,Condiments,3,98,0,294
T2025000027,03/11/2025,10:04:00,P0198,Paldo Koreno Beef Noodle 100g,Noodles,2,50,0,100
T2025000027,03/11/2025,10:04:00,P0121,Lotte Chum Churum Soju,Liquor/Beverage,1,175,0,175
T2025000027,03/11/2025,10:04:00,P0008,Ottogi Corn Syrup,Condiments,1,98,0,98
T2025000027,03/11/2025,10:04:00,P0171,Tempura Udon Big Cup,Noodles,1,75,0,75
T2025000027,03/11/2025,10:04:00,P0261,Lotte Choco Heim,Snacks,1,120,0,120
T2025000028,03/11/2025,16:03:00,P0295,Pepero Almond,Snacks,4,55,0,220
T2025000028,03/11/2025,16:03:00,P0197,Nongshim Seafood Ramyun,Noodles,5,52,0,260
T2025000028,03/11/2025,16:03:00,P0284,Kkokal Sweet Corn Snack,Snacks,3,80,0,240
T2025000028,03/11/2025,16:03:00,P0206,Nongshim Chapagetti,Noodles,5,45,0,225
T2025000028,03/11/2025,16:03:00,P0175,Samyang Jjajang Hot Chicken,Noodles,3,75,0,225
T2025000029,03/11/2025,19:01:00,P0133,Sunhari Blueberry 360mL,Liquor/Beverage,3,120,0.1,324
T2025000029,03/11/2025,19:01:00,P0253,Orion Market O Brownie,Snacks,1,170,0,170
T2025000029,03/11/2025,19:01:00,P0043,CJ Hetbahn Cooked Barley,Dry Food,2,95,0,190
T2025000029,03/11/2025,19:01:00,P0005,Ottogi Gold Mayonnaise 300g,Condiments,1,150,0,150
T2025000030,03/11/2025,13:41:00,P0181,Paldo Bibim Cold Noodles,Noodles,5,65,0,325
T2025000030,03/11/2025,13:41:00,P0297,Pepero Choco Filled,Snacks,2,55,0,110
T2025000030,03/11/2025,13:41:00,P0018,(Kaya) Korean Rice 1.5Kg,Dry Food,2,190,0,380
T2025000030,03/11/2025,13:41:00,P0125,Jinro Fresh Soju,Liquor/Beverage,1,170,0.05,161.5
T2025000030,03/11/2025,13:41:00,P0210,2Mins Snack Men,Noodles,1,40,0,40
T2025000031,03/11/2025,12:20:00,P0114,Banana Milk 200mL 6Pcs,Liquor/Beverage,1,290,0,290
T2025000031,03/11/2025,12:20:00,P0020,CJ Beksul Hotteok Mix,Dry Food,2,185,0,370
T2025000032,03/11/2025,16:23:00,P0124,Terra Lager Beer 500mL,Liquor/Beverage,1,170,0,170
T2025000032,03/11/2025,16:23:00,P0298,Pepero White Cookie,Snacks,3,55,0,165
T2025000032,03/11/2025,16:23:00,P0088,Dongwon  Real Crabs 144g ,Food Frozen,1,259,0.15,220.15
T2025000033,03/11/2025,12:03:00,P0143,Nongshim Welchs Grape 355mL,Liquor/Beverage,1,60,0,60
T2025000033,03/11/2025,12:03:00,P0251,Oil Fried & Salted Peanuts,Snacks,2,185,0,370
T2025000033,03/11/2025,12:03:00,P0270,Samlip Custard Cream Cake,Snacks,2,105,0,210
T2025000033,03/11/2025,12:03:00,P0289,Crown Corn Chips,Snacks,2,80,0,160
T2025000033,03/11/2025,12:03:00,P0052,Shine Beef Bulgogi Pack,Food Fresh/Meat/Sidedish,1,550,0,550
T2025000034,03/11/2025,13:58:00,P0294,Pepero Strawberry,Snacks,4,55,0,220
T2025000034,03/11/2025,13:58:00,P0188,Nagasaki Jjampong,Noodles,4,60,0,240
T2025000034,03/11/2025,13:58:00,P0190,Nongshim Tempura Udon Cup,Noodles,4,60,0.1,216
T2025000034,03/11/2025,13:58:00,P0007,Samyang Spicy Mayo,Condiments,2,130,0,260
T2025000035,03/11/2025,17:16:00,P0298,Pepero White Cookie,Snacks,4,55,0,220
T2025000035,03/11/2025,17:16:00,P0203,Jin Ramen Spicy Cup,Noodles,4,50,0,200
T2025000035,03/11/2025,17:16:00,P0193,Paldo Gomtang Ramen,Noodles,4,56,0,224
T2025000035,03/11/2025,17:16:00,P0158,Nongshim Shin Ramen Black,Noodles,3,92,0,276
T2025000036,03/11/2025,16:00:00,P0125,Jinro Fresh Soju,Liquor/Beverage,2,170,0,340
T2025000036,03/11/2025,16:00:00,P0035,CJ  Multi-Grains Cooked Rice 210g,Dry Food,1,110,0,110
T2025000037,03/11/2025,18:37:00,P0188,Nagasaki Jjampong,Noodles,2,60,0,120
T2025000037,03/11/2025,18:37:00,P0172,Ottogi Jin Hot Big Cup,Noodles,2,75,0,150
T2025000037,03/11/2025,18:37:00,P0190,Nongshim Tempura Udon Cup,Noodles,4,60,0,240
T2025000038,03/11/2025,9:06:00,P0114,Banana Milk 200mL 6Pcs,Liquor/Beverage,1,290,0,290
T2025000038,03/11/2025,9:06:00,P0252,Lotte Banana Choco Pie 12Pcs,Snacks,1,180,0,180
T2025000038,03/11/2025,9:06:00,P0152,Samyang Buldak Original Cup,Noodles,2,110,0,220
T2025000038,03/11/2025,9:06:00,P0166,Samyang Buldak Original,Noodles,2,88,0.05,167.2
T2025000038,03/11/2025,9:06:00,P0183,Samyang Kimchi Ramen Bowl,Noodles,4,65,0,260
T2025000039,03/11/2025,19:10:00,P0124,Terra Lager Beer 500mL,Liquor/Beverage,1,170,0,170
T2025000039,03/11/2025,19:10:00,P0296,Lotte Cereal Choco,Snacks,4,55,0,220
T2025000039,03/11/2025,19:10:00,P0175,Samyang Jjajang Hot Chicken,Noodles,3,75,0,225
T2025000040,03/11/2025,18:01:00,P0139,Paldo Pororo Juice,Liquor/Beverage,3,65,0,195
T2025000040,03/11/2025,18:01:00,P0286,Crown Caramel Maple Corn,Snacks,2,80,0,160
T2025000040,03/11/2025,18:01:00,P0008,Ottogi Corn Syrup,Condiments,3,98,0,294
T2025000041,03/11/2025,17:50:00,P0125,Jinro Fresh Soju,Liquor/Beverage,1,170,0,170
T2025000041,03/11/2025,17:50:00,P0269,Lotte Soft Strawberry Milk Candy 79g,Snacks,3,105,0.1,283.5
T2025000041,03/11/2025,17:50:00,P0192,Nongshim Soon Veggie Ramen,Noodles,1,58,0,58
T2025000041,03/11/2025,17:50:00,P0026,Yopokki Sweet & Spicy 280g,Dry Food,1,145,0,145
T2025000042,03/11/2025,18:54:00,P0144,Nongshim Welchs Strawberry 355mL,Liquor/Beverage,5,60,0.05,285
T2025000042,03/11/2025,18:54:00,P0282,Orion Choco Boy,Snacks,2,85,0.05,161.5
T2025000042,03/11/2025,18:54:00,P0166,Samyang Buldak Original,Noodles,2,88,0,176
T2025000042,03/11/2025,18:54:00,P0041,CJ Hetbahn Multi-Grain Rice,Dry Food,3,95,0,285
T2025000043,03/11/2025,12:14:00,P0199,Paldo Koreno Shrimp Noodle,Noodles,2,50,0,100
T2025000043,03/11/2025,12:14:00,P0032,Samlip Mini Kimbap,Dry Food,1,120,0,120
T2025000043,03/11/2025,12:14:00,P0007,Samyang Spicy Mayo,Condiments,2,130,0,260
T2025000044,03/11/2025,19:02:00,P0154,Nongshim Jjawang,Noodles,1,100,0,100
T2025000044,03/11/2025,19:02:00,P0204,Ottogi Cup Ramen Kimchi,Noodles,5,50,0,250
T2025000044,03/11/2025,19:02:00,P0203,Jin Ramen Spicy Cup,Noodles,1,50,0,50
T2025000044,03/11/2025,19:02:00,P0027,Yopokki Cheese 240g,Dry Food,1,145,0,145
T2025000045,03/11/2025,18:16:00,P0123,Cass Cold Brewed Beer 500mL,Liquor/Beverage,1,170,0,170
T2025000045,03/11/2025,18:16:00,P0245,Honey Butter Almond 190g,Snacks,1,420,0,420
T2025000046,03/11/2025,18:40:00,P0162,Ottogi Jin Jjampong,Noodles,1,90,0,90
T2025000046,03/11/2025,18:40:00,P0135,KSD Peach Rice Wine 750mL,Liquor/Beverage,2,105,0,210
T2025000046,03/11/2025,18:40:00,P0295,Pepero Almond,Snacks,2,55,0,110
T2025000046,03/11/2025,18:40:00,P0200,Paldo Koreno Kimchi Noodle,Noodles,3,50,0,150
T2025000046,03/11/2025,18:40:00,P0299,Lotte Xylitol Green Gum,Snacks,5,55,0,275
T2025000047,03/11/2025,11:18:00,P0123,Cass Cold Brewed Beer 500mL,Liquor/Beverage,1,170,0,170
T2025000048,03/11/2025,12:22:00,P0140,Woongjin Yogurt Peach 340mL,Liquor/Beverage,2,60,0,120
T2025000048,03/11/2025,12:22:00,P0296,Lotte Cereal Choco,Snacks,5,55,0,275
T2025000048,03/11/2025,12:22:00,P0204,Ottogi Cup Ramen Kimchi,Noodles,2,50,0,100
T2025000048,03/11/2025,12:22:00,P0039,Ottogi 3Mins Curry,Dry Food,1,99,0,99
T2025000049,03/11/2025,17:08:00,P0027,Yopokki Cheese 240g,Dry Food,2,145,0,290
T2025000049,03/11/2025,17:08:00,P0009,CJ Beksul Corn Syrup,Condiments,3,95,0,285
T2025000050,03/11/2025,16:31:00,P0135,KSD Peach Rice Wine 750mL,Liquor/Beverage,3,105,0,315
T2025000050,03/11/2025,16:31:00,P0295,Pepero Almond,Snacks,5,55,0,275
T2025000050,03/11/2025,16:31:00,P0193,Paldo Gomtang Ramen,Noodles,1,56,0,56
T2025000051,03/11/2025,14:52:00,P0281,Haitai Ace Crackers,Snacks,1,85,0,85
T2025000051,03/11/2025,14:52:00,P0282,Orion Choco Boy,Snacks,3,85,0,255
T2025000052,03/11/2025,15:13:00,P0105,White Gold Coffee 100Sticks,Liquor/Beverage,1,1150,0,1150
T2025000052,03/11/2025,15:13:00,P0245,Honey Butter Almond 190g,Snacks,1,420,0,420
T2025000052,03/11/2025,15:13:00,P0299,Lotte Xylitol Green Gum,Snacks,3,55,0,165
T2025000053,03/11/2025,13:51:00,P0163,Samyang Buldak Rose 140g,Noodles,2,88,0,176
T2025000053,03/11/2025,13:51:00,P0009,CJ Beksul Corn Syrup,Condiments,2,95,0,190
T2025000053,03/11/2025,13:51:00,P0129,Sunhari Grape 360mL,Liquor/Beverage,2,120,0,240
T2025000053,03/11/2025,13:51:00,P0245,Honey Butter Almond 190g,Snacks,1,420,0,420
T2025000053,03/11/2025,13:51:00,P0184,Nongshim Baehongdong Bibimyeon 137g,Noodles,3,61,0,183
T2025000054,03/11/2025,15:07:00,P0117,Maxim Kanu Dark Roast 10 Sticks,Liquor/Beverage,2,260,0,520
T2025000054,03/11/2025,15:07:00,P0018,(Kaya) Korean Rice 1.5Kg,Dry Food,2,190,0,380
T2025000055,03/11/2025,11:24:00,P0188,Nagasaki Jjampong,Noodles,4,60,0,240
T2025000055,03/11/2025,11:24:00,P0162,Ottogi Jin Jjampong,Noodles,2,90,0.15,153
T2025000055,03/11/2025,11:24:00,P0123,Cass Cold Brewed Beer 500mL,Liquor/Beverage,2,170,0,340
T2025000055,03/11/2025,11:24:00,P0185,Nongshim Shin Non-Frying Ramen 97g,Noodles,5,60,0,300
T2025000055,03/11/2025,11:24:00,P0253,Orion Market O Brownie,Snacks,1,170,0,170
T2025000056,03/11/2025,19:55:00,P0264,Lotte Ghana Dark Chocolate,Snacks,3,115,0,345
T2025000056,03/11/2025,19:55:00,P0284,Kkokal Sweet Corn Snack,Snacks,3,80,0,240
T2025000056,03/11/2025,19:55:00,P0293,Lotte Sand Biscuit,Snacks,2,75,0,150
T2025000056,03/11/2025,19:55:00,P0022,Ottogi Tteokbokki Cup,Dry Food,2,160,0,320
T2025000056,03/11/2025,19:55:00,P0236,CJ  Soybean Paste 500g,Seasoned/Sauce/Powder,2,123,0.1,221.4
T2025000057,03/11/2025,11:49:00,P0123,Cass Cold Brewed Beer 500mL,Liquor/Beverage,1,170,0.15,144.5
T2025000057,03/11/2025,11:49:00,P0006,Chung Jung One Soy Sauce,Condiments,2,140,0,280
T2025000058,03/11/2025,11:41:00,P0148,Binggrae Strawberry Milk,Liquor/Beverage,4,45,0.1,162
T2025000058,03/11/2025,11:41:00,P0295,Pepero Almond,Snacks,5,55,0,275
T2025000058,03/11/2025,11:41:00,P0152,Samyang Buldak Original Cup,Noodles,3,110,0,330
T2025000058,03/11/2025,11:41:00,P0172,Ottogi Jin Hot Big Cup,Noodles,3,75,0,225
T2025000058,03/11/2025,11:41:00,P0175,Samyang Jjajang Hot Chicken,Noodles,2,75,0,150
T2025000059,03/11/2025,12:08:00,P0144,Nongshim Welchs Strawberry 355mL,Liquor/Beverage,4,60,0,240
T2025000059,03/11/2025,12:08:00,P0257,Lotte Almond Chocolate,Snacks,1,130,0,130
T2025000059,03/11/2025,12:08:00,P0263,Samlip Honey Castella,Snacks,3,120,0,360
T2025000059,03/11/2025,12:08:00,P0280,Nongshim Potato Sticks,Snacks,2,85,0,170
T2025000060,03/11/2025,8:10:00,P0295,Pepero Almond,Snacks,3,55,0,165
T2025000060,03/11/2025,8:10:00,P0256,Orion Custard Cake,Snacks,1,130,0,130
T2025000061,03/11/2025,20:40:00,P0295,Pepero Almond,Snacks,2,55,0,110
T2025000061,03/11/2025,20:40:00,P0298,Pepero White Cookie,Snacks,1,55,0,55
T2025000062,03/11/2025,21:23:00,P0192,Nongshim Soon Veggie Ramen,Noodles,2,58,0,116
T2025000063,03/11/2025,18:07:00,P0284,Kkokal Sweet Corn Snack,Snacks,2,80,0,160
T2025000063,03/11/2025,18:07:00,P0203,Jin Ramen Spicy Cup,Noodles,1,50,0.1,45
T2025000064,03/11/2025,17:22:00,P0110,Mitte Hot Choco Original 300g,Liquor/Beverage,2,370,0,740
T2025000064,03/11/2025,17:22:00,P0294,Pepero Strawberry,Snacks,4,55,0,220
T2025000064,03/11/2025,17:22:00,P0295,Pepero Almond,Snacks,1,55,0,55
T2025000064,03/11/2025,17:22:00,P0277,Orion Turtle Chips Sweet Corn,Snacks,2,89,0,178
T2025000064,03/11/2025,17:22:00,P0235,O'Food Kimchi Base Sauce,Seasoned/Sauce/Powder,2,130,0,260
T2025000065,03/11/2025,19:08:00,P0072,Kongsarang Soft Tofu,Food Fresh/Meat/Sidedish,3,65,0,195
T2025000066,03/11/2025,12:39:00,P0162,Ottogi Jin Jjampong,Noodles,2,90,0,180
T2025000066,03/11/2025,12:39:00,P0286,Crown Caramel Maple Corn,Snacks,1,80,0,80
T2025000066,03/11/2025,12:39:00,P0173,Nongshim Jjapageti,Noodles,1,75,0,75
T2025000066,03/11/2025,12:39:00,P0240,Ottogi Spaghetti Sauce,Seasoned/Sauce/Powder,3,115,0,345
T2025000066,03/11/2025,12:39:00,P0245,Honey Butter Almond 190g,Snacks,1,420,0,420
T2025000067,03/11/2025,18:08:00,P0257,Lotte Almond Chocolate,Snacks,2,130,0,260
T2025000067,03/11/2025,18:08:00,P0191,Paldo Teumsae Ramen,Noodles,3,60,0,180
T2025000067,03/11/2025,18:08:00,P0125,Jinro Fresh Soju,Liquor/Beverage,2,170,0,340
T2025000067,03/11/2025,18:08:00,P0172,Ottogi Jin Hot Big Cup,Noodles,2,75,0,150
T2025000067,03/11/2025,18:08:00,P0282,Orion Choco Boy,Snacks,2,85,0,170
T2025000068,03/11/2025,18:25:00,P0292,Orion Goraebab Crackers,Snacks,1,75,0,75
T2025000068,03/11/2025,18:25:00,P0185,Nongshim Shin Non-Frying Ramen 97g,Noodles,3,60,0,180
T2025000068,03/11/2025,18:25:00,P0198,Paldo Koreno Beef Noodle 100g,Noodles,1,50,0.1,45
T2025000068,03/11/2025,18:25:00,P0288,Nongshim Honey Rice Snack,Snacks,3,80,0,240
T2025000068,03/11/2025,18:25:00,P0019,Haepyo Crispy Seaweed 9Pcs,Dry Food,2,188,0,376
T2025000069,03/11/2025,13:18:00,P0298,Pepero White Cookie,Snacks,3,55,0,165
T2025000069,03/11/2025,13:18:00,P0173,Nongshim Jjapageti,Noodles,2,75,0,150
T2025000069,03/11/2025,13:18:00,P0026,Yopokki Sweet & Spicy 280g,Dry Food,2,145,0,290
T2025000069,03/11/2025,13:18:00,P0004,O'Food Korean Chili Oil,Condiments,1,160,0.15,136
T2025000070,03/11/2025,14:03:00,P0237,O'Food Tteokbokki Sauce,Seasoned/Sauce/Powder,3,120,0,360
T2025000071,03/11/2025,20:03:00,P0129,Sunhari Grape 360mL,Liquor/Beverage,2,120,0,240
T2025000071,03/11/2025,20:03:00,P0252,Lotte Banana Choco Pie 12Pcs,Snacks,2,180,0,360
T2025000071,03/11/2025,20:03:00,P0172,Ottogi Jin Hot Big Cup,Noodles,3,75,0,225
T2025000072,03/11/2025,21:31:00,P0191,Paldo Teumsae Ramen,Noodles,2,60,0.1,108
T2025000072,03/11/2025,21:31:00,P0048,Dongwon Light Tuna,Dry Food,1,75,0,75
T2025000072,03/11/2025,21:31:00,P0007,Samyang Spicy Mayo,Condiments,1,130,0,130
T2025000072,03/11/2025,21:31:00,P0240,Ottogi Spaghetti Sauce,Seasoned/Sauce/Powder,2,115,0,230
T2025000073,03/11/2025,11:03:00,P0286,Crown Caramel Maple Corn,Snacks,1,80,0,80
T2025000073,03/11/2025,11:03:00,P0072,Kongsarang Soft Tofu,Food Fresh/Meat/Sidedish,5,65,0,325
T2025000074,03/11/2025,12:08:00,P0125,Jinro Fresh Soju,Liquor/Beverage,1,170,0,170
T2025000074,03/11/2025,12:08:00,P0300,Can Choco Balls,Snacks,5,45,0,225
T2025000074,03/11/2025,12:08:00,P0295,Pepero Almond,Snacks,3,55,0,165
T2025000074,03/11/2025,12:08:00,P0279,Orion O! Karto Sweet Corn,Snacks,2,88,0,176
T2025000074,03/11/2025,12:08:00,P0048,Dongwon Light Tuna,Dry Food,2,75,0,150
T2025000075,03/11/2025,19:41:00,P0139,Paldo Pororo Juice,Liquor/Beverage,3,65,0,195
T2025000075,03/11/2025,19:41:00,P0041,CJ Hetbahn Multi-Grain Rice,Dry Food,3,95,0.15,242.25
T2025000076,03/11/2025,17:44:00,P0073,Perilla Leaves 2Packs,Food Fresh/Meat/Sidedish,4,40,0,160
T2025000076,03/11/2025,17:44:00,P0007,Samyang Spicy Mayo,Condiments,1,130,0,130
T2025000076,03/11/2025,17:44:00,P0199,Paldo Koreno Shrimp Noodle,Noodles,3,50,0.1,135
T2025000076,03/11/2025,17:44:00,P0144,Nongshim Welchs Strawberry 355mL,Liquor/Beverage,4,60,0,240
T2025000076,03/11/2025,17:44:00,P0211,Ottogi Jin Ramen Hot,Noodles,3,40,0,120
T2025000077,03/11/2025,12:07:00,P0203,Jin Ramen Spicy Cup,Noodles,4,50,0,200
T2025000077,03/11/2025,12:07:00,P0292,Orion Goraebab Crackers,Snacks,1,75,0.05,71.25
T2025000077,03/11/2025,12:07:00,P0048,Dongwon Light Tuna,Dry Food,1,75,0,75
T2025000077,03/11/2025,12:07:00,P0183,Samyang Kimchi Ramen Bowl,Noodles,5,65,0,325
T2025000077,03/11/2025,12:07:00,P0295,Pepero Almond,Snacks,4,55,0.05,209
T2025000078,03/11/2025,12:47:00,P0125,Jinro Fresh Soju,Liquor/Beverage,1,170,0,170
T2025000078,03/11/2025,12:47:00,P0166,Samyang Buldak Original,Noodles,1,88,0,88
T2025000079,03/11/2025,14:25:00,P0297,Pepero Choco Filled,Snacks,1,55,0,55
T2025000079,03/11/2025,14:25:00,P0182,Paldo Ilpoom Jjajang,Noodles,1,65,0,65
T2025000080,04/11/2025,19:28:00,P0274,Haitai Matdongsan,Snacks,3,95,0.05,270.75
T2025000080,04/11/2025,19:28:00,P0166,Samyang Buldak Original,Noodles,3,88,0,264
T2025000080,04/11/2025,19:28:00,P0005,Ottogi Gold Mayonnaise 300g,Condiments,1,150,0,150
T2025000081,04/11/2025,14:13:00,P0278,Haitai O! Karto Chips,Snacks,3,88,0,264
T2025000081,04/11/2025,14:13:00,P0286,Crown Caramel Maple Corn,Snacks,3,80,0.15,204
T2025000081,04/11/2025,14:13:00,P0209,Ottogi Kimchi Ramen,Noodles,5,40,0.15,170
T2025000081,04/11/2025,14:13:00,P0123,Cass Cold Brewed Beer 500mL,Liquor/Beverage,2,170,0,340
T2025000081,04/11/2025,14:13:00,P0184,Nongshim Baehongdong Bibimyeon 137g,Noodles,1,61,0,61
T2025000082,04/11/2025,13:47:00,P0122,Chamisul Original Soju,Liquor/Beverage,1,175,0,175
T2025000082,04/11/2025,13:47:00,P0259,Nongshim Sengseng U-Dong,Snacks,1,125,0,125
T2025000082,04/11/2025,13:47:00,P0184,Nongshim Baehongdong Bibimyeon 137g,Noodles,1,61,0.15,51.85
T2025000082,04/11/2025,13:47:00,P0175,Samyang Jjajang Hot Chicken,Noodles,2,75,0,150
T2025000082,04/11/2025,13:47:00,P0011,CJ  Cooked Rice Plain 210g,Dry Food,1,365,0,365
T2025000083,04/11/2025,13:41:00,P0125,Jinro Fresh Soju,Liquor/Beverage,1,170,0,170
T2025000083,04/11/2025,13:41:00,P0239,Ottogi Curry Hot,Seasoned/Sauce/Powder,1,115,0,115
T2025000083,04/11/2025,13:41:00,P0166,Samyang Buldak Original,Noodles,1,88,0.1,79.2
T2025000084,04/11/2025,16:20:00,P0278,Haitai O! Karto Chips,Snacks,2,88,0,176
T2025000084,04/11/2025,16:20:00,P0297,Pepero Choco Filled,Snacks,2,55,0,110
T2025000084,04/11/2025,16:20:00,P0019,Haepyo Crispy Seaweed 9Pcs,Dry Food,1,188,0,188
T2025000084,04/11/2025,16:20:00,P0004,O'Food Korean Chili Oil,Condiments,2,160,0,320
T2025000085,04/11/2025,18:38:00,P0274,Haitai Matdongsan,Snacks,1,95,0,95
T2025000085,04/11/2025,18:38:00,P0235,O'Food Kimchi Base Sauce,Seasoned/Sauce/Powder,2,130,0,260
T2025000085,04/11/2025,18:38:00,P0293,Lotte Sand Biscuit,Snacks,2,75,0,150
T2025000085,04/11/2025,18:38:00,P0200,Paldo Koreno Kimchi Noodle,Noodles,2,50,0.15,85
T2025000085,04/11/2025,18:38:00,P0166,Samyang Buldak Original,Noodles,1,88,0,88
T2025000086,04/11/2025,12:19:00,P0143,Nongshim Welchs Grape 355mL,Liquor/Beverage,2,60,0,120
T2025000087,04/11/2025,18:01:00,P0245,Honey Butter Almond 190g,Snacks,1,420,0,420
T2025000087,04/11/2025,18:01:00,P0299,Lotte Xylitol Green Gum,Snacks,1,55,0,55
T2025000087,04/11/2025,18:01:00,P0294,Pepero Strawberry,Snacks,1,55,0.15,46.75
T2025000087,04/11/2025,18:01:00,P0165,Samyang Cream Carbo Buldak 140g,Noodles,1,88,0,88
T2025000087,04/11/2025,18:01:00,P0048,Dongwon Light Tuna,Dry Food,1,75,0,75
T2025000088,04/11/2025,8:46:00,P0143,Nongshim Welchs Grape 355mL,Liquor/Beverage,5,60,0,300
T2025000088,04/11/2025,8:46:00,P0257,Lotte Almond Chocolate,Snacks,1,130,0,130
T2025000088,04/11/2025,8:46:00,P0247,Choco Pie Green Tea 12Pcs,Snacks,2,200,0,400
T2025000088,04/11/2025,8:46:00,P0008,Ottogi Corn Syrup,Condiments,2,98,0,196
T2025000089,04/11/2025,10:42:00,P0122,Chamisul Original Soju,Liquor/Beverage,1,175,0.1,157.5
T2025000089,04/11/2025,10:42:00,P0295,Pepero Almond,Snacks,2,55,0,110
T2025000089,04/11/2025,10:42:00,P0257,Lotte Almond Chocolate,Snacks,2,130,0,260
T2025000089,04/11/2025,10:42:00,P0152,Samyang Buldak Original Cup,Noodles,1,110,0,110
T2025000090,04/11/2025,12:00:00,P0104,Pepero Original,Food Frozen,5,55,0,275
T2025000091,04/11/2025,11:08:00,P0145,Binggrae Melon Soda,Liquor/Beverage,5,60,0,300
T2025000091,04/11/2025,11:08:00,P0161,Paldo Wang Cup,Noodles,3,90,0.15,229.5
T2025000091,04/11/2025,11:08:00,P0152,Samyang Buldak Original Cup,Noodles,1,110,0,110
T2025000091,04/11/2025,11:08:00,P0195,Ottogi Jin Mild Small Cup,Noodles,5,55,0,275
T2025000091,04/11/2025,11:08:00,P0080,Samyang Buldak Original Spicy Mandu 700g,Food Frozen,1,410,0,410
T2025000092,04/11/2025,12:05:00,P0131,Sunhari Yogurt 360mL,Liquor/Beverage,3,120,0,360
T2025000093,04/11/2025,20:59:00,P0208,Ottogi Jin Ramen Mild,Noodles,5,40,0,200
T2025000093,04/11/2025,20:59:00,P0171,Tempura Udon Big Cup,Noodles,3,75,0,225
T2025000093,04/11/2025,20:59:00,P0166,Samyang Buldak Original,Noodles,3,88,0.05,250.8
T2025000094,04/11/2025,12:18:00,P0137,Hite Beer Can,Liquor/Beverage,2,80,0,160
T2025000094,04/11/2025,12:18:00,P0266,Bibigo Seaweed Crisps,Snacks,2,110,0,220
T2025000094,04/11/2025,12:18:00,P0295,Pepero Almond,Snacks,2,55,0.15,93.5
T2025000094,04/11/2025,12:18:00,P0282,Orion Choco Boy,Snacks,1,85,0,85
T2025000095,04/11/2025,11:08:00,P0099,Daerim  Chaw Spicy Stick 90g,Food Frozen,2,80,0,160
T2025000095,04/11/2025,11:08:00,P0184,Nongshim Baehongdong Bibimyeon 137g,Noodles,3,61,0,183
T2025000095,04/11/2025,11:08:00,P0171,Tempura Udon Big Cup,Noodles,2,75,0,150
T2025000095,04/11/2025,11:08:00,P0125,Jinro Fresh Soju,Liquor/Beverage,2,170,0,340
T2025000095,04/11/2025,11:08:00,P0011,CJ  Cooked Rice Plain 210g,Dry Food,1,365,0,365
T2025000096,04/11/2025,19:45:00,P0139,Paldo Pororo Juice,Liquor/Beverage,5,65,0,325
T2025000096,04/11/2025,19:45:00,P0287,Nongshim Banana Kick 75g,Snacks,3,80,0,240
T2025000096,04/11/2025,19:45:00,P0282,Orion Choco Boy,Snacks,2,85,0,170
T2025000096,04/11/2025,19:45:00,P0096,Daerim  Vienna Sausage 170g,Food Frozen,2,145,0,290
T2025000097,04/11/2025,19:41:00,P0127,Lets Be Mild Coffee Can 4Pcs,Liquor/Beverage,2,128,0,256
T2025000097,04/11/2025,19:41:00,P0281,Haitai Ace Crackers,Snacks,3,85,0,255
T2025000097,04/11/2025,19:41:00,P0289,Crown Corn Chips,Snacks,2,80,0,160
T2025000097,04/11/2025,19:41:00,P0046,CJ Beksul Potato Starch,Dry Food,1,85,0.05,80.75
T2025000097,04/11/2025,19:41:00,P0009,CJ Beksul Corn Syrup,Condiments,2,95,0,190
T2025000098,04/11/2025,18:09:00,P0141,Woongjin Yogurt Apple 340mL,Liquor/Beverage,5,60,0,300
T2025000098,04/11/2025,18:09:00,P0291,Crown Sando Biscuit,Snacks,3,75,0,225
T2025000098,04/11/2025,18:09:00,P0211,Ottogi Jin Ramen Hot,Noodles,4,40,0,160
T2025000098,04/11/2025,18:09:00,P0177,Ottogi Beef Seaweed Soup Ramen,Noodles,2,70,0,140
T2025000098,04/11/2025,18:09:00,P0175,Samyang Jjajang Hot Chicken,Noodles,1,75,0.05,71.25
T2025000099,04/11/2025,18:15:00,P0114,Banana Milk 200mL 6Pcs,Liquor/Beverage,1,290,0,290
T2025000099,04/11/2025,18:15:00,P0199,Paldo Koreno Shrimp Noodle,Noodles,1,50,0,50
T2025000099,04/11/2025,18:15:00,P0211,Ottogi Jin Ramen Hot,Noodles,4,40,0,160
T2025000099,04/11/2025,18:15:00,P0240,Ottogi Spaghetti Sauce,Seasoned/Sauce/Powder,2,115,0,230
T2025000099,04/11/2025,18:15:00,P0194,Shin Ramen Kimchi,Noodles,4,55,0,220
T2025000100,04/11/2025,21:22:00,P0145,Binggrae Melon Soda,Liquor/Beverage,3,60,0,180
T2025000100,04/11/2025,21:22:00,P0194,Shin Ramen Kimchi,Noodles,1,55,0,55
T2025000101,04/11/2025,12:04:00,P0290,Doritos Galbi Chicken,Snacks,2,77,0,154
T2025000101,04/11/2025,12:04:00,P0158,Nongshim Shin Ramen Black,Noodles,1,92,0,92
T2025000101,04/11/2025,12:04:00,P0231,O'Food Bulgogi Marinade,Seasoned/Sauce/Powder,1,145,0,145
T2025000102,04/11/2025,19:03:00,P0124,Terra Lager Beer 500mL,Liquor/Beverage,2,170,0,340
T2025000102,04/11/2025,19:03:00,P0015,(Dae Joo) Gochugaru 500g,Dry Food,1,255,0,255
T2025000103,04/11/2025,15:18:00,P0250,Haitai Honey Butter Almonds,Snacks,2,190,0,380
T2025000103,04/11/2025,15:18:00,P0262,Orion Custard Pineapple,Snacks,2,120,0,240
T2025000103,04/11/2025,15:18:00,P0183,Samyang Kimchi Ramen Bowl,Noodles,5,65,0,325
T2025000103,04/11/2025,15:18:00,P0048,Dongwon Light Tuna,Dry Food,3,75,0,225
T2025000104,04/11/2025,18:26:00,P0268,Samlip Walnut Pie,Snacks,1,110,0,110
T2025000104,04/11/2025,18:26:00,P0297,Pepero Choco Filled,Snacks,2,55,0,110
T2025000104,04/11/2025,18:26:00,P0198,Paldo Koreno Beef Noodle 100g,Noodles,1,50,0,50
T2025000104,04/11/2025,18:26:00,P0208,Ottogi Jin Ramen Mild,Noodles,5,40,0.15,170
T2025000104,04/11/2025,18:26:00,P0009,CJ Beksul Corn Syrup,Condiments,1,95,0,95
T2025000105,04/11/2025,17:28:00,P0291,Crown Sando Biscuit,Snacks,1,75,0.1,67.5
T2025000105,04/11/2025,17:28:00,P0282,Orion Choco Boy,Snacks,1,85,0,85
T2025000105,04/11/2025,17:28:00,P0030,Yopokki Onion Butter 120g Cup,Dry Food,1,120,0,120
T2025000105,04/11/2025,17:28:00,P0100,Binggrae Ice Cream Sandwich,Food Frozen,2,80,0,160
T2025000106,04/11/2025,13:51:00,P0245,Honey Butter Almond 190g,Snacks,1,420,0,420
T2025000106,04/11/2025,13:51:00,P0005,Ottogi Gold Mayonnaise 300g,Condiments,2,150,0,300
T2025000107,04/11/2025,19:15:00,P0286,Crown Caramel Maple Corn,Snacks,1,80,0,80
T2025000107,04/11/2025,19:15:00,P0288,Nongshim Honey Rice Snack,Snacks,2,80,0,160
T2025000107,04/11/2025,19:15:00,P0027,Yopokki Cheese 240g,Dry Food,2,145,0,290
T2025000108,04/11/2025,13:59:00,P0172,Ottogi Jin Hot Big Cup,Noodles,1,75,0,75
T2025000108,04/11/2025,13:59:00,P0252,Lotte Banana Choco Pie 12Pcs,Snacks,2,180,0,360
T2025000108,04/11/2025,13:59:00,P0171,Tempura Udon Big Cup,Noodles,2,75,0,150
T2025000108,04/11/2025,13:59:00,P0193,Paldo Gomtang Ramen,Noodles,4,56,0,224
T2025000108,04/11/2025,13:59:00,P0298,Pepero White Cookie,Snacks,4,55,0,220
T2025000109,04/11/2025,12:37:00,P0295,Pepero Almond,Snacks,1,55,0,55
T2025000109,04/11/2025,12:37:00,P0293,Lotte Sand Biscuit,Snacks,1,75,0,75
T2025000109,04/11/2025,12:37:00,P0183,Samyang Kimchi Ramen Bowl,Noodles,1,65,0,65
T2025000110,04/11/2025,19:01:00,P0290,Doritos Galbi Chicken,Snacks,2,77,0,154
T2025000110,04/11/2025,19:01:00,P0136,Cass Fresh Beer,Liquor/Beverage,2,85,0,170
T2025000110,04/11/2025,19:01:00,P0214,Jin Soy Sauce Rich & Savory 860mL,Seasoned/Sauce/Powder,1,315,0,315
T2025000110,04/11/2025,19:01:00,P0049,Our Home Kimchi 1Kg,Food Fresh/Meat/Sidedish,1,320.5,0,320.5
T2025000110,04/11/2025,19:01:00,P0076,CJ  Crispy Hotdog,Food Frozen,1,640,0,640
T2025000111,04/11/2025,13:39:00,P0114,Banana Milk 200mL 6Pcs,Liquor/Beverage,1,290,0.1,261
T2025000111,04/11/2025,13:39:00,P0295,Pepero Almond,Snacks,2,55,0,110
T2025000111,04/11/2025,13:39:00,P0206,Nongshim Chapagetti,Noodles,2,45,0.05,85.5
T2025000111,04/11/2025,13:39:00,P0171,Tempura Udon Big Cup,Noodles,1,75,0,75
T2025000111,04/11/2025,13:39:00,P0166,Samyang Buldak Original,Noodles,3,88,0,264
T2025000112,04/11/2025,18:36:00,P0149,Binggrae Mango Milk,Liquor/Beverage,5,45,0,225
T2025000112,04/11/2025,18:36:00,P0281,Haitai Ace Crackers,Snacks,2,85,0,170
T2025000112,04/11/2025,18:36:00,P0263,Samlip Honey Castella,Snacks,3,120,0.15,306
T2025000112,04/11/2025,18:36:00,P0016,Dongwon  Vegetable Tuna Can 150g 2Pcs,Dry Food,2,235,0,470
T2025000113,04/11/2025,12:11:00,P0125,Jinro Fresh Soju,Liquor/Beverage,2,170,0,340
T2025000113,04/11/2025,12:11:00,P0298,Pepero White Cookie,Snacks,3,55,0,165
T2025000113,04/11/2025,12:11:00,P0257,Lotte Almond Chocolate,Snacks,1,130,0,130
T2025000113,04/11/2025,12:11:00,P0295,Pepero Almond,Snacks,1,55,0,55
T2025000114,04/11/2025,11:26:00,P0114,Banana Milk 200mL 6Pcs,Liquor/Beverage,1,290,0,290
T2025000114,04/11/2025,11:26:00,P0070,Skinless Garlic 150G,Food Fresh/Meat/Sidedish,4,65,0,260
T2025000115,04/11/2025,12:14:00,P0123,Cass Cold Brewed Beer 500mL,Liquor/Beverage,1,170,0.05,161.5
T2025000115,04/11/2025,12:14:00,P0294,Pepero Strawberry,Snacks,2,55,0,110
T2025000115,04/11/2025,12:14:00,P0273,Haitai  Plumcandy 130g,Snacks,2,95,0,190
T2025000115,04/11/2025,12:14:00,P0097,Daerim  Cheese Vienna Sausage 105g,Food Frozen,1,120,0,120
T2025000116,04/11/2025,14:27:00,P0245,Honey Butter Almond 190g,Snacks,1,420,0,420
T2025000116,04/11/2025,14:27:00,P0171,Tempura Udon Big Cup,Noodles,2,75,0,150
T2025000116,04/11/2025,14:27:00,P0042,CJ Hetbahn Brown Rice,Dry Food,1,95,0,95
T2025000116,04/11/2025,14:27:00,P0225,Chung Jung One Soybean Paste,Seasoned/Sauce/Powder,2,160,0,320
T2025000117,04/11/2025,19:22:00,P0205,Ottogi Yeul Ramen,Noodles,4,48,0.05,182.4
T2025000117,04/11/2025,19:22:00,P0171,Tempura Udon Big Cup,Noodles,1,75,0.05,71.25
T2025000117,04/11/2025,19:22:00,P0036,Dongwon  Tuna Light Can 150g,Dry Food,1,110,0,110
T2025000117,04/11/2025,19:22:00,P0009,CJ Beksul Corn Syrup,Condiments,2,95,0,190
T2025000118,04/11/2025,14:47:00,P0287,Nongshim Banana Kick 75g,Snacks,1,80,0,80
T2025000118,04/11/2025,14:47:00,P0295,Pepero Almond,Snacks,5,55,0,275
T2025000118,04/11/2025,14:47:00,P0245,Honey Butter Almond 190g,Snacks,1,420,0,420
T2025000118,04/11/2025,14:47:00,P0180,Samyang Curry Ramen,Noodles,3,68,0,204
T2025000119,04/11/2025,19:26:00,P0276,Orion Sun Chips Korean BBQ,Snacks,1,90,0,90
T2025000119,04/11/2025,19:26:00,P0295,Pepero Almond,Snacks,5,55,0.15,233.75
T2025000119,04/11/2025,19:26:00,P0170,Ottogi Jin Jjajang,Noodles,3,80,0,240
T2025000119,04/11/2025,19:26:00,P0152,Samyang Buldak Original Cup,Noodles,3,110,0,330
T2025000120,04/11/2025,12:50:00,P0142,Nongshim Welchs White Grape 355mL,Liquor/Beverage,3,60,0.15,153
T2025000120,04/11/2025,12:50:00,P0271,Orion Choco Chip Cookies,Snacks,2,100,0,200
T2025000120,04/11/2025,12:50:00,P0264,Lotte Ghana Dark Chocolate,Snacks,3,115,0,345
T2025000121,04/11/2025,19:35:00,P0144,Nongshim Welchs Strawberry 355mL,Liquor/Beverage,3,60,0,180
T2025000122,04/11/2025,17:41:00,P0137,Hite Beer Can,Liquor/Beverage,2,80,0,160
T2025000122,04/11/2025,17:41:00,P0271,Orion Choco Chip Cookies,Snacks,1,100,0,100
T2025000122,04/11/2025,17:41:00,P0096,Daerim  Vienna Sausage 170g,Food Frozen,2,145,0,290
T2025000123,04/11/2025,19:49:00,P0123,Cass Cold Brewed Beer 500mL,Liquor/Beverage,1,170,0.15,144.5
T2025000123,04/11/2025,19:49:00,P0292,Orion Goraebab Crackers,Snacks,3,75,0,225
T2025000123,04/11/2025,19:49:00,P0290,Doritos Galbi Chicken,Snacks,2,77,0,154
T2025000123,04/11/2025,19:49:00,P0277,Orion Turtle Chips Sweet Corn,Snacks,1,89,0,89
T2025000123,04/11/2025,19:49:00,P0242,CJ  Gochujang 200g,Seasoned/Sauce/Powder,1,100,0,100
T2025000124,04/11/2025,9:15:00,P0143,Nongshim Welchs Grape 355mL,Liquor/Beverage,4,60,0,240
T2025000124,04/11/2025,9:15:00,P0162,Ottogi Jin Jjampong,Noodles,1,90,0,90
T2025000125,04/11/2025,17:54:00,P0261,Lotte Choco Heim,Snacks,2,120,0,240
T2025000125,04/11/2025,17:54:00,P0290,Doritos Galbi Chicken,Snacks,3,77,0,231
T2025000125,04/11/2025,17:54:00,P0282,Orion Choco Boy,Snacks,3,85,0,255
T2025000125,04/11/2025,17:54:00,P0098,Daerim  Crabstick 216g,Food Frozen,3,98,0,294
T2025000126,04/11/2025,20:53:00,P0156,Nongshim Ramyun King Bowl,Noodles,3,95,0,285
T2025000126,04/11/2025,20:53:00,P0189,Ottogi Bodle Cheese Ramen,Noodles,3,60,0,180
T2025000126,04/11/2025,20:53:00,P0179,Ottogi Ramen Bokki Cup,Noodles,1,69,0,69
T2025000126,04/11/2025,20:53:00,P0285,Corn Choco,Snacks,2,80,0.15,136
T2025000126,04/11/2025,20:53:00,P0143,Nongshim Welchs Grape 355mL,Liquor/Beverage,3,60,0,180
T2025000127,04/11/2025,12:21:00,P0128,Chamiseul Fresh 360mL,Liquor/Beverage,1,120,0,120
T2025000127,04/11/2025,12:21:00,P0267,Lotte Pepero White Cookie,Snacks,2,110,0,220
T2025000127,04/11/2025,12:21:00,P0291,Crown Sando Biscuit,Snacks,3,75,0,225
T2025000127,04/11/2025,12:21:00,P0296,Lotte Cereal Choco,Snacks,3,55,0,165
T2025000128,04/11/2025,13:09:00,P0124,Terra Lager Beer 500mL,Liquor/Beverage,1,170,0,170
T2025000128,04/11/2025,13:09:00,P0192,Nongshim Soon Veggie Ramen,Noodles,5,58,0,290
T2025000128,04/11/2025,13:09:00,P0025,Sempio Yellow Peach In Can 400g,Dry Food,1,145,0,145
T2025000129,04/11/2025,12:45:00,P0200,Paldo Koreno Kimchi Noodle,Noodles,3,50,0,150
T2025000129,04/11/2025,12:45:00,P0207,Ottogi Yeul Ramen 120g,Noodles,1,40,0,40
T2025000129,04/11/2025,12:45:00,P0125,Jinro Fresh Soju,Liquor/Beverage,2,170,0,340
T2025000129,04/11/2025,12:45:00,P0268,Samlip Walnut Pie,Snacks,3,110,0,330
T2025000129,04/11/2025,12:45:00,P0293,Lotte Sand Biscuit,Snacks,3,75,0,225
T2025000130,04/11/2025,18:44:00,P0256,Orion Custard Cake,Snacks,2,130,0,260
T2025000130,04/11/2025,18:44:00,P0272,Haitai  Sunkist Candy 125g,Snacks,3,95,0,285
T2025000130,04/11/2025,18:44:00,P0022,Ottogi Tteokbokki Cup,Dry Food,1,160,0,160
T2025000130,04/11/2025,18:44:00,P0241,CJ Anchovy Sauce 500g,Seasoned/Sauce/Powder,2,105,0,210
T2025000131,04/11/2025,17:18:00,P0245,Honey Butter Almond 190g,Snacks,1,420,0,420
T2025000131,04/11/2025,17:18:00,P0266,Bibigo Seaweed Crisps,Snacks,1,110,0,110
T2025000131,04/11/2025,17:18:00,P0250,Haitai Honey Butter Almonds,Snacks,2,190,0,380
T2025000132,04/11/2025,19:06:00,P0139,Paldo Pororo Juice,Liquor/Beverage,3,65,0,195
T2025000132,04/11/2025,19:06:00,P0183,Samyang Kimchi Ramen Bowl,Noodles,5,65,0,325
T2025000133,04/11/2025,18:55:00,P0282,Orion Choco Boy,Snacks,1,85,0,85
T2025000133,04/11/2025,18:55:00,P0269,Lotte Soft Strawberry Milk Candy 79g,Snacks,3,105,0.15,267.75
T2025000133,04/11/2025,18:55:00,P0188,Nagasaki Jjampong,Noodles,5,60,0,300
T2025000133,04/11/2025,18:55:00,P0203,Jin Ramen Spicy Cup,Noodles,3,50,0,150
T2025000134,04/11/2025,17:49:00,P0263,Samlip Honey Castella,Snacks,3,120,0.1,324
T2025000134,04/11/2025,17:49:00,P0199,Paldo Koreno Shrimp Noodle,Noodles,2,50,0,100
T2025000134,04/11/2025,17:49:00,P0183,Samyang Kimchi Ramen Bowl,Noodles,3,65,0,195
T2025000134,04/11/2025,17:49:00,P0140,Woongjin Yogurt Peach 340mL,Liquor/Beverage,2,60,0,120
T2025000134,04/11/2025,17:49:00,P0168,Samyang Carbo Buldak,Noodles,2,88,0.15,149.6
T2025000135,04/11/2025,18:54:00,P0247,Choco Pie Green Tea 12Pcs,Snacks,2,200,0.1,360
T2025000135,04/11/2025,18:54:00,P0264,Lotte Ghana Dark Chocolate,Snacks,1,115,0,115
T2025000135,04/11/2025,18:54:00,P0245,Honey Butter Almond 190g,Snacks,1,420,0,420
T2025000136,04/11/2025,17:52:00,P0141,Woongjin Yogurt Apple 340mL,Liquor/Beverage,4,60,0,240
T2025000136,04/11/2025,17:52:00,P0245,Honey Butter Almond 190g,Snacks,1,420,0,420
T2025000136,04/11/2025,17:52:00,P0187,Paldo Bibim Men,Noodles,3,60,0,180
T2025000136,04/11/2025,17:52:00,P0007,Samyang Spicy Mayo,Condiments,2,130,0,260
T2025000137,04/11/2025,18:46:00,P0038,(Kaya) Korean Rice 1Kg,Dry Food,3,100,0,300
T2025000137,04/11/2025,18:46:00,P0226,CJ Beksul Sweet Korean Pancake Mix 400g,Seasoned/Sauce/Powder,1,155,0,155
T2025000138,04/11/2025,12:27:00,P0245,Honey Butter Almond 190g,Snacks,1,420,0,420
T2025000138,04/11/2025,12:27:00,P0262,Orion Custard Pineapple,Snacks,2,120,0,240
T2025000138,04/11/2025,12:27:00,P0274,Haitai Matdongsan,Snacks,1,95,0,95
T2025000138,04/11/2025,12:27:00,P0175,Samyang Jjajang Hot Chicken,Noodles,2,75,0,150
T2025000138,04/11/2025,12:27:00,P0172,Ottogi Jin Hot Big Cup,Noodles,1,75,0,75
T2025000139,04/11/2025,8:56:00,P0114,Banana Milk 200mL 6Pcs,Liquor/Beverage,1,290,0,290
T2025000140,04/11/2025,11:28:00,P0245,Honey Butter Almond 190g,Snacks,1,420,0,420
T2025000140,04/11/2025,11:28:00,P0254,Honey Roasted Peanuts,Snacks,2,165,0,330
T2025000140,04/11/2025,11:28:00,P0257,Lotte Almond Chocolate,Snacks,2,130,0,260
T2025000140,04/11/2025,11:28:00,P0125,Jinro Fresh Soju,Liquor/Beverage,1,170,0,170
T2025000140,04/11/2025,11:28:00,P0005,Ottogi Gold Mayonnaise 300g,Condiments,2,150,0,300
T2025000141,04/11/2025,13:19:00,P0150,Samyang Buldak Rosã Ramen 105g,Noodles,3,110,0,330
T2025000141,04/11/2025,13:19:00,P0166,Samyang Buldak Original,Noodles,1,88,0.05,83.6
T2025000141,04/11/2025,13:19:00,P0193,Paldo Gomtang Ramen,Noodles,5,56,0,280
T2025000142,04/11/2025,19:35:00,P0113,Binggre Melon Milk 200mL 6Pcs,Liquor/Beverage,1,290,0,290
T2025000142,04/11/2025,19:35:00,P0152,Samyang Buldak Original Cup,Noodles,1,110,0,110
T2025000142,04/11/2025,19:35:00,P0044,Ottogi Vegetable Soup 80g,Dry Food,2,90,0.05,171
T2025000142,04/11/2025,19:35:00,P0005,Ottogi Gold Mayonnaise 300g,Condiments,1,150,0,150
T2025000143,04/11/2025,11:09:00,P0245,Honey Butter Almond 190g,Snacks,1,420,0,420
T2025000143,04/11/2025,11:09:00,P0284,Kkokal Sweet Corn Snack,Snacks,3,80,0,240
T2025000143,04/11/2025,11:09:00,P0277,Orion Turtle Chips Sweet Corn,Snacks,3,89,0,267
T2025000143,04/11/2025,11:09:00,P0102,MWC Tteok Galbi Bar,Food Frozen,1,75,0,75
T2025000145,04/11/2025,20:29:00,P0245,Honey Butter Almond 190g,Snacks,1,420,0,420
T2025000145,04/11/2025,20:29:00,P0298,Pepero White Cookie,Snacks,1,55,0,55
T2025000146,04/11/2025,20:10:00,P0184,Nongshim Baehongdong Bibimyeon 137g,Noodles,5,61,0,305
T2025000146,04/11/2025,20:10:00,P0224,Seasoned Seaweed 200g,Seasoned/Sauce/Powder,1,190,0,190
T2025000146,04/11/2025,20:10:00,P0271,Orion Choco Chip Cookies,Snacks,2,100,0,200
T2025000146,04/11/2025,20:10:00,P0205,Ottogi Yeul Ramen,Noodles,1,48,0,48
T2025000146,04/11/2025,20:10:00,P0193,Paldo Gomtang Ramen,Noodles,4,56,0,224
T2025000147,04/11/2025,11:46:00,P0122,Chamisul Original Soju,Liquor/Beverage,2,175,0,350
T2025000147,04/11/2025,11:46:00,P0252,Lotte Banana Choco Pie 12Pcs,Snacks,2,180,0,360
T2025000147,04/11/2025,11:46:00,P0295,Pepero Almond,Snacks,5,55,0,275
T2025000147,04/11/2025,11:46:00,P0166,Samyang Buldak Original,Noodles,1,88,0,88
T2025000147,04/11/2025,11:46:00,P0009,CJ Beksul Corn Syrup,Condiments,3,95,0,285
T2025000148,04/11/2025,11:20:00,P0274,Haitai Matdongsan,Snacks,2,95,0,190
T2025000148,04/11/2025,11:20:00,P0294,Pepero Strawberry,Snacks,2,55,0,110
T2025000148,04/11/2025,11:20:00,P0245,Honey Butter Almond 190g,Snacks,1,420,0,420
T2025000148,04/11/2025,11:20:00,P0178,Samyang Mala Buldak,Noodles,4,70,0,280
T2025000149,04/11/2025,18:47:00,P0204,Ottogi Cup Ramen Kimchi,Noodles,1,50,0,50
T2025000149,04/11/2025,18:47:00,P0150,Samyang Buldak Rosã Ramen 105g,Noodles,1,110,0,110
T2025000149,04/11/2025,18:47:00,P0196,Paldo Cheese Ramen,Noodles,2,55,0,110
T2025000150,04/11/2025,17:56:00,P0122,Chamisul Original Soju,Liquor/Beverage,2,175,0,350
T2025000150,04/11/2025,17:56:00,P0193,Paldo Gomtang Ramen,Noodles,4,56,0.15,190.4
T2025000150,04/11/2025,17:56:00,P0171,Tempura Udon Big Cup,Noodles,3,75,0.05,213.75
T2025000150,04/11/2025,17:56:00,P0192,Nongshim Soon Veggie Ramen,Noodles,5,58,0,290
T2025000151,04/11/2025,13:35:00,P0149,Binggrae Mango Milk,Liquor/Beverage,3,45,0,135
T2025000151,04/11/2025,13:35:00,P0151,Samyang Buldak 4 Cheese Ramen 110g,Noodles,1,110,0,110
T2025000152,04/11/2025,8:15:00,P0138,Kirin Ichiban Beer 330mL,Liquor/Beverage,5,68,0,340
T2025000152,04/11/2025,8:15:00,P0261,Lotte Choco Heim,Snacks,3,120,0,360
T2025000152,04/11/2025,8:15:00,P0295,Pepero Almond,Snacks,1,55,0,55
T2025000152,04/11/2025,8:15:00,P0022,Ottogi Tteokbokki Cup,Dry Food,2,160,0.15,272
T2025000152,04/11/2025,8:15:00,P0218,CJ Beksul Beef Bulgogi Sauce 500g,Seasoned/Sauce/Powder,2,250,0,500
T2025000153,04/11/2025,19:22:00,P0171,Tempura Udon Big Cup,Noodles,3,75,0,225
T2025000153,04/11/2025,19:22:00,P0095,Samlip Fish Cake Sheets,Food Frozen,2,150,0,300
T2025000153,04/11/2025,19:22:00,P0107,Ottogi Honey Ginger Tea 1Kg,Liquor/Beverage,1,530,0,530
T2025000153,04/11/2025,19:22:00,P0294,Pepero Strawberry,Snacks,5,55,0,275
T2025000153,04/11/2025,19:22:00,P0226,CJ Beksul Sweet Korean Pancake Mix 400g,Seasoned/Sauce/Powder,1,155,0,155
T2025000154,04/11/2025,18:55:00,P0245,Honey Butter Almond 190g,Snacks,1,420,0,420
T2025000154,04/11/2025,18:55:00,P0296,Lotte Cereal Choco,Snacks,4,55,0,220
T2025000154,04/11/2025,18:55:00,P0205,Ottogi Yeul Ramen,Noodles,3,48,0,144
T2025000154,04/11/2025,18:55:00,P0170,Ottogi Jin Jjajang,Noodles,3,80,0.15,204
T2025000155,04/11/2025,11:17:00,P0144,Nongshim Welchs Strawberry 355mL,Liquor/Beverage,3,60,0,180
T2025000155,04/11/2025,11:17:00,P0102,MWC Tteok Galbi Bar,Food Frozen,2,75,0,150
T2025000157,04/11/2025,19:43:00,P0269,Lotte Soft Strawberry Milk Candy 79g,Snacks,2,105,0,210
T2025000157,04/11/2025,19:43:00,P0295,Pepero Almond,Snacks,2,55,0,110
T2025000158,04/11/2025,12:17:00,P0122,Chamisul Original Soju,Liquor/Beverage,1,175,0,175
T2025000158,04/11/2025,12:17:00,P0245,Honey Butter Almond 190g,Snacks,1,420,0,420
T2025000158,04/11/2025,12:17:00,P0238,Ottogi Curry Mild,Seasoned/Sauce/Powder,1,115,0,115
T2025000158,04/11/2025,12:17:00,P0152,Samyang Buldak Original Cup,Noodles,1,110,0,110
T2025000159,04/11/2025,12:08:00,P0120,Aloe Vera Juice 1.5L,Liquor/Beverage,2,175,0,350
T2025000159,04/11/2025,12:08:00,P0274,Haitai Matdongsan,Snacks,3,95,0,285
T2025000159,04/11/2025,12:08:00,P0265,Orion Almond Candy,Snacks,1,110,0,110
T2025000159,04/11/2025,12:08:00,P0183,Samyang Kimchi Ramen Bowl,Noodles,3,65,0.05,185.25
T2025000159,04/11/2025,12:08:00,P0152,Samyang Buldak Original Cup,Noodles,3,110,0,330
T2025000160,04/11/2025,18:49:00,P0152,Samyang Buldak Original Cup,Noodles,1,110,0,110
T2025000160,04/11/2025,18:49:00,P0298,Pepero White Cookie,Snacks,3,55,0,165
T2025000160,04/11/2025,18:49:00,P0005,Ottogi Gold Mayonnaise 300g,Condiments,1,150,0,150
T2025000160,04/11/2025,18:49:00,P0277,Orion Turtle Chips Sweet Corn,Snacks,3,89,0,267
T2025000160,04/11/2025,18:49:00,P0166,Samyang Buldak Original,Noodles,2,88,0,176
T2025000161,04/11/2025,12:48:00,P0023,Dongwon  Luncheon Meat 340g,Dry Food,1,155,0,155
T2025000161,04/11/2025,12:48:00,P0166,Samyang Buldak Original,Noodles,1,88,0,88
T2025000161,04/11/2025,12:48:00,P0299,Lotte Xylitol Green Gum,Snacks,1,55,0,55
T2025000161,04/11/2025,12:48:00,P0293,Lotte Sand Biscuit,Snacks,2,75,0,150
T2025000161,04/11/2025,12:48:00,P0190,Nongshim Tempura Udon Cup,Noodles,5,60,0,300
T2025000162,04/11/2025,11:12:00,P0130,Sunhari Apple 360mL,Liquor/Beverage,1,120,0,120
T2025000162,04/11/2025,11:12:00,P0270,Samlip Custard Cream Cake,Snacks,2,105,0,210
T2025000162,04/11/2025,11:12:00,P0245,Honey Butter Almond 190g,Snacks,1,420,0,420
T2025000162,04/11/2025,11:12:00,P0295,Pepero Almond,Snacks,1,55,0,55
T2025000162,04/11/2025,11:12:00,P0221,CJ  Gochujang 500g,Seasoned/Sauce/Powder,2,220,0,440
T2025000163,04/11/2025,21:49:00,P0124,Terra Lager Beer 500mL,Liquor/Beverage,2,170,0,340
T2025000163,04/11/2025,21:49:00,P0290,Doritos Galbi Chicken,Snacks,2,77,0,154
T2025000163,04/11/2025,21:49:00,P0250,Haitai Honey Butter Almonds,Snacks,2,190,0,380
T2025000163,04/11/2025,21:49:00,P0245,Honey Butter Almond 190g,Snacks,1,420,0,420
T2025000163,04/11/2025,21:49:00,P0165,Samyang Cream Carbo Buldak 140g,Noodles,2,88,0.05,167.2
T2025000164,04/11/2025,21:25:00,P0149,Binggrae Mango Milk,Liquor/Beverage,1,45,0,45
T2025000164,04/11/2025,21:25:00,P0245,Honey Butter Almond 190g,Snacks,1,420,0,420
T2025000165,04/11/2025,14:26:00,P0280,Nongshim Potato Sticks,Snacks,2,85,0,170
T2025000165,04/11/2025,14:26:00,P0178,Samyang Mala Buldak,Noodles,3,70,0,210
T2025000165,04/11/2025,14:26:00,P0202,Nongshim Ansung Tangmen,Noodles,3,50,0,150
T2025000165,04/11/2025,14:26:00,P0192,Nongshim Soon Veggie Ramen,Noodles,2,58,0,116
T2025000166,04/11/2025,11:12:00,P0124,Terra Lager Beer 500mL,Liquor/Beverage,1,170,0,170
T2025000167,04/11/2025,17:54:00,P0206,Nongshim Chapagetti,Noodles,2,45,0,90
T2025000168,04/11/2025,13:36:00,P0216,CJ Beksul Chicken Frying Mix 1Kg,Seasoned/Sauce/Powder,2,257,0,514
T2025000169,04/11/2025,18:08:00,P0275,Haitai Sweet Potato Snack,Snacks,3,95,0,285
T2025000169,04/11/2025,18:08:00,P0298,Pepero White Cookie,Snacks,2,55,0,110
T2025000169,04/11/2025,18:08:00,P0263,Samlip Honey Castella,Snacks,3,120,0,360
T2025000170,04/11/2025,12:21:00,P0131,Sunhari Yogurt 360mL,Liquor/Beverage,3,120,0,360
T2025000170,04/11/2025,12:21:00,P0292,Orion Goraebab Crackers,Snacks,3,75,0,225
T2025000170,04/11/2025,12:21:00,P0252,Lotte Banana Choco Pie 12Pcs,Snacks,2,180,0,360
T2025000170,04/11/2025,12:21:00,P0080,Samyang Buldak Original Spicy Mandu 700g,Food Frozen,1,410,0,410
T2025000171,04/11/2025,14:48:00,P0114,Banana Milk 200mL 6Pcs,Liquor/Beverage,2,290,0,580
T2025000171,04/11/2025,14:48:00,P0186,Ottogi Chachelin Blackbean 145g,Noodles,2,60,0,120
T2025000171,04/11/2025,14:48:00,P0009,CJ Beksul Corn Syrup,Condiments,1,95,0,95
T2025000171,04/11/2025,14:48:00,P0102,MWC Tteok Galbi Bar,Food Frozen,1,75,0.15,63.75
T2025000172,04/11/2025,11:06:00,P0211,Ottogi Jin Ramen Hot,Noodles,3,40,0.1,108
T2025000172,04/11/2025,11:06:00,P0180,Samyang Curry Ramen,Noodles,3,68,0,204
T2025000172,04/11/2025,11:06:00,P0288,Nongshim Honey Rice Snack,Snacks,2,80,0.05,152
T2025000172,04/11/2025,11:06:00,P0279,Orion O! Karto Sweet Corn,Snacks,1,88,0,88
T2025000172,04/11/2025,11:06:00,P0223,Jin Soy Sauce For Soup 860mL,Seasoned/Sauce/Powder,2,205,0,410
T2025000173,04/11/2025,17:27:00,P0122,Chamisul Original Soju,Liquor/Beverage,1,175,0,175
T2025000173,04/11/2025,17:27:00,P0251,Oil Fried & Salted Peanuts,Snacks,1,185,0,185
T2025000173,04/11/2025,17:27:00,P0245,Honey Butter Almond 190g,Snacks,1,420,0,420
T2025000173,04/11/2025,17:27:00,P0034,CJ  Cooked Rice,Dry Food,3,116,0,348
T2025000174,04/11/2025,17:28:00,P0005,Ottogi Gold Mayonnaise 300g,Condiments,2,150,0,300
T2025000175,04/11/2025,18:31:00,P0204,Ottogi Cup Ramen Kimchi,Noodles,3,50,0,150
T2025000175,04/11/2025,18:31:00,P0190,Nongshim Tempura Udon Cup,Noodles,3,60,0,180
T2025000175,04/11/2025,18:31:00,P0211,Ottogi Jin Ramen Hot,Noodles,4,40,0,160
T2025000176,04/11/2025,19:58:00,P0125,Jinro Fresh Soju,Liquor/Beverage,1,170,0,170
T2025000176,04/11/2025,19:58:00,P0264,Lotte Ghana Dark Chocolate,Snacks,1,115,0.15,97.75
T2025000176,04/11/2025,19:58:00,P0045,CJ Beksul Wheat Flour,Dry Food,2,90,0,180
T2025000177,05/11/2025,18:53:00,P0122,Chamisul Original Soju,Liquor/Beverage,2,175,0,350
T2025000177,05/11/2025,18:53:00,P0262,Orion Custard Pineapple,Snacks,3,120,0,360
T2025000177,05/11/2025,18:53:00,P0005,Ottogi Gold Mayonnaise 300g,Condiments,2,150,0.05,285
T2025000177,05/11/2025,18:53:00,P0227,CJ Beksul Beef Bulgogi Sauce 290g,Seasoned/Sauce/Powder,2,150,0,300
T2025000178,05/11/2025,10:26:00,P0140,Woongjin Yogurt Peach 340mL,Liquor/Beverage,1,60,0,60
T2025000179,05/11/2025,15:46:00,P0122,Chamisul Original Soju,Liquor/Beverage,2,175,0.15,297.5
T2025000179,05/11/2025,15:46:00,P0036,Dongwon  Tuna Light Can 150g,Dry Food,2,110,0,220
T2025000180,05/11/2025,17:42:00,P0123,Cass Cold Brewed Beer 500mL,Liquor/Beverage,2,170,0,340
T2025000180,05/11/2025,17:42:00,P0245,Honey Butter Almond 190g,Snacks,1,420,0,420
T2025000180,05/11/2025,17:42:00,P0191,Paldo Teumsae Ramen,Noodles,1,60,0,60
T2025000180,05/11/2025,17:42:00,P0171,Tempura Udon Big Cup,Noodles,1,75,0,75
T2025000181,05/11/2025,19:13:00,P0122,Chamisul Original Soju,Liquor/Beverage,2,175,0,350
T2025000181,05/11/2025,19:13:00,P0295,Pepero Almond,Snacks,2,55,0,110
T2025000181,05/11/2025,19:13:00,P0288,Nongshim Honey Rice Snack,Snacks,3,80,0,240
T2025000181,05/11/2025,19:13:00,P0152,Samyang Buldak Original Cup,Noodles,1,110,0,110
T2025000182,05/11/2025,20:36:00,P0204,Ottogi Cup Ramen Kimchi,Noodles,3,50,0,150
T2025000182,05/11/2025,20:36:00,P0245,Honey Butter Almond 190g,Snacks,1,420,0,420
T2025000182,05/11/2025,20:36:00,P0152,Samyang Buldak Original Cup,Noodles,2,110,0.15,187
T2025000182,05/11/2025,20:36:00,P0250,Haitai Honey Butter Almonds,Snacks,2,190,0,380
T2025000182,05/11/2025,20:36:00,P0149,Binggrae Mango Milk,Liquor/Beverage,3,45,0,135
T2025000183,05/11/2025,20:49:00,P0287,Nongshim Banana Kick 75g,Snacks,1,80,0,80
T2025000183,05/11/2025,20:49:00,P0245,Honey Butter Almond 190g,Snacks,1,420,0,420
T2025000183,05/11/2025,20:49:00,P0178,Samyang Mala Buldak,Noodles,3,70,0,210
T2025000183,05/11/2025,20:49:00,P0194,Shin Ramen Kimchi,Noodles,1,55,0,55
T2025000183,05/11/2025,20:49:00,P0156,Nongshim Ramyun King Bowl,Noodles,1,95,0.15,80.75
T2025000184,05/11/2025,11:50:00,P0207,Ottogi Yeul Ramen 120g,Noodles,2,40,0,80
T2025000184,05/11/2025,11:50:00,P0033,CJ Beksul Frying Mix,Dry Food,3,120,0,360
T2025000184,05/11/2025,11:50:00,P0285,Corn Choco,Snacks,3,80,0,240
T2025000184,05/11/2025,11:50:00,P0284,Kkokal Sweet Corn Snack,Snacks,2,80,0,160
T2025000184,05/11/2025,11:50:00,P0133,Sunhari Blueberry 360mL,Liquor/Beverage,1,120,0,120
T2025000185,05/11/2025,18:30:00,P0139,Paldo Pororo Juice,Liquor/Beverage,1,65,0,65
T2025000185,05/11/2025,18:30:00,P0299,Lotte Xylitol Green Gum,Snacks,4,55,0,220
T2025000185,05/11/2025,18:30:00,P0290,Doritos Galbi Chicken,Snacks,1,77,0.05,73.15
T2025000186,05/11/2025,21:27:00,P0120,Aloe Vera Juice 1.5L,Liquor/Beverage,2,175,0,350
T2025000186,05/11/2025,21:27:00,P0295,Pepero Almond,Snacks,3,55,0,165
T2025000186,05/11/2025,21:27:00,P0294,Pepero Strawberry,Snacks,3,55,0,165
T2025000186,05/11/2025,21:27:00,P0071,Kongsarang Firm Tofu,Food Fresh/Meat/Sidedish,2,65,0,130
T2025000187,05/11/2025,12:07:00,P0124,Terra Lager Beer 500mL,Liquor/Beverage,1,170,0,170
T2025000187,05/11/2025,12:07:00,P0269,Lotte Soft Strawberry Milk Candy 79g,Snacks,3,105,0,315
T2025000187,05/11/2025,12:07:00,P0276,Orion Sun Chips Korean BBQ,Snacks,1,90,0,90
T2025000187,05/11/2025,12:07:00,P0013,Dongwon  Whelk In Can 140g,Dry Food,1,280,0,280
T2025000187,05/11/2025,12:07:00,P0080,Samyang Buldak Original Spicy Mandu 700g,Food Frozen,1,410,0,410
T2025000188,05/11/2025,11:18:00,P0115,Strawberry Milk 200mL 6Pcs,Liquor/Beverage,1,290,0,290
T2025000188,05/11/2025,11:18:00,P0292,Orion Goraebab Crackers,Snacks,3,75,0.05,213.75
T2025000188,05/11/2025,11:18:00,P0261,Lotte Choco Heim,Snacks,2,120,0,240
T2025000188,05/11/2025,11:18:00,P0166,Samyang Buldak Original,Noodles,1,88,0.05,83.6
T2025000188,05/11/2025,11:18:00,P0003,Sempio Sesame Oil,Condiments,1,185,0,185
T2025000189,05/11/2025,12:09:00,P0020,CJ Beksul Hotteok Mix,Dry Food,1,185,0,185
T2025000189,05/11/2025,12:09:00,P0100,Binggrae Ice Cream Sandwich,Food Frozen,1,80,0,80
T2025000190,05/11/2025,12:06:00,P0124,Terra Lager Beer 500mL,Liquor/Beverage,1,170,0,170
T2025000190,05/11/2025,12:06:00,P0294,Pepero Strawberry,Snacks,2,55,0,110
T2025000190,05/11/2025,12:06:00,P0180,Samyang Curry Ramen,Noodles,1,68,0,68
T2025000190,05/11/2025,12:06:00,P0152,Samyang Buldak Original Cup,Noodles,2,110,0,220
T2025000191,05/11/2025,17:53:00,P0124,Terra Lager Beer 500mL,Liquor/Beverage,2,170,0,340
T2025000191,05/11/2025,17:53:00,P0249,Lotte Chocopie 12Pcs,Snacks,2,200,0.05,380
T2025000192,05/11/2025,20:01:00,P0177,Ottogi Beef Seaweed Soup Ramen,Noodles,4,70,0,280
T2025000192,05/11/2025,20:01:00,P0255,Bibigo Crispy Seaweed Snack,Snacks,1,140,0,140
T2025000192,05/11/2025,20:01:00,P0294,Pepero Strawberry,Snacks,1,55,0,55
T2025000192,05/11/2025,20:01:00,P0122,Chamisul Original Soju,Liquor/Beverage,1,175,0.05,166.25
T2025000192,05/11/2025,20:01:00,P0025,Sempio Yellow Peach In Can 400g,Dry Food,1,145,0,145
T2025000193,05/11/2025,18:28:00,P0117,Maxim Kanu Dark Roast 10 Sticks,Liquor/Beverage,1,260,0,260
T2025000193,05/11/2025,18:28:00,P0294,Pepero Strawberry,Snacks,5,55,0.15,233.75
T2025000193,05/11/2025,18:28:00,P0297,Pepero Choco Filled,Snacks,4,55,0,220
T2025000193,05/11/2025,18:28:00,P0289,Crown Corn Chips,Snacks,1,80,0,80
T2025000193,05/11/2025,18:28:00,P0080,Samyang Buldak Original Spicy Mandu 700g,Food Frozen,1,410,0,410
T2025000194,05/11/2025,13:56:00,P0143,Nongshim Welchs Grape 355mL,Liquor/Beverage,5,60,0,300
T2025000194,05/11/2025,13:56:00,P0290,Doritos Galbi Chicken,Snacks,1,77,0,77
T2025000194,05/11/2025,13:56:00,P0254,Honey Roasted Peanuts,Snacks,1,165,0,165
T2025000194,05/11/2025,13:56:00,P0295,Pepero Almond,Snacks,1,55,0,55
T2025000194,05/11/2025,13:56:00,P0034,CJ  Cooked Rice,Dry Food,3,116,0,348
T2025000195,05/11/2025,18:16:00,P0196,Paldo Cheese Ramen,Noodles,1,55,0,55
T2025000195,05/11/2025,18:16:00,P0187,Paldo Bibim Men,Noodles,3,60,0,180
T2025000195,05/11/2025,18:16:00,P0041,CJ Hetbahn Multi-Grain Rice,Dry Food,2,95,0,190
T2025000196,05/11/2025,19:19:00,P0295,Pepero Almond,Snacks,5,55,0.15,233.75
T2025000197,05/11/2025,19:19:00,P0125,Jinro Fresh Soju,Liquor/Beverage,1,170,0,170
T2025000197,05/11/2025,19:19:00,P0278,Haitai O! Karto Chips,Snacks,1,88,0,88
T2025000197,05/11/2025,19:19:00,P0269,Lotte Soft Strawberry Milk Candy 79g,Snacks,1,105,0,105
T2025000197,05/11/2025,19:19:00,P0295,Pepero Almond,Snacks,4,55,0,220
T2025000197,05/11/2025,19:19:00,P0028,CJ Bibigo Seaweed Soup,Dry Food,2,140,0,280
T2025000198,05/11/2025,14:30:00,P0123,Cass Cold Brewed Beer 500mL,Liquor/Beverage,2,170,0.1,306
T2025000198,05/11/2025,14:30:00,P0099,Daerim  Chaw Spicy Stick 90g,Food Frozen,2,80,0,160
T2025000199,05/11/2025,12:05:00,P0146,Binggrae Yogurt Drink,Liquor/Beverage,1,55,0,55
T2025000199,05/11/2025,12:05:00,P0278,Haitai O! Karto Chips,Snacks,2,88,0,176
T2025000199,05/11/2025,12:05:00,P0273,Haitai  Plumcandy 130g,Snacks,2,95,0,190
T2025000199,05/11/2025,12:05:00,P0183,Samyang Kimchi Ramen Bowl,Noodles,2,65,0,130
T2025000199,05/11/2025,12:05:00,P0004,O'Food Korean Chili Oil,Condiments,1,160,0,160
T2025000200,05/11/2025,18:50:00,P0106,Mocha Gold Coffee 100Sticks,Liquor/Beverage,1,1100,0,1100
T2025000200,05/11/2025,18:50:00,P0009,CJ Beksul Corn Syrup,Condiments,2,95,0,190
T2025000201,05/11/2025,21:02:00,P0114,Banana Milk 200mL 6Pcs,Liquor/Beverage,1,290,0,290
T2025000201,05/11/2025,21:02:00,P0281,Haitai Ace Crackers,Snacks,2,85,0,170
T2025000201,05/11/2025,21:02:00,P0272,Haitai  Sunkist Candy 125g,Snacks,2,95,0,190
T2025000201,05/11/2025,21:02:00,P0039,Ottogi 3Mins Curry,Dry Food,1,99,0,99
T2025000202,05/11/2025,12:48:00,P0245,Honey Butter Almond 190g,Snacks,1,420,0,420
T2025000202,05/11/2025,12:48:00,P0231,O'Food Bulgogi Marinade,Seasoned/Sauce/Powder,2,145,0,290
T2025000203,05/11/2025,19:45:00,P0123,Cass Cold Brewed Beer 500mL,Liquor/Beverage,2,170,0,340
T2025000203,05/11/2025,19:45:00,P0210,2Mins Snack Men,Noodles,1,40,0,40
T2025000203,05/11/2025,19:45:00,P0180,Samyang Curry Ramen,Noodles,4,68,0,272
T2025000203,05/11/2025,19:45:00,P0152,Samyang Buldak Original Cup,Noodles,3,110,0,330
T2025000203,05/11/2025,19:45:00,P0040,Ottogi Sweet Corn 340g,Dry Food,2,95,0,190
T2025000204,05/11/2025,19:23:00,P0245,Honey Butter Almond 190g,Snacks,1,420,0,420
T2025000204,05/11/2025,19:23:00,P0152,Samyang Buldak Original Cup,Noodles,1,110,0,110
T2025000204,05/11/2025,19:23:00,P0205,Ottogi Yeul Ramen,Noodles,3,48,0,144
T2025000204,05/11/2025,19:23:00,P0209,Ottogi Kimchi Ramen,Noodles,5,40,0,200
T2025000205,05/11/2025,12:03:00,P0148,Binggrae Strawberry Milk,Liquor/Beverage,1,45,0,45
T2025000205,05/11/2025,12:03:00,P0293,Lotte Sand Biscuit,Snacks,3,75,0,225
T2025000205,05/11/2025,12:03:00,P0267,Lotte Pepero White Cookie,Snacks,2,110,0,220
T2025000206,05/11/2025,8:23:00,P0283,Orion Ogingo Ttangkong,Snacks,3,83,0,249
T2025000206,05/11/2025,8:23:00,P0252,Lotte Banana Choco Pie 12Pcs,Snacks,1,180,0,180
T2025000206,05/11/2025,8:23:00,P0296,Lotte Cereal Choco,Snacks,2,55,0,110
T2025000207,05/11/2025,10:32:00,P0274,Haitai Matdongsan,Snacks,2,95,0,190
T2025000207,05/11/2025,10:32:00,P0154,Nongshim Jjawang,Noodles,3,100,0,300
T2025000207,05/11/2025,10:32:00,P0152,Samyang Buldak Original Cup,Noodles,2,110,0,220
T2025000208,05/11/2025,19:14:00,P0124,Terra Lager Beer 500mL,Liquor/Beverage,2,170,0,340
T2025000208,05/11/2025,19:14:00,P0263,Samlip Honey Castella,Snacks,2,120,0,240
T2025000209,05/11/2025,12:40:00,P0299,Lotte Xylitol Green Gum,Snacks,2,55,0,110
T2025000209,05/11/2025,12:40:00,P0295,Pepero Almond,Snacks,2,55,0,110
T2025000209,05/11/2025,12:40:00,P0300,Can Choco Balls,Snacks,4,45,0,180
T2025000210,05/11/2025,13:26:00,P0269,Lotte Soft Strawberry Milk Candy 79g,Snacks,3,105,0,315
T2025000210,05/11/2025,13:26:00,P0278,Haitai O! Karto Chips,Snacks,1,88,0,88
T2025000210,05/11/2025,13:26:00,P0254,Honey Roasted Peanuts,Snacks,1,165,0.15,140.25
T2025000210,05/11/2025,13:26:00,P0150,Samyang Buldak Rosã Ramen 105g,Noodles,2,110,0,220
T2025000210,05/11/2025,13:26:00,P0186,Ottogi Chachelin Blackbean 145g,Noodles,5,60,0,300
T2025000211,05/11/2025,11:47:00,P0128,Chamiseul Fresh 360mL,Liquor/Beverage,2,120,0.1,216
T2025000211,05/11/2025,11:47:00,P0180,Samyang Curry Ramen,Noodles,1,68,0,68
T2025000212,05/11/2025,20:46:00,P0149,Binggrae Mango Milk,Liquor/Beverage,2,45,0.1,81
T2025000212,05/11/2025,20:46:00,P0206,Nongshim Chapagetti,Noodles,4,45,0,180
T2025000212,05/11/2025,20:46:00,P0211,Ottogi Jin Ramen Hot,Noodles,4,40,0,160
T2025000212,05/11/2025,20:46:00,P0046,CJ Beksul Potato Starch,Dry Food,2,85,0,170
T2025000213,05/11/2025,19:52:00,P0149,Binggrae Mango Milk,Liquor/Beverage,3,45,0,135
T2025000214,05/11/2025,11:45:00,P0124,Terra Lager Beer 500mL,Liquor/Beverage,1,170,0,170
T2025000214,05/11/2025,11:45:00,P0290,Doritos Galbi Chicken,Snacks,2,77,0,154
T2025000214,05/11/2025,11:45:00,P0257,Lotte Almond Chocolate,Snacks,1,130,0,130
T2025000214,05/11/2025,11:45:00,P0271,Orion Choco Chip Cookies,Snacks,1,100,0,100
T2025000214,05/11/2025,11:45:00,P0205,Ottogi Yeul Ramen,Noodles,1,48,0,48
T2025000215,05/11/2025,15:43:00,P0152,Samyang Buldak Original Cup,Noodles,1,110,0,110
T2025000215,05/11/2025,15:43:00,P0166,Samyang Buldak Original,Noodles,1,88,0,88
T2025000215,05/11/2025,15:43:00,P0192,Nongshim Soon Veggie Ramen,Noodles,2,58,0,116
T2025000216,05/11/2025,16:00:00,P0137,Hite Beer Can,Liquor/Beverage,3,80,0,240
T2025000216,05/11/2025,16:00:00,P0299,Lotte Xylitol Green Gum,Snacks,5,55,0,275
T2025000216,05/11/2025,16:00:00,P0282,Orion Choco Boy,Snacks,1,85,0,85
T2025000216,05/11/2025,16:00:00,P0005,Ottogi Gold Mayonnaise 300g,Condiments,1,150,0,150
T2025000217,05/11/2025,15:01:00,P0257,Lotte Almond Chocolate,Snacks,2,130,0,260
T2025000217,05/11/2025,15:01:00,P0279,Orion O! Karto Sweet Corn,Snacks,3,88,0,264
T2025000218,05/11/2025,18:42:00,P0200,Paldo Koreno Kimchi Noodle,Noodles,1,50,0,50
T2025000218,05/11/2025,18:42:00,P0288,Nongshim Honey Rice Snack,Snacks,1,80,0,80
T2025000218,05/11/2025,18:42:00,P0267,Lotte Pepero White Cookie,Snacks,3,110,0,330
T2025000218,05/11/2025,18:42:00,P0101,Daerim  Fish Cake Stick,Food Frozen,1,77,0,77
T2025000218,05/11/2025,18:42:00,P0144,Nongshim Welchs Strawberry 355mL,Liquor/Beverage,5,60,0,300
T2025000219,05/11/2025,13:33:00,P0263,Samlip Honey Castella,Snacks,1,120,0.1,108
T2025000219,05/11/2025,13:33:00,P0267,Lotte Pepero White Cookie,Snacks,3,110,0,330
T2025000219,05/11/2025,13:33:00,P0247,Choco Pie Green Tea 12Pcs,Snacks,1,200,0,200
T2025000219,05/11/2025,13:33:00,P0234,CJ Beksul Spicy Pork Sauce 290g,Seasoned/Sauce/Powder,1,130,0,130
T2025000220,05/11/2025,19:24:00,P0124,Terra Lager Beer 500mL,Liquor/Beverage,1,170,0,170
T2025000220,05/11/2025,19:24:00,P0021,Bibigo Kimbab Kim 10Sheets,Dry Food,1,161,0,161
T2025000221,05/11/2025,15:32:00,P0196,Paldo Cheese Ramen,Noodles,3,55,0,165
T2025000221,05/11/2025,15:32:00,P0201,Sewoo Tang Small Cup,Noodles,1,50,0,50
T2025000221,05/11/2025,15:32:00,P0226,CJ Beksul Sweet Korean Pancake Mix 400g,Seasoned/Sauce/Powder,2,155,0,310
T2025000221,05/11/2025,15:32:00,P0286,Crown Caramel Maple Corn,Snacks,2,80,0.15,136
T2025000221,05/11/2025,15:32:00,P0125,Jinro Fresh Soju,Liquor/Beverage,2,170,0,340
T2025000222,05/11/2025,8:47:00,P0186,Ottogi Chachelin Blackbean 145g,Noodles,1,60,0,60
T2025000222,05/11/2025,8:47:00,P0127,Lets Be Mild Coffee Can 4Pcs,Liquor/Beverage,1,128,0.05,121.6
T2025000222,05/11/2025,8:47:00,P0184,Nongshim Baehongdong Bibimyeon 137g,Noodles,1,61,0,61
T2025000222,05/11/2025,8:47:00,P0101,Daerim  Fish Cake Stick,Food Frozen,3,77,0,231
T2025000222,05/11/2025,8:47:00,P0299,Lotte Xylitol Green Gum,Snacks,1,55,0,55
T2025000223,05/11/2025,12:38:00,P0152,Samyang Buldak Original Cup,Noodles,2,110,0,220
T2025000223,05/11/2025,12:38:00,P0166,Samyang Buldak Original,Noodles,3,88,0.1,237.6
T2025000224,05/11/2025,11:55:00,P0137,Hite Beer Can,Liquor/Beverage,1,80,0,80
T2025000224,05/11/2025,11:55:00,P0185,Nongshim Shin Non-Frying Ramen 97g,Noodles,1,60,0,60
T2025000224,05/11/2025,11:55:00,P0004,O'Food Korean Chili Oil,Condiments,1,160,0,160
T2025000225,05/11/2025,8:40:00,P0125,Jinro Fresh Soju,Liquor/Beverage,1,170,0,170
T2025000225,05/11/2025,8:40:00,P0193,Paldo Gomtang Ramen,Noodles,3,56,0.1,151.2
T2025000225,05/11/2025,8:40:00,P0034,CJ  Cooked Rice,Dry Food,3,116,0,348
T2025000225,05/11/2025,8:40:00,P0297,Pepero Choco Filled,Snacks,1,55,0,55
T2025000226,05/11/2025,17:33:00,P0295,Pepero Almond,Snacks,5,55,0,275
T2025000226,05/11/2025,17:33:00,P0265,Orion Almond Candy,Snacks,2,110,0,220
T2025000226,05/11/2025,17:33:00,P0271,Orion Choco Chip Cookies,Snacks,3,100,0,300
T2025000226,05/11/2025,17:33:00,P0152,Samyang Buldak Original Cup,Noodles,1,110,0.1,99
T2025000226,05/11/2025,17:33:00,P0207,Ottogi Yeul Ramen 120g,Noodles,3,40,0.15,102
T2025000227,05/11/2025,19:06:00,P0265,Orion Almond Candy,Snacks,3,110,0,330
T2025000227,05/11/2025,19:06:00,P0146,Binggrae Yogurt Drink,Liquor/Beverage,1,55,0,55
T2025000227,05/11/2025,19:06:00,P0207,Ottogi Yeul Ramen 120g,Noodles,4,40,0,160
T2025000227,05/11/2025,19:06:00,P0184,Nongshim Baehongdong Bibimyeon 137g,Noodles,2,61,0,122
T2025000227,05/11/2025,19:06:00,P0282,Orion Choco Boy,Snacks,2,85,0,170
T2025000228,05/11/2025,15:59:00,P0263,Samlip Honey Castella,Snacks,1,120,0,120
T2025000228,05/11/2025,15:59:00,P0298,Pepero White Cookie,Snacks,1,55,0,55
T2025000228,05/11/2025,15:59:00,P0207,Ottogi Yeul Ramen 120g,Noodles,2,40,0,80
T2025000228,05/11/2025,15:59:00,P0198,Paldo Koreno Beef Noodle 100g,Noodles,3,50,0,150
T2025000229,05/11/2025,11:46:00,P0122,Chamisul Original Soju,Liquor/Beverage,2,175,0,350
T2025000229,05/11/2025,11:46:00,P0265,Orion Almond Candy,Snacks,2,110,0,220
T2025000229,05/11/2025,11:46:00,P0270,Samlip Custard Cream Cake,Snacks,3,105,0,315
T2025000229,05/11/2025,11:46:00,P0188,Nagasaki Jjampong,Noodles,3,60,0,180
T2025000230,05/11/2025,12:29:00,P0259,Nongshim Sengseng U-Dong,Snacks,1,125,0.15,106.25
T2025000230,05/11/2025,12:29:00,P0252,Lotte Banana Choco Pie 12Pcs,Snacks,2,180,0,360
T2025000230,05/11/2025,12:29:00,P0261,Lotte Choco Heim,Snacks,3,120,0,360
T2025000230,05/11/2025,12:29:00,P0005,Ottogi Gold Mayonnaise 300g,Condiments,1,150,0,150
T2025000231,05/11/2025,18:24:00,P0162,Ottogi Jin Jjampong,Noodles,3,90,0,270
T2025000231,05/11/2025,18:24:00,P0254,Honey Roasted Peanuts,Snacks,2,165,0,330
T2025000231,05/11/2025,18:24:00,P0198,Paldo Koreno Beef Noodle 100g,Noodles,2,50,0.1,90
T2025000231,05/11/2025,18:24:00,P0286,Crown Caramel Maple Corn,Snacks,2,80,0,160
T2025000231,05/11/2025,18:24:00,P0126,Woongjin Yogurt Pineapple 1.5L,Liquor/Beverage,1,135,0,135
T2025000232,05/11/2025,16:29:00,P0124,Terra Lager Beer 500mL,Liquor/Beverage,2,170,0,340
T2025000232,05/11/2025,16:29:00,P0181,Paldo Bibim Cold Noodles,Noodles,4,65,0.15,221
T2025000232,05/11/2025,16:29:00,P0162,Ottogi Jin Jjampong,Noodles,3,90,0,270
T2025000232,05/11/2025,16:29:00,P0210,2Mins Snack Men,Noodles,1,40,0,40
T2025000232,05/11/2025,16:29:00,P0080,Samyang Buldak Original Spicy Mandu 700g,Food Frozen,1,410,0,410
T2025000233,05/11/2025,9:55:00,P0171,Tempura Udon Big Cup,Noodles,2,75,0,150
T2025000233,05/11/2025,9:55:00,P0152,Samyang Buldak Original Cup,Noodles,1,110,0,110
T2025000233,05/11/2025,9:55:00,P0291,Crown Sando Biscuit,Snacks,2,75,0,150
T2025000233,05/11/2025,9:55:00,P0276,Orion Sun Chips Korean BBQ,Snacks,2,90,0,180
T2025000233,05/11/2025,9:55:00,P0269,Lotte Soft Strawberry Milk Candy 79g,Snacks,3,105,0,315
T2025000234,05/11/2025,18:31:00,P0115,Strawberry Milk 200mL 6Pcs,Liquor/Beverage,1,290,0,290
T2025000234,05/11/2025,18:31:00,P0292,Orion Goraebab Crackers,Snacks,1,75,0,75
T2025000235,05/11/2025,13:43:00,P0170,Ottogi Jin Jjajang,Noodles,2,80,0.05,152
T2025000235,05/11/2025,13:43:00,P0174,Ottogi Cheese Bokki Cup,Noodles,1,75,0,75
T2025000235,05/11/2025,13:43:00,P0245,Honey Butter Almond 190g,Snacks,1,420,0,420
T2025000235,05/11/2025,13:43:00,P0124,Terra Lager Beer 500mL,Liquor/Beverage,2,170,0,340
T2025000235,05/11/2025,13:43:00,P0152,Samyang Buldak Original Cup,Noodles,3,110,0,330
T2025000236,05/11/2025,10:47:00,P0125,Jinro Fresh Soju,Liquor/Beverage,1,170,0,170
T2025000236,05/11/2025,10:47:00,P0299,Lotte Xylitol Green Gum,Snacks,5,55,0,275
T2025000236,05/11/2025,10:47:00,P0292,Orion Goraebab Crackers,Snacks,1,75,0,75
T2025000236,05/11/2025,10:47:00,P0297,Pepero Choco Filled,Snacks,4,55,0,220
T2025000236,05/11/2025,10:47:00,P0206,Nongshim Chapagetti,Noodles,5,45,0,225
T2025000237,05/11/2025,11:09:00,P0114,Banana Milk 200mL 6Pcs,Liquor/Beverage,1,290,0,290
T2025000237,05/11/2025,11:09:00,P0254,Honey Roasted Peanuts,Snacks,1,165,0,165
T2025000237,05/11/2025,11:09:00,P0268,Samlip Walnut Pie,Snacks,1,110,0,110
T2025000237,05/11/2025,11:09:00,P0157,Nongshim Yachae Ramyeon 100g,Noodles,2,93,0,186
T2025000237,05/11/2025,11:09:00,P0242,CJ  Gochujang 200g,Seasoned/Sauce/Powder,3,100,0.05,285
T2025000238,05/11/2025,12:00:00,P0125,Jinro Fresh Soju,Liquor/Beverage,1,170,0,170
T2025000238,05/11/2025,12:00:00,P0004,O'Food Korean Chili Oil,Condiments,1,160,0,160
T2025000239,05/11/2025,18:12:00,P0148,Binggrae Strawberry Milk,Liquor/Beverage,5,45,0,225
T2025000239,05/11/2025,18:12:00,P0164,Samyang Buldak 4 Cheese 145g,Noodles,1,88,0,88
T2025000239,05/11/2025,18:12:00,P0283,Orion Ogingo Ttangkong,Snacks,2,83,0,166
T2025000239,05/11/2025,18:12:00,P0205,Ottogi Yeul Ramen,Noodles,1,48,0,48
T2025000239,05/11/2025,18:12:00,P0245,Honey Butter Almond 190g,Snacks,1,420,0,420
T2025000240,05/11/2025,19:31:00,P0138,Kirin Ichiban Beer 330mL,Liquor/Beverage,1,68,0,68
T2025000240,05/11/2025,19:31:00,P0300,Can Choco Balls,Snacks,4,45,0,180
T2025000240,05/11/2025,19:31:00,P0297,Pepero Choco Filled,Snacks,4,55,0,220
T2025000240,05/11/2025,19:31:00,P0172,Ottogi Jin Hot Big Cup,Noodles,1,75,0,75
T2025000241,05/11/2025,21:36:00,P0245,Honey Butter Almond 190g,Snacks,1,420,0,420
T2025000241,05/11/2025,21:36:00,P0200,Paldo Koreno Kimchi Noodle,Noodles,4,50,0,200
T2025000241,05/11/2025,21:36:00,P0154,Nongshim Jjawang,Noodles,3,100,0,300
T2025000241,05/11/2025,21:36:00,P0208,Ottogi Jin Ramen Mild,Noodles,1,40,0.15,34
T2025000242,05/11/2025,12:44:00,P0123,Cass Cold Brewed Beer 500mL,Liquor/Beverage,2,170,0,340
T2025000242,05/11/2025,12:44:00,P0300,Can Choco Balls,Snacks,1,45,0,45
T2025000242,05/11/2025,12:44:00,P0295,Pepero Almond,Snacks,4,55,0,220
T2025000242,05/11/2025,12:44:00,P0279,Orion O! Karto Sweet Corn,Snacks,1,88,0,88
T2025000243,05/11/2025,17:50:00,P0284,Kkokal Sweet Corn Snack,Snacks,3,80,0,240
T2025000243,05/11/2025,17:50:00,P0245,Honey Butter Almond 190g,Snacks,1,420,0,420
T2025000243,05/11/2025,17:50:00,P0166,Samyang Buldak Original,Noodles,1,88,0,88
T2025000243,05/11/2025,17:50:00,P0152,Samyang Buldak Original Cup,Noodles,2,110,0,220
T2025000243,05/11/2025,17:50:00,P0080,Samyang Buldak Original Spicy Mandu 700g,Food Frozen,1,410,0,410
T2025000244,05/11/2025,15:40:00,P0125,Jinro Fresh Soju,Liquor/Beverage,2,170,0.05,323
T2025000244,05/11/2025,15:40:00,P0282,Orion Choco Boy,Snacks,1,85,0,85
T2025000244,05/11/2025,15:40:00,P0254,Honey Roasted Peanuts,Snacks,1,165,0,165
T2025000244,05/11/2025,15:40:00,P0029,CJ Beksul Pancake Flour,Dry Food,1,125,0.05,118.75
T2025000245,05/11/2025,18:32:00,P0122,Chamisul Original Soju,Liquor/Beverage,2,175,0,350
T2025000245,05/11/2025,18:32:00,P0299,Lotte Xylitol Green Gum,Snacks,4,55,0,220
T2025000245,05/11/2025,18:32:00,P0197,Nongshim Seafood Ramyun,Noodles,5,52,0.15,221
T2025000245,05/11/2025,18:32:00,P0270,Samlip Custard Cream Cake,Snacks,2,105,0,210
T2025000245,05/11/2025,18:32:00,P0191,Paldo Teumsae Ramen,Noodles,1,60,0,60
T2025000246,05/11/2025,14:21:00,P0249,Lotte Chocopie 12Pcs,Snacks,1,200,0,200
T2025000246,05/11/2025,14:21:00,P0289,Crown Corn Chips,Snacks,1,80,0,80
T2025000246,05/11/2025,14:21:00,P0042,CJ Hetbahn Brown Rice,Dry Food,3,95,0,285
T2025000247,05/11/2025,12:04:00,P0124,Terra Lager Beer 500mL,Liquor/Beverage,1,170,0,170
T2025000247,05/11/2025,12:04:00,P0206,Nongshim Chapagetti,Noodles,1,45,0,45
T2025000248,05/11/2025,12:36:00,P0121,Lotte Chum Churum Soju,Liquor/Beverage,1,175,0,175
T2025000248,05/11/2025,12:36:00,P0297,Pepero Choco Filled,Snacks,3,55,0,165
T2025000248,05/11/2025,12:36:00,P0197,Nongshim Seafood Ramyun,Noodles,1,52,0,52
T2025000248,05/11/2025,12:36:00,P0042,CJ Hetbahn Brown Rice,Dry Food,2,95,0,190
T2025000249,05/11/2025,12:31:00,P0140,Woongjin Yogurt Peach 340mL,Liquor/Beverage,1,60,0,60
T2025000249,05/11/2025,12:31:00,P0296,Lotte Cereal Choco,Snacks,5,55,0,275
T2025000249,05/11/2025,12:31:00,P0245,Honey Butter Almond 190g,Snacks,1,420,0,420
T2025000249,05/11/2025,12:31:00,P0273,Haitai  Plumcandy 130g,Snacks,3,95,0,285
T2025000249,05/11/2025,12:31:00,P0038,(Kaya) Korean Rice 1Kg,Dry Food,1,100,0,100
T2025000250,05/11/2025,16:41:00,P0295,Pepero Almond,Snacks,5,55,0,275
T2025000250,05/11/2025,16:41:00,P0284,Kkokal Sweet Corn Snack,Snacks,2,80,0,160
T2025000250,05/11/2025,16:41:00,P0270,Samlip Custard Cream Cake,Snacks,1,105,0.15,89.25
T2025000250,05/11/2025,16:41:00,P0046,CJ Beksul Potato Starch,Dry Food,3,85,0,255
T2025000251,05/11/2025,19:47:00,P0290,Doritos Galbi Chicken,Snacks,3,77,0,231
T2025000252,05/11/2025,19:16:00,P0124,Terra Lager Beer 500mL,Liquor/Beverage,1,170,0,170
T2025000252,05/11/2025,19:16:00,P0040,Ottogi Sweet Corn 340g,Dry Food,2,95,0,190
T2025000252,05/11/2025,19:16:00,P0223,Jin Soy Sauce For Soup 860mL,Seasoned/Sauce/Powder,2,205,0,410
T2025000253,05/11/2025,14:02:00,P0152,Samyang Buldak Original Cup,Noodles,3,110,0,330
T2025000253,05/11/2025,14:02:00,P0155,Nongshim Dungji Mul Nengmyeon (Cold Noodle),Noodles,2,95,0,190
T2025000253,05/11/2025,14:02:00,P0009,CJ Beksul Corn Syrup,Condiments,3,95,0,285
T2025000254,05/11/2025,21:44:00,P0122,Chamisul Original Soju,Liquor/Beverage,2,175,0,350
T2025000254,05/11/2025,21:44:00,P0024,O'Food Kimchi Soup Mix,Dry Food,1,150,0,150
T2025000255,05/11/2025,9:48:00,P0290,Doritos Galbi Chicken,Snacks,1,77,0.05,73.15
T2025000255,05/11/2025,9:48:00,P0298,Pepero White Cookie,Snacks,3,55,0,165
T2025000255,05/11/2025,9:48:00,P0058,Homemade Kimchi 850g,Food Fresh/Meat/Sidedish,1,290,0,290
T2025000256,05/11/2025,11:54:00,P0144,Nongshim Welchs Strawberry 355mL,Liquor/Beverage,3,60,0,180
T2025000256,05/11/2025,11:54:00,P0005,Ottogi Gold Mayonnaise 300g,Condiments,2,150,0,300
T2025000256,05/11/2025,11:54:00,P0228,Sempio Gochujang (500g),Seasoned/Sauce/Powder,2,145,0,290
T2025000256,05/11/2025,11:54:00,P0080,Samyang Buldak Original Spicy Mandu 700g,Food Frozen,1,410,0,410
T2025000257,05/11/2025,18:05:00,P0236,CJ  Soybean Paste 500g,Seasoned/Sauce/Powder,2,123,0,246
T2025000257,05/11/2025,18:05:00,P0104,Pepero Original,Food Frozen,2,55,0,110
T2025000257,05/11/2025,18:05:00,P0206,Nongshim Chapagetti,Noodles,5,45,0,225
T2025000257,05/11/2025,18:05:00,P0147,Binggrae Coffee Milk,Liquor/Beverage,2,48,0,96
T2025000257,05/11/2025,18:05:00,P0158,Nongshim Shin Ramen Black,Noodles,2,92,0,184
T2025000258,05/11/2025,14:17:00,P0138,Kirin Ichiban Beer 330mL,Liquor/Beverage,3,68,0,204
T2025000258,05/11/2025,14:17:00,P0166,Samyang Buldak Original,Noodles,1,88,0,88
T2025000258,05/11/2025,14:17:00,P0206,Nongshim Chapagetti,Noodles,5,45,0,225
T2025000258,05/11/2025,14:17:00,P0187,Paldo Bibim Men,Noodles,3,60,0,180
T2025000258,05/11/2025,14:17:00,P0242,CJ  Gochujang 200g,Seasoned/Sauce/Powder,1,100,0.1,90
T2025000259,05/11/2025,20:34:00,P0048,Dongwon Light Tuna,Dry Food,2,75,0,150
T2025000259,05/11/2025,20:34:00,P0005,Ottogi Gold Mayonnaise 300g,Condiments,1,150,0,150
T2025000259,05/11/2025,20:34:00,P0226,CJ Beksul Sweet Korean Pancake Mix 400g,Seasoned/Sauce/Powder,1,155,0,155
T2025000260,05/11/2025,13:24:00,P0126,Woongjin Yogurt Pineapple 1.5L,Liquor/Beverage,2,135,0,270
T2025000260,05/11/2025,13:24:00,P0051,Us Premium Rib Eye 500g,Food Fresh/Meat/Sidedish,1,725,0,725
T2025000261,05/11/2025,17:09:00,P0125,Jinro Fresh Soju,Liquor/Beverage,2,170,0,340
T2025000261,05/11/2025,17:09:00,P0259,Nongshim Sengseng U-Dong,Snacks,1,125,0,125
T2025000261,05/11/2025,17:09:00,P0197,Nongshim Seafood Ramyun,Noodles,1,52,0.05,49.4
T2025000261,05/11/2025,17:09:00,P0206,Nongshim Chapagetti,Noodles,4,45,0,180
T2025000262,05/11/2025,20:00:00,P0172,Ottogi Jin Hot Big Cup,Noodles,3,75,0,225
T2025000262,05/11/2025,20:00:00,P0183,Samyang Kimchi Ramen Bowl,Noodles,5,65,0,325
T2025000262,05/11/2025,20:00:00,P0284,Kkokal Sweet Corn Snack,Snacks,2,80,0,160
T2025000262,05/11/2025,20:00:00,P0174,Ottogi Cheese Bokki Cup,Noodles,2,75,0,150
T2025000262,05/11/2025,20:00:00,P0269,Lotte Soft Strawberry Milk Candy 79g,Snacks,3,105,0,315
T2025000263,05/11/2025,19:32:00,P0149,Binggrae Mango Milk,Liquor/Beverage,2,45,0,90
T2025000263,05/11/2025,19:32:00,P0291,Crown Sando Biscuit,Snacks,3,75,0,225
T2025000263,05/11/2025,19:32:00,P0269,Lotte Soft Strawberry Milk Candy 79g,Snacks,2,105,0,210
T2025000264,05/11/2025,19:18:00,P0137,Hite Beer Can,Liquor/Beverage,1,80,0,80
T2025000264,05/11/2025,19:18:00,P0252,Lotte Banana Choco Pie 12Pcs,Snacks,2,180,0,360
T2025000264,05/11/2025,19:18:00,P0161,Paldo Wang Cup,Noodles,2,90,0,180
T2025000264,05/11/2025,19:18:00,P0166,Samyang Buldak Original,Noodles,1,88,0.05,83.6
T2025000264,05/11/2025,19:18:00,P0152,Samyang Buldak Original Cup,Noodles,3,110,0,330
T2025000265,05/11/2025,13:30:00,P0139,Paldo Pororo Juice,Liquor/Beverage,5,65,0,325
T2025000265,05/11/2025,13:30:00,P0250,Haitai Honey Butter Almonds,Snacks,2,190,0,380
T2025000265,05/11/2025,13:30:00,P0298,Pepero White Cookie,Snacks,3,55,0,165
T2025000265,05/11/2025,13:30:00,P0001,Ottogi Sesame Oil 500mL,Condiments,1,590.5,0,590.5
T2025000266,05/11/2025,12:17:00,P0114,Banana Milk 200mL 6Pcs,Liquor/Beverage,1,290,0,290
T2025000266,05/11/2025,12:17:00,P0197,Nongshim Seafood Ramyun,Noodles,2,52,0,104
T2025000266,05/11/2025,12:17:00,P0154,Nongshim Jjawang,Noodles,3,100,0,300
T2025000266,05/11/2025,12:17:00,P0207,Ottogi Yeul Ramen 120g,Noodles,1,40,0,40
T2025000266,05/11/2025,12:17:00,P0103,Daerim  Chaw Stick 100g,Food Frozen,1,73,0,73
T2025000267,05/11/2025,21:22:00,P0177,Ottogi Beef Seaweed Soup Ramen,Noodles,3,70,0,210
T2025000267,05/11/2025,21:22:00,P0211,Ottogi Jin Ramen Hot,Noodles,5,40,0,200
T2025000267,05/11/2025,21:22:00,P0236,CJ  Soybean Paste 500g,Seasoned/Sauce/Powder,2,123,0,246
T2025000268,05/11/2025,16:28:00,P0186,Ottogi Chachelin Blackbean 145g,Noodles,1,60,0,60
T2025000268,05/11/2025,16:28:00,P0035,CJ  Multi-Grains Cooked Rice 210g,Dry Food,2,110,0,220
T2025000269,05/11/2025,8:08:00,P0005,Ottogi Gold Mayonnaise 300g,Condiments,1,150,0,150
T2025000269,05/11/2025,8:08:00,P0192,Nongshim Soon Veggie Ramen,Noodles,4,58,0,232
T2025000269,05/11/2025,8:08:00,P0048,Dongwon Light Tuna,Dry Food,2,75,0,150
T2025000269,05/11/2025,8:08:00,P0232,O'Food Tofu Stew Base,Seasoned/Sauce/Powder,2,135,0,270
T2025000269,05/11/2025,8:08:00,P0145,Binggrae Melon Soda,Liquor/Beverage,4,60,0,240
T2025000270,05/11/2025,12:33:00,P0140,Woongjin Yogurt Peach 340mL,Liquor/Beverage,3,60,0,180
T2025000270,05/11/2025,12:33:00,P0098,Daerim  Crabstick 216g,Food Frozen,1,98,0.15,83.3
T2025000271,05/11/2025,13:41:00,P0139,Paldo Pororo Juice,Liquor/Beverage,5,65,0,325
T2025000271,05/11/2025,13:41:00,P0254,Honey Roasted Peanuts,Snacks,2,165,0.1,297
T2025000271,05/11/2025,13:41:00,P0288,Nongshim Honey Rice Snack,Snacks,2,80,0,160
T2025000272,05/11/2025,13:31:00,P0245,Honey Butter Almond 190g,Snacks,1,420,0,420
T2025000272,05/11/2025,13:31:00,P0036,Dongwon  Tuna Light Can 150g,Dry Food,1,110,0,110
T2025000272,05/11/2025,13:31:00,P0209,Ottogi Kimchi Ramen,Noodles,4,40,0,160
T2025000272,05/11/2025,13:31:00,P0166,Samyang Buldak Original,Noodles,2,88,0,176
T2025000272,05/11/2025,13:31:00,P0298,Pepero White Cookie,Snacks,2,55,0,110
T2025000273,05/11/2025,9:05:00,P0123,Cass Cold Brewed Beer 500mL,Liquor/Beverage,1,170,0,170
T2025000273,05/11/2025,9:05:00,P0188,Nagasaki Jjampong,Noodles,1,60,0,60
T2025000273,05/11/2025,9:05:00,P0004,O'Food Korean Chili Oil,Condiments,1,160,0,160
T2025000274,05/11/2025,12:42:00,P0150,Samyang Buldak Rosã Ramen 105g,Noodles,1,110,0,110
T2025000274,05/11/2025,12:42:00,P0033,CJ Beksul Frying Mix,Dry Food,1,120,0,120
T2025000274,05/11/2025,12:42:00,P0292,Orion Goraebab Crackers,Snacks,2,75,0,150
T2025000274,05/11/2025,12:42:00,P0151,Samyang Buldak 4 Cheese Ramen 110g,Noodles,1,110,0,110
T2025000274,05/11/2025,12:42:00,P0122,Chamisul Original Soju,Liquor/Beverage,1,175,0,175
T2025000275,05/11/2025,8:10:00,P0005,Ottogi Gold Mayonnaise 300g,Condiments,2,150,0.05,285
T2025000275,05/11/2025,8:10:00,P0125,Jinro Fresh Soju,Liquor/Beverage,1,170,0,170
T2025000275,05/11/2025,8:10:00,P0198,Paldo Koreno Beef Noodle 100g,Noodles,3,50,0,150
T2025000275,05/11/2025,8:10:00,P0096,Daerim  Vienna Sausage 170g,Food Frozen,1,145,0,145
T2025000275,05/11/2025,8:10:00,P0295,Pepero Almond,Snacks,2,55,0,110
T2025000276,05/11/2025,8:51:00,P0124,Terra Lager Beer 500mL,Liquor/Beverage,2,170,0,340
T2025000276,05/11/2025,8:51:00,P0270,Samlip Custard Cream Cake,Snacks,2,105,0.15,178.5
T2025000276,05/11/2025,8:51:00,P0298,Pepero White Cookie,Snacks,2,55,0,110
T2025000277,05/11/2025,13:30:00,P0266,Bibigo Seaweed Crisps,Snacks,1,110,0,110
T2025000277,05/11/2025,13:30:00,P0093,Bibigo Kimchi Fried Rice,Food Frozen,2,190,0,380
T2025000277,05/11/2025,13:30:00,P0125,Jinro Fresh Soju,Liquor/Beverage,1,170,0,170
T2025000277,05/11/2025,13:30:00,P0295,Pepero Almond,Snacks,5,55,0,275
T2025000277,05/11/2025,13:30:00,P0153,Samyang Buldak Cheese Cup,Noodles,1,110,0.1,99
T2025000278,05/11/2025,19:41:00,P0196,Paldo Cheese Ramen,Noodles,5,55,0,275
T2025000279,05/11/2025,12:41:00,P0298,Pepero White Cookie,Snacks,2,55,0,110
T2025000279,05/11/2025,12:41:00,P0182,Paldo Ilpoom Jjajang,Noodles,1,65,0,65
T2025000279,05/11/2025,12:41:00,P0198,Paldo Koreno Beef Noodle 100g,Noodles,4,50,0.05,190
T2025000280,05/11/2025,12:08:00,P0128,Chamiseul Fresh 360mL,Liquor/Beverage,3,120,0,360
T2025000280,05/11/2025,12:08:00,P0164,Samyang Buldak 4 Cheese 145g,Noodles,3,88,0,264
T2025000280,05/11/2025,12:08:00,P0166,Samyang Buldak Original,Noodles,2,88,0,176
T2025000280,05/11/2025,12:08:00,P0167,Samyang Cheese Buldak,Noodles,3,88,0,264
T2025000281,05/11/2025,17:16:00,P0149,Binggrae Mango Milk,Liquor/Beverage,4,45,0,180
T2025000281,05/11/2025,17:16:00,P0295,Pepero Almond,Snacks,3,55,0,165
T2025000281,05/11/2025,17:16:00,P0266,Bibigo Seaweed Crisps,Snacks,1,110,0,110
T2025000281,05/11/2025,17:16:00,P0152,Samyang Buldak Original Cup,Noodles,3,110,0,330
T2025000281,05/11/2025,17:16:00,P0039,Ottogi 3Mins Curry,Dry Food,1,99,0.05,94.05
T2025000282,06/11/2025,13:30:00,P0124,Terra Lager Beer 500mL,Liquor/Beverage,1,170,0,170
T2025000282,06/11/2025,13:30:00,P0152,Samyang Buldak Original Cup,Noodles,2,110,0,220
T2025000283,06/11/2025,19:31:00,P0245,Honey Butter Almond 190g,Snacks,1,420,0,420
T2025000283,06/11/2025,19:31:00,P0270,Samlip Custard Cream Cake,Snacks,2,105,0,210
T2025000283,06/11/2025,19:31:00,P0176,Ottogi Cheese Bokki Cup,Noodles,3,72,0,216
T2025000283,06/11/2025,19:31:00,P0180,Samyang Curry Ramen,Noodles,5,68,0,340
T2025000283,06/11/2025,19:31:00,P0200,Paldo Koreno Kimchi Noodle,Noodles,4,50,0,200
T2025000284,06/11/2025,18:07:00,P0295,Pepero Almond,Snacks,3,55,0,165
T2025000284,06/11/2025,18:07:00,P0259,Nongshim Sengseng U-Dong,Snacks,1,125,0,125
T2025000284,06/11/2025,18:07:00,P0181,Paldo Bibim Cold Noodles,Noodles,4,65,0,260
T2025000284,06/11/2025,18:07:00,P0009,CJ Beksul Corn Syrup,Condiments,1,95,0,95
T2025000284,06/11/2025,18:07:00,P0234,CJ Beksul Spicy Pork Sauce 290g,Seasoned/Sauce/Powder,1,130,0.1,117
T2025000285,06/11/2025,17:59:00,P0279,Orion O! Karto Sweet Corn,Snacks,2,88,0,176
T2025000285,06/11/2025,17:59:00,P0041,CJ Hetbahn Multi-Grain Rice,Dry Food,3,95,0,285
T2025000286,06/11/2025,13:29:00,P0297,Pepero Choco Filled,Snacks,5,55,0,275
T2025000286,06/11/2025,13:29:00,P0300,Can Choco Balls,Snacks,2,45,0,90
T2025000286,06/11/2025,13:29:00,P0043,CJ Hetbahn Cooked Barley,Dry Food,1,95,0,95
T2025000287,06/11/2025,19:15:00,P0143,Nongshim Welchs Grape 355mL,Liquor/Beverage,1,60,0,60
T2025000287,06/11/2025,19:15:00,P0173,Nongshim Jjapageti,Noodles,2,75,0,150
T2025000288,06/11/2025,18:47:00,P0125,Jinro Fresh Soju,Liquor/Beverage,1,170,0,170
T2025000288,06/11/2025,18:47:00,P0291,Crown Sando Biscuit,Snacks,1,75,0,75
T2025000288,06/11/2025,18:47:00,P0245,Honey Butter Almond 190g,Snacks,1,420,0,420
T2025000288,06/11/2025,18:47:00,P0269,Lotte Soft Strawberry Milk Candy 79g,Snacks,2,105,0,210
T2025000288,06/11/2025,18:47:00,P0233,O'Food Korean Fried Chicken Sauce,Seasoned/Sauce/Powder,1,135,0.05,128.25
T2025000289,06/11/2025,13:40:00,P0261,Lotte Choco Heim,Snacks,3,120,0,360
T2025000289,06/11/2025,13:40:00,P0253,Orion Market O Brownie,Snacks,1,170,0,170
T2025000289,06/11/2025,13:40:00,P0300,Can Choco Balls,Snacks,3,45,0,135
T2025000289,06/11/2025,13:40:00,P0190,Nongshim Tempura Udon Cup,Noodles,2,60,0,120
T2025000289,06/11/2025,13:40:00,P0165,Samyang Cream Carbo Buldak 140g,Noodles,2,88,0,176
T2025000290,06/11/2025,14:33:00,P0146,Binggrae Yogurt Drink,Liquor/Beverage,5,55,0,275
T2025000290,06/11/2025,14:33:00,P0188,Nagasaki Jjampong,Noodles,5,60,0,300
T2025000290,06/11/2025,14:33:00,P0166,Samyang Buldak Original,Noodles,1,88,0.05,83.6
T2025000290,06/11/2025,14:33:00,P0299,Lotte Xylitol Green Gum,Snacks,1,55,0,55
T2025000290,06/11/2025,14:33:00,P0259,Nongshim Sengseng U-Dong,Snacks,2,125,0,250
T2025000291,06/11/2025,15:40:00,P0027,Yopokki Cheese 240g,Dry Food,1,145,0.15,123.25
T2025000292,06/11/2025,18:48:00,P0268,Samlip Walnut Pie,Snacks,3,110,0.1,297
T2025000292,06/11/2025,18:48:00,P0270,Samlip Custard Cream Cake,Snacks,3,105,0,315
T2025000292,06/11/2025,18:48:00,P0277,Orion Turtle Chips Sweet Corn,Snacks,1,89,0,89
T2025000292,06/11/2025,18:48:00,P0004,O'Food Korean Chili Oil,Condiments,2,160,0,320
T2025000293,06/11/2025,8:59:00,P0299,Lotte Xylitol Green Gum,Snacks,5,55,0,275
T2025000293,06/11/2025,8:59:00,P0296,Lotte Cereal Choco,Snacks,3,55,0,165
T2025000294,06/11/2025,10:41:00,P0288,Nongshim Honey Rice Snack,Snacks,1,80,0,80
T2025000294,06/11/2025,10:41:00,P0152,Samyang Buldak Original Cup,Noodles,2,110,0,220
T2025000294,06/11/2025,10:41:00,P0175,Samyang Jjajang Hot Chicken,Noodles,3,75,0,225
T2025000294,06/11/2025,10:41:00,P0203,Jin Ramen Spicy Cup,Noodles,1,50,0,50
T2025000294,06/11/2025,10:41:00,P0027,Yopokki Cheese 240g,Dry Food,2,145,0,290
T2025000295,06/11/2025,18:36:00,P0175,Samyang Jjajang Hot Chicken,Noodles,1,75,0,75
T2025000295,06/11/2025,18:36:00,P0080,Samyang Buldak Original Spicy Mandu 700g,Food Frozen,1,410,0,410
T2025000295,06/11/2025,18:36:00,P0245,Honey Butter Almond 190g,Snacks,1,420,0,420
T2025000295,06/11/2025,18:36:00,P0296,Lotte Cereal Choco,Snacks,4,55,0,220
T2025000295,06/11/2025,18:36:00,P0172,Ottogi Jin Hot Big Cup,Noodles,2,75,0.15,127.5
T2025000296,06/11/2025,13:38:00,P0138,Kirin Ichiban Beer 330mL,Liquor/Beverage,4,68,0.15,231.2
T2025000296,06/11/2025,13:38:00,P0005,Ottogi Gold Mayonnaise 300g,Condiments,1,150,0,150
T2025000297,06/11/2025,18:37:00,P0139,Paldo Pororo Juice,Liquor/Beverage,2,65,0,130
T2025000297,06/11/2025,18:37:00,P0245,Honey Butter Almond 190g,Snacks,1,420,0,420
T2025000297,06/11/2025,18:37:00,P0288,Nongshim Honey Rice Snack,Snacks,1,80,0,80
T2025000297,06/11/2025,18:37:00,P0284,Kkokal Sweet Corn Snack,Snacks,3,80,0,240
T2025000297,06/11/2025,18:37:00,P0071,Kongsarang Firm Tofu,Food Fresh/Meat/Sidedish,3,65,0.1,175.5
T2025000299,06/11/2025,9:24:00,P0204,Ottogi Cup Ramen Kimchi,Noodles,4,50,0,200
T2025000299,06/11/2025,9:24:00,P0164,Samyang Buldak 4 Cheese 145g,Noodles,3,88,0,264
T2025000299,06/11/2025,9:24:00,P0295,Pepero Almond,Snacks,2,55,0,110
T2025000299,06/11/2025,9:24:00,P0152,Samyang Buldak Original Cup,Noodles,3,110,0,330
T2025000299,06/11/2025,9:24:00,P0125,Jinro Fresh Soju,Liquor/Beverage,2,170,0,340
T2025000300,06/11/2025,14:08:00,P0185,Nongshim Shin Non-Frying Ramen 97g,Noodles,2,60,0,120
T2025000300,06/11/2025,14:08:00,P0261,Lotte Choco Heim,Snacks,2,120,0,240
T2025000300,06/11/2025,14:08:00,P0295,Pepero Almond,Snacks,5,55,0,275
T2025000300,06/11/2025,14:08:00,P0196,Paldo Cheese Ramen,Noodles,1,55,0,55
T2025000300,06/11/2025,14:08:00,P0152,Samyang Buldak Original Cup,Noodles,1,110,0,110
T2025000301,06/11/2025,11:22:00,P0125,Jinro Fresh Soju,Liquor/Beverage,2,170,0,340
T2025000301,06/11/2025,11:22:00,P0255,Bibigo Crispy Seaweed Snack,Snacks,2,140,0,280
T2025000301,06/11/2025,11:22:00,P0172,Ottogi Jin Hot Big Cup,Noodles,1,75,0,75
T2025000301,06/11/2025,11:22:00,P0152,Samyang Buldak Original Cup,Noodles,1,110,0.15,93.5
T2025000301,06/11/2025,11:22:00,P0165,Samyang Cream Carbo Buldak 140g,Noodles,2,88,0.15,149.6
T2025000302,06/11/2025,21:51:00,P0114,Banana Milk 200mL 6Pcs,Liquor/Beverage,2,290,0,580
T2025000302,06/11/2025,21:51:00,P0240,Ottogi Spaghetti Sauce,Seasoned/Sauce/Powder,2,115,0,230
T2025000303,06/11/2025,18:01:00,P0282,Orion Choco Boy,Snacks,3,85,0,255
T2025000303,06/11/2025,18:01:00,P0292,Orion Goraebab Crackers,Snacks,2,75,0.1,135
T2025000303,06/11/2025,18:01:00,P0178,Samyang Mala Buldak,Noodles,3,70,0.1,189
T2025000303,06/11/2025,18:01:00,P0233,O'Food Korean Fried Chicken Sauce,Seasoned/Sauce/Powder,1,135,0,135
T2025000304,06/11/2025,17:13:00,P0289,Crown Corn Chips,Snacks,3,80,0,240
T2025000304,06/11/2025,17:13:00,P0207,Ottogi Yeul Ramen 120g,Noodles,4,40,0,160
T2025000304,06/11/2025,17:13:00,P0189,Ottogi Bodle Cheese Ramen,Noodles,3,60,0,180
T2025000304,06/11/2025,17:13:00,P0175,Samyang Jjajang Hot Chicken,Noodles,1,75,0,75
T2025000305,06/11/2025,17:21:00,P0114,Banana Milk 200mL 6Pcs,Liquor/Beverage,1,290,0,290
T2025000305,06/11/2025,17:21:00,P0293,Lotte Sand Biscuit,Snacks,3,75,0,225
T2025000305,06/11/2025,17:21:00,P0277,Orion Turtle Chips Sweet Corn,Snacks,3,89,0,267
T2025000305,06/11/2025,17:21:00,P0281,Haitai Ace Crackers,Snacks,1,85,0,85
T2025000305,06/11/2025,17:21:00,P0102,MWC Tteok Galbi Bar,Food Frozen,1,75,0,75
T2025000306,06/11/2025,10:19:00,P0125,Jinro Fresh Soju,Liquor/Beverage,1,170,0,170
T2025000306,06/11/2025,10:19:00,P0297,Pepero Choco Filled,Snacks,3,55,0,165
T2025000306,06/11/2025,10:19:00,P0240,Ottogi Spaghetti Sauce,Seasoned/Sauce/Powder,3,115,0.05,327.75
T2025000306,06/11/2025,10:19:00,P0166,Samyang Buldak Original,Noodles,1,88,0,88
T2025000307,06/11/2025,13:32:00,P0166,Samyang Buldak Original,Noodles,2,88,0,176
T2025000307,06/11/2025,13:32:00,P0186,Ottogi Chachelin Blackbean 145g,Noodles,2,60,0,120
T2025000307,06/11/2025,13:32:00,P0207,Ottogi Yeul Ramen 120g,Noodles,1,40,0,40
T2025000307,06/11/2025,13:32:00,P0029,CJ Beksul Pancake Flour,Dry Food,1,125,0.05,118.75
T2025000308,06/11/2025,19:37:00,P0295,Pepero Almond,Snacks,1,55,0.05,52.25
T2025000308,06/11/2025,19:37:00,P0290,Doritos Galbi Chicken,Snacks,1,77,0,77
T2025000308,06/11/2025,19:37:00,P0288,Nongshim Honey Rice Snack,Snacks,3,80,0,240
T2025000308,06/11/2025,19:37:00,P0180,Samyang Curry Ramen,Noodles,5,68,0,340
T2025000308,06/11/2025,19:37:00,P0152,Samyang Buldak Original Cup,Noodles,1,110,0,110
T2025000309,06/11/2025,17:32:00,P0174,Ottogi Cheese Bokki Cup,Noodles,1,75,0,75
T2025000309,06/11/2025,17:32:00,P0104,Pepero Original,Food Frozen,1,55,0,55
T2025000309,06/11/2025,17:32:00,P0149,Binggrae Mango Milk,Liquor/Beverage,3,45,0,135
T2025000309,06/11/2025,17:32:00,P0007,Samyang Spicy Mayo,Condiments,2,130,0,260
T2025000309,06/11/2025,17:32:00,P0193,Paldo Gomtang Ramen,Noodles,5,56,0,280
T2025000310,06/11/2025,19:00:00,P0140,Woongjin Yogurt Peach 340mL,Liquor/Beverage,5,60,0.05,285
T2025000310,06/11/2025,19:00:00,P0184,Nongshim Baehongdong Bibimyeon 137g,Noodles,1,61,0.05,57.95
T2025000311,06/11/2025,11:30:00,P0193,Paldo Gomtang Ramen,Noodles,1,56,0,56
T2025000311,06/11/2025,11:30:00,P0196,Paldo Cheese Ramen,Noodles,4,55,0.1,198
T2025000311,06/11/2025,11:30:00,P0206,Nongshim Chapagetti,Noodles,1,45,0,45
T2025000311,06/11/2025,11:30:00,P0237,O'Food Tteokbokki Sauce,Seasoned/Sauce/Powder,2,120,0,240
T2025000311,06/11/2025,11:30:00,P0069,Bibigo Beef Bone Soup,Food Fresh/Meat/Sidedish,3,110,0,330
T2025000312,06/11/2025,11:56:00,P0114,Banana Milk 200mL 6Pcs,Liquor/Beverage,1,290,0,290
T2025000312,06/11/2025,11:56:00,P0278,Haitai O! Karto Chips,Snacks,2,88,0,176
T2025000312,06/11/2025,11:56:00,P0299,Lotte Xylitol Green Gum,Snacks,5,55,0,275
T2025000312,06/11/2025,11:56:00,P0003,Sempio Sesame Oil,Condiments,2,185,0,370
T2025000313,06/11/2025,16:23:00,P0159,Nongshim Neuguri Cup 111g,Noodles,1,90,0.15,76.5
T2025000313,06/11/2025,16:23:00,P0206,Nongshim Chapagetti,Noodles,2,45,0,90
T2025000313,06/11/2025,16:23:00,P0017,Bibigo Seaweed Flakes 50g,Dry Food,2,210,0,420
T2025000314,06/11/2025,19:10:00,P0114,Banana Milk 200mL 6Pcs,Liquor/Beverage,1,290,0.15,246.5
T2025000314,06/11/2025,19:10:00,P0282,Orion Choco Boy,Snacks,2,85,0,170
T2025000314,06/11/2025,19:10:00,P0272,Haitai  Sunkist Candy 125g,Snacks,1,95,0,95
T2025000315,06/11/2025,18:31:00,P0295,Pepero Almond,Snacks,1,55,0,55
T2025000316,06/11/2025,12:13:00,P0299,Lotte Xylitol Green Gum,Snacks,1,55,0.1,49.5
T2025000317,06/11/2025,19:11:00,P0297,Pepero Choco Filled,Snacks,5,55,0,275
T2025000317,06/11/2025,19:11:00,P0111,Maxim Kanu Ice Latte 10 Sticks,Liquor/Beverage,1,360,0,360
T2025000317,06/11/2025,19:11:00,P0295,Pepero Almond,Snacks,5,55,0,275
T2025000317,06/11/2025,19:11:00,P0178,Samyang Mala Buldak,Noodles,3,70,0,210
T2025000317,06/11/2025,19:11:00,P0007,Samyang Spicy Mayo,Condiments,2,130,0,260
T2025000318,06/11/2025,12:29:00,P0111,Maxim Kanu Ice Latte 10 Sticks,Liquor/Beverage,1,360,0,360
T2025000318,06/11/2025,12:29:00,P0294,Pepero Strawberry,Snacks,2,55,0,110
T2025000319,06/11/2025,12:20:00,P0005,Ottogi Gold Mayonnaise 300g,Condiments,2,150,0,300
T2025000319,06/11/2025,12:20:00,P0220,CJ  Tteokbokki Sauce 150G 2Pcs,Seasoned/Sauce/Powder,2,235,0,470
T2025000320,06/11/2025,18:41:00,P0206,Nongshim Chapagetti,Noodles,5,45,0,225
T2025000320,06/11/2025,18:41:00,P0114,Banana Milk 200mL 6Pcs,Liquor/Beverage,1,290,0,290
T2025000320,06/11/2025,18:41:00,P0232,O'Food Tofu Stew Base,Seasoned/Sauce/Powder,1,135,0,135
T2025000320,06/11/2025,18:41:00,P0180,Samyang Curry Ramen,Noodles,1,68,0,68
T2025000320,06/11/2025,18:41:00,P0188,Nagasaki Jjampong,Noodles,2,60,0,120
T2025000321,06/11/2025,11:10:00,P0138,Kirin Ichiban Beer 330mL,Liquor/Beverage,4,68,0,272
T2025000321,06/11/2025,11:10:00,P0152,Samyang Buldak Original Cup,Noodles,3,110,0.05,313.5
T2025000322,06/11/2025,11:58:00,P0124,Terra Lager Beer 500mL,Liquor/Beverage,2,170,0,340
T2025000322,06/11/2025,11:58:00,P0185,Nongshim Shin Non-Frying Ramen 97g,Noodles,4,60,0,240
T2025000322,06/11/2025,11:58:00,P0182,Paldo Ilpoom Jjajang,Noodles,3,65,0.15,165.75
T2025000322,06/11/2025,11:58:00,P0237,O'Food Tteokbokki Sauce,Seasoned/Sauce/Powder,3,120,0.05,342
T2025000323,06/11/2025,12:20:00,P0110,Mitte Hot Choco Original 300g,Liquor/Beverage,1,370,0,370
T2025000323,06/11/2025,12:20:00,P0292,Orion Goraebab Crackers,Snacks,2,75,0,150
T2025000323,06/11/2025,12:20:00,P0279,Orion O! Karto Sweet Corn,Snacks,1,88,0,88
T2025000323,06/11/2025,12:20:00,P0027,Yopokki Cheese 240g,Dry Food,2,145,0,290
T2025000324,06/11/2025,12:12:00,P0202,Nongshim Ansung Tangmen,Noodles,1,50,0,50
T2025000324,06/11/2025,12:12:00,P0295,Pepero Almond,Snacks,4,55,0,220
T2025000324,06/11/2025,12:12:00,P0144,Nongshim Welchs Strawberry 355mL,Liquor/Beverage,4,60,0,240
T2025000324,06/11/2025,12:12:00,P0185,Nongshim Shin Non-Frying Ramen 97g,Noodles,3,60,0,180
T2025000324,06/11/2025,12:12:00,P0298,Pepero White Cookie,Snacks,4,55,0.1,198
T2025000325,06/11/2025,18:19:00,P0292,Orion Goraebab Crackers,Snacks,2,75,0,150
T2025000327,06/11/2025,19:55:00,P0181,Paldo Bibim Cold Noodles,Noodles,3,65,0,195
T2025000327,06/11/2025,19:55:00,P0138,Kirin Ichiban Beer 330mL,Liquor/Beverage,3,68,0,204
T2025000327,06/11/2025,19:55:00,P0297,Pepero Choco Filled,Snacks,2,55,0,110
T2025000327,06/11/2025,19:55:00,P0179,Ottogi Ramen Bokki Cup,Noodles,1,69,0,69
T2025000327,06/11/2025,19:55:00,P0295,Pepero Almond,Snacks,3,55,0,165
T2025000328,06/11/2025,18:54:00,P0245,Honey Butter Almond 190g,Snacks,1,420,0,420
T2025000328,06/11/2025,18:54:00,P0283,Orion Ogingo Ttangkong,Snacks,2,83,0,166
T2025000328,06/11/2025,18:54:00,P0205,Ottogi Yeul Ramen,Noodles,4,48,0,192
T2025000328,06/11/2025,18:54:00,P0295,Pepero Almond,Snacks,1,55,0,55
T2025000328,06/11/2025,18:54:00,P0009,CJ Beksul Corn Syrup,Condiments,2,95,0,190
T2025000329,06/11/2025,20:22:00,P0114,Banana Milk 200mL 6Pcs,Liquor/Beverage,1,290,0,290
T2025000329,06/11/2025,20:22:00,P0024,O'Food Kimchi Soup Mix,Dry Food,1,150,0,150
T2025000329,06/11/2025,20:22:00,P0005,Ottogi Gold Mayonnaise 300g,Condiments,2,150,0,300
T2025000330,06/11/2025,14:45:00,P0297,Pepero Choco Filled,Snacks,1,55,0,55
T2025000330,06/11/2025,14:45:00,P0276,Orion Sun Chips Korean BBQ,Snacks,3,90,0,270
T2025000330,06/11/2025,14:45:00,P0300,Can Choco Balls,Snacks,1,45,0.15,38.25
T2025000330,06/11/2025,14:45:00,P0017,Bibigo Seaweed Flakes 50g,Dry Food,1,210,0,210
T2025000330,06/11/2025,14:45:00,P0102,MWC Tteok Galbi Bar,Food Frozen,3,75,0,225
T2025000331,06/11/2025,20:51:00,P0108,Ottogi Honey Citron Tea 1Kg,Liquor/Beverage,1,530,0,530
T2025000331,06/11/2025,20:51:00,P0257,Lotte Almond Chocolate,Snacks,1,130,0,130
T2025000331,06/11/2025,20:51:00,P0294,Pepero Strawberry,Snacks,5,55,0,275
T2025000332,06/11/2025,10:16:00,P0246,Post Almond Flakes,Snacks,1,245,0,245
T2025000332,06/11/2025,10:16:00,P0297,Pepero Choco Filled,Snacks,5,55,0,275
T2025000332,06/11/2025,10:16:00,P0295,Pepero Almond,Snacks,4,55,0,220
T2025000332,06/11/2025,10:16:00,P0185,Nongshim Shin Non-Frying Ramen 97g,Noodles,2,60,0,120
T2025000333,06/11/2025,17:51:00,P0138,Kirin Ichiban Beer 330mL,Liquor/Beverage,1,68,0.05,64.6
T2025000333,06/11/2025,17:51:00,P0295,Pepero Almond,Snacks,4,55,0,220
T2025000333,06/11/2025,17:51:00,P0245,Honey Butter Almond 190g,Snacks,1,420,0,420
T2025000334,06/11/2025,12:00:00,P0184,Nongshim Baehongdong Bibimyeon 137g,Noodles,4,61,0,244
T2025000334,06/11/2025,12:00:00,P0199,Paldo Koreno Shrimp Noodle,Noodles,2,50,0,100
T2025000334,06/11/2025,12:00:00,P0211,Ottogi Jin Ramen Hot,Noodles,1,40,0,40
T2025000334,06/11/2025,12:00:00,P0230,CJ Beksul Pancake Sauce,Seasoned/Sauce/Powder,1,145,0,145
T2025000334,06/11/2025,12:00:00,P0080,Samyang Buldak Original Spicy Mandu 700g,Food Frozen,1,410,0,410
T2025000335,06/11/2025,13:57:00,P0114,Banana Milk 200mL 6Pcs,Liquor/Beverage,1,290,0,290
T2025000335,06/11/2025,13:57:00,P0282,Orion Choco Boy,Snacks,1,85,0.05,80.75
T2025000335,06/11/2025,13:57:00,P0046,CJ Beksul Potato Starch,Dry Food,3,85,0,255
T2025000335,06/11/2025,13:57:00,P0004,O'Food Korean Chili Oil,Condiments,2,160,0,320
T2025000335,06/11/2025,13:57:00,P0100,Binggrae Ice Cream Sandwich,Food Frozen,1,80,0,80
T2025000336,06/11/2025,9:54:00,P0148,Binggrae Strawberry Milk,Liquor/Beverage,3,45,0,135
T2025000336,06/11/2025,9:54:00,P0295,Pepero Almond,Snacks,1,55,0,55
T2025000336,06/11/2025,9:54:00,P0274,Haitai Matdongsan,Snacks,2,95,0,190
T2025000337,06/11/2025,21:53:00,P0279,Orion O! Karto Sweet Corn,Snacks,2,88,0,176
T2025000337,06/11/2025,21:53:00,P0004,O'Food Korean Chili Oil,Condiments,1,160,0,160
T2025000337,06/11/2025,21:53:00,P0069,Bibigo Beef Bone Soup,Food Fresh/Meat/Sidedish,3,110,0,330
T2025000338,06/11/2025,18:20:00,P0114,Banana Milk 200mL 6Pcs,Liquor/Beverage,2,290,0,580
T2025000338,06/11/2025,18:20:00,P0207,Ottogi Yeul Ramen 120g,Noodles,2,40,0,80
T2025000338,06/11/2025,18:20:00,P0175,Samyang Jjajang Hot Chicken,Noodles,3,75,0,225
T2025000339,06/11/2025,20:28:00,P0144,Nongshim Welchs Strawberry 355mL,Liquor/Beverage,1,60,0,60
T2025000339,06/11/2025,20:28:00,P0287,Nongshim Banana Kick 75g,Snacks,1,80,0,80
T2025000339,06/11/2025,20:28:00,P0257,Lotte Almond Chocolate,Snacks,1,130,0,130
T2025000339,06/11/2025,20:28:00,P0299,Lotte Xylitol Green Gum,Snacks,5,55,0,275
T2025000340,06/11/2025,17:13:00,P0009,CJ Beksul Corn Syrup,Condiments,2,95,0,190
T2025000340,06/11/2025,17:13:00,P0045,CJ Beksul Wheat Flour,Dry Food,3,90,0,270
T2025000340,06/11/2025,17:13:00,P0265,Orion Almond Candy,Snacks,1,110,0,110
T2025000340,06/11/2025,17:13:00,P0216,CJ Beksul Chicken Frying Mix 1Kg,Seasoned/Sauce/Powder,2,257,0,514
T2025000340,06/11/2025,17:13:00,P0274,Haitai Matdongsan,Snacks,3,95,0,285
T2025000341,06/11/2025,20:44:00,P0123,Cass Cold Brewed Beer 500mL,Liquor/Beverage,1,170,0,170
T2025000341,06/11/2025,20:44:00,P0263,Samlip Honey Castella,Snacks,3,120,0,360
T2025000341,06/11/2025,20:44:00,P0199,Paldo Koreno Shrimp Noodle,Noodles,1,50,0,50
T2025000341,06/11/2025,20:44:00,P0166,Samyang Buldak Original,Noodles,1,88,0,88
T2025000342,06/11/2025,19:12:00,P0038,(Kaya) Korean Rice 1Kg,Dry Food,2,100,0,200
T2025000342,06/11/2025,19:12:00,P0004,O'Food Korean Chili Oil,Condiments,1,160,0,160
T2025000343,06/11/2025,18:37:00,P0139,Paldo Pororo Juice,Liquor/Beverage,3,65,0,195
T2025000343,06/11/2025,18:37:00,P0104,Pepero Original,Food Frozen,4,55,0,220
T2025000344,06/11/2025,16:58:00,P0125,Jinro Fresh Soju,Liquor/Beverage,1,170,0,170
T2025000344,06/11/2025,16:58:00,P0253,Orion Market O Brownie,Snacks,1,170,0,170
T2025000344,06/11/2025,16:58:00,P0276,Orion Sun Chips Korean BBQ,Snacks,3,90,0.15,229.5
T2025000344,06/11/2025,16:58:00,P0080,Samyang Buldak Original Spicy Mandu 700g,Food Frozen,1,410,0,410
T2025000345,06/11/2025,19:55:00,P0125,Jinro Fresh Soju,Liquor/Beverage,1,170,0,170
T2025000345,06/11/2025,19:55:00,P0295,Pepero Almond,Snacks,5,55,0,275
T2025000345,06/11/2025,19:55:00,P0027,Yopokki Cheese 240g,Dry Food,2,145,0,290
T2025000345,06/11/2025,19:55:00,P0097,Daerim  Cheese Vienna Sausage 105g,Food Frozen,2,120,0,240
T2025000346,06/11/2025,11:11:00,P0114,Banana Milk 200mL 6Pcs,Liquor/Beverage,1,290,0,290
T2025000346,06/11/2025,11:11:00,P0281,Haitai Ace Crackers,Snacks,2,85,0,170
T2025000346,06/11/2025,11:11:00,P0296,Lotte Cereal Choco,Snacks,2,55,0,110
T2025000346,06/11/2025,11:11:00,P0286,Crown Caramel Maple Corn,Snacks,1,80,0.05,76
T2025000346,06/11/2025,11:11:00,P0027,Yopokki Cheese 240g,Dry Food,2,145,0,290
T2025000347,06/11/2025,12:00:00,P0296,Lotte Cereal Choco,Snacks,4,55,0,220
T2025000348,06/11/2025,12:13:00,P0227,CJ Beksul Beef Bulgogi Sauce 290g,Seasoned/Sauce/Powder,1,150,0,150
T2025000348,06/11/2025,12:13:00,P0152,Samyang Buldak Original Cup,Noodles,3,110,0,330
T2025000348,06/11/2025,12:13:00,P0290,Doritos Galbi Chicken,Snacks,2,77,0,154
T2025000348,06/11/2025,12:13:00,P0080,Samyang Buldak Original Spicy Mandu 700g,Food Frozen,1,410,0,410
T2025000348,06/11/2025,12:13:00,P0262,Orion Custard Pineapple,Snacks,1,120,0.15,102
T2025000349,06/11/2025,12:27:00,P0294,Pepero Strawberry,Snacks,3,55,0,165
T2025000349,06/11/2025,12:27:00,P0297,Pepero Choco Filled,Snacks,4,55,0,220
T2025000349,06/11/2025,12:27:00,P0298,Pepero White Cookie,Snacks,3,55,0,165
T2025000349,06/11/2025,12:27:00,P0189,Ottogi Bodle Cheese Ramen,Noodles,4,60,0,240
T2025000349,06/11/2025,12:27:00,P0214,Jin Soy Sauce Rich & Savory 860mL,Seasoned/Sauce/Powder,1,315,0,315
T2025000350,06/11/2025,21:37:00,P0123,Cass Cold Brewed Beer 500mL,Liquor/Beverage,1,170,0,170
T2025000350,06/11/2025,21:37:00,P0292,Orion Goraebab Crackers,Snacks,1,75,0,75
T2025000350,06/11/2025,21:37:00,P0275,Haitai Sweet Potato Snack,Snacks,1,95,0,95
T2025000351,06/11/2025,19:13:00,P0245,Honey Butter Almond 190g,Snacks,1,420,0,420
T2025000351,06/11/2025,19:13:00,P0291,Crown Sando Biscuit,Snacks,3,75,0,225
T2025000351,06/11/2025,19:13:00,P0269,Lotte Soft Strawberry Milk Candy 79g,Snacks,1,105,0,105
T2025000351,06/11/2025,19:13:00,P0192,Nongshim Soon Veggie Ramen,Noodles,2,58,0,116
T2025000352,06/11/2025,12:47:00,P0289,Crown Corn Chips,Snacks,1,80,0,80
T2025000352,06/11/2025,12:47:00,P0295,Pepero Almond,Snacks,2,55,0,110
T2025000353,06/11/2025,15:59:00,P0283,Orion Ogingo Ttangkong,Snacks,1,83,0,83
T2025000353,06/11/2025,15:59:00,P0183,Samyang Kimchi Ramen Bowl,Noodles,1,65,0.15,55.25
T2025000353,06/11/2025,15:59:00,P0295,Pepero Almond,Snacks,3,55,0,165
T2025000353,06/11/2025,15:59:00,P0297,Pepero Choco Filled,Snacks,3,55,0,165
T2025000353,06/11/2025,15:59:00,P0230,CJ Beksul Pancake Sauce,Seasoned/Sauce/Powder,1,145,0,145
T2025000354,06/11/2025,19:55:00,P0123,Cass Cold Brewed Beer 500mL,Liquor/Beverage,1,170,0,170
T2025000354,06/11/2025,19:55:00,P0172,Ottogi Jin Hot Big Cup,Noodles,1,75,0,75
T2025000354,06/11/2025,19:55:00,P0021,Bibigo Kimbab Kim 10Sheets,Dry Food,2,161,0,322
T2025000356,06/11/2025,9:39:00,P0140,Woongjin Yogurt Peach 340mL,Liquor/Beverage,3,60,0,180
T2025000356,06/11/2025,9:39:00,P0268,Samlip Walnut Pie,Snacks,2,110,0,220
T2025000356,06/11/2025,9:39:00,P0159,Nongshim Neuguri Cup 111g,Noodles,3,90,0,270
T2025000356,06/11/2025,9:39:00,P0029,CJ Beksul Pancake Flour,Dry Food,2,125,0.1,225
T2025000356,06/11/2025,9:39:00,P0080,Samyang Buldak Original Spicy Mandu 700g,Food Frozen,1,410,0,410
T2025000357,06/11/2025,21:49:00,P0140,Woongjin Yogurt Peach 340mL,Liquor/Beverage,3,60,0,180
T2025000357,06/11/2025,21:49:00,P0295,Pepero Almond,Snacks,5,55,0,275
T2025000357,06/11/2025,21:49:00,P0297,Pepero Choco Filled,Snacks,2,55,0,110
T2025000357,06/11/2025,21:49:00,P0280,Nongshim Potato Sticks,Snacks,3,85,0,255
T2025000357,06/11/2025,21:49:00,P0036,Dongwon  Tuna Light Can 150g,Dry Food,1,110,0,110
T2025000358,06/11/2025,11:44:00,P0276,Orion Sun Chips Korean BBQ,Snacks,3,90,0,270
T2025000358,06/11/2025,11:44:00,P0297,Pepero Choco Filled,Snacks,4,55,0,220
T2025000358,06/11/2025,11:44:00,P0034,CJ  Cooked Rice,Dry Food,2,116,0,232
T2025000359,06/11/2025,11:34:00,P0109,(꽃샘) Concentrated Flavored Drink 600g,Liquor/Beverage,1,370,0,370
T2025000360,06/11/2025,12:49:00,P0132,Sunhari Strawberry 360mL,Liquor/Beverage,1,120,0,120
T2025000360,06/11/2025,12:49:00,P0297,Pepero Choco Filled,Snacks,3,55,0,165
T2025000360,06/11/2025,12:49:00,P0252,Lotte Banana Choco Pie 12Pcs,Snacks,2,180,0,360
T2025000361,06/11/2025,11:55:00,P0144,Nongshim Welchs Strawberry 355mL,Liquor/Beverage,1,60,0,60
T2025000361,06/11/2025,11:55:00,P0297,Pepero Choco Filled,Snacks,2,55,0.1,99
T2025000361,06/11/2025,11:55:00,P0054,Chadolbagi Wagyu 500g,Food Fresh/Meat/Sidedish,1,475,0,475
T2025000362,06/11/2025,12:28:00,P0147,Binggrae Coffee Milk,Liquor/Beverage,2,48,0,96
T2025000362,06/11/2025,12:28:00,P0181,Paldo Bibim Cold Noodles,Noodles,5,65,0,325
T2025000362,06/11/2025,12:28:00,P0191,Paldo Teumsae Ramen,Noodles,2,60,0,120
T2025000362,06/11/2025,12:28:00,P0001,Ottogi Sesame Oil 500mL,Condiments,1,590.5,0,590.5
T2025000363,06/11/2025,18:41:00,P0114,Banana Milk 200mL 6Pcs,Liquor/Beverage,1,290,0,290
T2025000363,06/11/2025,18:41:00,P0291,Crown Sando Biscuit,Snacks,3,75,0.1,202.5
T2025000363,06/11/2025,18:41:00,P0203,Jin Ramen Spicy Cup,Noodles,4,50,0,200
T2025000363,06/11/2025,18:41:00,P0150,Samyang Buldak Rosã Ramen 105g,Noodles,3,110,0,330
T2025000364,06/11/2025,18:44:00,P0152,Samyang Buldak Original Cup,Noodles,3,110,0.05,313.5
T2025000364,06/11/2025,18:44:00,P0180,Samyang Curry Ramen,Noodles,5,68,0.15,289
T2025000364,06/11/2025,18:44:00,P0202,Nongshim Ansung Tangmen,Noodles,5,50,0,250
T2025000364,06/11/2025,18:44:00,P0083,Moguchon Smoked Bacon 200g,Food Frozen,1,320,0,320
T2025000365,06/11/2025,12:02:00,P0274,Haitai Matdongsan,Snacks,3,95,0,285
T2025000365,06/11/2025,12:02:00,P0125,Jinro Fresh Soju,Liquor/Beverage,1,170,0,170
T2025000365,06/11/2025,12:02:00,P0297,Pepero Choco Filled,Snacks,4,55,0,220
T2025000365,06/11/2025,12:02:00,P0098,Daerim  Crabstick 216g,Food Frozen,1,98,0.05,93.1
T2025000365,06/11/2025,12:02:00,P0008,Ottogi Corn Syrup,Condiments,2,98,0,196
T2025000366,06/11/2025,13:34:00,P0007,Samyang Spicy Mayo,Condiments,2,130,0,260
T2025000367,06/11/2025,12:36:00,P0250,Haitai Honey Butter Almonds,Snacks,2,190,0,380
T2025000367,06/11/2025,12:36:00,P0131,Sunhari Yogurt 360mL,Liquor/Beverage,3,120,0.1,324
T2025000367,06/11/2025,12:36:00,P0251,Oil Fried & Salted Peanuts,Snacks,2,185,0,370
T2025000367,06/11/2025,12:36:00,P0038,(Kaya) Korean Rice 1Kg,Dry Food,2,100,0,200
T2025000367,06/11/2025,12:36:00,P0268,Samlip Walnut Pie,Snacks,1,110,0,110
T2025000368,06/11/2025,18:08:00,P0299,Lotte Xylitol Green Gum,Snacks,3,55,0,165
T2025000368,06/11/2025,18:08:00,P0295,Pepero Almond,Snacks,1,55,0.1,49.5
T2025000368,06/11/2025,18:08:00,P0273,Haitai  Plumcandy 130g,Snacks,1,95,0,95
T2025000368,06/11/2025,18:08:00,P0031,Yopokki Cheese Cup 120g,Dry Food,2,120,0,240
T2025000369,06/11/2025,19:37:00,P0292,Orion Goraebab Crackers,Snacks,1,75,0.1,67.5
T2025000369,06/11/2025,19:37:00,P0249,Lotte Chocopie 12Pcs,Snacks,1,200,0,200
T2025000369,06/11/2025,19:37:00,P0278,Haitai O! Karto Chips,Snacks,3,88,0,264
T2025000369,06/11/2025,19:37:00,P0016,Dongwon  Vegetable Tuna Can 150g 2Pcs,Dry Food,2,235,0,470
T2025000369,06/11/2025,19:37:00,P0241,CJ Anchovy Sauce 500g,Seasoned/Sauce/Powder,3,105,0,315
T2025000371,06/11/2025,18:04:00,P0291,Crown Sando Biscuit,Snacks,2,75,0.15,127.5
T2025000371,06/11/2025,18:04:00,P0102,MWC Tteok Galbi Bar,Food Frozen,3,75,0,225
T2025000372,06/11/2025,20:11:00,P0266,Bibigo Seaweed Crisps,Snacks,3,110,0,330
T2025000372,06/11/2025,20:11:00,P0157,Nongshim Yachae Ramyeon 100g,Noodles,3,93,0,279
T2025000372,06/11/2025,20:11:00,P0273,Haitai  Plumcandy 130g,Snacks,3,95,0,285
T2025000372,06/11/2025,20:11:00,P0123,Cass Cold Brewed Beer 500mL,Liquor/Beverage,2,170,0,340
T2025000372,06/11/2025,20:11:00,P0162,Ottogi Jin Jjampong,Noodles,3,90,0,270
T2025000373,06/11/2025,18:33:00,P0284,Kkokal Sweet Corn Snack,Snacks,2,80,0,160
T2025000373,06/11/2025,18:33:00,P0177,Ottogi Beef Seaweed Soup Ramen,Noodles,2,70,0,140
T2025000373,06/11/2025,18:33:00,P0190,Nongshim Tempura Udon Cup,Noodles,1,60,0,60
T2025000373,06/11/2025,18:33:00,P0150,Samyang Buldak Rosã Ramen 105g,Noodles,1,110,0,110
T2025000374,06/11/2025,18:28:00,P0271,Orion Choco Chip Cookies,Snacks,1,100,0,100
T2025000375,06/11/2025,14:58:00,P0136,Cass Fresh Beer,Liquor/Beverage,1,85,0,85
T2025000375,06/11/2025,14:58:00,P0245,Honey Butter Almond 190g,Snacks,1,420,0,420
T2025000375,06/11/2025,14:58:00,P0299,Lotte Xylitol Green Gum,Snacks,3,55,0.05,156.75
T2025000375,06/11/2025,14:58:00,P0027,Yopokki Cheese 240g,Dry Food,2,145,0,290
T2025000375,06/11/2025,14:58:00,P0007,Samyang Spicy Mayo,Condiments,1,130,0,130
T2025000376,06/11/2025,13:23:00,P0134,KSD Green Grape Rice Wine 750mL,Liquor/Beverage,3,105,0.15,267.75
T2025000376,06/11/2025,13:23:00,P0001,Ottogi Sesame Oil 500mL,Condiments,1,590.5,0,590.5
T2025000377,07/11/2025,17:07:00,P0291,Crown Sando Biscuit,Snacks,1,75,0,75
T2025000377,07/11/2025,17:07:00,P0292,Orion Goraebab Crackers,Snacks,2,75,0.1,135
T2025000377,07/11/2025,17:07:00,P0282,Orion Choco Boy,Snacks,1,85,0,85
T2025000377,07/11/2025,17:07:00,P0027,Yopokki Cheese 240g,Dry Food,2,145,0,290
T2025000377,07/11/2025,17:07:00,P0004,O'Food Korean Chili Oil,Condiments,1,160,0,160
T2025000378,07/11/2025,17:13:00,P0125,Jinro Fresh Soju,Liquor/Beverage,1,170,0,170
T2025000378,07/11/2025,17:13:00,P0206,Nongshim Chapagetti,Noodles,1,45,0,45
T2025000378,07/11/2025,17:13:00,P0170,Ottogi Jin Jjajang,Noodles,1,80,0,80
T2025000378,07/11/2025,17:13:00,P0295,Pepero Almond,Snacks,1,55,0,55
T2025000379,07/11/2025,11:36:00,P0125,Jinro Fresh Soju,Liquor/Beverage,1,170,0.05,161.5
T2025000379,07/11/2025,11:36:00,P0269,Lotte Soft Strawberry Milk Candy 79g,Snacks,2,105,0,210
T2025000379,07/11/2025,11:36:00,P0266,Bibigo Seaweed Crisps,Snacks,1,110,0,110
T2025000379,07/11/2025,11:36:00,P0211,Ottogi Jin Ramen Hot,Noodles,4,40,0,160
T2025000380,07/11/2025,18:43:00,P0198,Paldo Koreno Beef Noodle 100g,Noodles,2,50,0,100
T2025000380,07/11/2025,18:43:00,P0080,Samyang Buldak Original Spicy Mandu 700g,Food Frozen,1,410,0,410
T2025000381,07/11/2025,18:31:00,P0114,Banana Milk 200mL 6Pcs,Liquor/Beverage,1,290,0.15,246.5
T2025000381,07/11/2025,18:31:00,P0263,Samlip Honey Castella,Snacks,3,120,0,360
T2025000381,07/11/2025,18:31:00,P0184,Nongshim Baehongdong Bibimyeon 137g,Noodles,1,61,0.1,54.9
T2025000382,07/11/2025,13:19:00,P0124,Terra Lager Beer 500mL,Liquor/Beverage,2,170,0.15,289
T2025000382,07/11/2025,13:19:00,P0152,Samyang Buldak Original Cup,Noodles,3,110,0,330
T2025000383,07/11/2025,17:09:00,P0114,Banana Milk 200mL 6Pcs,Liquor/Beverage,1,290,0,290
T2025000383,07/11/2025,17:09:00,P0027,Yopokki Cheese 240g,Dry Food,1,145,0,145
T2025000384,07/11/2025,11:03:00,P0140,Woongjin Yogurt Peach 340mL,Liquor/Beverage,5,60,0,300
T2025000384,07/11/2025,11:03:00,P0019,Haepyo Crispy Seaweed 9Pcs,Dry Food,1,188,0,188
T2025000385,07/11/2025,19:57:00,P0134,KSD Green Grape Rice Wine 750mL,Liquor/Beverage,1,105,0,105
T2025000385,07/11/2025,19:57:00,P0281,Haitai Ace Crackers,Snacks,1,85,0,85
T2025000385,07/11/2025,19:57:00,P0188,Nagasaki Jjampong,Noodles,5,60,0.05,285
T2025000385,07/11/2025,19:57:00,P0022,Ottogi Tteokbokki Cup,Dry Food,2,160,0.15,272
T2025000385,07/11/2025,19:57:00,P0009,CJ Beksul Corn Syrup,Condiments,3,95,0,285
T2025000386,07/11/2025,12:48:00,P0293,Lotte Sand Biscuit,Snacks,3,75,0,225
T2025000386,07/11/2025,12:48:00,P0281,Haitai Ace Crackers,Snacks,1,85,0.1,76.5
T2025000387,07/11/2025,19:21:00,P0191,Paldo Teumsae Ramen,Noodles,1,60,0,60
T2025000387,07/11/2025,19:21:00,P0156,Nongshim Ramyun King Bowl,Noodles,3,95,0,285
T2025000387,07/11/2025,19:21:00,P0008,Ottogi Corn Syrup,Condiments,3,98,0,294
T2025000388,07/11/2025,20:45:00,P0300,Can Choco Balls,Snacks,3,45,0,135
T2025000388,07/11/2025,20:45:00,P0295,Pepero Almond,Snacks,4,55,0,220
T2025000388,07/11/2025,20:45:00,P0029,CJ Beksul Pancake Flour,Dry Food,1,125,0,125
T2025000389,07/11/2025,19:39:00,P0166,Samyang Buldak Original,Noodles,3,88,0.1,237.6
T2025000389,07/11/2025,19:39:00,P0159,Nongshim Neuguri Cup 111g,Noodles,2,90,0,180
T2025000389,07/11/2025,19:39:00,P0150,Samyang Buldak Rosã Ramen 105g,Noodles,3,110,0,330
T2025000390,07/11/2025,12:09:00,P0123,Cass Cold Brewed Beer 500mL,Liquor/Beverage,1,170,0,170
T2025000390,07/11/2025,12:09:00,P0175,Samyang Jjajang Hot Chicken,Noodles,3,75,0,225
T2025000390,07/11/2025,12:09:00,P0196,Paldo Cheese Ramen,Noodles,5,55,0,275
T2025000391,07/11/2025,8:59:00,P0114,Banana Milk 200mL 6Pcs,Liquor/Beverage,2,290,0,580
T2025000391,07/11/2025,8:59:00,P0300,Can Choco Balls,Snacks,3,45,0.15,114.75
T2025000391,07/11/2025,8:59:00,P0297,Pepero Choco Filled,Snacks,2,55,0,110
T2025000391,07/11/2025,8:59:00,P0249,Lotte Chocopie 12Pcs,Snacks,1,200,0,200
T2025000391,07/11/2025,8:59:00,P0191,Paldo Teumsae Ramen,Noodles,5,60,0,300
T2025000392,07/11/2025,11:58:00,P0295,Pepero Almond,Snacks,1,55,0,55
T2025000392,07/11/2025,11:58:00,P0298,Pepero White Cookie,Snacks,2,55,0,110
T2025000392,07/11/2025,11:58:00,P0297,Pepero Choco Filled,Snacks,5,55,0.15,233.75
T2025000392,07/11/2025,11:58:00,P0021,Bibigo Kimbab Kim 10Sheets,Dry Food,2,161,0,322
T2025000393,07/11/2025,18:49:00,P0298,Pepero White Cookie,Snacks,2,55,0,110
T2025000393,07/11/2025,18:49:00,P0205,Ottogi Yeul Ramen,Noodles,4,48,0.05,182.4
T2025000393,07/11/2025,18:49:00,P0019,Haepyo Crispy Seaweed 9Pcs,Dry Food,1,188,0,188
T2025000393,07/11/2025,18:49:00,P0094,MWC Frank Sausage 5Pcs,Food Frozen,2,173,0,346
T2025000394,07/11/2025,12:49:00,P0114,Banana Milk 200mL 6Pcs,Liquor/Beverage,1,290,0,290
T2025000394,07/11/2025,12:49:00,P0258,Orion Custard Choco Cake,Snacks,2,130,0,260
T2025000394,07/11/2025,12:49:00,P0026,Yopokki Sweet & Spicy 280g,Dry Food,2,145,0.1,261
T2025000394,07/11/2025,12:49:00,P0068,Enoki Mushroom 150G 2Packs,Food Fresh/Meat/Sidedish,1,120,0,120
T2025000395,07/11/2025,8:02:00,P0245,Honey Butter Almond 190g,Snacks,1,420,0,420
T2025000395,07/11/2025,8:02:00,P0030,Yopokki Onion Butter 120g Cup,Dry Food,2,120,0,240
T2025000395,07/11/2025,8:02:00,P0205,Ottogi Yeul Ramen,Noodles,5,48,0,240
T2025000395,07/11/2025,8:02:00,P0114,Banana Milk 200mL 6Pcs,Liquor/Beverage,1,290,0,290
T2025000395,07/11/2025,8:02:00,P0204,Ottogi Cup Ramen Kimchi,Noodles,5,50,0,250
T2025000396,07/11/2025,18:48:00,P0125,Jinro Fresh Soju,Liquor/Beverage,2,170,0,340
T2025000396,07/11/2025,18:48:00,P0295,Pepero Almond,Snacks,5,55,0,275
T2025000396,07/11/2025,18:48:00,P0290,Doritos Galbi Chicken,Snacks,2,77,0,154
T2025000396,07/11/2025,18:48:00,P0152,Samyang Buldak Original Cup,Noodles,1,110,0,110
T2025000397,07/11/2025,11:43:00,P0125,Jinro Fresh Soju,Liquor/Beverage,1,170,0,170
T2025000397,07/11/2025,11:43:00,P0020,CJ Beksul Hotteok Mix,Dry Food,2,185,0,370
T2025000397,07/11/2025,11:43:00,P0297,Pepero Choco Filled,Snacks,1,55,0,55
T2025000398,07/11/2025,13:27:00,P0139,Paldo Pororo Juice,Liquor/Beverage,5,65,0,325
T2025000398,07/11/2025,13:27:00,P0282,Orion Choco Boy,Snacks,2,85,0,170
T2025000398,07/11/2025,13:27:00,P0245,Honey Butter Almond 190g,Snacks,1,420,0,420
T2025000398,07/11/2025,13:27:00,P0009,CJ Beksul Corn Syrup,Condiments,1,95,0,95
T2025000399,07/11/2025,13:31:00,P0128,Chamiseul Fresh 360mL,Liquor/Beverage,2,120,0.15,204
T2025000399,07/11/2025,13:31:00,P0193,Paldo Gomtang Ramen,Noodles,4,56,0,224
T2025000399,07/11/2025,13:31:00,P0209,Ottogi Kimchi Ramen,Noodles,2,40,0,80
T2025000399,07/11/2025,13:31:00,P0080,Samyang Buldak Original Spicy Mandu 700g,Food Frozen,1,410,0,410
T2025000400,07/11/2025,21:30:00,P0120,Aloe Vera Juice 1.5L,Liquor/Beverage,2,175,0,350
T2025000400,07/11/2025,21:30:00,P0275,Haitai Sweet Potato Snack,Snacks,2,95,0,190
T2025000400,07/11/2025,21:30:00,P0289,Crown Corn Chips,Snacks,1,80,0,80
T2025000400,07/11/2025,21:30:00,P0252,Lotte Banana Choco Pie 12Pcs,Snacks,2,180,0,360
T2025000401,07/11/2025,12:09:00,P0125,Jinro Fresh Soju,Liquor/Beverage,2,170,0.1,306
T2025000401,07/11/2025,12:09:00,P0266,Bibigo Seaweed Crisps,Snacks,3,110,0,330
T2025000401,07/11/2025,12:09:00,P0277,Orion Turtle Chips Sweet Corn,Snacks,2,89,0,178
T2025000401,07/11/2025,12:09:00,P0258,Orion Custard Choco Cake,Snacks,2,130,0,260
T2025000401,07/11/2025,12:09:00,P0239,Ottogi Curry Hot,Seasoned/Sauce/Powder,1,115,0,115
T2025000402,07/11/2025,14:37:00,P0107,Ottogi Honey Ginger Tea 1Kg,Liquor/Beverage,1,530,0,530
T2025000402,07/11/2025,14:37:00,P0032,Samlip Mini Kimbap,Dry Food,2,120,0,240
T2025000402,07/11/2025,14:37:00,P0005,Ottogi Gold Mayonnaise 300g,Condiments,2,150,0.05,285
T2025000403,07/11/2025,11:36:00,P0205,Ottogi Yeul Ramen,Noodles,2,48,0,96
T2025000403,07/11/2025,11:36:00,P0035,CJ  Multi-Grains Cooked Rice 210g,Dry Food,3,110,0,330
T2025000403,07/11/2025,11:36:00,P0124,Terra Lager Beer 500mL,Liquor/Beverage,1,170,0,170
T2025000403,07/11/2025,11:36:00,P0181,Paldo Bibim Cold Noodles,Noodles,2,65,0,130
T2025000403,07/11/2025,11:36:00,P0271,Orion Choco Chip Cookies,Snacks,1,100,0,100
T2025000404,07/11/2025,12:04:00,P0295,Pepero Almond,Snacks,4,55,0,220
T2025000404,07/11/2025,12:04:00,P0245,Honey Butter Almond 190g,Snacks,1,420,0,420
T2025000404,07/11/2025,12:04:00,P0226,CJ Beksul Sweet Korean Pancake Mix 400g,Seasoned/Sauce/Powder,1,155,0,155
T2025000404,07/11/2025,12:04:00,P0125,Jinro Fresh Soju,Liquor/Beverage,2,170,0,340
T2025000404,07/11/2025,12:04:00,P0188,Nagasaki Jjampong,Noodles,4,60,0,240
T2025000405,07/11/2025,19:18:00,P0252,Lotte Banana Choco Pie 12Pcs,Snacks,2,180,0,360
T2025000405,07/11/2025,19:18:00,P0298,Pepero White Cookie,Snacks,3,55,0,165
T2025000405,07/11/2025,19:18:00,P0196,Paldo Cheese Ramen,Noodles,5,55,0.15,233.75
T2025000405,07/11/2025,19:18:00,P0152,Samyang Buldak Original Cup,Noodles,3,110,0,330
T2025000405,07/11/2025,19:18:00,P0191,Paldo Teumsae Ramen,Noodles,3,60,0,180
T2025000406,07/11/2025,20:57:00,P0149,Binggrae Mango Milk,Liquor/Beverage,5,45,0,225
T2025000406,07/11/2025,20:57:00,P0224,Seasoned Seaweed 200g,Seasoned/Sauce/Powder,2,190,0,380
T2025000407,07/11/2025,19:49:00,P0123,Cass Cold Brewed Beer 500mL,Liquor/Beverage,1,170,0,170
T2025000408,07/11/2025,12:29:00,P0124,Terra Lager Beer 500mL,Liquor/Beverage,1,170,0.1,153
T2025000408,07/11/2025,12:29:00,P0300,Can Choco Balls,Snacks,5,45,0,225
T2025000408,07/11/2025,12:29:00,P0201,Sewoo Tang Small Cup,Noodles,3,50,0,150
T2025000408,07/11/2025,12:29:00,P0168,Samyang Carbo Buldak,Noodles,2,88,0,176
T2025000408,07/11/2025,12:29:00,P0166,Samyang Buldak Original,Noodles,3,88,0,264
T2025000409,07/11/2025,15:36:00,P0132,Sunhari Strawberry 360mL,Liquor/Beverage,3,120,0,360
T2025000409,07/11/2025,15:36:00,P0300,Can Choco Balls,Snacks,5,45,0,225
T2025000409,07/11/2025,15:36:00,P0249,Lotte Chocopie 12Pcs,Snacks,1,200,0,200
T2025000409,07/11/2025,15:36:00,P0290,Doritos Galbi Chicken,Snacks,3,77,0.15,196.35
T2025000409,07/11/2025,15:36:00,P0154,Nongshim Jjawang,Noodles,3,100,0,300
T2025000410,07/11/2025,18:08:00,P0139,Paldo Pororo Juice,Liquor/Beverage,3,65,0,195
T2025000410,07/11/2025,18:08:00,P0284,Kkokal Sweet Corn Snack,Snacks,1,80,0,80
T2025000410,07/11/2025,18:08:00,P0167,Samyang Cheese Buldak,Noodles,1,88,0,88
T2025000410,07/11/2025,18:08:00,P0009,CJ Beksul Corn Syrup,Condiments,1,95,0,95
T2025000410,07/11/2025,18:08:00,P0080,Samyang Buldak Original Spicy Mandu 700g,Food Frozen,1,410,0,410
T2025000411,07/11/2025,13:12:00,P0240,Ottogi Spaghetti Sauce,Seasoned/Sauce/Powder,1,115,0,115
T2025000411,07/11/2025,13:12:00,P0073,Perilla Leaves 2Packs,Food Fresh/Meat/Sidedish,2,40,0,80
T2025000412,07/11/2025,21:53:00,P0245,Honey Butter Almond 190g,Snacks,1,420,0,420
T2025000412,07/11/2025,21:53:00,P0211,Ottogi Jin Ramen Hot,Noodles,5,40,0.05,190
T2025000413,07/11/2025,19:09:00,P0226,CJ Beksul Sweet Korean Pancake Mix 400g,Seasoned/Sauce/Powder,2,155,0,310
T2025000413,07/11/2025,19:09:00,P0265,Orion Almond Candy,Snacks,3,110,0,330
T2025000413,07/11/2025,19:09:00,P0211,Ottogi Jin Ramen Hot,Noodles,4,40,0,160
T2025000413,07/11/2025,19:09:00,P0281,Haitai Ace Crackers,Snacks,1,85,0,85
T2025000413,07/11/2025,19:09:00,P0114,Banana Milk 200mL 6Pcs,Liquor/Beverage,1,290,0,290
T2025000414,07/11/2025,11:30:00,P0098,Daerim  Crabstick 216g,Food Frozen,2,98,0,196
T2025000414,07/11/2025,11:30:00,P0293,Lotte Sand Biscuit,Snacks,2,75,0,150
T2025000414,07/11/2025,11:30:00,P0269,Lotte Soft Strawberry Milk Candy 79g,Snacks,2,105,0,210
T2025000414,07/11/2025,11:30:00,P0147,Binggrae Coffee Milk,Liquor/Beverage,2,48,0,96
T2025000414,07/11/2025,11:30:00,P0276,Orion Sun Chips Korean BBQ,Snacks,1,90,0,90
T2025000415,07/11/2025,12:22:00,P0141,Woongjin Yogurt Apple 340mL,Liquor/Beverage,3,60,0,180
T2025000415,07/11/2025,12:22:00,P0284,Kkokal Sweet Corn Snack,Snacks,1,80,0,80
T2025000415,07/11/2025,12:22:00,P0017,Bibigo Seaweed Flakes 50g,Dry Food,2,210,0.05,399
T2025000416,07/11/2025,17:47:00,P0030,Yopokki Onion Butter 120g Cup,Dry Food,3,120,0,360
T2025000417,07/11/2025,17:00:00,P0286,Crown Caramel Maple Corn,Snacks,3,80,0,240
T2025000417,07/11/2025,17:00:00,P0296,Lotte Cereal Choco,Snacks,2,55,0,110
T2025000417,07/11/2025,17:00:00,P0123,Cass Cold Brewed Beer 500mL,Liquor/Beverage,2,170,0,340
T2025000417,07/11/2025,17:00:00,P0233,O'Food Korean Fried Chicken Sauce,Seasoned/Sauce/Powder,2,135,0,270
T2025000417,07/11/2025,17:00:00,P0197,Nongshim Seafood Ramyun,Noodles,3,52,0,156
T2025000419,07/11/2025,11:10:00,P0146,Binggrae Yogurt Drink,Liquor/Beverage,1,55,0,55
T2025000419,07/11/2025,11:10:00,P0258,Orion Custard Choco Cake,Snacks,2,130,0.15,221
T2025000419,07/11/2025,11:10:00,P0291,Crown Sando Biscuit,Snacks,3,75,0,225
T2025000420,07/11/2025,13:11:00,P0125,Jinro Fresh Soju,Liquor/Beverage,2,170,0,340
T2025000420,07/11/2025,13:11:00,P0200,Paldo Koreno Kimchi Noodle,Noodles,1,50,0,50
T2025000421,07/11/2025,15:58:00,P0114,Banana Milk 200mL 6Pcs,Liquor/Beverage,1,290,0,290
T2025000421,07/11/2025,15:58:00,P0152,Samyang Buldak Original Cup,Noodles,2,110,0,220
T2025000421,07/11/2025,15:58:00,P0193,Paldo Gomtang Ramen,Noodles,2,56,0,112
T2025000421,07/11/2025,15:58:00,P0192,Nongshim Soon Veggie Ramen,Noodles,2,58,0,116
T2025000422,07/11/2025,19:33:00,P0114,Banana Milk 200mL 6Pcs,Liquor/Beverage,1,290,0,290
T2025000422,07/11/2025,19:33:00,P0249,Lotte Chocopie 12Pcs,Snacks,1,200,0,200
T2025000422,07/11/2025,19:33:00,P0245,Honey Butter Almond 190g,Snacks,1,420,0,420
T2025000422,07/11/2025,19:33:00,P0166,Samyang Buldak Original,Noodles,1,88,0,88
T2025000422,07/11/2025,19:33:00,P0240,Ottogi Spaghetti Sauce,Seasoned/Sauce/Powder,1,115,0,115
T2025000423,07/11/2025,18:06:00,P0008,Ottogi Corn Syrup,Condiments,3,98,0.1,264.6
T2025000424,07/11/2025,12:39:00,P0245,Honey Butter Almond 190g,Snacks,1,420,0,420
T2025000424,07/11/2025,12:39:00,P0267,Lotte Pepero White Cookie,Snacks,2,110,0,220
T2025000424,07/11/2025,12:39:00,P0263,Samlip Honey Castella,Snacks,1,120,0.15,102
T2025000425,07/11/2025,18:54:00,P0123,Cass Cold Brewed Beer 500mL,Liquor/Beverage,1,170,0,170
T2025000425,07/11/2025,18:54:00,P0006,Chung Jung One Soy Sauce,Condiments,2,140,0,280
T2025000426,07/11/2025,15:00:00,P0125,Jinro Fresh Soju,Liquor/Beverage,1,170,0,170
T2025000426,07/11/2025,15:00:00,P0269,Lotte Soft Strawberry Milk Candy 79g,Snacks,3,105,0,315
T2025000426,07/11/2025,15:00:00,P0265,Orion Almond Candy,Snacks,3,110,0,330
T2025000426,07/11/2025,15:00:00,P0293,Lotte Sand Biscuit,Snacks,3,75,0,225
T2025000426,07/11/2025,15:00:00,P0102,MWC Tteok Galbi Bar,Food Frozen,3,75,0,225
T2025000427,07/11/2025,9:05:00,P0203,Jin Ramen Spicy Cup,Noodles,3,50,0,150
T2025000427,07/11/2025,9:05:00,P0206,Nongshim Chapagetti,Noodles,1,45,0,45
T2025000427,07/11/2025,9:05:00,P0080,Samyang Buldak Original Spicy Mandu 700g,Food Frozen,1,410,0,410
T2025000428,07/11/2025,19:16:00,P0295,Pepero Almond,Snacks,3,55,0,165
T2025000428,07/11/2025,19:16:00,P0204,Ottogi Cup Ramen Kimchi,Noodles,1,50,0,50
T2025000428,07/11/2025,19:16:00,P0175,Samyang Jjajang Hot Chicken,Noodles,1,75,0,75
T2025000428,07/11/2025,19:16:00,P0272,Haitai  Sunkist Candy 125g,Snacks,2,95,0.15,161.5
T2025000428,07/11/2025,19:16:00,P0139,Paldo Pororo Juice,Liquor/Beverage,5,65,0,325
T2025000429,07/11/2025,21:23:00,P0148,Binggrae Strawberry Milk,Liquor/Beverage,3,45,0,135
T2025000429,07/11/2025,21:23:00,P0297,Pepero Choco Filled,Snacks,4,55,0,220
T2025000429,07/11/2025,21:23:00,P0243,CJ  Ssamjang 170g,Seasoned/Sauce/Powder,1,88,0,88
T2025000430,07/11/2025,12:33:00,P0125,Jinro Fresh Soju,Liquor/Beverage,2,170,0,340
T2025000430,07/11/2025,12:33:00,P0173,Nongshim Jjapageti,Noodles,2,75,0,150
T2025000430,07/11/2025,12:33:00,P0009,CJ Beksul Corn Syrup,Condiments,2,95,0,190
T2025000430,07/11/2025,12:33:00,P0236,CJ  Soybean Paste 500g,Seasoned/Sauce/Powder,2,123,0,246
T2025000431,07/11/2025,17:57:00,P0123,Cass Cold Brewed Beer 500mL,Liquor/Beverage,2,170,0.15,289
T2025000431,07/11/2025,17:57:00,P0201,Sewoo Tang Small Cup,Noodles,4,50,0,200
T2025000431,07/11/2025,17:57:00,P0170,Ottogi Jin Jjajang,Noodles,2,80,0,160
T2025000431,07/11/2025,17:57:00,P0172,Ottogi Jin Hot Big Cup,Noodles,1,75,0,75
T2025000431,07/11/2025,17:57:00,P0044,Ottogi Vegetable Soup 80g,Dry Food,3,90,0,270
T2025000432,07/11/2025,18:16:00,P0123,Cass Cold Brewed Beer 500mL,Liquor/Beverage,1,170,0.1,153
T2025000432,07/11/2025,18:16:00,P0185,Nongshim Shin Non-Frying Ramen 97g,Noodles,3,60,0,180
T2025000432,07/11/2025,18:16:00,P0211,Ottogi Jin Ramen Hot,Noodles,4,40,0.15,136
T2025000433,07/11/2025,17:21:00,P0131,Sunhari Yogurt 360mL,Liquor/Beverage,1,120,0,120
T2025000433,07/11/2025,17:21:00,P0294,Pepero Strawberry,Snacks,3,55,0,165
T2025000433,07/11/2025,17:21:00,P0299,Lotte Xylitol Green Gum,Snacks,5,55,0.1,247.5
T2025000433,07/11/2025,17:21:00,P0276,Orion Sun Chips Korean BBQ,Snacks,3,90,0.15,229.5
T2025000433,07/11/2025,17:21:00,P0100,Binggrae Ice Cream Sandwich,Food Frozen,1,80,0.15,68
T2025000434,07/11/2025,13:15:00,P0123,Cass Cold Brewed Beer 500mL,Liquor/Beverage,2,170,0,340
T2025000435,07/11/2025,16:15:00,P0300,Can Choco Balls,Snacks,5,45,0,225
T2025000435,07/11/2025,16:15:00,P0289,Crown Corn Chips,Snacks,1,80,0,80
T2025000435,07/11/2025,16:15:00,P0215,Ottogi Wasabi Powder 300g,Seasoned/Sauce/Powder,1,290,0,290
T2025000435,07/11/2025,16:15:00,P0295,Pepero Almond,Snacks,1,55,0,55
T2025000435,07/11/2025,16:15:00,P0033,CJ Beksul Frying Mix,Dry Food,3,120,0.1,324
T2025000436,07/11/2025,9:07:00,P0147,Binggrae Coffee Milk,Liquor/Beverage,5,48,0,240
T2025000436,07/11/2025,9:07:00,P0258,Orion Custard Choco Cake,Snacks,1,130,0,130
T2025000436,07/11/2025,9:07:00,P0253,Orion Market O Brownie,Snacks,2,170,0.15,289
T2025000437,07/11/2025,18:40:00,P0027,Yopokki Cheese 240g,Dry Food,2,145,0,290
T2025000437,07/11/2025,18:40:00,P0153,Samyang Buldak Cheese Cup,Noodles,2,110,0,220
T2025000437,07/11/2025,18:40:00,P0279,Orion O! Karto Sweet Corn,Snacks,1,88,0,88
T2025000437,07/11/2025,18:40:00,P0251,Oil Fried & Salted Peanuts,Snacks,1,185,0.05,175.75
T2025000437,07/11/2025,18:40:00,P0124,Terra Lager Beer 500mL,Liquor/Beverage,2,170,0,340
T2025000438,07/11/2025,19:39:00,P0139,Paldo Pororo Juice,Liquor/Beverage,2,65,0,130
T2025000438,07/11/2025,19:39:00,P0247,Choco Pie Green Tea 12Pcs,Snacks,2,200,0,400
T2025000438,07/11/2025,19:39:00,P0278,Haitai O! Karto Chips,Snacks,3,88,0,264
T2025000438,07/11/2025,19:39:00,P0080,Samyang Buldak Original Spicy Mandu 700g,Food Frozen,1,410,0.1,369
T2025000439,07/11/2025,10:36:00,P0124,Terra Lager Beer 500mL,Liquor/Beverage,1,170,0.1,153
T2025000440,07/11/2025,20:18:00,P0141,Woongjin Yogurt Apple 340mL,Liquor/Beverage,2,60,0,120
T2025000440,07/11/2025,20:18:00,P0203,Jin Ramen Spicy Cup,Noodles,4,50,0,200
T2025000440,07/11/2025,20:18:00,P0200,Paldo Koreno Kimchi Noodle,Noodles,1,50,0,50
T2025000440,07/11/2025,20:18:00,P0175,Samyang Jjajang Hot Chicken,Noodles,3,75,0,225
T2025000440,07/11/2025,20:18:00,P0080,Samyang Buldak Original Spicy Mandu 700g,Food Frozen,1,410,0,410
T2025000441,07/11/2025,12:12:00,P0124,Terra Lager Beer 500mL,Liquor/Beverage,1,170,0,170
T2025000441,07/11/2025,12:12:00,P0295,Pepero Almond,Snacks,5,55,0,275
T2025000442,07/11/2025,17:26:00,P0263,Samlip Honey Castella,Snacks,2,120,0,240
T2025000442,07/11/2025,17:26:00,P0201,Sewoo Tang Small Cup,Noodles,1,50,0,50
T2025000442,07/11/2025,17:26:00,P0210,2Mins Snack Men,Noodles,3,40,0,120
T2025000442,07/11/2025,17:26:00,P0177,Ottogi Beef Seaweed Soup Ramen,Noodles,1,70,0,70
T2025000442,07/11/2025,17:26:00,P0224,Seasoned Seaweed 200g,Seasoned/Sauce/Powder,2,190,0,380
T2025000443,07/11/2025,12:00:00,P0026,Yopokki Sweet & Spicy 280g,Dry Food,2,145,0,290
T2025000443,07/11/2025,12:00:00,P0245,Honey Butter Almond 190g,Snacks,1,420,0,420
T2025000443,07/11/2025,12:00:00,P0096,Daerim  Vienna Sausage 170g,Food Frozen,1,145,0,145
T2025000443,07/11/2025,12:00:00,P0219,CJ Beksul Spicy Pork Sauce 500g,Seasoned/Sauce/Powder,2,240,0,480
T2025000443,07/11/2025,12:00:00,P0204,Ottogi Cup Ramen Kimchi,Noodles,3,50,0,150
T2025000444,07/11/2025,19:55:00,P0266,Bibigo Seaweed Crisps,Snacks,1,110,0,110
T2025000444,07/11/2025,19:55:00,P0295,Pepero Almond,Snacks,4,55,0,220
T2025000444,07/11/2025,19:55:00,P0163,Samyang Buldak Rose 140g,Noodles,3,88,0,264
T2025000444,07/11/2025,19:55:00,P0171,Tempura Udon Big Cup,Noodles,2,75,0,150
T2025000445,07/11/2025,19:22:00,P0125,Jinro Fresh Soju,Liquor/Beverage,1,170,0,170
T2025000445,07/11/2025,19:22:00,P0259,Nongshim Sengseng U-Dong,Snacks,2,125,0,250
T2025000445,07/11/2025,19:22:00,P0277,Orion Turtle Chips Sweet Corn,Snacks,2,89,0,178
T2025000445,07/11/2025,19:22:00,P0281,Haitai Ace Crackers,Snacks,1,85,0,85
T2025000445,07/11/2025,19:22:00,P0045,CJ Beksul Wheat Flour,Dry Food,1,90,0,90
T2025000446,07/11/2025,11:58:00,P0114,Banana Milk 200mL 6Pcs,Liquor/Beverage,1,290,0,290
T2025000446,07/11/2025,11:58:00,P0269,Lotte Soft Strawberry Milk Candy 79g,Snacks,3,105,0,315
T2025000446,07/11/2025,11:58:00,P0286,Crown Caramel Maple Corn,Snacks,1,80,0,80
T2025000446,07/11/2025,11:58:00,P0289,Crown Corn Chips,Snacks,3,80,0,240
T2025000447,07/11/2025,18:33:00,P0245,Honey Butter Almond 190g,Snacks,1,420,0,420
T2025000447,07/11/2025,18:33:00,P0166,Samyang Buldak Original,Noodles,2,88,0,176
T2025000447,07/11/2025,18:33:00,P0211,Ottogi Jin Ramen Hot,Noodles,1,40,0,40
T2025000447,07/11/2025,18:33:00,P0229,O'Food Korean BBQ Sauce,Seasoned/Sauce/Powder,2,145,0,290
T2025000448,07/11/2025,19:39:00,P0245,Honey Butter Almond 190g,Snacks,1,420,0,420
T2025000448,07/11/2025,19:39:00,P0295,Pepero Almond,Snacks,5,55,0,275
T2025000448,07/11/2025,19:39:00,P0007,Samyang Spicy Mayo,Condiments,2,130,0,260
T2025000449,07/11/2025,11:55:00,P0267,Lotte Pepero White Cookie,Snacks,1,110,0,110
T2025000449,07/11/2025,11:55:00,P0299,Lotte Xylitol Green Gum,Snacks,1,55,0,55
T2025000449,07/11/2025,11:55:00,P0204,Ottogi Cup Ramen Kimchi,Noodles,1,50,0,50
T2025000450,07/11/2025,19:27:00,P0125,Jinro Fresh Soju,Liquor/Beverage,2,170,0,340
T2025000450,07/11/2025,19:27:00,P0287,Nongshim Banana Kick 75g,Snacks,1,80,0,80
T2025000450,07/11/2025,19:27:00,P0252,Lotte Banana Choco Pie 12Pcs,Snacks,2,180,0.1,324
T2025000450,07/11/2025,19:27:00,P0276,Orion Sun Chips Korean BBQ,Snacks,1,90,0,90
T2025000451,07/11/2025,17:19:00,P0123,Cass Cold Brewed Beer 500mL,Liquor/Beverage,1,170,0.15,144.5
T2025000451,07/11/2025,17:19:00,P0003,Sempio Sesame Oil,Condiments,2,185,0.05,351.5
T2025000452,07/11/2025,18:38:00,P0005,Ottogi Gold Mayonnaise 300g,Condiments,2,150,0,300
T2025000452,07/11/2025,18:38:00,P0250,Haitai Honey Butter Almonds,Snacks,2,190,0,380
T2025000452,07/11/2025,18:38:00,P0220,CJ  Tteokbokki Sauce 150G 2Pcs,Seasoned/Sauce/Powder,2,235,0,470
T2025000452,07/11/2025,18:38:00,P0285,Corn Choco,Snacks,2,80,0,160
T2025000452,07/11/2025,18:38:00,P0286,Crown Caramel Maple Corn,Snacks,2,80,0.15,136
T2025000453,07/11/2025,13:20:00,P0259,Nongshim Sengseng U-Dong,Snacks,1,125,0,125
T2025000453,07/11/2025,13:20:00,P0265,Orion Almond Candy,Snacks,1,110,0,110
T2025000453,07/11/2025,13:20:00,P0207,Ottogi Yeul Ramen 120g,Noodles,5,40,0,200
T2025000453,07/11/2025,13:20:00,P0139,Paldo Pororo Juice,Liquor/Beverage,5,65,0,325
T2025000453,07/11/2025,13:20:00,P0002,Ottogi Gold Mayonnaise 500g,Condiments,2,235,0,470
T2025000454,07/11/2025,11:49:00,P0135,KSD Peach Rice Wine 750mL,Liquor/Beverage,2,105,0.05,199.5
T2025000454,07/11/2025,11:49:00,P0027,Yopokki Cheese 240g,Dry Food,2,145,0.05,275.5
T2025000454,07/11/2025,11:49:00,P0008,Ottogi Corn Syrup,Condiments,3,98,0,294
T2025000455,07/11/2025,12:53:00,P0165,Samyang Cream Carbo Buldak 140g,Noodles,1,88,0,88
T2025000455,07/11/2025,12:53:00,P0188,Nagasaki Jjampong,Noodles,2,60,0,120
T2025000455,07/11/2025,12:53:00,P0198,Paldo Koreno Beef Noodle 100g,Noodles,4,50,0,200
T2025000455,07/11/2025,12:53:00,P0038,(Kaya) Korean Rice 1Kg,Dry Food,3,100,0,300
T2025000456,07/11/2025,17:30:00,P0124,Terra Lager Beer 500mL,Liquor/Beverage,2,170,0,340
T2025000456,07/11/2025,17:30:00,P0277,Orion Turtle Chips Sweet Corn,Snacks,3,89,0,267
T2025000456,07/11/2025,17:30:00,P0235,O'Food Kimchi Base Sauce,Seasoned/Sauce/Powder,1,130,0,130
T2025000457,07/11/2025,13:35:00,P0245,Honey Butter Almond 190g,Snacks,1,420,0,420
T2025000457,07/11/2025,13:35:00,P0269,Lotte Soft Strawberry Milk Candy 79g,Snacks,1,105,0,105
T2025000457,07/11/2025,13:35:00,P0286,Crown Caramel Maple Corn,Snacks,3,80,0,240
T2025000457,07/11/2025,13:35:00,P0186,Ottogi Chachelin Blackbean 145g,Noodles,4,60,0,240
T2025000457,07/11/2025,13:35:00,P0183,Samyang Kimchi Ramen Bowl,Noodles,1,65,0,65
T2025000458,07/11/2025,12:09:00,P0073,Perilla Leaves 2Packs,Food Fresh/Meat/Sidedish,5,40,0,200
T2025000459,07/11/2025,19:48:00,P0208,Ottogi Jin Ramen Mild,Noodles,5,40,0,200
T2025000459,07/11/2025,19:48:00,P0043,CJ Hetbahn Cooked Barley,Dry Food,3,95,0.05,270.75
T2025000460,07/11/2025,13:48:00,P0140,Woongjin Yogurt Peach 340mL,Liquor/Beverage,5,60,0,300
T2025000460,07/11/2025,13:48:00,P0166,Samyang Buldak Original,Noodles,1,88,0.1,79.2
T2025000460,07/11/2025,13:48:00,P0184,Nongshim Baehongdong Bibimyeon 137g,Noodles,2,61,0,122
T2025000460,07/11/2025,13:48:00,P0168,Samyang Carbo Buldak,Noodles,3,88,0.1,237.6
T2025000460,07/11/2025,13:48:00,P0034,CJ  Cooked Rice,Dry Food,3,116,0,348
T2025000461,07/11/2025,19:27:00,P0149,Binggrae Mango Milk,Liquor/Beverage,3,45,0,135
T2025000461,07/11/2025,19:27:00,P0255,Bibigo Crispy Seaweed Snack,Snacks,2,140,0,280
T2025000461,07/11/2025,19:27:00,P0032,Samlip Mini Kimbap,Dry Food,3,120,0.1,324
T2025000462,07/11/2025,12:04:00,P0143,Nongshim Welchs Grape 355mL,Liquor/Beverage,5,60,0,300
T2025000462,07/11/2025,12:04:00,P0246,Post Almond Flakes,Snacks,2,245,0,490
T2025000462,07/11/2025,12:04:00,P0269,Lotte Soft Strawberry Milk Candy 79g,Snacks,3,105,0.1,283.5
T2025000462,07/11/2025,12:04:00,P0280,Nongshim Potato Sticks,Snacks,1,85,0,85
T2025000462,07/11/2025,12:04:00,P0018,(Kaya) Korean Rice 1.5Kg,Dry Food,1,190,0,190
T2025000463,07/11/2025,12:01:00,P0270,Samlip Custard Cream Cake,Snacks,3,105,0,315
T2025000463,07/11/2025,12:01:00,P0206,Nongshim Chapagetti,Noodles,2,45,0,90
T2025000463,07/11/2025,12:01:00,P0184,Nongshim Baehongdong Bibimyeon 137g,Noodles,3,61,0,183
T2025000464,07/11/2025,13:03:00,P0136,Cass Fresh Beer,Liquor/Beverage,2,85,0,170
T2025000464,07/11/2025,13:03:00,P0277,Orion Turtle Chips Sweet Corn,Snacks,1,89,0.05,84.55
T2025000464,07/11/2025,13:03:00,P0080,Samyang Buldak Original Spicy Mandu 700g,Food Frozen,1,410,0,410
T2025000465,07/11/2025,18:50:00,P0240,Ottogi Spaghetti Sauce,Seasoned/Sauce/Powder,1,115,0,115
T2025000465,07/11/2025,18:50:00,P0156,Nongshim Ramyun King Bowl,Noodles,3,95,0,285
T2025000465,07/11/2025,18:50:00,P0209,Ottogi Kimchi Ramen,Noodles,3,40,0,120
T2025000465,07/11/2025,18:50:00,P0151,Samyang Buldak 4 Cheese Ramen 110g,Noodles,3,110,0,330
T2025000465,07/11/2025,18:50:00,P0295,Pepero Almond,Snacks,4,55,0.15,187
T2025000466,07/11/2025,8:57:00,P0144,Nongshim Welchs Strawberry 355mL,Liquor/Beverage,4,60,0,240
T2025000466,07/11/2025,8:57:00,P0263,Samlip Honey Castella,Snacks,2,120,0,240
T2025000466,07/11/2025,8:57:00,P0245,Honey Butter Almond 190g,Snacks,1,420,0,420
T2025000466,07/11/2025,8:57:00,P0266,Bibigo Seaweed Crisps,Snacks,3,110,0,330
T2025000466,07/11/2025,8:57:00,P0034,CJ  Cooked Rice,Dry Food,1,116,0.05,110.2
T2025000467,07/11/2025,20:46:00,P0124,Terra Lager Beer 500mL,Liquor/Beverage,1,170,0.1,153
T2025000467,07/11/2025,20:46:00,P0286,Crown Caramel Maple Corn,Snacks,3,80,0,240
T2025000467,07/11/2025,20:46:00,P0250,Haitai Honey Butter Almonds,Snacks,2,190,0.05,361
T2025000467,07/11/2025,20:46:00,P0012,Ottogi Glass Noodle 1Kg,Dry Food,1,300,0,300
T2025000468,07/11/2025,19:26:00,P0287,Nongshim Banana Kick 75g,Snacks,1,80,0,80
T2025000468,07/11/2025,19:26:00,P0300,Can Choco Balls,Snacks,1,45,0,45
T2025000468,07/11/2025,19:26:00,P0207,Ottogi Yeul Ramen 120g,Noodles,5,40,0,200
T2025000468,07/11/2025,19:26:00,P0204,Ottogi Cup Ramen Kimchi,Noodles,3,50,0,150
T2025000468,07/11/2025,19:26:00,P0175,Samyang Jjajang Hot Chicken,Noodles,1,75,0,75
T2025000469,07/11/2025,9:00:00,P0270,Samlip Custard Cream Cake,Snacks,2,105,0,210
T2025000469,07/11/2025,9:00:00,P0294,Pepero Strawberry,Snacks,4,55,0,220
T2025000470,07/11/2025,11:35:00,P0128,Chamiseul Fresh 360mL,Liquor/Beverage,1,120,0,120
T2025000470,07/11/2025,11:35:00,P0295,Pepero Almond,Snacks,1,55,0,55
T2025000470,07/11/2025,11:35:00,P0288,Nongshim Honey Rice Snack,Snacks,3,80,0,240
T2025000470,07/11/2025,11:35:00,P0027,Yopokki Cheese 240g,Dry Food,2,145,0,290
T2025000470,07/11/2025,11:35:00,P0232,O'Food Tofu Stew Base,Seasoned/Sauce/Powder,1,135,0,135
T2025000471,07/11/2025,12:23:00,P0124,Terra Lager Beer 500mL,Liquor/Beverage,2,170,0,340
T2025000472,07/11/2025,14:11:00,P0290,Doritos Galbi Chicken,Snacks,3,77,0,231
T2025000472,07/11/2025,14:11:00,P0176,Ottogi Cheese Bokki Cup,Noodles,1,72,0,72
T2025000472,07/11/2025,14:11:00,P0063,Our Home Kimchi 1Kg Jar,Food Fresh/Meat/Sidedish,2,190,0,380
T2025000472,07/11/2025,14:11:00,P0152,Samyang Buldak Original Cup,Noodles,1,110,0,110
T2025000472,07/11/2025,14:11:00,P0300,Can Choco Balls,Snacks,3,45,0,135
T2025000473,07/11/2025,13:57:00,P0127,Lets Be Mild Coffee Can 4Pcs,Liquor/Beverage,2,128,0,256
T2025000474,07/11/2025,18:32:00,P0146,Binggrae Yogurt Drink,Liquor/Beverage,4,55,0,220
T2025000474,07/11/2025,18:32:00,P0187,Paldo Bibim Men,Noodles,4,60,0,240
T2025000475,07/11/2025,11:31:00,P0295,Pepero Almond,Snacks,3,55,0,165
T2025000475,07/11/2025,11:31:00,P0255,Bibigo Crispy Seaweed Snack,Snacks,1,140,0,140
T2025000475,07/11/2025,11:31:00,P0293,Lotte Sand Biscuit,Snacks,2,75,0,150
T2025000475,07/11/2025,11:31:00,P0158,Nongshim Shin Ramen Black,Noodles,3,92,0,276
T2025000475,07/11/2025,11:31:00,P0182,Paldo Ilpoom Jjajang,Noodles,5,65,0,325
T2025000476,07/11/2025,14:48:00,P0299,Lotte Xylitol Green Gum,Snacks,5,55,0,275
T2025000476,07/11/2025,14:48:00,P0008,Ottogi Corn Syrup,Condiments,1,98,0.15,83.3
T2025000477,07/11/2025,12:24:00,P0128,Chamiseul Fresh 360mL,Liquor/Beverage,1,120,0,120
T2025000477,07/11/2025,12:24:00,P0155,Nongshim Dungji Mul Nengmyeon (Cold Noodle),Noodles,1,95,0.05,90.25
T2025000477,07/11/2025,12:24:00,P0203,Jin Ramen Spicy Cup,Noodles,2,50,0,100
T2025000477,07/11/2025,12:24:00,P0152,Samyang Buldak Original Cup,Noodles,3,110,0,330
T2025000477,07/11/2025,12:24:00,P0238,Ottogi Curry Mild,Seasoned/Sauce/Powder,2,115,0,230
T2025000478,07/11/2025,12:06:00,P0007,Samyang Spicy Mayo,Condiments,1,130,0,130
T2025000478,07/11/2025,12:06:00,P0298,Pepero White Cookie,Snacks,5,55,0,275
T2025000478,07/11/2025,12:06:00,P0198,Paldo Koreno Beef Noodle 100g,Noodles,2,50,0.15,85
T2025000478,07/11/2025,12:06:00,P0272,Haitai  Sunkist Candy 125g,Snacks,3,95,0,285
T2025000478,07/11/2025,12:06:00,P0124,Terra Lager Beer 500mL,Liquor/Beverage,2,170,0,340
T2025000479,07/11/2025,12:02:00,P0028,CJ Bibigo Seaweed Soup,Dry Food,2,140,0,280
T2025000479,07/11/2025,12:02:00,P0245,Honey Butter Almond 190g,Snacks,1,420,0,420
T2025000479,07/11/2025,12:02:00,P0295,Pepero Almond,Snacks,4,55,0,220
T2025000479,07/11/2025,12:02:00,P0009,CJ Beksul Corn Syrup,Condiments,1,95,0,95
T2025000479,07/11/2025,12:02:00,P0252,Lotte Banana Choco Pie 12Pcs,Snacks,2,180,0,360
T2025000480,07/11/2025,17:56:00,P0147,Binggrae Coffee Milk,Liquor/Beverage,3,48,0,144
T2025000480,07/11/2025,17:56:00,P0180,Samyang Curry Ramen,Noodles,4,68,0,272
T2025000480,07/11/2025,17:56:00,P0211,Ottogi Jin Ramen Hot,Noodles,1,40,0,40
T2025000480,07/11/2025,17:56:00,P0076,CJ  Crispy Hotdog,Food Frozen,1,640,0,640
T2025000481,07/11/2025,19:37:00,P0125,Jinro Fresh Soju,Liquor/Beverage,1,170,0,170
T2025000481,07/11/2025,19:37:00,P0190,Nongshim Tempura Udon Cup,Noodles,2,60,0,120
T2025000481,07/11/2025,19:37:00,P0268,Samlip Walnut Pie,Snacks,3,110,0,330
T2025000481,07/11/2025,19:37:00,P0005,Ottogi Gold Mayonnaise 300g,Condiments,2,150,0,300
T2025000481,07/11/2025,19:37:00,P0152,Samyang Buldak Original Cup,Noodles,1,110,0,110
T2025000482,07/11/2025,12:20:00,P0252,Lotte Banana Choco Pie 12Pcs,Snacks,2,180,0,360
T2025000482,07/11/2025,12:20:00,P0296,Lotte Cereal Choco,Snacks,3,55,0,165
T2025000482,07/11/2025,12:20:00,P0294,Pepero Strawberry,Snacks,2,55,0,110
T2025000483,07/11/2025,19:44:00,P0125,Jinro Fresh Soju,Liquor/Beverage,2,170,0,340
T2025000483,07/11/2025,19:44:00,P0197,Nongshim Seafood Ramyun,Noodles,2,52,0.1,93.6
T2025000483,07/11/2025,19:44:00,P0152,Samyang Buldak Original Cup,Noodles,2,110,0,220
T2025000483,07/11/2025,19:44:00,P0030,Yopokki Onion Butter 120g Cup,Dry Food,2,120,0,240
T2025000484,07/11/2025,12:42:00,P0299,Lotte Xylitol Green Gum,Snacks,3,55,0,165
T2025000484,07/11/2025,12:42:00,P0272,Haitai  Sunkist Candy 125g,Snacks,3,95,0,285
T2025000484,07/11/2025,12:42:00,P0208,Ottogi Jin Ramen Mild,Noodles,2,40,0,80
T2025000484,07/11/2025,12:42:00,P0044,Ottogi Vegetable Soup 80g,Dry Food,3,90,0,270
T2025000484,07/11/2025,12:42:00,P0284,Kkokal Sweet Corn Snack,Snacks,1,80,0,80
T2025000485,07/11/2025,18:33:00,P0146,Binggrae Yogurt Drink,Liquor/Beverage,4,55,0,220
T2025000485,07/11/2025,18:33:00,P0295,Pepero Almond,Snacks,4,55,0,220
T2025000485,07/11/2025,18:33:00,P0211,Ottogi Jin Ramen Hot,Noodles,3,40,0,120
T2025000485,07/11/2025,18:33:00,P0200,Paldo Koreno Kimchi Noodle,Noodles,1,50,0,50
T2025000486,07/11/2025,13:25:00,P0251,Oil Fried & Salted Peanuts,Snacks,1,185,0,185
T2025000486,07/11/2025,13:25:00,P0264,Lotte Ghana Dark Chocolate,Snacks,2,115,0.1,207
T2025000487,07/11/2025,11:56:00,P0149,Binggrae Mango Milk,Liquor/Beverage,2,45,0.1,81
T2025000487,07/11/2025,11:56:00,P0170,Ottogi Jin Jjajang,Noodles,2,80,0,160
T2025000487,07/11/2025,11:56:00,P0008,Ottogi Corn Syrup,Condiments,1,98,0,98
T2025000488,08/11/2025,17:39:00,P0123,Cass Cold Brewed Beer 500mL,Liquor/Beverage,1,170,0,170
T2025000488,08/11/2025,17:39:00,P0267,Lotte Pepero White Cookie,Snacks,1,110,0,110
T2025000488,08/11/2025,17:39:00,P0287,Nongshim Banana Kick 75g,Snacks,3,80,0,240
T2025000488,08/11/2025,17:39:00,P0189,Ottogi Bodle Cheese Ramen,Noodles,5,60,0,300
T2025000489,08/11/2025,15:17:00,P0295,Pepero Almond,Snacks,3,55,0,165
T2025000489,08/11/2025,15:17:00,P0036,Dongwon  Tuna Light Can 150g,Dry Food,2,110,0.1,198
T2025000489,08/11/2025,15:17:00,P0002,Ottogi Gold Mayonnaise 500g,Condiments,2,235,0,470
T2025000490,08/11/2025,11:47:00,P0191,Paldo Teumsae Ramen,Noodles,4,60,0,240
T2025000490,08/11/2025,11:47:00,P0203,Jin Ramen Spicy Cup,Noodles,2,50,0,100
T2025000490,08/11/2025,11:47:00,P0298,Pepero White Cookie,Snacks,1,55,0,55
T2025000490,08/11/2025,11:47:00,P0114,Banana Milk 200mL 6Pcs,Liquor/Beverage,1,290,0,290
T2025000490,08/11/2025,11:47:00,P0270,Samlip Custard Cream Cake,Snacks,2,105,0,210
T2025000491,08/11/2025,13:10:00,P0280,Nongshim Potato Sticks,Snacks,2,85,0,170
T2025000491,08/11/2025,13:10:00,P0168,Samyang Carbo Buldak,Noodles,2,88,0,176
T2025000491,08/11/2025,13:10:00,P0004,O'Food Korean Chili Oil,Condiments,2,160,0,320
T2025000492,08/11/2025,13:07:00,P0128,Chamiseul Fresh 360mL,Liquor/Beverage,1,120,0,120
T2025000492,08/11/2025,13:07:00,P0274,Haitai Matdongsan,Snacks,3,95,0,285
T2025000492,08/11/2025,13:07:00,P0288,Nongshim Honey Rice Snack,Snacks,3,80,0,240
T2025000492,08/11/2025,13:07:00,P0184,Nongshim Baehongdong Bibimyeon 137g,Noodles,5,61,0.1,274.5
T2025000493,08/11/2025,19:19:00,P0259,Nongshim Sengseng U-Dong,Snacks,2,125,0,250
T2025000493,08/11/2025,19:19:00,P0253,Orion Market O Brownie,Snacks,2,170,0,340
T2025000493,08/11/2025,19:19:00,P0268,Samlip Walnut Pie,Snacks,2,110,0,220
T2025000493,08/11/2025,19:19:00,P0166,Samyang Buldak Original,Noodles,2,88,0,176
T2025000493,08/11/2025,19:19:00,P0098,Daerim  Crabstick 216g,Food Frozen,2,98,0,196
T2025000494,08/11/2025,19:23:00,P0152,Samyang Buldak Original Cup,Noodles,2,110,0,220
T2025000494,08/11/2025,19:23:00,P0045,CJ Beksul Wheat Flour,Dry Food,2,90,0,180
T2025000495,08/11/2025,13:05:00,P0266,Bibigo Seaweed Crisps,Snacks,1,110,0,110
T2025000495,08/11/2025,13:05:00,P0102,MWC Tteok Galbi Bar,Food Frozen,1,75,0,75
T2025000495,08/11/2025,13:05:00,P0125,Jinro Fresh Soju,Liquor/Beverage,1,170,0,170
T2025000495,08/11/2025,13:05:00,P0297,Pepero Choco Filled,Snacks,1,55,0,55
T2025000495,08/11/2025,13:05:00,P0243,CJ  Ssamjang 170g,Seasoned/Sauce/Powder,1,88,0,88
T2025000496,08/11/2025,16:39:00,P0139,Paldo Pororo Juice,Liquor/Beverage,1,65,0.15,55.25
T2025000496,08/11/2025,16:39:00,P0293,Lotte Sand Biscuit,Snacks,1,75,0,75
T2025000496,08/11/2025,16:39:00,P0270,Samlip Custard Cream Cake,Snacks,1,105,0,105
T2025000496,08/11/2025,16:39:00,P0168,Samyang Carbo Buldak,Noodles,1,88,0,88
T2025000496,08/11/2025,16:39:00,P0175,Samyang Jjajang Hot Chicken,Noodles,2,75,0,150
T2025000497,08/11/2025,17:26:00,P0123,Cass Cold Brewed Beer 500mL,Liquor/Beverage,2,170,0,340
T2025000498,08/11/2025,12:15:00,P0257,Lotte Almond Chocolate,Snacks,1,130,0,130
T2025000498,08/11/2025,12:15:00,P0007,Samyang Spicy Mayo,Condiments,1,130,0,130
T2025000498,08/11/2025,12:15:00,P0246,Post Almond Flakes,Snacks,2,245,0,490
T2025000498,08/11/2025,12:15:00,P0130,Sunhari Apple 360mL,Liquor/Beverage,1,120,0,120
T2025000498,08/11/2025,12:15:00,P0027,Yopokki Cheese 240g,Dry Food,2,145,0,290
T2025000499,08/11/2025,19:12:00,P0192,Nongshim Soon Veggie Ramen,Noodles,4,58,0,232
T2025000499,08/11/2025,19:12:00,P0204,Ottogi Cup Ramen Kimchi,Noodles,4,50,0,200
T2025000500,08/11/2025,8:36:00,P0279,Orion O! Karto Sweet Corn,Snacks,2,88,0,176
T2025000500,08/11/2025,8:36:00,P0286,Crown Caramel Maple Corn,Snacks,2,80,0,160
T2025000500,08/11/2025,8:36:00,P0254,Honey Roasted Peanuts,Snacks,2,165,0,330
T2025000500,08/11/2025,8:36:00,P0173,Nongshim Jjapageti,Noodles,2,75,0,150
T2025000500,08/11/2025,8:36:00,P0027,Yopokki Cheese 240g,Dry Food,2,145,0,290
T2025000501,08/11/2025,12:45:00,P0211,Ottogi Jin Ramen Hot,Noodles,1,40,0,40
T2025000501,08/11/2025,12:45:00,P0245,Honey Butter Almond 190g,Snacks,1,420,0,420
T2025000501,08/11/2025,12:45:00,P0209,Ottogi Kimchi Ramen,Noodles,4,40,0,160
T2025000501,08/11/2025,12:45:00,P0071,Kongsarang Firm Tofu,Food Fresh/Meat/Sidedish,1,65,0.15,55.25
T2025000501,08/11/2025,12:45:00,P0254,Honey Roasted Peanuts,Snacks,1,165,0,165
T2025000502,08/11/2025,19:29:00,P0267,Lotte Pepero White Cookie,Snacks,2,110,0.1,198
T2025000502,08/11/2025,19:29:00,P0027,Yopokki Cheese 240g,Dry Food,2,145,0,290
T2025000503,08/11/2025,20:24:00,P0257,Lotte Almond Chocolate,Snacks,1,130,0,130
T2025000503,08/11/2025,20:24:00,P0166,Samyang Buldak Original,Noodles,1,88,0,88
T2025000503,08/11/2025,20:24:00,P0293,Lotte Sand Biscuit,Snacks,1,75,0,75
T2025000503,08/11/2025,20:24:00,P0299,Lotte Xylitol Green Gum,Snacks,2,55,0,110
T2025000503,08/11/2025,20:24:00,P0014,Bibigo Beef Seaweed Soup,Dry Food,1,264,0,264
T2025000504,08/11/2025,12:10:00,P0197,Nongshim Seafood Ramyun,Noodles,5,52,0,260
T2025000504,08/11/2025,12:10:00,P0168,Samyang Carbo Buldak,Noodles,1,88,0.05,83.6
T2025000504,08/11/2025,12:10:00,P0211,Ottogi Jin Ramen Hot,Noodles,2,40,0,80
T2025000505,08/11/2025,19:17:00,P0199,Paldo Koreno Shrimp Noodle,Noodles,3,50,0,150
T2025000505,08/11/2025,19:17:00,P0208,Ottogi Jin Ramen Mild,Noodles,2,40,0,80
T2025000505,08/11/2025,19:17:00,P0180,Samyang Curry Ramen,Noodles,4,68,0,272
T2025000506,08/11/2025,13:01:00,P0164,Samyang Buldak 4 Cheese 145g,Noodles,3,88,0,264
T2025000506,08/11/2025,13:01:00,P0166,Samyang Buldak Original,Noodles,2,88,0,176
T2025000507,08/11/2025,20:10:00,P0122,Chamisul Original Soju,Liquor/Beverage,1,175,0,175
T2025000507,08/11/2025,20:10:00,P0270,Samlip Custard Cream Cake,Snacks,1,105,0,105
T2025000507,08/11/2025,20:10:00,P0182,Paldo Ilpoom Jjajang,Noodles,4,65,0,260
T2025000507,08/11/2025,20:10:00,P0179,Ottogi Ramen Bokki Cup,Noodles,1,69,0,69
T2025000508,08/11/2025,12:58:00,P0293,Lotte Sand Biscuit,Snacks,1,75,0.1,67.5
T2025000508,08/11/2025,12:58:00,P0288,Nongshim Honey Rice Snack,Snacks,3,80,0,240
T2025000508,08/11/2025,12:58:00,P0159,Nongshim Neuguri Cup 111g,Noodles,1,90,0,90
T2025000508,08/11/2025,12:58:00,P0189,Ottogi Bodle Cheese Ramen,Noodles,4,60,0,240
T2025000508,08/11/2025,12:58:00,P0095,Samlip Fish Cake Sheets,Food Frozen,2,150,0,300
T2025000509,08/11/2025,20:19:00,P0295,Pepero Almond,Snacks,2,55,0,110
T2025000509,08/11/2025,20:19:00,P0294,Pepero Strawberry,Snacks,4,55,0,220
T2025000509,08/11/2025,20:19:00,P0297,Pepero Choco Filled,Snacks,5,55,0,275
T2025000509,08/11/2025,20:19:00,P0229,O'Food Korean BBQ Sauce,Seasoned/Sauce/Powder,2,145,0,290
T2025000510,08/11/2025,9:07:00,P0125,Jinro Fresh Soju,Liquor/Beverage,1,170,0,170
T2025000510,08/11/2025,9:07:00,P0295,Pepero Almond,Snacks,5,55,0,275
T2025000510,08/11/2025,9:07:00,P0257,Lotte Almond Chocolate,Snacks,1,130,0,130
T2025000510,08/11/2025,9:07:00,P0242,CJ  Gochujang 200g,Seasoned/Sauce/Powder,3,100,0,300
T2025000510,08/11/2025,9:07:00,P0102,MWC Tteok Galbi Bar,Food Frozen,3,75,0,225
T2025000511,08/11/2025,19:15:00,P0158,Nongshim Shin Ramen Black,Noodles,1,92,0.05,87.4
T2025000511,08/11/2025,19:15:00,P0207,Ottogi Yeul Ramen 120g,Noodles,1,40,0,40
T2025000511,08/11/2025,19:15:00,P0171,Tempura Udon Big Cup,Noodles,3,75,0,225
T2025000513,08/11/2025,19:17:00,P0121,Lotte Chum Churum Soju,Liquor/Beverage,1,175,0,175
T2025000513,08/11/2025,19:17:00,P0198,Paldo Koreno Beef Noodle 100g,Noodles,3,50,0.05,142.5
T2025000513,08/11/2025,19:17:00,P0034,CJ  Cooked Rice,Dry Food,1,116,0,116
T2025000514,08/11/2025,14:10:00,P0125,Jinro Fresh Soju,Liquor/Beverage,2,170,0.1,306
T2025000514,08/11/2025,14:10:00,P0286,Crown Caramel Maple Corn,Snacks,3,80,0,240
T2025000514,08/11/2025,14:10:00,P0285,Corn Choco,Snacks,3,80,0,240
T2025000514,08/11/2025,14:10:00,P0027,Yopokki Cheese 240g,Dry Food,2,145,0,290
T2025000515,08/11/2025,18:32:00,P0124,Terra Lager Beer 500mL,Liquor/Beverage,2,170,0.1,306
T2025000515,08/11/2025,18:32:00,P0252,Lotte Banana Choco Pie 12Pcs,Snacks,1,180,0,180
T2025000515,08/11/2025,18:32:00,P0152,Samyang Buldak Original Cup,Noodles,3,110,0,330
T2025000515,08/11/2025,18:32:00,P0163,Samyang Buldak Rose 140g,Noodles,3,88,0,264
T2025000516,08/11/2025,11:48:00,P0125,Jinro Fresh Soju,Liquor/Beverage,1,170,0,170
T2025000516,08/11/2025,11:48:00,P0180,Samyang Curry Ramen,Noodles,4,68,0,272
T2025000517,08/11/2025,21:01:00,P0257,Lotte Almond Chocolate,Snacks,2,130,0,260
T2025000517,08/11/2025,21:01:00,P0290,Doritos Galbi Chicken,Snacks,3,77,0,231
T2025000518,08/11/2025,18:33:00,P0138,Kirin Ichiban Beer 330mL,Liquor/Beverage,5,68,0,340
T2025000518,08/11/2025,18:33:00,P0033,CJ Beksul Frying Mix,Dry Food,2,120,0,240
T2025000518,08/11/2025,18:33:00,P0240,Ottogi Spaghetti Sauce,Seasoned/Sauce/Powder,3,115,0,345
T2025000518,08/11/2025,18:33:00,P0093,Bibigo Kimchi Fried Rice,Food Frozen,2,190,0,380
T2025000519,08/11/2025,14:08:00,P0295,Pepero Almond,Snacks,4,55,0.15,187
T2025000519,08/11/2025,14:08:00,P0124,Terra Lager Beer 500mL,Liquor/Beverage,1,170,0,170
T2025000519,08/11/2025,14:08:00,P0184,Nongshim Baehongdong Bibimyeon 137g,Noodles,2,61,0,122
T2025000519,08/11/2025,14:08:00,P0199,Paldo Koreno Shrimp Noodle,Noodles,3,50,0,150
T2025000519,08/11/2025,14:08:00,P0189,Ottogi Bodle Cheese Ramen,Noodles,4,60,0,240
T2025000520,08/11/2025,13:26:00,P0114,Banana Milk 200mL 6Pcs,Liquor/Beverage,1,290,0.15,246.5
T2025000520,08/11/2025,13:26:00,P0273,Haitai  Plumcandy 130g,Snacks,3,95,0.05,270.75
T2025000520,08/11/2025,13:26:00,P0154,Nongshim Jjawang,Noodles,1,100,0,100
T2025000520,08/11/2025,13:26:00,P0027,Yopokki Cheese 240g,Dry Food,1,145,0,145
T2025000521,08/11/2025,18:23:00,P0277,Orion Turtle Chips Sweet Corn,Snacks,2,89,0,178
T2025000521,08/11/2025,18:23:00,P0263,Samlip Honey Castella,Snacks,1,120,0,120
T2025000521,08/11/2025,18:23:00,P0279,Orion O! Karto Sweet Corn,Snacks,3,88,0,264
T2025000521,08/11/2025,18:23:00,P0225,Chung Jung One Soybean Paste,Seasoned/Sauce/Powder,2,160,0,320
T2025000522,08/11/2025,12:54:00,P0124,Terra Lager Beer 500mL,Liquor/Beverage,2,170,0,340
T2025000522,08/11/2025,12:54:00,P0296,Lotte Cereal Choco,Snacks,3,55,0,165
T2025000522,08/11/2025,12:54:00,P0171,Tempura Udon Big Cup,Noodles,3,75,0,225
T2025000523,08/11/2025,18:09:00,P0255,Bibigo Crispy Seaweed Snack,Snacks,2,140,0,280
T2025000523,08/11/2025,18:09:00,P0252,Lotte Banana Choco Pie 12Pcs,Snacks,1,180,0,180
T2025000523,08/11/2025,18:09:00,P0298,Pepero White Cookie,Snacks,2,55,0,110
T2025000524,08/11/2025,21:00:00,P0270,Samlip Custard Cream Cake,Snacks,2,105,0.05,199.5
T2025000524,08/11/2025,21:00:00,P0154,Nongshim Jjawang,Noodles,3,100,0,300
T2025000524,08/11/2025,21:00:00,P0006,Chung Jung One Soy Sauce,Condiments,2,140,0,280
T2025000525,08/11/2025,9:25:00,P0279,Orion O! Karto Sweet Corn,Snacks,1,88,0.15,74.8
T2025000525,08/11/2025,9:25:00,P0297,Pepero Choco Filled,Snacks,2,55,0,110
T2025000525,08/11/2025,9:25:00,P0295,Pepero Almond,Snacks,1,55,0,55
T2025000525,08/11/2025,9:25:00,P0048,Dongwon Light Tuna,Dry Food,3,75,0.1,202.5
T2025000525,08/11/2025,9:25:00,P0007,Samyang Spicy Mayo,Condiments,1,130,0,130
T2025000526,08/11/2025,13:54:00,P0144,Nongshim Welchs Strawberry 355mL,Liquor/Beverage,4,60,0,240
T2025000526,08/11/2025,13:54:00,P0274,Haitai Matdongsan,Snacks,1,95,0,95
T2025000526,08/11/2025,13:54:00,P0152,Samyang Buldak Original Cup,Noodles,1,110,0,110
T2025000527,08/11/2025,19:20:00,P0298,Pepero White Cookie,Snacks,4,55,0,220
T2025000527,08/11/2025,19:20:00,P0288,Nongshim Honey Rice Snack,Snacks,3,80,0,240
T2025000527,08/11/2025,19:20:00,P0245,Honey Butter Almond 190g,Snacks,1,420,0,420
T2025000527,08/11/2025,19:20:00,P0095,Samlip Fish Cake Sheets,Food Frozen,2,150,0.1,270
T2025000528,08/11/2025,12:37:00,P0172,Ottogi Jin Hot Big Cup,Noodles,1,75,0,75
T2025000528,08/11/2025,12:37:00,P0211,Ottogi Jin Ramen Hot,Noodles,5,40,0,200
T2025000528,08/11/2025,12:37:00,P0048,Dongwon Light Tuna,Dry Food,2,75,0.1,135
T2025000529,08/11/2025,21:14:00,P0114,Banana Milk 200mL 6Pcs,Liquor/Beverage,1,290,0,290
T2025000529,08/11/2025,21:14:00,P0276,Orion Sun Chips Korean BBQ,Snacks,1,90,0,90
T2025000529,08/11/2025,21:14:00,P0006,Chung Jung One Soy Sauce,Condiments,2,140,0,280
T2025000530,08/11/2025,17:44:00,P0299,Lotte Xylitol Green Gum,Snacks,5,55,0,275
T2025000530,08/11/2025,17:44:00,P0189,Ottogi Bodle Cheese Ramen,Noodles,2,60,0,120
T2025000530,08/11/2025,17:44:00,P0175,Samyang Jjajang Hot Chicken,Noodles,3,75,0,225
T2025000530,08/11/2025,17:44:00,P0158,Nongshim Shin Ramen Black,Noodles,2,92,0,184
T2025000530,08/11/2025,17:44:00,P0103,Daerim  Chaw Stick 100g,Food Frozen,2,73,0,146
T2025000531,08/11/2025,15:44:00,P0124,Terra Lager Beer 500mL,Liquor/Beverage,2,170,0,340
T2025000531,08/11/2025,15:44:00,P0175,Samyang Jjajang Hot Chicken,Noodles,2,75,0,150
T2025000532,08/11/2025,17:50:00,P0128,Chamiseul Fresh 360mL,Liquor/Beverage,1,120,0,120
T2025000532,08/11/2025,17:50:00,P0288,Nongshim Honey Rice Snack,Snacks,3,80,0,240
T2025000532,08/11/2025,17:50:00,P0270,Samlip Custard Cream Cake,Snacks,1,105,0,105
T2025000532,08/11/2025,17:50:00,P0252,Lotte Banana Choco Pie 12Pcs,Snacks,2,180,0,360
T2025000532,08/11/2025,17:50:00,P0026,Yopokki Sweet & Spicy 280g,Dry Food,1,145,0.15,123.25
T2025000533,08/11/2025,20:50:00,P0295,Pepero Almond,Snacks,3,55,0,165
T2025000533,08/11/2025,20:50:00,P0009,CJ Beksul Corn Syrup,Condiments,2,95,0,190
T2025000533,08/11/2025,20:50:00,P0273,Haitai  Plumcandy 130g,Snacks,2,95,0,190
T2025000533,08/11/2025,20:50:00,P0019,Haepyo Crispy Seaweed 9Pcs,Dry Food,1,188,0,188
T2025000533,08/11/2025,20:50:00,P0269,Lotte Soft Strawberry Milk Candy 79g,Snacks,1,105,0,105
T2025000535,08/11/2025,12:27:00,P0295,Pepero Almond,Snacks,1,55,0,55
T2025000535,08/11/2025,12:27:00,P0285,Corn Choco,Snacks,2,80,0,160
T2025000535,08/11/2025,12:27:00,P0003,Sempio Sesame Oil,Condiments,1,185,0,185
T2025000536,08/11/2025,12:08:00,P0291,Crown Sando Biscuit,Snacks,2,75,0,150
T2025000536,08/11/2025,12:08:00,P0026,Yopokki Sweet & Spicy 280g,Dry Food,1,145,0,145
T2025000536,08/11/2025,12:08:00,P0192,Nongshim Soon Veggie Ramen,Noodles,4,58,0,232
T2025000536,08/11/2025,12:08:00,P0204,Ottogi Cup Ramen Kimchi,Noodles,3,50,0,150
T2025000536,08/11/2025,12:08:00,P0198,Paldo Koreno Beef Noodle 100g,Noodles,5,50,0,250
T2025000537,08/11/2025,12:17:00,P0122,Chamisul Original Soju,Liquor/Beverage,2,175,0,350
T2025000537,08/11/2025,12:17:00,P0274,Haitai Matdongsan,Snacks,2,95,0.1,171
T2025000537,08/11/2025,12:17:00,P0295,Pepero Almond,Snacks,3,55,0,165
T2025000537,08/11/2025,12:17:00,P0152,Samyang Buldak Original Cup,Noodles,1,110,0,110
T2025000538,08/11/2025,17:45:00,P0298,Pepero White Cookie,Snacks,5,55,0,275
T2025000538,08/11/2025,17:45:00,P0282,Orion Choco Boy,Snacks,3,85,0,255
T2025000538,08/11/2025,17:45:00,P0297,Pepero Choco Filled,Snacks,2,55,0,110
T2025000539,08/11/2025,12:24:00,P0151,Samyang Buldak 4 Cheese Ramen 110g,Noodles,3,110,0,330
T2025000539,08/11/2025,12:24:00,P0265,Orion Almond Candy,Snacks,2,110,0,220
T2025000539,08/11/2025,12:24:00,P0254,Honey Roasted Peanuts,Snacks,2,165,0,330
T2025000539,08/11/2025,12:24:00,P0195,Ottogi Jin Mild Small Cup,Noodles,2,55,0,110
T2025000539,08/11/2025,12:24:00,P0182,Paldo Ilpoom Jjajang,Noodles,2,65,0,130
T2025000540,08/11/2025,11:54:00,P0105,White Gold Coffee 100Sticks,Liquor/Beverage,1,1150,0,1150
T2025000540,08/11/2025,11:54:00,P0029,CJ Beksul Pancake Flour,Dry Food,2,125,0,250
T2025000541,08/11/2025,11:13:00,P0252,Lotte Banana Choco Pie 12Pcs,Snacks,2,180,0,360
T2025000541,08/11/2025,11:13:00,P0157,Nongshim Yachae Ramyeon 100g,Noodles,3,93,0,279
T2025000541,08/11/2025,11:13:00,P0019,Haepyo Crispy Seaweed 9Pcs,Dry Food,1,188,0,188
T2025000542,08/11/2025,10:36:00,P0144,Nongshim Welchs Strawberry 355mL,Liquor/Beverage,3,60,0,180
T2025000542,08/11/2025,10:36:00,P0031,Yopokki Cheese Cup 120g,Dry Food,1,120,0,120
T2025000543,08/11/2025,11:22:00,P0206,Nongshim Chapagetti,Noodles,5,45,0,225
T2025000544,08/11/2025,12:04:00,P0295,Pepero Almond,Snacks,4,55,0,220
T2025000544,08/11/2025,12:04:00,P0265,Orion Almond Candy,Snacks,1,110,0,110
T2025000544,08/11/2025,12:04:00,P0232,O'Food Tofu Stew Base,Seasoned/Sauce/Powder,1,135,0,135
T2025000545,08/11/2025,13:48:00,P0125,Jinro Fresh Soju,Liquor/Beverage,1,170,0.15,144.5
T2025000545,08/11/2025,13:48:00,P0255,Bibigo Crispy Seaweed Snack,Snacks,2,140,0,280
T2025000545,08/11/2025,13:48:00,P0290,Doritos Galbi Chicken,Snacks,2,77,0,154
T2025000545,08/11/2025,13:48:00,P0259,Nongshim Sengseng U-Dong,Snacks,2,125,0,250
T2025000545,08/11/2025,13:48:00,P0172,Ottogi Jin Hot Big Cup,Noodles,1,75,0,75
T2025000546,08/11/2025,12:07:00,P0134,KSD Green Grape Rice Wine 750mL,Liquor/Beverage,3,105,0,315
T2025000546,08/11/2025,12:07:00,P0245,Honey Butter Almond 190g,Snacks,1,420,0,420
T2025000546,08/11/2025,12:07:00,P0295,Pepero Almond,Snacks,4,55,0,220
T2025000546,08/11/2025,12:07:00,P0152,Samyang Buldak Original Cup,Noodles,1,110,0,110
T2025000547,08/11/2025,8:13:00,P0114,Banana Milk 200mL 6Pcs,Liquor/Beverage,1,290,0,290
T2025000547,08/11/2025,8:13:00,P0298,Pepero White Cookie,Snacks,1,55,0,55
T2025000547,08/11/2025,8:13:00,P0245,Honey Butter Almond 190g,Snacks,1,420,0,420
T2025000547,08/11/2025,8:13:00,P0293,Lotte Sand Biscuit,Snacks,2,75,0.15,127.5
T2025000548,08/11/2025,17:33:00,P0295,Pepero Almond,Snacks,1,55,0,55
T2025000548,08/11/2025,17:33:00,P0114,Banana Milk 200mL 6Pcs,Liquor/Beverage,2,290,0,580
T2025000548,08/11/2025,17:33:00,P0199,Paldo Koreno Shrimp Noodle,Noodles,3,50,0,150
T2025000548,08/11/2025,17:33:00,P0206,Nongshim Chapagetti,Noodles,5,45,0,225
T2025000548,08/11/2025,17:33:00,P0280,Nongshim Potato Sticks,Snacks,1,85,0,85
T2025000549,08/11/2025,17:06:00,P0125,Jinro Fresh Soju,Liquor/Beverage,2,170,0,340
T2025000549,08/11/2025,17:06:00,P0164,Samyang Buldak 4 Cheese 145g,Noodles,1,88,0,88
T2025000550,08/11/2025,18:50:00,P0266,Bibigo Seaweed Crisps,Snacks,1,110,0,110
T2025000550,08/11/2025,18:50:00,P0271,Orion Choco Chip Cookies,Snacks,3,100,0,300
T2025000550,08/11/2025,18:50:00,P0244,Wasabi Almond 190g,Snacks,1,440,0,440
T2025000551,08/11/2025,16:50:00,P0125,Jinro Fresh Soju,Liquor/Beverage,2,170,0,340
T2025000551,08/11/2025,16:50:00,P0273,Haitai  Plumcandy 130g,Snacks,1,95,0,95
T2025000551,08/11/2025,16:50:00,P0190,Nongshim Tempura Udon Cup,Noodles,4,60,0,240
T2025000551,08/11/2025,16:50:00,P0022,Ottogi Tteokbokki Cup,Dry Food,1,160,0,160
T2025000552,08/11/2025,9:22:00,P0114,Banana Milk 200mL 6Pcs,Liquor/Beverage,1,290,0.15,246.5
T2025000553,08/11/2025,20:02:00,P0008,Ottogi Corn Syrup,Condiments,3,98,0,294
T2025000554,08/11/2025,19:14:00,P0145,Binggrae Melon Soda,Liquor/Beverage,4,60,0,240
T2025000554,08/11/2025,19:14:00,P0152,Samyang Buldak Original Cup,Noodles,2,110,0,220
T2025000554,08/11/2025,19:14:00,P0172,Ottogi Jin Hot Big Cup,Noodles,1,75,0,75
T2025000554,08/11/2025,19:14:00,P0008,Ottogi Corn Syrup,Condiments,1,98,0,98
T2025000555,08/11/2025,13:11:00,P0256,Orion Custard Cake,Snacks,2,130,0,260
T2025000555,08/11/2025,13:11:00,P0038,(Kaya) Korean Rice 1Kg,Dry Food,3,100,0,300
T2025000556,08/11/2025,17:09:00,P0184,Nongshim Baehongdong Bibimyeon 137g,Noodles,5,61,0,305
T2025000556,08/11/2025,17:09:00,P0290,Doritos Galbi Chicken,Snacks,3,77,0,231
T2025000556,08/11/2025,17:09:00,P0158,Nongshim Shin Ramen Black,Noodles,2,92,0,184
T2025000556,08/11/2025,17:09:00,P0104,Pepero Original,Food Frozen,4,55,0.05,209
T2025000556,08/11/2025,17:09:00,P0189,Ottogi Bodle Cheese Ramen,Noodles,4,60,0,240
T2025000557,08/11/2025,20:08:00,P0140,Woongjin Yogurt Peach 340mL,Liquor/Beverage,2,60,0,120
T2025000557,08/11/2025,20:08:00,P0292,Orion Goraebab Crackers,Snacks,1,75,0,75
T2025000557,08/11/2025,20:08:00,P0286,Crown Caramel Maple Corn,Snacks,3,80,0.05,228
T2025000557,08/11/2025,20:08:00,P0238,Ottogi Curry Mild,Seasoned/Sauce/Powder,3,115,0,345
T2025000558,08/11/2025,12:02:00,P0070,Skinless Garlic 150G,Food Fresh/Meat/Sidedish,1,65,0,65
T2025000558,08/11/2025,12:02:00,P0039,Ottogi 3Mins Curry,Dry Food,3,99,0,297
T2025000558,08/11/2025,12:02:00,P0144,Nongshim Welchs Strawberry 355mL,Liquor/Beverage,4,60,0,240
T2025000558,08/11/2025,12:02:00,P0206,Nongshim Chapagetti,Noodles,3,45,0,135
T2025000558,08/11/2025,12:02:00,P0191,Paldo Teumsae Ramen,Noodles,1,60,0,60
T2025000559,08/11/2025,19:18:00,P0203,Jin Ramen Spicy Cup,Noodles,3,50,0,150
T2025000559,08/11/2025,19:18:00,P0027,Yopokki Cheese 240g,Dry Food,2,145,0,290
T2025000560,08/11/2025,19:00:00,P0299,Lotte Xylitol Green Gum,Snacks,1,55,0,55
T2025000560,08/11/2025,19:00:00,P0267,Lotte Pepero White Cookie,Snacks,3,110,0,330
T2025000561,08/11/2025,15:13:00,P0253,Orion Market O Brownie,Snacks,1,170,0,170
T2025000561,08/11/2025,15:13:00,P0292,Orion Goraebab Crackers,Snacks,2,75,0,150
T2025000561,08/11/2025,15:13:00,P0274,Haitai Matdongsan,Snacks,1,95,0,95
T2025000562,08/11/2025,14:49:00,P0300,Can Choco Balls,Snacks,5,45,0.1,202.5
T2025000562,08/11/2025,14:49:00,P0192,Nongshim Soon Veggie Ramen,Noodles,5,58,0,290
T2025000562,08/11/2025,14:49:00,P0190,Nongshim Tempura Udon Cup,Noodles,3,60,0.1,162
T2025000562,08/11/2025,14:49:00,P0193,Paldo Gomtang Ramen,Noodles,1,56,0,56
T2025000562,08/11/2025,14:49:00,P0297,Pepero Choco Filled,Snacks,4,55,0,220
T2025000563,08/11/2025,12:07:00,P0114,Banana Milk 200mL 6Pcs,Liquor/Beverage,2,290,0,580
T2025000563,08/11/2025,12:07:00,P0227,CJ Beksul Beef Bulgogi Sauce 290g,Seasoned/Sauce/Powder,1,150,0.05,142.5
T2025000564,08/11/2025,12:38:00,P0124,Terra Lager Beer 500mL,Liquor/Beverage,2,170,0,340
T2025000564,08/11/2025,12:38:00,P0298,Pepero White Cookie,Snacks,2,55,0,110
T2025000564,08/11/2025,12:38:00,P0248,Choco Pie Black Sugar 12Pcs,Snacks,2,200,0,400
T2025000564,08/11/2025,12:38:00,P0032,Samlip Mini Kimbap,Dry Food,3,120,0,360
T2025000565,08/11/2025,19:15:00,P0245,Honey Butter Almond 190g,Snacks,1,420,0,420
T2025000565,08/11/2025,19:15:00,P0040,Ottogi Sweet Corn 340g,Dry Food,1,95,0,95
T2025000565,08/11/2025,19:15:00,P0226,CJ Beksul Sweet Korean Pancake Mix 400g,Seasoned/Sauce/Powder,1,155,0,155
T2025000565,08/11/2025,19:15:00,P0091,CJ Bibigo Japchae,Food Frozen,1,220,0,220
T2025000566,08/11/2025,9:06:00,P0171,Tempura Udon Big Cup,Noodles,1,75,0,75
T2025000566,08/11/2025,9:06:00,P0143,Nongshim Welchs Grape 355mL,Liquor/Beverage,3,60,0,180
T2025000566,08/11/2025,9:06:00,P0279,Orion O! Karto Sweet Corn,Snacks,3,88,0,264
T2025000566,08/11/2025,9:06:00,P0192,Nongshim Soon Veggie Ramen,Noodles,3,58,0,174
T2025000566,08/11/2025,9:06:00,P0100,Binggrae Ice Cream Sandwich,Food Frozen,2,80,0,160
T2025000567,08/11/2025,11:46:00,P0292,Orion Goraebab Crackers,Snacks,3,75,0,225
T2025000567,08/11/2025,11:46:00,P0299,Lotte Xylitol Green Gum,Snacks,4,55,0.05,209
T2025000567,08/11/2025,11:46:00,P0180,Samyang Curry Ramen,Noodles,2,68,0,136
T2025000568,08/11/2025,13:09:00,P0175,Samyang Jjajang Hot Chicken,Noodles,3,75,0,225
T2025000568,08/11/2025,13:09:00,P0028,CJ Bibigo Seaweed Soup,Dry Food,1,140,0,140
T2025000568,08/11/2025,13:09:00,P0008,Ottogi Corn Syrup,Condiments,2,98,0,196
T2025000569,08/11/2025,13:14:00,P0140,Woongjin Yogurt Peach 340mL,Liquor/Beverage,2,60,0,120
T2025000570,08/11/2025,11:22:00,P0123,Cass Cold Brewed Beer 500mL,Liquor/Beverage,1,170,0,170
T2025000570,08/11/2025,11:22:00,P0268,Samlip Walnut Pie,Snacks,3,110,0,330
T2025000571,08/11/2025,10:16:00,P0282,Orion Choco Boy,Snacks,3,85,0,255
T2025000571,08/11/2025,10:16:00,P0260,Binch Biscuit,Snacks,3,120,0.15,306
T2025000572,08/11/2025,8:55:00,P0199,Paldo Koreno Shrimp Noodle,Noodles,4,50,0,200
T2025000572,08/11/2025,8:55:00,P0182,Paldo Ilpoom Jjajang,Noodles,3,65,0,195
T2025000572,08/11/2025,8:55:00,P0186,Ottogi Chachelin Blackbean 145g,Noodles,3,60,0,180
T2025000572,08/11/2025,8:55:00,P0125,Jinro Fresh Soju,Liquor/Beverage,1,170,0,170
T2025000572,08/11/2025,8:55:00,P0280,Nongshim Potato Sticks,Snacks,2,85,0.05,161.5
T2025000573,08/11/2025,12:07:00,P0125,Jinro Fresh Soju,Liquor/Beverage,2,170,0,340
T2025000573,08/11/2025,12:07:00,P0293,Lotte Sand Biscuit,Snacks,1,75,0.05,71.25
T2025000573,08/11/2025,12:07:00,P0184,Nongshim Baehongdong Bibimyeon 137g,Noodles,3,61,0,183
T2025000573,08/11/2025,12:07:00,P0177,Ottogi Beef Seaweed Soup Ramen,Noodles,3,70,0,210
T2025000574,08/11/2025,10:50:00,P0297,Pepero Choco Filled,Snacks,2,55,0,110
T2025000574,08/11/2025,10:50:00,P0295,Pepero Almond,Snacks,4,55,0,220
T2025000574,08/11/2025,10:50:00,P0245,Honey Butter Almond 190g,Snacks,1,420,0,420
T2025000574,08/11/2025,10:50:00,P0045,CJ Beksul Wheat Flour,Dry Food,1,90,0,90
T2025000575,08/11/2025,11:56:00,P0123,Cass Cold Brewed Beer 500mL,Liquor/Beverage,1,170,0,170
T2025000575,08/11/2025,11:56:00,P0032,Samlip Mini Kimbap,Dry Food,3,120,0.05,342
T2025000576,08/11/2025,18:33:00,P0125,Jinro Fresh Soju,Liquor/Beverage,1,170,0,170
T2025000576,08/11/2025,18:33:00,P0042,CJ Hetbahn Brown Rice,Dry Food,1,95,0,95
T2025000576,08/11/2025,18:33:00,P0243,CJ  Ssamjang 170g,Seasoned/Sauce/Powder,1,88,0,88
T2025000576,08/11/2025,18:33:00,P0080,Samyang Buldak Original Spicy Mandu 700g,Food Frozen,1,410,0,410
T2025000577,08/11/2025,15:12:00,P0166,Samyang Buldak Original,Noodles,1,88,0,88
T2025000577,08/11/2025,15:12:00,P0019,Haepyo Crispy Seaweed 9Pcs,Dry Food,1,188,0,188
T2025000578,08/11/2025,21:47:00,P0124,Terra Lager Beer 500mL,Liquor/Beverage,1,170,0,170
T2025000578,08/11/2025,21:47:00,P0264,Lotte Ghana Dark Chocolate,Snacks,2,115,0.15,195.5
T2025000578,08/11/2025,21:47:00,P0257,Lotte Almond Chocolate,Snacks,2,130,0,260
T2025000578,08/11/2025,21:47:00,P0215,Ottogi Wasabi Powder 300g,Seasoned/Sauce/Powder,1,290,0,290
T2025000579,08/11/2025,20:58:00,P0122,Chamisul Original Soju,Liquor/Beverage,2,175,0,350
T2025000580,08/11/2025,18:32:00,P0261,Lotte Choco Heim,Snacks,1,120,0,120
T2025000580,08/11/2025,18:32:00,P0197,Nongshim Seafood Ramyun,Noodles,3,52,0,156
T2025000580,08/11/2025,18:32:00,P0173,Nongshim Jjapageti,Noodles,3,75,0,225
T2025000580,08/11/2025,18:32:00,P0200,Paldo Koreno Kimchi Noodle,Noodles,5,50,0.1,225
T2025000581,08/11/2025,20:08:00,P0284,Kkokal Sweet Corn Snack,Snacks,1,80,0,80
T2025000581,08/11/2025,20:08:00,P0152,Samyang Buldak Original Cup,Noodles,3,110,0,330
T2025000581,08/11/2025,20:08:00,P0005,Ottogi Gold Mayonnaise 300g,Condiments,2,150,0,300
T2025000582,08/11/2025,9:55:00,P0266,Bibigo Seaweed Crisps,Snacks,1,110,0,110
T2025000582,08/11/2025,9:55:00,P0262,Orion Custard Pineapple,Snacks,2,120,0.1,216
T2025000582,08/11/2025,9:55:00,P0189,Ottogi Bodle Cheese Ramen,Noodles,2,60,0,120
T2025000582,08/11/2025,9:55:00,P0036,Dongwon  Tuna Light Can 150g,Dry Food,3,110,0,330
T2025000582,08/11/2025,9:55:00,P0242,CJ  Gochujang 200g,Seasoned/Sauce/Powder,3,100,0,300
T2025000583,08/11/2025,17:16:00,P0191,Paldo Teumsae Ramen,Noodles,1,60,0,60
T2025000583,08/11/2025,17:16:00,P0266,Bibigo Seaweed Crisps,Snacks,2,110,0,220
T2025000583,08/11/2025,17:16:00,P0152,Samyang Buldak Original Cup,Noodles,1,110,0,110
T2025000583,08/11/2025,17:16:00,P0294,Pepero Strawberry,Snacks,1,55,0,55
T2025000583,08/11/2025,17:16:00,P0155,Nongshim Dungji Mul Nengmyeon (Cold Noodle),Noodles,2,95,0,190
T2025000584,08/11/2025,18:52:00,P0276,Orion Sun Chips Korean BBQ,Snacks,1,90,0,90
T2025000584,08/11/2025,18:52:00,P0182,Paldo Ilpoom Jjajang,Noodles,4,65,0.05,247
T2025000584,08/11/2025,18:52:00,P0184,Nongshim Baehongdong Bibimyeon 137g,Noodles,1,61,0,61
T2025000584,08/11/2025,18:52:00,P0176,Ottogi Cheese Bokki Cup,Noodles,2,72,0.15,122.4
T2025000585,08/11/2025,20:17:00,P0124,Terra Lager Beer 500mL,Liquor/Beverage,1,170,0,170
T2025000585,08/11/2025,20:17:00,P0257,Lotte Almond Chocolate,Snacks,1,130,0,130
T2025000586,08/11/2025,19:51:00,P0120,Aloe Vera Juice 1.5L,Liquor/Beverage,1,175,0,175
T2025000586,08/11/2025,19:51:00,P0276,Orion Sun Chips Korean BBQ,Snacks,2,90,0,180
T2025000586,08/11/2025,19:51:00,P0208,Ottogi Jin Ramen Mild,Noodles,4,40,0,160
T2025000586,08/11/2025,19:51:00,P0199,Paldo Koreno Shrimp Noodle,Noodles,3,50,0,150
T2025000586,08/11/2025,19:51:00,P0152,Samyang Buldak Original Cup,Noodles,3,110,0,330
T2025000587,08/11/2025,11:01:00,P0297,Pepero Choco Filled,Snacks,1,55,0,55
T2025000587,08/11/2025,11:01:00,P0273,Haitai  Plumcandy 130g,Snacks,2,95,0,190
T2025000587,08/11/2025,11:01:00,P0252,Lotte Banana Choco Pie 12Pcs,Snacks,2,180,0,360
T2025000588,08/11/2025,19:48:00,P0298,Pepero White Cookie,Snacks,2,55,0,110
T2025000588,08/11/2025,19:48:00,P0004,O'Food Korean Chili Oil,Condiments,2,160,0,320
T2025000588,08/11/2025,19:48:00,P0299,Lotte Xylitol Green Gum,Snacks,5,55,0,275
T2025000588,08/11/2025,19:48:00,P0048,Dongwon Light Tuna,Dry Food,1,75,0,75
T2025000588,08/11/2025,19:48:00,P0064,Kimbab Radish 400g,Food Fresh/Meat/Sidedish,1,185,0,185
T2025000589,08/11/2025,21:23:00,P0139,Paldo Pororo Juice,Liquor/Beverage,3,65,0,195
T2025000589,08/11/2025,21:23:00,P0209,Ottogi Kimchi Ramen,Noodles,3,40,0,120
T2025000589,08/11/2025,21:23:00,P0042,CJ Hetbahn Brown Rice,Dry Food,1,95,0,95
T2025000590,08/11/2025,8:19:00,P0125,Jinro Fresh Soju,Liquor/Beverage,1,170,0.15,144.5
T2025000590,08/11/2025,8:19:00,P0300,Can Choco Balls,Snacks,3,45,0,135
T2025000590,08/11/2025,8:19:00,P0245,Honey Butter Almond 190g,Snacks,1,420,0,420
T2025000590,08/11/2025,8:19:00,P0295,Pepero Almond,Snacks,4,55,0,220
T2025000590,08/11/2025,8:19:00,P0243,CJ  Ssamjang 170g,Seasoned/Sauce/Powder,3,88,0,264
T2025000591,08/11/2025,19:15:00,P0152,Samyang Buldak Original Cup,Noodles,2,110,0.15,187
T2025000591,08/11/2025,19:15:00,P0177,Ottogi Beef Seaweed Soup Ramen,Noodles,1,70,0,70
T2025000591,08/11/2025,19:15:00,P0041,CJ Hetbahn Multi-Grain Rice,Dry Food,2,95,0,190
T2025000591,08/11/2025,19:15:00,P0005,Ottogi Gold Mayonnaise 300g,Condiments,2,150,0,300
T2025000592,08/11/2025,13:47:00,P0111,Maxim Kanu Ice Latte 10 Sticks,Liquor/Beverage,1,360,0.05,342
T2025000592,08/11/2025,13:47:00,P0245,Honey Butter Almond 190g,Snacks,1,420,0,420
T2025000592,08/11/2025,13:47:00,P0286,Crown Caramel Maple Corn,Snacks,2,80,0,160
T2025000592,08/11/2025,13:47:00,P0007,Samyang Spicy Mayo,Condiments,1,130,0,130
T2025000593,08/11/2025,14:17:00,P0124,Terra Lager Beer 500mL,Liquor/Beverage,1,170,0,170
T2025000593,08/11/2025,14:17:00,P0295,Pepero Almond,Snacks,4,55,0,220
T2025000594,08/11/2025,8:33:00,P0040,Ottogi Sweet Corn 340g,Dry Food,1,95,0,95
T2025000594,08/11/2025,8:33:00,P0295,Pepero Almond,Snacks,1,55,0.15,46.75
T2025000594,08/11/2025,8:33:00,P0171,Tempura Udon Big Cup,Noodles,2,75,0,150
T2025000594,08/11/2025,8:33:00,P0207,Ottogi Yeul Ramen 120g,Noodles,4,40,0.05,152
T2025000594,08/11/2025,8:33:00,P0266,Bibigo Seaweed Crisps,Snacks,1,110,0,110
T2025000595,08/11/2025,19:15:00,P0199,Paldo Koreno Shrimp Noodle,Noodles,1,50,0,50
T2025000595,08/11/2025,19:15:00,P0007,Samyang Spicy Mayo,Condiments,2,130,0,260
T2025000595,08/11/2025,19:15:00,P0298,Pepero White Cookie,Snacks,1,55,0,55
T2025000595,08/11/2025,19:15:00,P0152,Samyang Buldak Original Cup,Noodles,1,110,0,110
T2025000595,08/11/2025,19:15:00,P0184,Nongshim Baehongdong Bibimyeon 137g,Noodles,4,61,0,244
T2025000596,08/11/2025,13:56:00,P0125,Jinro Fresh Soju,Liquor/Beverage,1,170,0.1,153
T2025000596,08/11/2025,13:56:00,P0294,Pepero Strawberry,Snacks,1,55,0.15,46.75
T2025000597,08/11/2025,16:55:00,P0272,Haitai  Sunkist Candy 125g,Snacks,3,95,0,285
T2025000597,08/11/2025,16:55:00,P0300,Can Choco Balls,Snacks,4,45,0,180
T2025000597,08/11/2025,16:55:00,P0245,Honey Butter Almond 190g,Snacks,1,420,0,420
T2025000597,08/11/2025,16:55:00,P0066,Imported Kimchi Big Tub 850g,Food Fresh/Meat/Sidedish,1,150,0,150
T2025000599,08/11/2025,15:59:00,P0178,Samyang Mala Buldak,Noodles,3,70,0,210
T2025000599,08/11/2025,15:59:00,P0257,Lotte Almond Chocolate,Snacks,2,130,0,260
T2025000599,08/11/2025,15:59:00,P0273,Haitai  Plumcandy 130g,Snacks,1,95,0,95
T2025000599,08/11/2025,15:59:00,P0005,Ottogi Gold Mayonnaise 300g,Condiments,1,150,0,150
T2025000599,08/11/2025,15:59:00,P0124,Terra Lager Beer 500mL,Liquor/Beverage,2,170,0,340
T2025000600,08/11/2025,12:02:00,P0297,Pepero Choco Filled,Snacks,4,55,0,220
T2025000600,08/11/2025,12:02:00,P0188,Nagasaki Jjampong,Noodles,3,60,0,180
T2025000600,08/11/2025,12:02:00,P0196,Paldo Cheese Ramen,Noodles,1,55,0.1,49.5
T2025000600,08/11/2025,12:02:00,P0166,Samyang Buldak Original,Noodles,1,88,0,88
T2025000600,08/11/2025,12:02:00,P0005,Ottogi Gold Mayonnaise 300g,Condiments,2,150,0,300
T2025000601,08/11/2025,19:04:00,P0290,Doritos Galbi Chicken,Snacks,1,77,0,77
T2025000601,08/11/2025,19:04:00,P0278,Haitai O! Karto Chips,Snacks,1,88,0,88
T2025000601,08/11/2025,19:04:00,P0263,Samlip Honey Castella,Snacks,3,120,0.15,306
T2025000601,08/11/2025,19:04:00,P0080,Samyang Buldak Original Spicy Mandu 700g,Food Frozen,1,410,0,410
T2025000602,08/11/2025,20:08:00,P0123,Cass Cold Brewed Beer 500mL,Liquor/Beverage,2,170,0,340
T2025000602,08/11/2025,20:08:00,P0295,Pepero Almond,Snacks,3,55,0,165
T2025000603,08/11/2025,20:06:00,P0295,Pepero Almond,Snacks,2,55,0,110
T2025000603,08/11/2025,20:06:00,P0207,Ottogi Yeul Ramen 120g,Noodles,4,40,0,160
T2025000603,08/11/2025,20:06:00,P0039,Ottogi 3Mins Curry,Dry Food,1,99,0,99
T2025000603,08/11/2025,20:06:00,P0095,Samlip Fish Cake Sheets,Food Frozen,1,150,0,150
T2025000603,08/11/2025,20:06:00,P0060,Homemade Spring Onion Kimchi 350g,Food Fresh/Meat/Sidedish,2,250,0,500
T2025000604,08/11/2025,18:10:00,P0143,Nongshim Welchs Grape 355mL,Liquor/Beverage,3,60,0,180
T2025000604,08/11/2025,18:10:00,P0267,Lotte Pepero White Cookie,Snacks,3,110,0,330
T2025000604,08/11/2025,18:10:00,P0227,CJ Beksul Beef Bulgogi Sauce 290g,Seasoned/Sauce/Powder,1,150,0,150
T2025000604,08/11/2025,18:10:00,P0292,Orion Goraebab Crackers,Snacks,3,75,0,225
T2025000604,08/11/2025,18:10:00,P0016,Dongwon  Vegetable Tuna Can 150g 2Pcs,Dry Food,1,235,0,235
T2025000605,08/11/2025,11:52:00,P0114,Banana Milk 200mL 6Pcs,Liquor/Beverage,1,290,0.05,275.5
T2025000605,08/11/2025,11:52:00,P0295,Pepero Almond,Snacks,4,55,0,220
T2025000605,08/11/2025,11:52:00,P0197,Nongshim Seafood Ramyun,Noodles,5,52,0,260
T2025000605,08/11/2025,11:52:00,P0006,Chung Jung One Soy Sauce,Condiments,1,140,0.05,133
T2025000606,08/11/2025,12:14:00,P0147,Binggrae Coffee Milk,Liquor/Beverage,3,48,0,144
T2025000606,08/11/2025,12:14:00,P0181,Paldo Bibim Cold Noodles,Noodles,4,65,0,260
T2025000606,08/11/2025,12:14:00,P0070,Skinless Garlic 150G,Food Fresh/Meat/Sidedish,2,65,0,130
T2025000607,08/11/2025,19:06:00,P0123,Cass Cold Brewed Beer 500mL,Liquor/Beverage,2,170,0,340
T2025000607,08/11/2025,19:06:00,P0189,Ottogi Bodle Cheese Ramen,Noodles,3,60,0,180
T2025000607,08/11/2025,19:06:00,P0188,Nagasaki Jjampong,Noodles,2,60,0.05,114
T2025000607,08/11/2025,19:06:00,P0152,Samyang Buldak Original Cup,Noodles,2,110,0,220
T2025000607,08/11/2025,19:06:00,P0250,Haitai Honey Butter Almonds,Snacks,2,190,0.05,361
T2025000608,08/11/2025,18:54:00,P0143,Nongshim Welchs Grape 355mL,Liquor/Beverage,1,60,0,60
T2025000608,08/11/2025,18:54:00,P0152,Samyang Buldak Original Cup,Noodles,1,110,0,110
T2025000608,08/11/2025,18:54:00,P0158,Nongshim Shin Ramen Black,Noodles,2,92,0,184
T2025000608,08/11/2025,18:54:00,P0166,Samyang Buldak Original,Noodles,2,88,0,176
T2025000608,08/11/2025,18:54:00,P0104,Pepero Original,Food Frozen,1,55,0,55
T2025000609,09/11/2025,10:28:00,P0142,Nongshim Welchs White Grape 355mL,Liquor/Beverage,2,60,0,120
T2025000609,09/11/2025,10:28:00,P0190,Nongshim Tempura Udon Cup,Noodles,2,60,0,120
T2025000609,09/11/2025,10:28:00,P0080,Samyang Buldak Original Spicy Mandu 700g,Food Frozen,1,410,0,410
T2025000609,09/11/2025,10:28:00,P0293,Lotte Sand Biscuit,Snacks,1,75,0,75
T2025000609,09/11/2025,10:28:00,P0264,Lotte Ghana Dark Chocolate,Snacks,3,115,0,345
T2025000610,09/11/2025,11:07:00,P0125,Jinro Fresh Soju,Liquor/Beverage,1,170,0,170
T2025000610,09/11/2025,11:07:00,P0281,Haitai Ace Crackers,Snacks,2,85,0,170
T2025000610,09/11/2025,11:07:00,P0200,Paldo Koreno Kimchi Noodle,Noodles,1,50,0,50
T2025000610,09/11/2025,11:07:00,P0004,O'Food Korean Chili Oil,Condiments,2,160,0.05,304
T2025000611,09/11/2025,21:53:00,P0195,Ottogi Jin Mild Small Cup,Noodles,4,55,0,220
T2025000611,09/11/2025,21:53:00,P0300,Can Choco Balls,Snacks,2,45,0,90
T2025000611,09/11/2025,21:53:00,P0104,Pepero Original,Food Frozen,4,55,0,220
T2025000611,09/11/2025,21:53:00,P0245,Honey Butter Almond 190g,Snacks,1,420,0,420
T2025000611,09/11/2025,21:53:00,P0148,Binggrae Strawberry Milk,Liquor/Beverage,4,45,0,180
T2025000612,09/11/2025,11:14:00,P0139,Paldo Pororo Juice,Liquor/Beverage,5,65,0,325
T2025000612,09/11/2025,11:14:00,P0005,Ottogi Gold Mayonnaise 300g,Condiments,1,150,0,150
T2025000613,09/11/2025,19:37:00,P0040,Ottogi Sweet Corn 340g,Dry Food,3,95,0,285
T2025000614,09/11/2025,11:58:00,P0146,Binggrae Yogurt Drink,Liquor/Beverage,2,55,0,110
T2025000614,09/11/2025,11:58:00,P0286,Crown Caramel Maple Corn,Snacks,1,80,0,80
T2025000615,09/11/2025,9:12:00,P0124,Terra Lager Beer 500mL,Liquor/Beverage,1,170,0,170
T2025000615,09/11/2025,9:12:00,P0291,Crown Sando Biscuit,Snacks,3,75,0,225
T2025000615,09/11/2025,9:12:00,P0209,Ottogi Kimchi Ramen,Noodles,2,40,0,80
T2025000615,09/11/2025,9:12:00,P0034,CJ  Cooked Rice,Dry Food,1,116,0,116
T2025000616,09/11/2025,17:35:00,P0123,Cass Cold Brewed Beer 500mL,Liquor/Beverage,1,170,0,170
T2025000616,09/11/2025,17:35:00,P0289,Crown Corn Chips,Snacks,2,80,0,160
T2025000617,09/11/2025,21:52:00,P0279,Orion O! Karto Sweet Corn,Snacks,3,88,0,264
T2025000617,09/11/2025,21:52:00,P0295,Pepero Almond,Snacks,5,55,0,275
T2025000617,09/11/2025,21:52:00,P0291,Crown Sando Biscuit,Snacks,2,75,0,150
T2025000617,09/11/2025,21:52:00,P0166,Samyang Buldak Original,Noodles,2,88,0,176
T2025000617,09/11/2025,21:52:00,P0008,Ottogi Corn Syrup,Condiments,3,98,0,294
T2025000618,09/11/2025,8:45:00,P0038,(Kaya) Korean Rice 1Kg,Dry Food,3,100,0,300
T2025000618,09/11/2025,8:45:00,P0265,Orion Almond Candy,Snacks,1,110,0,110
T2025000618,09/11/2025,8:45:00,P0294,Pepero Strawberry,Snacks,4,55,0,220
T2025000618,09/11/2025,8:45:00,P0175,Samyang Jjajang Hot Chicken,Noodles,2,75,0,150
T2025000618,09/11/2025,8:45:00,P0252,Lotte Banana Choco Pie 12Pcs,Snacks,1,180,0.1,162
T2025000619,09/11/2025,18:53:00,P0125,Jinro Fresh Soju,Liquor/Beverage,1,170,0,170
T2025000619,09/11/2025,18:53:00,P0295,Pepero Almond,Snacks,3,55,0,165
T2025000619,09/11/2025,18:53:00,P0278,Haitai O! Karto Chips,Snacks,2,88,0,176
T2025000619,09/11/2025,18:53:00,P0181,Paldo Bibim Cold Noodles,Noodles,1,65,0,65
T2025000619,09/11/2025,18:53:00,P0104,Pepero Original,Food Frozen,1,55,0,55
T2025000620,09/11/2025,11:16:00,P0264,Lotte Ghana Dark Chocolate,Snacks,1,115,0.05,109.25
T2025000620,09/11/2025,11:16:00,P0291,Crown Sando Biscuit,Snacks,1,75,0,75
T2025000620,09/11/2025,11:16:00,P0037,Ottogi Cup Spaghetti,Dry Food,2,110,0,220
T2025000621,09/11/2025,19:20:00,P0166,Samyang Buldak Original,Noodles,2,88,0,176
T2025000621,09/11/2025,19:20:00,P0187,Paldo Bibim Men,Noodles,1,60,0,60
T2025000621,09/11/2025,19:20:00,P0104,Pepero Original,Food Frozen,3,55,0.15,140.25
T2025000622,09/11/2025,20:31:00,P0258,Orion Custard Choco Cake,Snacks,2,130,0,260
T2025000622,09/11/2025,20:31:00,P0140,Woongjin Yogurt Peach 340mL,Liquor/Beverage,1,60,0,60
T2025000622,09/11/2025,20:31:00,P0298,Pepero White Cookie,Snacks,1,55,0.1,49.5
T2025000622,09/11/2025,20:31:00,P0150,Samyang Buldak Rosã Ramen 105g,Noodles,1,110,0,110
T2025000622,09/11/2025,20:31:00,P0292,Orion Goraebab Crackers,Snacks,1,75,0.15,63.75
T2025000623,09/11/2025,11:01:00,P0124,Terra Lager Beer 500mL,Liquor/Beverage,2,170,0,340
T2025000623,09/11/2025,11:01:00,P0196,Paldo Cheese Ramen,Noodles,1,55,0,55
T2025000623,09/11/2025,11:01:00,P0198,Paldo Koreno Beef Noodle 100g,Noodles,2,50,0,100
T2025000625,09/11/2025,18:05:00,P0292,Orion Goraebab Crackers,Snacks,1,75,0,75
T2025000625,09/11/2025,18:05:00,P0275,Haitai Sweet Potato Snack,Snacks,1,95,0,95
T2025000626,09/11/2025,10:36:00,P0135,KSD Peach Rice Wine 750mL,Liquor/Beverage,3,105,0,315
T2025000626,09/11/2025,10:36:00,P0286,Crown Caramel Maple Corn,Snacks,3,80,0,240
T2025000626,09/11/2025,10:36:00,P0298,Pepero White Cookie,Snacks,5,55,0.1,247.5
T2025000626,09/11/2025,10:36:00,P0245,Honey Butter Almond 190g,Snacks,1,420,0,420
T2025000627,09/11/2025,21:54:00,P0146,Binggrae Yogurt Drink,Liquor/Beverage,2,55,0.05,104.5
T2025000627,09/11/2025,21:54:00,P0219,CJ Beksul Spicy Pork Sauce 500g,Seasoned/Sauce/Powder,2,240,0,480
T2025000629,09/11/2025,13:43:00,P0296,Lotte Cereal Choco,Snacks,5,55,0,275
T2025000629,09/11/2025,13:43:00,P0295,Pepero Almond,Snacks,5,55,0,275
T2025000629,09/11/2025,13:43:00,P0298,Pepero White Cookie,Snacks,1,55,0.05,52.25
T2025000629,09/11/2025,13:43:00,P0009,CJ Beksul Corn Syrup,Condiments,2,95,0,190
T2025000630,09/11/2025,20:11:00,P0125,Jinro Fresh Soju,Liquor/Beverage,1,170,0,170
T2025000630,09/11/2025,20:11:00,P0152,Samyang Buldak Original Cup,Noodles,1,110,0,110
T2025000631,09/11/2025,12:35:00,P0126,Woongjin Yogurt Pineapple 1.5L,Liquor/Beverage,1,135,0,135
T2025000631,09/11/2025,12:35:00,P0286,Crown Caramel Maple Corn,Snacks,3,80,0,240
T2025000633,09/11/2025,11:42:00,P0140,Woongjin Yogurt Peach 340mL,Liquor/Beverage,5,60,0,300
T2025000633,09/11/2025,11:42:00,P0245,Honey Butter Almond 190g,Snacks,1,420,0,420
T2025000633,09/11/2025,11:42:00,P0258,Orion Custard Choco Cake,Snacks,2,130,0,260
T2025000634,09/11/2025,19:06:00,P0125,Jinro Fresh Soju,Liquor/Beverage,1,170,0,170
T2025000634,09/11/2025,19:06:00,P0270,Samlip Custard Cream Cake,Snacks,1,105,0,105
T2025000634,09/11/2025,19:06:00,P0245,Honey Butter Almond 190g,Snacks,1,420,0,420
T2025000634,09/11/2025,19:06:00,P0166,Samyang Buldak Original,Noodles,1,88,0,88
T2025000635,09/11/2025,9:27:00,P0124,Terra Lager Beer 500mL,Liquor/Beverage,1,170,0.15,144.5
T2025000635,09/11/2025,9:27:00,P0247,Choco Pie Green Tea 12Pcs,Snacks,1,200,0,200
T2025000635,09/11/2025,9:27:00,P0274,Haitai Matdongsan,Snacks,2,95,0,190
T2025000635,09/11/2025,9:27:00,P0178,Samyang Mala Buldak,Noodles,2,70,0,140
T2025000636,09/11/2025,18:30:00,P0126,Woongjin Yogurt Pineapple 1.5L,Liquor/Beverage,1,135,0,135
T2025000636,09/11/2025,18:30:00,P0295,Pepero Almond,Snacks,5,55,0,275
T2025000636,09/11/2025,18:30:00,P0266,Bibigo Seaweed Crisps,Snacks,1,110,0,110
T2025000636,09/11/2025,18:30:00,P0259,Nongshim Sengseng U-Dong,Snacks,2,125,0,250
T2025000636,09/11/2025,18:30:00,P0150,Samyang Buldak Rosã Ramen 105g,Noodles,1,110,0,110
T2025000637,09/11/2025,17:59:00,P0299,Lotte Xylitol Green Gum,Snacks,3,55,0,165
T2025000637,09/11/2025,17:59:00,P0297,Pepero Choco Filled,Snacks,1,55,0,55
T2025000637,09/11/2025,17:59:00,P0298,Pepero White Cookie,Snacks,2,55,0,110
T2025000637,09/11/2025,17:59:00,P0166,Samyang Buldak Original,Noodles,3,88,0,264
T2025000637,09/11/2025,17:59:00,P0162,Ottogi Jin Jjampong,Noodles,3,90,0,270
T2025000638,09/11/2025,14:33:00,P0133,Sunhari Blueberry 360mL,Liquor/Beverage,3,120,0,360
T2025000639,09/11/2025,19:06:00,P0125,Jinro Fresh Soju,Liquor/Beverage,2,170,0.1,306
T2025000639,09/11/2025,19:06:00,P0277,Orion Turtle Chips Sweet Corn,Snacks,2,89,0,178
T2025000639,09/11/2025,19:06:00,P0165,Samyang Cream Carbo Buldak 140g,Noodles,1,88,0,88
T2025000639,09/11/2025,19:06:00,P0096,Daerim  Vienna Sausage 170g,Food Frozen,2,145,0.15,246.5
T2025000640,09/11/2025,18:25:00,P0103,Daerim  Chaw Stick 100g,Food Frozen,1,73,0,73
T2025000641,09/11/2025,17:00:00,P0114,Banana Milk 200mL 6Pcs,Liquor/Beverage,1,290,0,290
T2025000641,09/11/2025,17:00:00,P0187,Paldo Bibim Men,Noodles,1,60,0,60
T2025000641,09/11/2025,17:00:00,P0186,Ottogi Chachelin Blackbean 145g,Noodles,5,60,0,300
T2025000641,09/11/2025,17:00:00,P0205,Ottogi Yeul Ramen,Noodles,1,48,0,48
T2025000641,09/11/2025,17:00:00,P0007,Samyang Spicy Mayo,Condiments,2,130,0,260
T2025000642,09/11/2025,19:01:00,P0257,Lotte Almond Chocolate,Snacks,1,130,0,130
T2025000642,09/11/2025,19:01:00,P0183,Samyang Kimchi Ramen Bowl,Noodles,2,65,0.1,117
T2025000643,09/11/2025,13:29:00,P0162,Ottogi Jin Jjampong,Noodles,2,90,0,180
T2025000643,09/11/2025,13:29:00,P0295,Pepero Almond,Snacks,5,55,0,275
T2025000643,09/11/2025,13:29:00,P0236,CJ  Soybean Paste 500g,Seasoned/Sauce/Powder,1,123,0,123
T2025000643,09/11/2025,13:29:00,P0247,Choco Pie Green Tea 12Pcs,Snacks,1,200,0,200
T2025000643,09/11/2025,13:29:00,P0193,Paldo Gomtang Ramen,Noodles,3,56,0,168
T2025000644,09/11/2025,12:27:00,P0185,Nongshim Shin Non-Frying Ramen 97g,Noodles,2,60,0,120
T2025000644,09/11/2025,12:27:00,P0152,Samyang Buldak Original Cup,Noodles,1,110,0,110
T2025000645,09/11/2025,12:37:00,P0114,Banana Milk 200mL 6Pcs,Liquor/Beverage,1,290,0,290
T2025000645,09/11/2025,12:37:00,P0245,Honey Butter Almond 190g,Snacks,1,420,0.1,378
T2025000645,09/11/2025,12:37:00,P0266,Bibigo Seaweed Crisps,Snacks,2,110,0,220
T2025000645,09/11/2025,12:37:00,P0002,Ottogi Gold Mayonnaise 500g,Condiments,2,235,0,470
T2025000646,09/11/2025,17:32:00,P0122,Chamisul Original Soju,Liquor/Beverage,2,175,0,350
T2025000646,09/11/2025,17:32:00,P0290,Doritos Galbi Chicken,Snacks,1,77,0,77
T2025000646,09/11/2025,17:32:00,P0297,Pepero Choco Filled,Snacks,5,55,0,275
T2025000646,09/11/2025,17:32:00,P0270,Samlip Custard Cream Cake,Snacks,3,105,0,315
T2025000646,09/11/2025,17:32:00,P0022,Ottogi Tteokbokki Cup,Dry Food,2,160,0,320
T2025000647,09/11/2025,11:23:00,P0208,Ottogi Jin Ramen Mild,Noodles,3,40,0,120
T2025000647,09/11/2025,11:23:00,P0148,Binggrae Strawberry Milk,Liquor/Beverage,1,45,0,45
T2025000647,09/11/2025,11:23:00,P0252,Lotte Banana Choco Pie 12Pcs,Snacks,1,180,0,180
T2025000647,09/11/2025,11:23:00,P0046,CJ Beksul Potato Starch,Dry Food,3,85,0,255
T2025000647,09/11/2025,11:23:00,P0150,Samyang Buldak Rosã Ramen 105g,Noodles,1,110,0,110
T2025000648,09/11/2025,20:14:00,P0248,Choco Pie Black Sugar 12Pcs,Snacks,2,200,0,400
T2025000648,09/11/2025,20:14:00,P0152,Samyang Buldak Original Cup,Noodles,2,110,0,220
T2025000649,09/11/2025,20:47:00,P0124,Terra Lager Beer 500mL,Liquor/Beverage,2,170,0,340
T2025000649,09/11/2025,20:47:00,P0277,Orion Turtle Chips Sweet Corn,Snacks,2,89,0,178
T2025000649,09/11/2025,20:47:00,P0174,Ottogi Cheese Bokki Cup,Noodles,3,75,0,225
T2025000649,09/11/2025,20:47:00,P0001,Ottogi Sesame Oil 500mL,Condiments,1,590.5,0,590.5
T2025000650,09/11/2025,21:50:00,P0144,Nongshim Welchs Strawberry 355mL,Liquor/Beverage,5,60,0,300
T2025000650,09/11/2025,21:50:00,P0270,Samlip Custard Cream Cake,Snacks,1,105,0,105
T2025000651,09/11/2025,13:53:00,P0144,Nongshim Welchs Strawberry 355mL,Liquor/Beverage,1,60,0.1,54
T2025000651,09/11/2025,13:53:00,P0268,Samlip Walnut Pie,Snacks,3,110,0,330
T2025000651,09/11/2025,13:53:00,P0282,Orion Choco Boy,Snacks,1,85,0.1,76.5
T2025000652,09/11/2025,19:13:00,P0125,Jinro Fresh Soju,Liquor/Beverage,2,170,0,340
T2025000652,09/11/2025,19:13:00,P0203,Jin Ramen Spicy Cup,Noodles,1,50,0,50
T2025000653,09/11/2025,13:11:00,P0124,Terra Lager Beer 500mL,Liquor/Beverage,2,170,0,340
T2025000653,09/11/2025,13:11:00,P0216,CJ Beksul Chicken Frying Mix 1Kg,Seasoned/Sauce/Powder,1,257,0,257
T2025000654,09/11/2025,15:21:00,P0123,Cass Cold Brewed Beer 500mL,Liquor/Beverage,2,170,0,340
T2025000654,09/11/2025,15:21:00,P0266,Bibigo Seaweed Crisps,Snacks,2,110,0,220
T2025000654,09/11/2025,15:21:00,P0280,Nongshim Potato Sticks,Snacks,2,85,0,170
T2025000654,09/11/2025,15:21:00,P0071,Kongsarang Firm Tofu,Food Fresh/Meat/Sidedish,3,65,0,195
T2025000655,09/11/2025,20:06:00,P0175,Samyang Jjajang Hot Chicken,Noodles,2,75,0,150
T2025000655,09/11/2025,20:06:00,P0174,Ottogi Cheese Bokki Cup,Noodles,3,75,0,225
T2025000655,09/11/2025,20:06:00,P0295,Pepero Almond,Snacks,4,55,0,220
T2025000655,09/11/2025,20:06:00,P0034,CJ  Cooked Rice,Dry Food,3,116,0,348
T2025000655,09/11/2025,20:06:00,P0189,Ottogi Bodle Cheese Ramen,Noodles,1,60,0,60
T2025000656,09/11/2025,12:30:00,P0149,Binggrae Mango Milk,Liquor/Beverage,2,45,0,90
T2025000656,09/11/2025,12:30:00,P0245,Honey Butter Almond 190g,Snacks,1,420,0,420
T2025000656,09/11/2025,12:30:00,P0251,Oil Fried & Salted Peanuts,Snacks,2,185,0,370
T2025000656,09/11/2025,12:30:00,P0279,Orion O! Karto Sweet Corn,Snacks,1,88,0,88
T2025000656,09/11/2025,12:30:00,P0229,O'Food Korean BBQ Sauce,Seasoned/Sauce/Powder,2,145,0.15,246.5
T2025000657,09/11/2025,14:01:00,P0295,Pepero Almond,Snacks,3,55,0,165
T2025000657,09/11/2025,14:01:00,P0253,Orion Market O Brownie,Snacks,1,170,0,170
T2025000657,09/11/2025,14:01:00,P0245,Honey Butter Almond 190g,Snacks,1,420,0,420
T2025000658,09/11/2025,12:37:00,P0212,Beef Dasida (Soup Stock) 1Kg,Seasoned/Sauce/Powder,1,550,0,550
T2025000660,09/11/2025,12:30:00,P0149,Binggrae Mango Milk,Liquor/Beverage,4,45,0,180
T2025000660,09/11/2025,12:30:00,P0245,Honey Butter Almond 190g,Snacks,1,420,0,420
T2025000660,09/11/2025,12:30:00,P0171,Tempura Udon Big Cup,Noodles,1,75,0,75
T2025000660,09/11/2025,12:30:00,P0153,Samyang Buldak Cheese Cup,Noodles,1,110,0,110
T2025000660,09/11/2025,12:30:00,P0196,Paldo Cheese Ramen,Noodles,4,55,0,220
T2025000661,09/11/2025,19:59:00,P0149,Binggrae Mango Milk,Liquor/Beverage,4,45,0,180
T2025000661,09/11/2025,19:59:00,P0299,Lotte Xylitol Green Gum,Snacks,4,55,0,220
T2025000661,09/11/2025,19:59:00,P0163,Samyang Buldak Rose 140g,Noodles,3,88,0,264
T2025000662,09/11/2025,10:02:00,P0105,White Gold Coffee 100Sticks,Liquor/Beverage,1,1150,0,1150
T2025000662,09/11/2025,10:02:00,P0281,Haitai Ace Crackers,Snacks,3,85,0,255
T2025000662,09/11/2025,10:02:00,P0294,Pepero Strawberry,Snacks,5,55,0,275
T2025000662,09/11/2025,10:02:00,P0024,O'Food Kimchi Soup Mix,Dry Food,1,150,0,150
T2025000662,09/11/2025,10:02:00,P0241,CJ Anchovy Sauce 500g,Seasoned/Sauce/Powder,1,105,0,105
T2025000663,09/11/2025,21:27:00,P0195,Ottogi Jin Mild Small Cup,Noodles,2,55,0,110
T2025000663,09/11/2025,21:27:00,P0209,Ottogi Kimchi Ramen,Noodles,2,40,0,80
T2025000663,09/11/2025,21:27:00,P0193,Paldo Gomtang Ramen,Noodles,5,56,0,280
T2025000664,09/11/2025,13:28:00,P0298,Pepero White Cookie,Snacks,5,55,0,275
T2025000664,09/11/2025,13:28:00,P0249,Lotte Chocopie 12Pcs,Snacks,2,200,0,400
T2025000664,09/11/2025,13:28:00,P0254,Honey Roasted Peanuts,Snacks,2,165,0,330
T2025000664,09/11/2025,13:28:00,P0166,Samyang Buldak Original,Noodles,3,88,0,264
T2025000664,09/11/2025,13:28:00,P0006,Chung Jung One Soy Sauce,Condiments,2,140,0,280
T2025000665,09/11/2025,13:51:00,P0186,Ottogi Chachelin Blackbean 145g,Noodles,3,60,0,180
T2025000666,09/11/2025,11:39:00,P0291,Crown Sando Biscuit,Snacks,3,75,0,225
T2025000666,09/11/2025,11:39:00,P0245,Honey Butter Almond 190g,Snacks,1,420,0,420
T2025000666,09/11/2025,11:39:00,P0298,Pepero White Cookie,Snacks,3,55,0,165
T2025000666,09/11/2025,11:39:00,P0205,Ottogi Yeul Ramen,Noodles,1,48,0,48
T2025000666,09/11/2025,11:39:00,P0192,Nongshim Soon Veggie Ramen,Noodles,5,58,0,290
T2025000667,09/11/2025,9:47:00,P0149,Binggrae Mango Milk,Liquor/Beverage,4,45,0,180
T2025000667,09/11/2025,9:47:00,P0268,Samlip Walnut Pie,Snacks,1,110,0,110
T2025000667,09/11/2025,9:47:00,P0244,Wasabi Almond 190g,Snacks,1,440,0,440
T2025000667,09/11/2025,9:47:00,P0295,Pepero Almond,Snacks,1,55,0,55
T2025000668,09/11/2025,13:39:00,P0007,Samyang Spicy Mayo,Condiments,1,130,0,130
T2025000668,09/11/2025,13:39:00,P0224,Seasoned Seaweed 200g,Seasoned/Sauce/Powder,1,190,0,190
T2025000669,09/11/2025,9:51:00,P0294,Pepero Strawberry,Snacks,5,55,0,275
T2025000669,09/11/2025,9:51:00,P0287,Nongshim Banana Kick 75g,Snacks,2,80,0,160
T2025000670,09/11/2025,11:06:00,P0298,Pepero White Cookie,Snacks,1,55,0,55
T2025000670,09/11/2025,11:06:00,P0004,O'Food Korean Chili Oil,Condiments,2,160,0,320
T2025000671,09/11/2025,11:51:00,P0147,Binggrae Coffee Milk,Liquor/Beverage,5,48,0,240
T2025000671,09/11/2025,11:51:00,P0245,Honey Butter Almond 190g,Snacks,1,420,0,420
T2025000672,09/11/2025,11:30:00,P0264,Lotte Ghana Dark Chocolate,Snacks,1,115,0.05,109.25
T2025000672,09/11/2025,11:30:00,P0295,Pepero Almond,Snacks,2,55,0,110
T2025000672,09/11/2025,11:30:00,P0203,Jin Ramen Spicy Cup,Noodles,5,50,0,250
T2025000672,09/11/2025,11:30:00,P0194,Shin Ramen Kimchi,Noodles,2,55,0.1,99
T2025000672,09/11/2025,11:30:00,P0007,Samyang Spicy Mayo,Condiments,2,130,0.15,221
T2025000673,09/11/2025,18:20:00,P0139,Paldo Pororo Juice,Liquor/Beverage,3,65,0,195
T2025000673,09/11/2025,18:20:00,P0279,Orion O! Karto Sweet Corn,Snacks,3,88,0,264
T2025000673,09/11/2025,18:20:00,P0099,Daerim  Chaw Spicy Stick 90g,Food Frozen,3,80,0,240
T2025000673,09/11/2025,18:20:00,P0270,Samlip Custard Cream Cake,Snacks,1,105,0,105
T2025000673,09/11/2025,18:20:00,P0207,Ottogi Yeul Ramen 120g,Noodles,4,40,0,160
T2025000674,09/11/2025,11:39:00,P0050,Boneless Rib Eye 250g,Food Fresh/Meat/Sidedish,1,750,0.05,712.5
T2025000674,09/11/2025,11:39:00,P0184,Nongshim Baehongdong Bibimyeon 137g,Noodles,3,61,0,183
T2025000674,09/11/2025,11:39:00,P0260,Binch Biscuit,Snacks,1,120,0,120
T2025000674,09/11/2025,11:39:00,P0200,Paldo Koreno Kimchi Noodle,Noodles,3,50,0,150
T2025000674,09/11/2025,11:39:00,P0102,MWC Tteok Galbi Bar,Food Frozen,2,75,0,150
T2025000675,09/11/2025,19:35:00,P0114,Banana Milk 200mL 6Pcs,Liquor/Beverage,1,290,0,290
T2025000675,09/11/2025,19:35:00,P0297,Pepero Choco Filled,Snacks,4,55,0.05,209
T2025000675,09/11/2025,19:35:00,P0287,Nongshim Banana Kick 75g,Snacks,1,80,0,80
T2025000675,09/11/2025,19:35:00,P0207,Ottogi Yeul Ramen 120g,Noodles,3,40,0,120
T2025000675,09/11/2025,19:35:00,P0175,Samyang Jjajang Hot Chicken,Noodles,3,75,0,225
T2025000676,09/11/2025,18:08:00,P0300,Can Choco Balls,Snacks,2,45,0,90
T2025000676,09/11/2025,18:08:00,P0098,Daerim  Crabstick 216g,Food Frozen,2,98,0,196
T2025000677,09/11/2025,20:34:00,P0300,Can Choco Balls,Snacks,1,45,0,45
T2025000677,09/11/2025,20:34:00,P0296,Lotte Cereal Choco,Snacks,3,55,0,165
T2025000677,09/11/2025,20:34:00,P0265,Orion Almond Candy,Snacks,2,110,0,220
T2025000677,09/11/2025,20:34:00,P0166,Samyang Buldak Original,Noodles,1,88,0,88
T2025000677,09/11/2025,20:34:00,P0158,Nongshim Shin Ramen Black,Noodles,3,92,0,276
T2025000678,09/11/2025,18:44:00,P0295,Pepero Almond,Snacks,1,55,0,55
T2025000678,09/11/2025,18:44:00,P0245,Honey Butter Almond 190g,Snacks,1,420,0.15,357
T2025000678,09/11/2025,18:44:00,P0257,Lotte Almond Chocolate,Snacks,2,130,0,260
T2025000678,09/11/2025,18:44:00,P0153,Samyang Buldak Cheese Cup,Noodles,1,110,0,110
T2025000678,09/11/2025,18:44:00,P0169,Samyang Buldak Stew Type 145g,Noodles,2,80,0,160
T2025000679,09/11/2025,13:48:00,P0293,Lotte Sand Biscuit,Snacks,3,75,0,225
T2025000679,09/11/2025,13:48:00,P0189,Ottogi Bodle Cheese Ramen,Noodles,1,60,0.15,51
T2025000679,09/11/2025,13:48:00,P0151,Samyang Buldak 4 Cheese Ramen 110g,Noodles,3,110,0,330
T2025000679,09/11/2025,13:48:00,P0124,Terra Lager Beer 500mL,Liquor/Beverage,1,170,0,170
T2025000679,09/11/2025,13:48:00,P0257,Lotte Almond Chocolate,Snacks,2,130,0,260
T2025000680,09/11/2025,21:57:00,P0299,Lotte Xylitol Green Gum,Snacks,3,55,0,165
T2025000680,09/11/2025,21:57:00,P0266,Bibigo Seaweed Crisps,Snacks,3,110,0,330
T2025000680,09/11/2025,21:57:00,P0152,Samyang Buldak Original Cup,Noodles,1,110,0.1,99
T2025000680,09/11/2025,21:57:00,P0202,Nongshim Ansung Tangmen,Noodles,4,50,0,200
T2025000681,09/11/2025,12:17:00,P0124,Terra Lager Beer 500mL,Liquor/Beverage,1,170,0,170
T2025000681,09/11/2025,12:17:00,P0298,Pepero White Cookie,Snacks,1,55,0,55
T2025000682,09/11/2025,20:03:00,P0277,Orion Turtle Chips Sweet Corn,Snacks,2,89,0,178
T2025000682,09/11/2025,20:03:00,P0259,Nongshim Sengseng U-Dong,Snacks,1,125,0,125
T2025000682,09/11/2025,20:03:00,P0155,Nongshim Dungji Mul Nengmyeon (Cold Noodle),Noodles,1,95,0.05,90.25
T2025000682,09/11/2025,20:03:00,P0202,Nongshim Ansung Tangmen,Noodles,3,50,0,150
T2025000682,09/11/2025,20:03:00,P0253,Orion Market O Brownie,Snacks,2,170,0,340
T2025000683,09/11/2025,14:50:00,P0007,Samyang Spicy Mayo,Condiments,1,130,0,130
T2025000684,09/11/2025,19:20:00,P0101,Daerim  Fish Cake Stick,Food Frozen,2,77,0.15,130.9
T2025000684,09/11/2025,19:20:00,P0156,Nongshim Ramyun King Bowl,Noodles,2,95,0,190
T2025000684,09/11/2025,19:20:00,P0123,Cass Cold Brewed Beer 500mL,Liquor/Beverage,1,170,0.15,144.5
T2025000684,09/11/2025,19:20:00,P0200,Paldo Koreno Kimchi Noodle,Noodles,1,50,0,50
T2025000684,09/11/2025,19:20:00,P0248,Choco Pie Black Sugar 12Pcs,Snacks,2,200,0,400
T2025000685,09/11/2025,13:54:00,P0124,Terra Lager Beer 500mL,Liquor/Beverage,2,170,0,340
T2025000685,09/11/2025,13:54:00,P0278,Haitai O! Karto Chips,Snacks,3,88,0,264
T2025000685,09/11/2025,13:54:00,P0020,CJ Beksul Hotteok Mix,Dry Food,2,185,0,370
T2025000686,09/11/2025,15:26:00,P0239,Ottogi Curry Hot,Seasoned/Sauce/Powder,3,115,0,345
T2025000687,09/11/2025,15:15:00,P0155,Nongshim Dungji Mul Nengmyeon (Cold Noodle),Noodles,1,95,0,95
T2025000687,09/11/2025,15:15:00,P0080,Samyang Buldak Original Spicy Mandu 700g,Food Frozen,1,410,0,410
T2025000687,09/11/2025,15:15:00,P0269,Lotte Soft Strawberry Milk Candy 79g,Snacks,2,105,0.1,189
T2025000687,09/11/2025,15:15:00,P0203,Jin Ramen Spicy Cup,Noodles,1,50,0.05,47.5
T2025000687,09/11/2025,15:15:00,P0177,Ottogi Beef Seaweed Soup Ramen,Noodles,2,70,0.05,133
T2025000688,09/11/2025,17:50:00,P0133,Sunhari Blueberry 360mL,Liquor/Beverage,2,120,0,240
T2025000689,09/11/2025,12:52:00,P0275,Haitai Sweet Potato Snack,Snacks,1,95,0,95
T2025000689,09/11/2025,12:52:00,P0293,Lotte Sand Biscuit,Snacks,1,75,0,75
T2025000689,09/11/2025,12:52:00,P0180,Samyang Curry Ramen,Noodles,1,68,0,68
T2025000690,09/11/2025,15:00:00,P0175,Samyang Jjajang Hot Chicken,Noodles,1,75,0,75
T2025000690,09/11/2025,15:00:00,P0245,Honey Butter Almond 190g,Snacks,1,420,0,420
T2025000690,09/11/2025,15:00:00,P0124,Terra Lager Beer 500mL,Liquor/Beverage,2,170,0,340
T2025000690,09/11/2025,15:00:00,P0188,Nagasaki Jjampong,Noodles,1,60,0,60
T2025000690,09/11/2025,15:00:00,P0180,Samyang Curry Ramen,Noodles,5,68,0,340
T2025000691,09/11/2025,19:00:00,P0147,Binggrae Coffee Milk,Liquor/Beverage,2,48,0,96
T2025000691,09/11/2025,19:00:00,P0074,Bibigo Fried Dumplings 450g,Food Frozen,1,740,0,740
T2025000692,09/11/2025,12:18:00,P0138,Kirin Ichiban Beer 330mL,Liquor/Beverage,2,68,0,136
T2025000692,09/11/2025,12:18:00,P0282,Orion Choco Boy,Snacks,2,85,0,170
T2025000692,09/11/2025,12:18:00,P0031,Yopokki Cheese Cup 120g,Dry Food,2,120,0,240
T2025000693,09/11/2025,20:18:00,P0236,CJ  Soybean Paste 500g,Seasoned/Sauce/Powder,1,123,0,123
T2025000693,09/11/2025,20:18:00,P0122,Chamisul Original Soju,Liquor/Beverage,1,175,0,175
T2025000693,09/11/2025,20:18:00,P0094,MWC Frank Sausage 5Pcs,Food Frozen,1,173,0.1,155.7
T2025000693,09/11/2025,20:18:00,P0297,Pepero Choco Filled,Snacks,4,55,0,220
T2025000693,09/11/2025,20:18:00,P0152,Samyang Buldak Original Cup,Noodles,3,110,0,330
T2025000694,09/11/2025,20:22:00,P0124,Terra Lager Beer 500mL,Liquor/Beverage,2,170,0,340
T2025000694,09/11/2025,20:22:00,P0033,CJ Beksul Frying Mix,Dry Food,1,120,0,120
T2025000694,09/11/2025,20:22:00,P0082,Daerim  Crab Sticks 1Kg,Food Frozen,1,350,0,350
T2025000695,09/11/2025,18:02:00,P0121,Lotte Chum Churum Soju,Liquor/Beverage,1,175,0.1,157.5
T2025000695,09/11/2025,18:02:00,P0276,Orion Sun Chips Korean BBQ,Snacks,3,90,0,270
T2025000695,09/11/2025,18:02:00,P0166,Samyang Buldak Original,Noodles,1,88,0,88
T2025000696,09/11/2025,13:37:00,P0299,Lotte Xylitol Green Gum,Snacks,5,55,0,275
T2025000696,09/11/2025,13:37:00,P0284,Kkokal Sweet Corn Snack,Snacks,3,80,0,240
T2025000696,09/11/2025,13:37:00,P0175,Samyang Jjajang Hot Chicken,Noodles,1,75,0,75
T2025000696,09/11/2025,13:37:00,P0208,Ottogi Jin Ramen Mild,Noodles,1,40,0,40
T2025000696,09/11/2025,13:37:00,P0168,Samyang Carbo Buldak,Noodles,2,88,0,176
T2025000697,09/11/2025,10:44:00,P0298,Pepero White Cookie,Snacks,2,55,0,110
T2025000697,09/11/2025,10:44:00,P0275,Haitai Sweet Potato Snack,Snacks,3,95,0,285
T2025000697,09/11/2025,10:44:00,P0241,CJ Anchovy Sauce 500g,Seasoned/Sauce/Powder,1,105,0,105
T2025000698,09/11/2025,17:22:00,P0135,KSD Peach Rice Wine 750mL,Liquor/Beverage,2,105,0,210
T2025000698,09/11/2025,17:22:00,P0299,Lotte Xylitol Green Gum,Snacks,3,55,0,165
T2025000698,09/11/2025,17:22:00,P0261,Lotte Choco Heim,Snacks,1,120,0.15,102
T2025000698,09/11/2025,17:22:00,P0245,Honey Butter Almond 190g,Snacks,1,420,0,420
T2025000699,09/11/2025,18:08:00,P0288,Nongshim Honey Rice Snack,Snacks,3,80,0.15,204
T2025000699,09/11/2025,18:08:00,P0295,Pepero Almond,Snacks,1,55,0,55
T2025000699,09/11/2025,18:08:00,P0213,Sempio Yondu 500mL,Seasoned/Sauce/Powder,2,345,0,690
T2025000700,09/11/2025,17:04:00,P0124,Terra Lager Beer 500mL,Liquor/Beverage,2,170,0,340
T2025000700,09/11/2025,17:04:00,P0183,Samyang Kimchi Ramen Bowl,Noodles,5,65,0,325
T2025000701,09/11/2025,16:26:00,P0140,Woongjin Yogurt Peach 340mL,Liquor/Beverage,3,60,0,180
T2025000702,09/11/2025,14:38:00,P0021,Bibigo Kimbab Kim 10Sheets,Dry Food,2,161,0,322
T2025000703,09/11/2025,17:44:00,P0295,Pepero Almond,Snacks,4,55,0,220
T2025000704,09/11/2025,17:30:00,P0272,Haitai  Sunkist Candy 125g,Snacks,1,95,0,95
T2025000704,09/11/2025,17:30:00,P0192,Nongshim Soon Veggie Ramen,Noodles,5,58,0,290
T2025000704,09/11/2025,17:30:00,P0196,Paldo Cheese Ramen,Noodles,4,55,0,220
T2025000704,09/11/2025,17:30:00,P0040,Ottogi Sweet Corn 340g,Dry Food,2,95,0.15,161.5
T2025000705,09/11/2025,19:32:00,P0114,Banana Milk 200mL 6Pcs,Liquor/Beverage,1,290,0,290
T2025000705,09/11/2025,19:32:00,P0207,Ottogi Yeul Ramen 120g,Noodles,2,40,0,80
T2025000705,09/11/2025,19:32:00,P0166,Samyang Buldak Original,Noodles,2,88,0,176
T2025000706,09/11/2025,17:54:00,P0127,Lets Be Mild Coffee Can 4Pcs,Liquor/Beverage,1,128,0,128
T2025000706,09/11/2025,17:54:00,P0260,Binch Biscuit,Snacks,2,120,0,240
T2025000706,09/11/2025,17:54:00,P0191,Paldo Teumsae Ramen,Noodles,1,60,0,60
T2025000706,09/11/2025,17:54:00,P0269,Lotte Soft Strawberry Milk Candy 79g,Snacks,1,105,0,105
T2025000706,09/11/2025,17:54:00,P0187,Paldo Bibim Men,Noodles,4,60,0,240
T2025000707,09/11/2025,16:31:00,P0297,Pepero Choco Filled,Snacks,5,55,0.15,233.75
T2025000707,09/11/2025,16:31:00,P0283,Orion Ogingo Ttangkong,Snacks,1,83,0,83
T2025000707,09/11/2025,16:31:00,P0293,Lotte Sand Biscuit,Snacks,2,75,0.1,135
T2025000708,09/11/2025,17:13:00,P0133,Sunhari Blueberry 360mL,Liquor/Beverage,3,120,0,360
T2025000708,09/11/2025,17:13:00,P0232,O'Food Tofu Stew Base,Seasoned/Sauce/Powder,2,135,0,270
T2025000709,09/11/2025,17:46:00,P0032,Samlip Mini Kimbap,Dry Food,3,120,0,360
T2025000709,09/11/2025,17:46:00,P0270,Samlip Custard Cream Cake,Snacks,2,105,0,210
T2025000709,09/11/2025,17:46:00,P0054,Chadolbagi Wagyu 500g,Food Fresh/Meat/Sidedish,1,475,0,475
T2025000709,09/11/2025,17:46:00,P0151,Samyang Buldak 4 Cheese Ramen 110g,Noodles,3,110,0,330
T2025000709,09/11/2025,17:46:00,P0195,Ottogi Jin Mild Small Cup,Noodles,4,55,0,220
T2025000710,09/11/2025,19:50:00,P0124,Terra Lager Beer 500mL,Liquor/Beverage,2,170,0,340
T2025000710,09/11/2025,19:50:00,P0245,Honey Butter Almond 190g,Snacks,1,420,0,420
T2025000710,09/11/2025,19:50:00,P0182,Paldo Ilpoom Jjajang,Noodles,4,65,0.15,221
T2025000710,09/11/2025,19:50:00,P0193,Paldo Gomtang Ramen,Noodles,4,56,0,224
T2025000710,09/11/2025,19:50:00,P0203,Jin Ramen Spicy Cup,Noodles,3,50,0,150
T2025000711,09/11/2025,20:03:00,P0125,Jinro Fresh Soju,Liquor/Beverage,1,170,0,170
T2025000711,09/11/2025,20:03:00,P0245,Honey Butter Almond 190g,Snacks,1,420,0,420
T2025000711,09/11/2025,20:03:00,P0152,Samyang Buldak Original Cup,Noodles,2,110,0.15,187
T2025000711,09/11/2025,20:03:00,P0207,Ottogi Yeul Ramen 120g,Noodles,5,40,0,200
T2025000711,09/11/2025,20:03:00,P0187,Paldo Bibim Men,Noodles,2,60,0,120
T2025000712,09/11/2025,12:19:00,P0288,Nongshim Honey Rice Snack,Snacks,2,80,0,160
T2025000712,09/11/2025,12:19:00,P0250,Haitai Honey Butter Almonds,Snacks,2,190,0,380
T2025000713,09/11/2025,17:40:00,P0145,Binggrae Melon Soda,Liquor/Beverage,2,60,0,120
T2025000713,09/11/2025,17:40:00,P0295,Pepero Almond,Snacks,2,55,0,110
T2025000713,09/11/2025,17:40:00,P0298,Pepero White Cookie,Snacks,2,55,0,110
T2025000713,09/11/2025,17:40:00,P0245,Honey Butter Almond 190g,Snacks,1,420,0,420
T2025000714,09/11/2025,18:27:00,P0142,Nongshim Welchs White Grape 355mL,Liquor/Beverage,5,60,0,300
T2025000715,09/11/2025,11:34:00,P0294,Pepero Strawberry,Snacks,4,55,0,220
T2025000715,09/11/2025,11:34:00,P0152,Samyang Buldak Original Cup,Noodles,1,110,0,110
T2025000715,09/11/2025,11:34:00,P0245,Honey Butter Almond 190g,Snacks,1,420,0,420
T2025000715,09/11/2025,11:34:00,P0264,Lotte Ghana Dark Chocolate,Snacks,3,115,0,345
T2025000715,09/11/2025,11:34:00,P0154,Nongshim Jjawang,Noodles,2,100,0,200
T2025000717,09/11/2025,20:52:00,P0124,Terra Lager Beer 500mL,Liquor/Beverage,1,170,0,170
T2025000717,09/11/2025,20:52:00,P0296,Lotte Cereal Choco,Snacks,4,55,0,220
T2025000717,09/11/2025,20:52:00,P0080,Samyang Buldak Original Spicy Mandu 700g,Food Frozen,1,410,0,410
T2025000718,09/11/2025,18:24:00,P0124,Terra Lager Beer 500mL,Liquor/Beverage,2,170,0,340
T2025000718,09/11/2025,18:24:00,P0263,Samlip Honey Castella,Snacks,2,120,0.05,228
T2025000718,09/11/2025,18:24:00,P0005,Ottogi Gold Mayonnaise 300g,Condiments,1,150,0,150
T2025000719,09/11/2025,11:37:00,P0245,Honey Butter Almond 190g,Snacks,1,420,0,420
T2025000719,09/11/2025,11:37:00,P0255,Bibigo Crispy Seaweed Snack,Snacks,2,140,0.05,266
T2025000719,09/11/2025,11:37:00,P0286,Crown Caramel Maple Corn,Snacks,1,80,0,80
T2025000719,09/11/2025,11:37:00,P0194,Shin Ramen Kimchi,Noodles,3,55,0,165
T2025000720,09/11/2025,11:21:00,P0123,Cass Cold Brewed Beer 500mL,Liquor/Beverage,2,170,0,340
T2025000720,09/11/2025,11:21:00,P0252,Lotte Banana Choco Pie 12Pcs,Snacks,2,180,0,360
T2025000721,09/11/2025,8:54:00,P0120,Aloe Vera Juice 1.5L,Liquor/Beverage,1,175,0,175
T2025000721,09/11/2025,8:54:00,P0179,Ottogi Ramen Bokki Cup,Noodles,1,69,0,69
T2025000721,09/11/2025,8:54:00,P0155,Nongshim Dungji Mul Nengmyeon (Cold Noodle),Noodles,3,95,0,285
T2025000721,09/11/2025,8:54:00,P0152,Samyang Buldak Original Cup,Noodles,1,110,0,110
T2025000722,09/11/2025,13:13:00,P0124,Terra Lager Beer 500mL,Liquor/Beverage,1,170,0,170
T2025000722,09/11/2025,13:13:00,P0298,Pepero White Cookie,Snacks,3,55,0.05,156.75
T2025000722,09/11/2025,13:13:00,P0299,Lotte Xylitol Green Gum,Snacks,5,55,0,275
T2025000722,09/11/2025,13:13:00,P0221,CJ  Gochujang 500g,Seasoned/Sauce/Powder,1,220,0,220
T2025000723,09/11/2025,20:26:00,P0268,Samlip Walnut Pie,Snacks,2,110,0,220
T2025000723,09/11/2025,20:26:00,P0165,Samyang Cream Carbo Buldak 140g,Noodles,3,88,0.15,224.4
T2025000723,09/11/2025,20:26:00,P0180,Samyang Curry Ramen,Noodles,1,68,0.05,64.6
T2025000723,09/11/2025,20:26:00,P0278,Haitai O! Karto Chips,Snacks,3,88,0,264
T2025000723,09/11/2025,20:26:00,P0001,Ottogi Sesame Oil 500mL,Condiments,1,590.5,0,590.5
T2025000724,09/11/2025,12:01:00,P0295,Pepero Almond,Snacks,3,55,0,165
T2025000724,09/11/2025,12:01:00,P0267,Lotte Pepero White Cookie,Snacks,3,110,0,330
T2025000724,09/11/2025,12:01:00,P0300,Can Choco Balls,Snacks,4,45,0,180
T2025000724,09/11/2025,12:01:00,P0226,CJ Beksul Sweet Korean Pancake Mix 400g,Seasoned/Sauce/Powder,1,155,0,155
T2025000725,09/11/2025,19:53:00,P0285,Corn Choco,Snacks,1,80,0,80
T2025000725,09/11/2025,19:53:00,P0193,Paldo Gomtang Ramen,Noodles,4,56,0.15,190.4
T2025000725,09/11/2025,19:53:00,P0230,CJ Beksul Pancake Sauce,Seasoned/Sauce/Powder,2,145,0.05,275.5
T2025000726,09/11/2025,11:22:00,P0143,Nongshim Welchs Grape 355mL,Liquor/Beverage,3,60,0,180
T2025000726,09/11/2025,11:22:00,P0298,Pepero White Cookie,Snacks,1,55,0,55
T2025000726,09/11/2025,11:22:00,P0284,Kkokal Sweet Corn Snack,Snacks,2,80,0,160
