Transaction_Id,Date,Time,Product_ID,Product_Name,Category,Quantity,Unit_Price,Discount,Total_Amount
T2025000001,2025-11-03,14:58:00,P0023,Dongwon  Luncheon Meat 340g,Dry Food,5,155.0,0.0,775.0
T2025000001,2025-11-03,14:58:00,P0022,Ottogi Tteokbokki Cup,Dry Food,5,160.0,0.0,800.0
T2025000001,2025-11-03,14:58:00,P0038,(Kaya) Korean Rice 1Kg,Dry Food,4,100.0,0.0,400.0
T2025000001,2025-11-03,14:58:00,P0019,Haepyo Crispy Seaweed 9Pcs,Dry Food,6,188.0,0.0,1128.0
T2025000002,2025-11-03,08:49:00,P0008,Ottogi Corn Syrup,Condiments,5,98.0,0.0,490.0
T2025000002,2025-11-03,08:49:00,P0004,O'Food Korean Chili Oil,Condiments,5,160.0,0.0,800.0
T2025000002,2025-11-03,08:49:00,P0002,Ottogi Gold Mayonnaise 500g,Condiments,1,235.0,0.0,235.0
T2025000002,2025-11-03,08:49:00,P0007,Samyang Spicy Mayo,Condiments,8,130.0,0.1,936.0
T2025000003,2025-11-03,13:31:00,P0002,Ottogi Gold Mayonnaise 500g,Condiments,7,235.0,0.0,1645.0
T2025000003,2025-11-03,13:31:00,P0007,Samyang Spicy Mayo,Condiments,9,130.0,0.0,1170.0
T2025000003,2025-11-03,13:31:00,P0001,Ottogi Sesame Oil 500mL,Condiments,9,590.5,0.0,5314.5
T2025000003,2025-11-03,13:31:00,P0009,CJ Beksul Corn Syrup,Condiments,4,95.0,0.0,380.0
T2025000004,2025-11-03,13:53:00,P0102,MWC Tteok Galbi Bar,Food Frozen,2,75.0,0.0,150.0
T2025000004,2025-11-03,13:53:00,P0075,Bibigo Mul Mandu 370g 2Packs,Food Frozen,4,695.0,0.0,2780.0
T2025000004,2025-11-03,13:53:00,P0097,Daerim  Cheese Vienna Sausage 105g,Food Frozen,5,120.0,0.15,510.0
T2025000004,2025-11-03,13:53:00,P0083,Moguchon Smoked Bacon 200g,Food Frozen,5,320.0,0.15,1360.0
T2025000004,2025-11-03,13:53:00,P0082,Daerim  Crab Sticks 1Kg,Food Frozen,9,350.0,0.0,3150.0
T2025000004,2025-11-03,13:53:00,P0090,Nongmin Rice Cake 1Kg,Food Frozen,2,220.0,0.0,440.0
T2025000005,2025-11-03,17:05:00,P0039,Ottogi 3Mins Curry,Dry Food,3,99.0,0.25,222.75
T2025000005,2025-11-03,17:05:00,P0044,Ottogi Vegetable Soup 80g,Dry Food,5,90.0,0.0,450.0
T2025000006,2025-11-03,08:04:00,P0203,Jin Ramen Spicy Cup,Noodles,2,50.0,0.0,100.0
T2025000006,2025-11-03,08:04:00,P0183,Samyang Kimchi Ramen Bowl,Noodles,4,65.0,0.0,260.0
T2025000006,2025-11-03,08:04:00,P0184,Nongshim Baehongdong Bibimyeon 137g,Noodles,4,61.0,0.0,244.0
T2025000006,2025-11-03,08:04:00,P0208,Ottogi Jin Ramen Mild,Noodles,8,40.0,0.0,320.0
T2025000006,2025-11-03,08:04:00,P0159,Nongshim Neuguri Cup 111g,Noodles,7,90.0,0.0,630.0
T2025000006,2025-11-03,08:04:00,P0207,Ottogi Yeul Ramen 120g,Noodles,5,40.0,0.0,200.0
T2025000007,2025-11-03,21:20:00,P0106,Mocha Gold Coffee 100Sticks,Liquor/Beverage,9,1100.0,0.15,8415.0
T2025000007,2025-11-03,21:20:00,P0147,Binggrae Coffee Milk,Liquor/Beverage,1,48.0,0.0,48.0
T2025000008,2025-11-03,17:15:00,P0207,Ottogi Yeul Ramen 120g,Noodles,8,40.0,0.0,320.0
T2025000009,2025-11-03,11:43:00,P0297,Pepero Choco Filled,Snacks,9,55.0,0.0,495.0
T2025000009,2025-11-03,11:43:00,P0294,Pepero Strawberry,Snacks,4,55.0,0.0,220.0
T2025000009,2025-11-03,11:43:00,P0258,Orion Custard Choco Cake,Snacks,3,130.0,0.0,390.0
T2025000009,2025-11-03,11:43:00,P0259,Nongshim Sengseng U-Dong,Snacks,2,125.0,0.0,250.0
T2025000010,2025-11-03,15:25:00,P0190,Nongshim Tempura Udon Cup,Noodles,5,60.0,0.0,300.0
T2025000011,2025-11-03,09:24:00,P0182,Paldo Ilpoom Jjajang,Noodles,10,65.0,0.0,650.0
T2025000011,2025-11-03,09:24:00,P0206,Nongshim Chapagetti,Noodles,7,45.0,0.0,315.0
T2025000011,2025-11-03,09:24:00,P0168,Samyang Carbo Buldak,Noodles,2,88.0,0.0,176.0
T2025000012,2025-11-03,18:56:00,P0036,Dongwon  Tuna Light Can 150g,Dry Food,5,110.0,0.0,550.0
T2025000012,2025-11-03,18:56:00,P0046,CJ Beksul Potato Starch,Dry Food,3,85.0,0.0,255.0
T2025000012,2025-11-03,18:56:00,P0019,Haepyo Crispy Seaweed 9Pcs,Dry Food,3,188.0,0.0,564.0
T2025000013,2025-11-03,20:34:00,P0033,CJ Beksul Frying Mix,Dry Food,6,120.0,0.0,720.0
T2025000013,2025-11-03,20:34:00,P0020,CJ Beksul Hotteok Mix,Dry Food,8,185.0,0.0,1480.0
T2025000013,2025-11-03,20:34:00,P0018,(Kaya) Korean Rice 1.5Kg,Dry Food,6,190.0,0.0,1140.0
T2025000014,2025-11-03,19:34:00,P0053,Shine Spicy Pork Bulgogi Pack,Food Fresh/Meat/Sidedish,5,500.0,0.0,2500.0
T2025000014,2025-11-03,19:34:00,P0064,Kimbab Radish 400g,Food Fresh/Meat/Sidedish,7,185.0,0.0,1295.0
T2025000014,2025-11-03,19:34:00,P0073,Perilla Leaves 2Packs,Food Fresh/Meat/Sidedish,10,40.0,0.0,400.0
T2025000014,2025-11-03,19:34:00,P0056,Us Beef Strips 500g,Food Fresh/Meat/Sidedish,6,375.0,0.0,2250.0
T2025000015,2025-11-03,18:38:00,P0036,Dongwon  Tuna Light Can 150g,Dry Food,4,110.0,0.0,440.0
T2025000015,2025-11-03,18:38:00,P0039,Ottogi 3Mins Curry,Dry Food,2,99.0,0.0,198.0
T2025000015,2025-11-03,18:38:00,P0028,CJ Bibigo Seaweed Soup,Dry Food,7,140.0,0.0,980.0
T2025000016,2025-11-03,21:03:00,P0052,Shine Beef Bulgogi Pack,Food Fresh/Meat/Sidedish,7,550.0,0.25,2887.5
T2025000016,2025-11-03,21:03:00,P0068,Enoki Mushroom 150G 2Packs,Food Fresh/Meat/Sidedish,8,120.0,0.0,960.0
T2025000016,2025-11-03,21:03:00,P0063,Our Home Kimchi 1Kg Jar,Food Fresh/Meat/Sidedish,2,190.0,0.0,380.0
T2025000016,2025-11-03,21:03:00,P0061,Dried Anchovy Medium 100g,Food Fresh/Meat/Sidedish,2,240.0,0.0,480.0
T2025000017,2025-11-03,20:47:00,P0295,Pepero Almond,Snacks,2,55.0,0.0,110.0
T2025000017,2025-11-03,20:47:00,P0256,Orion Custard Cake,Snacks,6,130.0,0.0,780.0
T2025000018,2025-11-03,11:51:00,P0236,CJ  Soybean Paste 500g,Seasoned/Sauce/Powder,3,123.0,0.0,369.0
T2025000018,2025-11-03,11:51:00,P0214,Jin Soy Sauce Rich & Savory 860mL,Seasoned/Sauce/Powder,3,315.0,0.0,945.0
T2025000018,2025-11-03,11:51:00,P0239,Ottogi Curry Hot,Seasoned/Sauce/Powder,4,115.0,0.0,460.0
T2025000019,2025-11-03,19:25:00,P0203,Jin Ramen Spicy Cup,Noodles,2,50.0,0.0,100.0
T2025000019,2025-11-03,19:25:00,P0165,Samyang Cream Carbo Buldak 140g,Noodles,8,88.0,0.0,704.0
T2025000019,2025-11-03,19:25:00,P0181,Paldo Bibim Cold Noodles,Noodles,2,65.0,0.0,130.0
T2025000020,2025-11-03,20:39:00,P0083,Moguchon Smoked Bacon 200g,Food Frozen,9,320.0,0.0,2880.0
T2025000020,2025-11-03,20:39:00,P0086,CJ Bibigo Gyoza Dumplings,Food Frozen,3,270.0,0.0,810.0
T2025000020,2025-11-03,20:39:00,P0093,Bibigo Kimchi Fried Rice,Food Frozen,7,190.0,0.0,1330.0
T2025000020,2025-11-03,20:39:00,P0077,Daerim  Vienna Sausage 1Kg,Food Frozen,9,580.0,0.0,5220.0
T2025000020,2025-11-03,20:39:00,P0078,Spanish Mackerel 340g,Food Frozen,1,500.0,0.0,500.0
T2025000021,2025-11-03,13:37:00,P0237,O'Food Tteokbokki Sauce,Seasoned/Sauce/Powder,2,120.0,0.05,228.0
T2025000021,2025-11-03,13:37:00,P0218,CJ Beksul Beef Bulgogi Sauce 500g,Seasoned/Sauce/Powder,1,250.0,0.0,250.0
T2025000021,2025-11-03,13:37:00,P0240,Ottogi Spaghetti Sauce,Seasoned/Sauce/Powder,9,115.0,0.0,1035.0
T2025000021,2025-11-03,13:37:00,P0224,Seasoned Seaweed 200g,Seasoned/Sauce/Powder,6,190.0,0.0,1140.0
T2025000022,2025-11-03,20:08:00,P0009,CJ Beksul Corn Syrup,Condiments,6,95.0,0.0,570.0
T2025000023,2025-11-03,14:51:00,P0046,CJ Beksul Potato Starch,Dry Food,6,85.0,0.0,510.0
T2025000023,2025-11-03,14:51:00,P0047,Dongwon Spicy Tuna,Dry Food,5,80.0,0.0,400.0
T2025000023,2025-11-03,14:51:00,P0042,CJ Hetbahn Brown Rice,Dry Food,1,95.0,0.0,95.0
T2025000023,2025-11-03,14:51:00,P0036,Dongwon  Tuna Light Can 150g,Dry Food,2,110.0,0.0,220.0
T2025000023,2025-11-03,14:51:00,P0033,CJ Beksul Frying Mix,Dry Food,9,120.0,0.0,1080.0
T2025000024,2025-11-03,14:46:00,P0048,Dongwon Light Tuna,Dry Food,5,75.0,0.0,375.0
T2025000024,2025-11-03,14:46:00,P0027,Yopokki Cheese 240g,Dry Food,9,145.0,0.0,1305.0
T2025000024,2025-11-03,14:46:00,P0028,CJ Bibigo Seaweed Soup,Dry Food,7,140.0,0.1,882.0
T2025000025,2025-11-03,11:05:00,P0043,CJ Hetbahn Cooked Barley,Dry Food,3,95.0,0.0,285.0
T2025000026,2025-11-03,21:46:00,P0004,O'Food Korean Chili Oil,Condiments,3,160.0,0.0,480.0
T2025000026,2025-11-03,21:46:00,P0001,Ottogi Sesame Oil 500mL,Condiments,5,590.5,0.0,2952.5
T2025000027,2025-11-03,11:55:00,P0123,Cass Cold Brewed Beer 500mL,Liquor/Beverage,3,170.0,0.0,510.0
T2025000027,2025-11-03,11:55:00,P0134,KSD Green Grape Rice Wine 750mL,Liquor/Beverage,4,105.0,0.0,420.0
T2025000028,2025-11-03,21:33:00,P0081,Assi Shrimp Wanton 600g,Food Frozen,9,400.0,0.05,3420.0
T2025000028,2025-11-03,21:33:00,P0083,Moguchon Smoked Bacon 200g,Food Frozen,8,320.0,0.0,2560.0
T2025000028,2025-11-03,21:33:00,P0104,Pepero Original,Food Frozen,5,55.0,0.0,275.0
T2025000028,2025-11-03,21:33:00,P0089,Jongga Rice Cake 1Kg,Food Frozen,3,230.0,0.1,621.0
T2025000028,2025-11-03,21:33:00,P0088,Dongwon  Real Crabs 144g ,Food Frozen,6,259.0,0.15,1320.9
T2025000028,2025-11-03,21:33:00,P0099,Daerim  Chaw Spicy Stick 90g,Food Frozen,7,80.0,0.0,560.0
T2025000029,2025-11-03,15:34:00,P0035,CJ  Multi-Grains Cooked Rice 210g,Dry Food,2,110.0,0.0,220.0
T2025000029,2025-11-03,15:34:00,P0021,Bibigo Kimbab Kim 10Sheets,Dry Food,3,161.0,0.0,483.0
T2025000030,2025-11-03,21:56:00,P0041,CJ Hetbahn Multi-Grain Rice,Dry Food,6,95.0,0.0,570.0
T2025000030,2025-11-03,21:56:00,P0043,CJ Hetbahn Cooked Barley,Dry Food,5,95.0,0.0,475.0
T2025000030,2025-11-03,21:56:00,P0031,Yopokki Cheese Cup 120g,Dry Food,9,120.0,0.0,1080.0
T2025000030,2025-11-03,21:56:00,P0025,Sempio Yellow Peach In Can 400g,Dry Food,5,145.0,0.0,725.0
T2025000030,2025-11-03,21:56:00,P0018,(Kaya) Korean Rice 1.5Kg,Dry Food,3,190.0,0.0,570.0
T2025000030,2025-11-03,21:56:00,P0047,Dongwon Spicy Tuna,Dry Food,1,80.0,0.0,80.0
T2025000031,2025-11-03,15:53:00,P0014,Bibigo Beef Seaweed Soup,Dry Food,2,264.0,0.0,528.0
T2025000031,2025-11-03,15:53:00,P0033,CJ Beksul Frying Mix,Dry Food,3,120.0,0.0,360.0
T2025000031,2025-11-03,15:53:00,P0045,CJ Beksul Wheat Flour,Dry Food,2,90.0,0.0,180.0
T2025000031,2025-11-03,15:53:00,P0019,Haepyo Crispy Seaweed 9Pcs,Dry Food,6,188.0,0.0,1128.0
T2025000031,2025-11-03,15:53:00,P0046,CJ Beksul Potato Starch,Dry Food,7,85.0,0.0,595.0
T2025000032,2025-11-03,08:07:00,P0111,Maxim Kanu Ice Latte 10 Sticks,Liquor/Beverage,4,360.0,0.0,1440.0
T2025000032,2025-11-03,08:07:00,P0138,Kirin Ichiban Beer 330mL,Liquor/Beverage,7,68.0,0.2,380.8
T2025000032,2025-11-03,08:07:00,P0117,Maxim Kanu Dark Roast 10 Sticks,Liquor/Beverage,9,260.0,0.0,2340.0
T2025000033,2025-11-03,18:35:00,P0004,O'Food Korean Chili Oil,Condiments,6,160.0,0.25,720.0
T2025000033,2025-11-03,18:35:00,P0007,Samyang Spicy Mayo,Condiments,10,130.0,0.0,1300.0
T2025000033,2025-11-03,18:35:00,P0005,Ottogi Gold Mayonnaise 300g,Condiments,2,150.0,0.0,300.0
T2025000033,2025-11-03,18:35:00,P0008,Ottogi Corn Syrup,Condiments,9,98.0,0.0,882.0
T2025000033,2025-11-03,18:35:00,P0002,Ottogi Gold Mayonnaise 500g,Condiments,5,235.0,0.0,1175.0
T2025000034,2025-11-03,20:29:00,P0006,Chung Jung One Soy Sauce,Condiments,6,140.0,0.0,840.0
T2025000034,2025-11-03,20:29:00,P0007,Samyang Spicy Mayo,Condiments,2,130.0,0.2,208.0
T2025000034,2025-11-03,20:29:00,P0001,Ottogi Sesame Oil 500mL,Condiments,10,590.5,0.0,5905.0
T2025000035,2025-11-03,20:09:00,P0172,Ottogi Jin Hot Big Cup,Noodles,2,75.0,0.0,150.0
T2025000036,2025-11-03,20:52:00,P0126,Woongjin Yogurt Pineapple 1.5L,Liquor/Beverage,5,135.0,0.1,607.5
T2025000036,2025-11-03,20:52:00,P0146,Binggrae Yogurt Drink,Liquor/Beverage,10,55.0,0.0,550.0
T2025000036,2025-11-03,20:52:00,P0148,Binggrae Strawberry Milk,Liquor/Beverage,7,45.0,0.0,315.0
T2025000036,2025-11-03,20:52:00,P0113,Binggre Melon Milk 200mL 6Pcs,Liquor/Beverage,2,290.0,0.0,580.0
T2025000036,2025-11-03,20:52:00,P0110,Mitte Hot Choco Original 300g,Liquor/Beverage,1,370.0,0.0,370.0
T2025000037,2025-11-03,13:44:00,P0047,Dongwon Spicy Tuna,Dry Food,6,80.0,0.15,408.0
T2025000037,2025-11-03,13:44:00,P0032,Samlip Mini Kimbap,Dry Food,3,120.0,0.0,360.0
T2025000037,2025-11-03,13:44:00,P0043,CJ Hetbahn Cooked Barley,Dry Food,6,95.0,0.0,570.0
T2025000037,2025-11-03,13:44:00,P0037,Ottogi Cup Spaghetti,Dry Food,8,110.0,0.0,880.0
T2025000037,2025-11-03,13:44:00,P0036,Dongwon  Tuna Light Can 150g,Dry Food,6,110.0,0.0,660.0
T2025000038,2025-11-03,17:45:00,P0058,Homemade Kimchi 850g,Food Fresh/Meat/Sidedish,8,290.0,0.0,2320.0
T2025000038,2025-11-03,17:45:00,P0064,Kimbab Radish 400g,Food Fresh/Meat/Sidedish,5,185.0,0.0,925.0
T2025000038,2025-11-03,17:45:00,P0061,Dried Anchovy Medium 100g,Food Fresh/Meat/Sidedish,7,240.0,0.0,1680.0
T2025000038,2025-11-03,17:45:00,P0050,Boneless Rib Eye 250g,Food Fresh/Meat/Sidedish,10,750.0,0.0,7500.0
T2025000039,2025-11-03,20:12:00,P0141,Woongjin Yogurt Apple 340mL,Liquor/Beverage,5,60.0,0.0,300.0
T2025000039,2025-11-03,20:12:00,P0125,Jinro Fresh Soju,Liquor/Beverage,10,170.0,0.0,1700.0
T2025000039,2025-11-03,20:12:00,P0140,Woongjin Yogurt Peach 340mL,Liquor/Beverage,8,60.0,0.0,480.0
T2025000039,2025-11-03,20:12:00,P0135,KSD Peach Rice Wine 750mL,Liquor/Beverage,3,105.0,0.0,315.0
T2025000039,2025-11-03,20:12:00,P0127,Lets Be Mild Coffee Can 4Pcs,Liquor/Beverage,9,128.0,0.15,979.2
T2025000039,2025-11-03,20:12:00,P0118,Brown Rice Green Tea 50Pcs,Liquor/Beverage,7,257.0,0.0,1799.0
T2025000040,2025-11-03,18:54:00,P0220,CJ  Tteokbokki Sauce 150G 2Pcs,Seasoned/Sauce/Powder,3,235.0,0.25,528.75
T2025000040,2025-11-03,18:54:00,P0213,Sempio Yondu 500mL,Seasoned/Sauce/Powder,8,345.0,0.15,2346.0
T2025000040,2025-11-03,18:54:00,P0225,Chung Jung One Soybean Paste,Seasoned/Sauce/Powder,10,160.0,0.0,1600.0
T2025000040,2025-11-03,18:54:00,P0235,O'Food Kimchi Base Sauce,Seasoned/Sauce/Powder,7,130.0,0.0,910.0
T2025000040,2025-11-03,18:54:00,P0212,Beef Dasida (Soup Stock) 1Kg,Seasoned/Sauce/Powder,10,550.0,0.0,5500.0
T2025000041,2025-11-03,17:38:00,P0007,Samyang Spicy Mayo,Condiments,3,130.0,0.0,390.0
T2025000041,2025-11-03,17:38:00,P0001,Ottogi Sesame Oil 500mL,Condiments,3,590.5,0.05,1682.92
T2025000041,2025-11-03,17:38:00,P0004,O'Food Korean Chili Oil,Condiments,3,160.0,0.0,480.0
T2025000041,2025-11-03,17:38:00,P0009,CJ Beksul Corn Syrup,Condiments,9,95.0,0.0,855.0
T2025000042,2025-11-03,15:35:00,P0217,Ottogi Roasted Sesame Seeds 200g,Seasoned/Sauce/Powder,9,255.0,0.0,2295.0
T2025000042,2025-11-03,15:35:00,P0227,CJ Beksul Beef Bulgogi Sauce 290g,Seasoned/Sauce/Powder,10,150.0,0.0,1500.0
T2025000043,2025-11-03,16:50:00,P0034,CJ  Cooked Rice,Dry Food,4,116.0,0.2,371.2
T2025000043,2025-11-03,16:50:00,P0031,Yopokki Cheese Cup 120g,Dry Food,3,120.0,0.0,360.0
T2025000043,2025-11-03,16:50:00,P0038,(Kaya) Korean Rice 1Kg,Dry Food,10,100.0,0.0,1000.0
T2025000043,2025-11-03,16:50:00,P0017,Bibigo Seaweed Flakes 50g,Dry Food,9,210.0,0.0,1890.0
T2025000043,2025-11-03,16:50:00,P0032,Samlip Mini Kimbap,Dry Food,4,120.0,0.0,480.0
T2025000043,2025-11-03,16:50:00,P0026,Yopokki Sweet & Spicy 280g,Dry Food,8,145.0,0.0,1160.0
T2025000044,2025-11-03,16:47:00,P0023,Dongwon  Luncheon Meat 340g,Dry Food,10,155.0,0.05,1472.5
T2025000044,2025-11-03,16:47:00,P0019,Haepyo Crispy Seaweed 9Pcs,Dry Food,4,188.0,0.0,752.0
T2025000044,2025-11-03,16:47:00,P0021,Bibigo Kimbab Kim 10Sheets,Dry Food,9,161.0,0.0,1449.0
T2025000044,2025-11-03,16:47:00,P0044,Ottogi Vegetable Soup 80g,Dry Food,4,90.0,0.0,360.0
T2025000044,2025-11-03,16:47:00,P0032,Samlip Mini Kimbap,Dry Food,7,120.0,0.0,840.0
T2025000044,2025-11-03,16:47:00,P0026,Yopokki Sweet & Spicy 280g,Dry Food,5,145.0,0.0,725.0
T2025000045,2025-11-03,15:04:00,P0091,CJ Bibigo Japchae,Food Frozen,7,220.0,0.0,1540.0
T2025000046,2025-11-03,18:09:00,P0067,Wasabi Radish Wrapper 340g,Food Fresh/Meat/Sidedish,7,145.0,0.0,1015.0
T2025000046,2025-11-03,18:09:00,P0050,Boneless Rib Eye 250g,Food Fresh/Meat/Sidedish,10,750.0,0.0,7500.0
T2025000046,2025-11-03,18:09:00,P0066,Imported Kimchi Big Tub 850g,Food Fresh/Meat/Sidedish,2,150.0,0.0,300.0
T2025000046,2025-11-03,18:09:00,P0054,Chadolbagi Wagyu 500g,Food Fresh/Meat/Sidedish,10,475.0,0.0,4750.0
T2025000046,2025-11-03,18:09:00,P0058,Homemade Kimchi 850g,Food Fresh/Meat/Sidedish,5,290.0,0.0,1450.0
T2025000047,2025-11-03,09:47:00,P0070,Skinless Garlic 150G,Food Fresh/Meat/Sidedish,3,65.0,0.2,156.0
T2025000047,2025-11-03,09:47:00,P0065,Sempio Spicy Stir-Fried Dried Squid,Food Fresh/Meat/Sidedish,6,175.0,0.0,1050.0
T2025000047,2025-11-03,09:47:00,P0050,Boneless Rib Eye 250g,Food Fresh/Meat/Sidedish,3,750.0,0.0,2250.0
T2025000047,2025-11-03,09:47:00,P0067,Wasabi Radish Wrapper 340g,Food Fresh/Meat/Sidedish,7,145.0,0.0,1015.0
T2025000047,2025-11-03,09:47:00,P0069,Bibigo Beef Bone Soup,Food Fresh/Meat/Sidedish,5,110.0,0.0,550.0
T2025000048,2025-11-03,11:36:00,P0070,Skinless Garlic 150G,Food Fresh/Meat/Sidedish,8,65.0,0.0,520.0
T2025000048,2025-11-03,11:36:00,P0059,Pork Belly (Samgyupsal) 500g,Food Fresh/Meat/Sidedish,8,275.0,0.0,2200.0
T2025000048,2025-11-03,11:36:00,P0064,Kimbab Radish 400g,Food Fresh/Meat/Sidedish,10,185.0,0.0,1850.0
T2025000048,2025-11-03,11:36:00,P0071,Kongsarang Firm Tofu,Food Fresh/Meat/Sidedish,3,65.0,0.0,195.0
T2025000048,2025-11-03,11:36:00,P0066,Imported Kimchi Big Tub 850g,Food Fresh/Meat/Sidedish,3,150.0,0.0,450.0
T2025000048,2025-11-03,11:36:00,P0062,Dried Anchovy Small 100g,Food Fresh/Meat/Sidedish,1,240.0,0.0,240.0
T2025000049,2025-11-03,11:39:00,P0237,O'Food Tteokbokki Sauce,Seasoned/Sauce/Powder,9,120.0,0.05,1026.0
T2025000050,2025-11-03,21:15:00,P0269,Lotte Soft Strawberry Milk Candy 79g,Snacks,4,105.0,0.2,336.0
T2025000050,2025-11-03,21:15:00,P0296,Lotte Cereal Choco,Snacks,3,55.0,0.25,123.75
T2025000051,2025-11-03,12:23:00,P0139,Paldo Pororo Juice,Liquor/Beverage,6,65.0,0.2,312.0
T2025000051,2025-11-03,12:23:00,P0148,Binggrae Strawberry Milk,Liquor/Beverage,7,45.0,0.0,315.0
T2025000051,2025-11-03,12:23:00,P0109,(꽃샘) Concentrated Flavored Drink 600g,Liquor/Beverage,9,370.0,0.0,3330.0
T2025000051,2025-11-03,12:23:00,P0108,Ottogi Honey Citron Tea 1Kg,Liquor/Beverage,10,530.0,0.0,5300.0
T2025000052,2025-11-03,17:21:00,P0161,Paldo Wang Cup,Noodles,9,90.0,0.0,810.0
T2025000052,2025-11-03,17:21:00,P0192,Nongshim Soon Veggie Ramen,Noodles,2,58.0,0.0,116.0
T2025000053,2025-11-03,14:44:00,P0214,Jin Soy Sauce Rich & Savory 860mL,Seasoned/Sauce/Powder,5,315.0,0.0,1575.0
T2025000053,2025-11-03,14:44:00,P0228,Sempio Gochujang (500g),Seasoned/Sauce/Powder,10,145.0,0.0,1450.0
T2025000053,2025-11-03,14:44:00,P0219,CJ Beksul Spicy Pork Sauce 500g,Seasoned/Sauce/Powder,10,240.0,0.0,2400.0
T2025000053,2025-11-03,14:44:00,P0239,Ottogi Curry Hot,Seasoned/Sauce/Powder,1,115.0,0.0,115.0
T2025000054,2025-11-03,19:17:00,P0234,CJ Beksul Spicy Pork Sauce 290g,Seasoned/Sauce/Powder,10,130.0,0.0,1300.0
T2025000054,2025-11-03,19:17:00,P0235,O'Food Kimchi Base Sauce,Seasoned/Sauce/Powder,8,130.0,0.0,1040.0
T2025000054,2025-11-03,19:17:00,P0231,O'Food Bulgogi Marinade,Seasoned/Sauce/Powder,9,145.0,0.0,1305.0
T2025000054,2025-11-03,19:17:00,P0219,CJ Beksul Spicy Pork Sauce 500g,Seasoned/Sauce/Powder,9,240.0,0.0,2160.0
T2025000054,2025-11-03,19:17:00,P0218,CJ Beksul Beef Bulgogi Sauce 500g,Seasoned/Sauce/Powder,9,250.0,0.0,2250.0
T2025000055,2025-11-03,08:17:00,P0199,Paldo Koreno Shrimp Noodle,Noodles,7,50.0,0.0,350.0
T2025000055,2025-11-03,08:17:00,P0191,Paldo Teumsae Ramen,Noodles,10,60.0,0.25,450.0
T2025000055,2025-11-03,08:17:00,P0175,Samyang Jjajang Hot Chicken,Noodles,4,75.0,0.0,300.0
T2025000055,2025-11-03,08:17:00,P0203,Jin Ramen Spicy Cup,Noodles,5,50.0,0.2,200.0
T2025000055,2025-11-03,08:17:00,P0200,Paldo Koreno Kimchi Noodle,Noodles,5,50.0,0.0,250.0
T2025000056,2025-11-03,12:48:00,P0152,Samyang Buldak Original Cup,Noodles,8,110.0,0.1,792.0
T2025000056,2025-11-03,12:48:00,P0180,Samyang Curry Ramen,Noodles,8,68.0,0.0,544.0
T2025000056,2025-11-03,12:48:00,P0202,Nongshim Ansung Tangmen,Noodles,2,50.0,0.0,100.0
T2025000056,2025-11-03,12:48:00,P0208,Ottogi Jin Ramen Mild,Noodles,3,40.0,0.0,120.0
T2025000056,2025-11-03,12:48:00,P0211,Ottogi Jin Ramen Hot,Noodles,2,40.0,0.0,80.0
T2025000057,2025-11-03,15:50:00,P0213,Sempio Yondu 500mL,Seasoned/Sauce/Powder,7,345.0,0.05,2294.25
T2025000057,2025-11-03,15:50:00,P0214,Jin Soy Sauce Rich & Savory 860mL,Seasoned/Sauce/Powder,8,315.0,0.1,2268.0
T2025000057,2025-11-03,15:50:00,P0223,Jin Soy Sauce For Soup 860mL,Seasoned/Sauce/Powder,10,205.0,0.0,2050.0
T2025000057,2025-11-03,15:50:00,P0218,CJ Beksul Beef Bulgogi Sauce 500g,Seasoned/Sauce/Powder,8,250.0,0.0,2000.0
T2025000057,2025-11-03,15:50:00,P0232,O'Food Tofu Stew Base,Seasoned/Sauce/Powder,4,135.0,0.0,540.0
T2025000057,2025-11-03,15:50:00,P0233,O'Food Korean Fried Chicken Sauce,Seasoned/Sauce/Powder,10,135.0,0.0,1350.0
T2025000058,2025-11-03,19:42:00,P0029,CJ Beksul Pancake Flour,Dry Food,6,125.0,0.25,562.5
T2025000059,2025-11-03,17:18:00,P0080,Samyang Buldak Original Spicy Mandu 700g,Food Frozen,9,410.0,0.0,3690.0
T2025000059,2025-11-03,17:18:00,P0097,Daerim  Cheese Vienna Sausage 105g,Food Frozen,5,120.0,0.0,600.0
T2025000059,2025-11-03,17:18:00,P0082,Daerim  Crab Sticks 1Kg,Food Frozen,7,350.0,0.0,2450.0
T2025000059,2025-11-03,17:18:00,P0077,Daerim  Vienna Sausage 1Kg,Food Frozen,10,580.0,0.0,5800.0
T2025000059,2025-11-03,17:18:00,P0084,Assi Vegetable Dumplings 675g,Food Frozen,5,285.0,0.0,1425.0
T2025000059,2025-11-03,17:18:00,P0078,Spanish Mackerel 340g,Food Frozen,10,500.0,0.1,4500.0
T2025000060,2025-11-03,13:37:00,P0021,Bibigo Kimbab Kim 10Sheets,Dry Food,2,161.0,0.0,322.0
T2025000061,2025-11-03,20:32:00,P0084,Assi Vegetable Dumplings 675g,Food Frozen,1,285.0,0.0,285.0
T2025000061,2025-11-03,20:32:00,P0080,Samyang Buldak Original Spicy Mandu 700g,Food Frozen,10,410.0,0.0,4100.0
T2025000061,2025-11-03,20:32:00,P0092,Daerim  Crab Stick 500g,Food Frozen,8,210.0,0.0,1680.0
T2025000061,2025-11-03,20:32:00,P0101,Daerim  Fish Cake Stick,Food Frozen,8,77.0,0.1,554.4
T2025000061,2025-11-03,20:32:00,P0076,CJ  Crispy Hotdog,Food Frozen,8,640.0,0.25,3840.0
T2025000062,2025-11-03,20:52:00,P0021,Bibigo Kimbab Kim 10Sheets,Dry Food,2,161.0,0.0,322.0
T2025000062,2025-11-03,20:52:00,P0022,Ottogi Tteokbokki Cup,Dry Food,9,160.0,0.0,1440.0
T2025000062,2025-11-03,20:52:00,P0015,(Dae Joo) Gochugaru 500g,Dry Food,1,255.0,0.0,255.0
T2025000062,2025-11-03,20:52:00,P0042,CJ Hetbahn Brown Rice,Dry Food,9,95.0,0.0,855.0
T2025000062,2025-11-03,20:52:00,P0034,CJ  Cooked Rice,Dry Food,9,116.0,0.2,835.2
T2025000063,2025-11-03,08:46:00,P0023,Dongwon  Luncheon Meat 340g,Dry Food,7,155.0,0.0,1085.0
T2025000063,2025-11-03,08:46:00,P0021,Bibigo Kimbab Kim 10Sheets,Dry Food,6,161.0,0.0,966.0
T2025000063,2025-11-03,08:46:00,P0041,CJ Hetbahn Multi-Grain Rice,Dry Food,1,95.0,0.0,95.0
T2025000063,2025-11-03,08:46:00,P0040,Ottogi Sweet Corn 340g,Dry Food,4,95.0,0.0,380.0
T2025000063,2025-11-03,08:46:00,P0028,CJ Bibigo Seaweed Soup,Dry Food,7,140.0,0.0,980.0
T2025000063,2025-11-03,08:46:00,P0029,CJ Beksul Pancake Flour,Dry Food,8,125.0,0.0,1000.0
T2025000064,2025-11-03,21:11:00,P0045,CJ Beksul Wheat Flour,Dry Food,7,90.0,0.25,472.5
T2025000065,2025-11-03,19:32:00,P0130,Sunhari Apple 360mL,Liquor/Beverage,9,120.0,0.0,1080.0
T2025000065,2025-11-03,19:32:00,P0133,Sunhari Blueberry 360mL,Liquor/Beverage,1,120.0,0.0,120.0
T2025000065,2025-11-03,19:32:00,P0144,Nongshim Welchs Strawberry 355mL,Liquor/Beverage,1,60.0,0.0,60.0
T2025000065,2025-11-03,19:32:00,P0138,Kirin Ichiban Beer 330mL,Liquor/Beverage,10,68.0,0.0,680.0
T2025000066,2025-11-03,14:35:00,P0163,Samyang Buldak Rose 140g,Noodles,10,88.0,0.0,880.0
T2025000066,2025-11-03,14:35:00,P0184,Nongshim Baehongdong Bibimyeon 137g,Noodles,10,61.0,0.0,610.0
T2025000066,2025-11-03,14:35:00,P0169,Samyang Buldak Stew Type 145g,Noodles,10,80.0,0.0,800.0
T2025000066,2025-11-03,14:35:00,P0208,Ottogi Jin Ramen Mild,Noodles,7,40.0,0.0,280.0
T2025000067,2025-11-03,16:39:00,P0203,Jin Ramen Spicy Cup,Noodles,7,50.0,0.0,350.0
T2025000067,2025-11-03,16:39:00,P0205,Ottogi Yeul Ramen,Noodles,9,48.0,0.0,432.0
T2025000068,2025-11-03,17:17:00,P0112,Teazen Diet Tea Berry 10 Sticks,Liquor/Beverage,3,290.0,0.0,870.0
T2025000068,2025-11-03,17:17:00,P0146,Binggrae Yogurt Drink,Liquor/Beverage,8,55.0,0.0,440.0
T2025000068,2025-11-03,17:17:00,P0149,Binggrae Mango Milk,Liquor/Beverage,3,45.0,0.2,108.0
T2025000068,2025-11-03,17:17:00,P0133,Sunhari Blueberry 360mL,Liquor/Beverage,2,120.0,0.0,240.0
T2025000069,2025-11-03,11:32:00,P0082,Daerim  Crab Sticks 1Kg,Food Frozen,1,350.0,0.05,332.5
T2025000070,2025-11-03,19:28:00,P0260,Binch Biscuit,Snacks,8,120.0,0.0,960.0
T2025000070,2025-11-03,19:28:00,P0270,Samlip Custard Cream Cake,Snacks,1,105.0,0.0,105.0
T2025000070,2025-11-03,19:28:00,P0253,Orion Market O Brownie,Snacks,1,170.0,0.0,170.0
T2025000070,2025-11-03,19:28:00,P0282,Orion Choco Boy,Snacks,9,85.0,0.0,765.0
T2025000070,2025-11-03,19:28:00,P0283,Orion Ogingo Ttangkong,Snacks,10,83.0,0.0,830.0
T2025000071,2025-11-03,16:59:00,P0242,CJ  Gochujang 200g,Seasoned/Sauce/Powder,9,100.0,0.0,900.0
T2025000071,2025-11-03,16:59:00,P0218,CJ Beksul Beef Bulgogi Sauce 500g,Seasoned/Sauce/Powder,8,250.0,0.0,2000.0
T2025000071,2025-11-03,16:59:00,P0216,CJ Beksul Chicken Frying Mix 1Kg,Seasoned/Sauce/Powder,8,257.0,0.0,2056.0
T2025000072,2025-11-03,19:53:00,P0226,CJ Beksul Sweet Korean Pancake Mix 400g,Seasoned/Sauce/Powder,6,155.0,0.0,930.0
T2025000072,2025-11-03,19:53:00,P0214,Jin Soy Sauce Rich & Savory 860mL,Seasoned/Sauce/Powder,7,315.0,0.25,1653.75
T2025000072,2025-11-03,19:53:00,P0212,Beef Dasida (Soup Stock) 1Kg,Seasoned/Sauce/Powder,1,550.0,0.0,550.0
T2025000072,2025-11-03,19:53:00,P0217,Ottogi Roasted Sesame Seeds 200g,Seasoned/Sauce/Powder,9,255.0,0.0,2295.0
T2025000073,2025-11-03,17:07:00,P0012,Ottogi Glass Noodle 1Kg,Dry Food,2,300.0,0.0,600.0
T2025000074,2025-11-03,09:07:00,P0232,O'Food Tofu Stew Base,Seasoned/Sauce/Powder,8,135.0,0.0,1080.0
T2025000074,2025-11-03,09:07:00,P0224,Seasoned Seaweed 200g,Seasoned/Sauce/Powder,1,190.0,0.0,190.0
T2025000074,2025-11-03,09:07:00,P0217,Ottogi Roasted Sesame Seeds 200g,Seasoned/Sauce/Powder,1,255.0,0.1,229.5
T2025000074,2025-11-03,09:07:00,P0226,CJ Beksul Sweet Korean Pancake Mix 400g,Seasoned/Sauce/Powder,7,155.0,0.0,1085.0
T2025000074,2025-11-03,09:07:00,P0234,CJ Beksul Spicy Pork Sauce 290g,Seasoned/Sauce/Powder,1,130.0,0.25,97.5
T2025000075,2025-11-03,14:37:00,P0056,Us Beef Strips 500g,Food Fresh/Meat/Sidedish,2,375.0,0.0,750.0
T2025000075,2025-11-03,14:37:00,P0072,Kongsarang Soft Tofu,Food Fresh/Meat/Sidedish,10,65.0,0.25,487.5
T2025000075,2025-11-03,14:37:00,P0053,Shine Spicy Pork Bulgogi Pack,Food Fresh/Meat/Sidedish,7,500.0,0.0,3500.0
T2025000075,2025-11-03,14:37:00,P0073,Perilla Leaves 2Packs,Food Fresh/Meat/Sidedish,4,40.0,0.0,160.0
T2025000076,2025-11-03,12:50:00,P0239,Ottogi Curry Hot,Seasoned/Sauce/Powder,7,115.0,0.0,805.0
T2025000076,2025-11-03,12:50:00,P0221,CJ  Gochujang 500g,Seasoned/Sauce/Powder,7,220.0,0.25,1155.0
T2025000076,2025-11-03,12:50:00,P0226,CJ Beksul Sweet Korean Pancake Mix 400g,Seasoned/Sauce/Powder,3,155.0,0.0,465.0
T2025000076,2025-11-03,12:50:00,P0237,O'Food Tteokbokki Sauce,Seasoned/Sauce/Powder,5,120.0,0.25,450.0
T2025000076,2025-11-03,12:50:00,P0236,CJ  Soybean Paste 500g,Seasoned/Sauce/Powder,9,123.0,0.0,1107.0
T2025000076,2025-11-03,12:50:00,P0214,Jin Soy Sauce Rich & Savory 860mL,Seasoned/Sauce/Powder,9,315.0,0.05,2693.25
T2025000077,2025-11-03,14:46:00,P0112,Teazen Diet Tea Berry 10 Sticks,Liquor/Beverage,5,290.0,0.0,1450.0
T2025000077,2025-11-03,14:46:00,P0111,Maxim Kanu Ice Latte 10 Sticks,Liquor/Beverage,9,360.0,0.2,2592.0
T2025000078,2025-11-03,09:48:00,P0237,O'Food Tteokbokki Sauce,Seasoned/Sauce/Powder,10,120.0,0.0,1200.0
T2025000078,2025-11-03,09:48:00,P0236,CJ  Soybean Paste 500g,Seasoned/Sauce/Powder,2,123.0,0.0,246.0
T2025000078,2025-11-03,09:48:00,P0239,Ottogi Curry Hot,Seasoned/Sauce/Powder,5,115.0,0.0,575.0
T2025000079,2025-11-03,20:08:00,P0281,Haitai Ace Crackers,Snacks,9,85.0,0.0,765.0
T2025000080,2025-11-03,18:12:00,P0056,Us Beef Strips 500g,Food Fresh/Meat/Sidedish,10,375.0,0.05,3562.5
T2025000080,2025-11-03,18:12:00,P0061,Dried Anchovy Medium 100g,Food Fresh/Meat/Sidedish,4,240.0,0.0,960.0
T2025000080,2025-11-03,18:12:00,P0071,Kongsarang Firm Tofu,Food Fresh/Meat/Sidedish,3,65.0,0.05,185.25
T2025000080,2025-11-03,18:12:00,P0053,Shine Spicy Pork Bulgogi Pack,Food Fresh/Meat/Sidedish,6,500.0,0.0,3000.0
T2025000080,2025-11-03,18:12:00,P0059,Pork Belly (Samgyupsal) 500g,Food Fresh/Meat/Sidedish,1,275.0,0.0,275.0
T2025000081,2025-11-03,12:17:00,P0231,O'Food Bulgogi Marinade,Seasoned/Sauce/Powder,9,145.0,0.0,1305.0
T2025000081,2025-11-03,12:17:00,P0222,CJ  Soybean Paste 1Kg,Seasoned/Sauce/Powder,1,208.0,0.0,208.0
T2025000081,2025-11-03,12:17:00,P0220,CJ  Tteokbokki Sauce 150G 2Pcs,Seasoned/Sauce/Powder,7,235.0,0.0,1645.0
T2025000081,2025-11-03,12:17:00,P0230,CJ Beksul Pancake Sauce,Seasoned/Sauce/Powder,7,145.0,0.0,1015.0
T2025000082,2025-11-03,15:46:00,P0018,(Kaya) Korean Rice 1.5Kg,Dry Food,8,190.0,0.0,1520.0
T2025000082,2025-11-03,15:46:00,P0020,CJ Beksul Hotteok Mix,Dry Food,10,185.0,0.2,1480.0
T2025000082,2025-11-03,15:46:00,P0033,CJ Beksul Frying Mix,Dry Food,9,120.0,0.15,918.0
T2025000082,2025-11-03,15:46:00,P0041,CJ Hetbahn Multi-Grain Rice,Dry Food,4,95.0,0.0,380.0
T2025000082,2025-11-03,15:46:00,P0046,CJ Beksul Potato Starch,Dry Food,8,85.0,0.0,680.0
T2025000082,2025-11-03,15:46:00,P0038,(Kaya) Korean Rice 1Kg,Dry Food,10,100.0,0.05,950.0
T2025000083,2025-11-03,12:55:00,P0233,O'Food Korean Fried Chicken Sauce,Seasoned/Sauce/Powder,5,135.0,0.15,573.75
T2025000083,2025-11-03,12:55:00,P0237,O'Food Tteokbokki Sauce,Seasoned/Sauce/Powder,10,120.0,0.0,1200.0
T2025000083,2025-11-03,12:55:00,P0216,CJ Beksul Chicken Frying Mix 1Kg,Seasoned/Sauce/Powder,8,257.0,0.0,2056.0
T2025000083,2025-11-03,12:55:00,P0212,Beef Dasida (Soup Stock) 1Kg,Seasoned/Sauce/Powder,1,550.0,0.0,550.0
T2025000083,2025-11-03,12:55:00,P0228,Sempio Gochujang (500g),Seasoned/Sauce/Powder,10,145.0,0.0,1450.0
T2025000083,2025-11-03,12:55:00,P0218,CJ Beksul Beef Bulgogi Sauce 500g,Seasoned/Sauce/Powder,6,250.0,0.0,1500.0
T2025000084,2025-11-03,11:02:00,P0127,Lets Be Mild Coffee Can 4Pcs,Liquor/Beverage,4,128.0,0.0,512.0
T2025000084,2025-11-03,11:02:00,P0116,Maxim Mocha Gold Coffee Mix 20Pcs,Liquor/Beverage,7,275.0,0.0,1925.0
T2025000084,2025-11-03,11:02:00,P0118,Brown Rice Green Tea 50Pcs,Liquor/Beverage,1,257.0,0.0,257.0
T2025000084,2025-11-03,11:02:00,P0144,Nongshim Welchs Strawberry 355mL,Liquor/Beverage,1,60.0,0.0,60.0
T2025000084,2025-11-03,11:02:00,P0136,Cass Fresh Beer,Liquor/Beverage,2,85.0,0.0,170.0
T2025000084,2025-11-03,11:02:00,P0142,Nongshim Welchs White Grape 355mL,Liquor/Beverage,1,60.0,0.0,60.0
T2025000085,2025-11-03,16:47:00,P0007,Samyang Spicy Mayo,Condiments,3,130.0,0.0,390.0
T2025000085,2025-11-03,16:47:00,P0006,Chung Jung One Soy Sauce,Condiments,8,140.0,0.0,1120.0
T2025000085,2025-11-03,16:47:00,P0001,Ottogi Sesame Oil 500mL,Condiments,2,590.5,0.0,1181.0
T2025000085,2025-11-03,16:47:00,P0005,Ottogi Gold Mayonnaise 300g,Condiments,1,150.0,0.0,150.0
T2025000086,2025-11-03,18:45:00,P0002,Ottogi Gold Mayonnaise 500g,Condiments,9,235.0,0.0,2115.0
T2025000086,2025-11-03,18:45:00,P0008,Ottogi Corn Syrup,Condiments,8,98.0,0.0,784.0
T2025000087,2025-11-03,10:43:00,P0147,Binggrae Coffee Milk,Liquor/Beverage,2,48.0,0.0,96.0
T2025000087,2025-11-03,10:43:00,P0141,Woongjin Yogurt Apple 340mL,Liquor/Beverage,7,60.0,0.0,420.0
T2025000087,2025-11-03,10:43:00,P0123,Cass Cold Brewed Beer 500mL,Liquor/Beverage,2,170.0,0.0,340.0
T2025000087,2025-11-03,10:43:00,P0144,Nongshim Welchs Strawberry 355mL,Liquor/Beverage,9,60.0,0.0,540.0
T2025000087,2025-11-03,10:43:00,P0139,Paldo Pororo Juice,Liquor/Beverage,9,65.0,0.0,585.0
T2025000088,2025-11-03,19:50:00,P0050,Boneless Rib Eye 250g,Food Fresh/Meat/Sidedish,2,750.0,0.05,1425.0
T2025000088,2025-11-03,19:50:00,P0060,Homemade Spring Onion Kimchi 350g,Food Fresh/Meat/Sidedish,7,250.0,0.0,1750.0
T2025000089,2025-11-03,13:44:00,P0009,CJ Beksul Corn Syrup,Condiments,6,95.0,0.0,570.0
T2025000089,2025-11-03,13:44:00,P0003,Sempio Sesame Oil,Condiments,1,185.0,0.0,185.0
T2025000089,2025-11-03,13:44:00,P0001,Ottogi Sesame Oil 500mL,Condiments,8,590.5,0.0,4724.0
T2025000090,2025-11-03,18:19:00,P0085,Bibigo Bulgogi Mandu,Food Frozen,9,280.0,0.05,2394.0
T2025000090,2025-11-03,18:19:00,P0088,Dongwon  Real Crabs 144g ,Food Frozen,9,259.0,0.0,2331.0
T2025000090,2025-11-03,18:19:00,P0093,Bibigo Kimchi Fried Rice,Food Frozen,6,190.0,0.0,1140.0
T2025000090,2025-11-03,18:19:00,P0103,Daerim  Chaw Stick 100g,Food Frozen,6,73.0,0.0,438.0
T2025000090,2025-11-03,18:19:00,P0081,Assi Shrimp Wanton 600g,Food Frozen,4,400.0,0.0,1600.0
T2025000091,2025-11-03,19:48:00,P0139,Paldo Pororo Juice,Liquor/Beverage,6,65.0,0.0,390.0
T2025000091,2025-11-03,19:48:00,P0137,Hite Beer Can,Liquor/Beverage,7,80.0,0.05,532.0
T2025000091,2025-11-03,19:48:00,P0147,Binggrae Coffee Milk,Liquor/Beverage,10,48.0,0.0,480.0
T2025000092,2025-11-03,21:06:00,P0008,Ottogi Corn Syrup,Condiments,10,98.0,0.0,980.0
T2025000092,2025-11-03,21:06:00,P0004,O'Food Korean Chili Oil,Condiments,4,160.0,0.0,640.0
T2025000092,2025-11-03,21:06:00,P0006,Chung Jung One Soy Sauce,Condiments,9,140.0,0.0,1260.0
T2025000093,2025-11-03,09:59:00,P0049,Our Home Kimchi 1Kg,Food Fresh/Meat/Sidedish,8,320.5,0.0,2564.0
T2025000093,2025-11-03,09:59:00,P0055,Beef Enoki Roll 500g,Food Fresh/Meat/Sidedish,10,410.0,0.2,3280.0
T2025000093,2025-11-03,09:59:00,P0059,Pork Belly (Samgyupsal) 500g,Food Fresh/Meat/Sidedish,5,275.0,0.0,1375.0
T2025000093,2025-11-03,09:59:00,P0061,Dried Anchovy Medium 100g,Food Fresh/Meat/Sidedish,7,240.0,0.0,1680.0
T2025000094,2025-11-03,13:17:00,P0066,Imported Kimchi Big Tub 850g,Food Fresh/Meat/Sidedish,1,150.0,0.0,150.0
T2025000094,2025-11-03,13:17:00,P0054,Chadolbagi Wagyu 500g,Food Fresh/Meat/Sidedish,7,475.0,0.0,3325.0
T2025000094,2025-11-03,13:17:00,P0062,Dried Anchovy Small 100g,Food Fresh/Meat/Sidedish,2,240.0,0.0,480.0
T2025000095,2025-11-03,14:38:00,P0256,Orion Custard Cake,Snacks,2,130.0,0.0,260.0
T2025000095,2025-11-03,14:38:00,P0267,Lotte Pepero White Cookie,Snacks,1,110.0,0.0,110.0
T2025000095,2025-11-03,14:38:00,P0270,Samlip Custard Cream Cake,Snacks,3,105.0,0.1,283.5
T2025000095,2025-11-03,14:38:00,P0282,Orion Choco Boy,Snacks,8,85.0,0.0,680.0
T2025000096,2025-11-03,17:38:00,P0295,Pepero Almond,Snacks,1,55.0,0.0,55.0
T2025000096,2025-11-03,17:38:00,P0248,Choco Pie Black Sugar 12Pcs,Snacks,3,200.0,0.0,600.0
T2025000096,2025-11-03,17:38:00,P0269,Lotte Soft Strawberry Milk Candy 79g,Snacks,2,105.0,0.15,178.5
T2025000096,2025-11-03,17:38:00,P0292,Orion Goraebab Crackers,Snacks,6,75.0,0.0,450.0
T2025000096,2025-11-03,17:38:00,P0287,Nongshim Banana Kick 75g,Snacks,2,80.0,0.0,160.0
T2025000096,2025-11-03,17:38:00,P0247,Choco Pie Green Tea 12Pcs,Snacks,8,200.0,0.0,1600.0
T2025000097,2025-11-03,16:29:00,P0048,Dongwon Light Tuna,Dry Food,8,75.0,0.0,600.0
T2025000097,2025-11-03,16:29:00,P0024,O'Food Kimchi Soup Mix,Dry Food,5,150.0,0.0,750.0
T2025000097,2025-11-03,16:29:00,P0030,Yopokki Onion Butter 120g Cup,Dry Food,5,120.0,0.0,600.0
T2025000097,2025-11-03,16:29:00,P0015,(Dae Joo) Gochugaru 500g,Dry Food,8,255.0,0.0,2040.0
T2025000097,2025-11-03,16:29:00,P0042,CJ Hetbahn Brown Rice,Dry Food,9,95.0,0.0,855.0
T2025000098,2025-11-03,16:05:00,P0181,Paldo Bibim Cold Noodles,Noodles,7,65.0,0.0,455.0
T2025000098,2025-11-03,16:05:00,P0206,Nongshim Chapagetti,Noodles,5,45.0,0.0,225.0
T2025000098,2025-11-03,16:05:00,P0182,Paldo Ilpoom Jjajang,Noodles,5,65.0,0.0,325.0
T2025000098,2025-11-03,16:05:00,P0204,Ottogi Cup Ramen Kimchi,Noodles,3,50.0,0.0,150.0
T2025000099,2025-11-03,10:16:00,P0093,Bibigo Kimchi Fried Rice,Food Frozen,8,190.0,0.15,1292.0
T2025000099,2025-11-03,10:16:00,P0083,Moguchon Smoked Bacon 200g,Food Frozen,3,320.0,0.0,960.0
T2025000099,2025-11-03,10:16:00,P0077,Daerim  Vienna Sausage 1Kg,Food Frozen,7,580.0,0.0,4060.0
T2025000099,2025-11-03,10:16:00,P0096,Daerim  Vienna Sausage 170g,Food Frozen,5,145.0,0.0,725.0
T2025000100,2025-11-03,09:09:00,P0033,CJ Beksul Frying Mix,Dry Food,5,120.0,0.0,600.0
T2025000100,2025-11-03,09:09:00,P0014,Bibigo Beef Seaweed Soup,Dry Food,10,264.0,0.0,2640.0
T2025000100,2025-11-03,09:09:00,P0012,Ottogi Glass Noodle 1Kg,Dry Food,4,300.0,0.0,1200.0
T2025000101,2025-11-03,18:02:00,P0255,Bibigo Crispy Seaweed Snack,Snacks,9,140.0,0.0,1260.0
T2025000101,2025-11-03,18:02:00,P0288,Nongshim Honey Rice Snack,Snacks,6,80.0,0.0,480.0
T2025000101,2025-11-03,18:02:00,P0294,Pepero Strawberry,Snacks,1,55.0,0.0,55.0
T2025000101,2025-11-03,18:02:00,P0245,Honey Butter Almond 190g,Snacks,9,420.0,0.0,3780.0
T2025000101,2025-11-03,18:02:00,P0291,Crown Sando Biscuit,Snacks,9,75.0,0.0,675.0
T2025000101,2025-11-03,18:02:00,P0280,Nongshim Potato Sticks,Snacks,10,85.0,0.0,850.0
T2025000102,2025-11-03,12:18:00,P0212,Beef Dasida (Soup Stock) 1Kg,Seasoned/Sauce/Powder,5,550.0,0.0,2750.0
T2025000102,2025-11-03,12:18:00,P0228,Sempio Gochujang (500g),Seasoned/Sauce/Powder,5,145.0,0.0,725.0
T2025000102,2025-11-03,12:18:00,P0220,CJ  Tteokbokki Sauce 150G 2Pcs,Seasoned/Sauce/Powder,7,235.0,0.0,1645.0
T2025000102,2025-11-03,12:18:00,P0227,CJ Beksul Beef Bulgogi Sauce 290g,Seasoned/Sauce/Powder,10,150.0,0.1,1350.0
T2025000103,2025-11-03,15:16:00,P0138,Kirin Ichiban Beer 330mL,Liquor/Beverage,10,68.0,0.25,510.0
T2025000103,2025-11-03,15:16:00,P0141,Woongjin Yogurt Apple 340mL,Liquor/Beverage,3,60.0,0.0,180.0
T2025000103,2025-11-03,15:16:00,P0145,Binggrae Melon Soda,Liquor/Beverage,9,60.0,0.0,540.0
T2025000104,2025-11-03,12:54:00,P0114,Banana Milk 200mL 6Pcs,Liquor/Beverage,9,290.0,0.0,2610.0
T2025000104,2025-11-03,12:54:00,P0144,Nongshim Welchs Strawberry 355mL,Liquor/Beverage,2,60.0,0.0,120.0
T2025000104,2025-11-03,12:54:00,P0109,(꽃샘) Concentrated Flavored Drink 600g,Liquor/Beverage,5,370.0,0.0,1850.0
T2025000104,2025-11-03,12:54:00,P0118,Brown Rice Green Tea 50Pcs,Liquor/Beverage,5,257.0,0.0,1285.0
T2025000104,2025-11-03,12:54:00,P0128,Chamiseul Fresh 360mL,Liquor/Beverage,3,120.0,0.0,360.0
T2025000105,2025-11-03,10:04:00,P0271,Orion Choco Chip Cookies,Snacks,2,100.0,0.0,200.0
T2025000105,2025-11-03,10:04:00,P0262,Orion Custard Pineapple,Snacks,4,120.0,0.0,480.0
T2025000105,2025-11-03,10:04:00,P0266,Bibigo Seaweed Crisps,Snacks,2,110.0,0.0,220.0
T2025000105,2025-11-03,10:04:00,P0247,Choco Pie Green Tea 12Pcs,Snacks,4,200.0,0.0,800.0
T2025000105,2025-11-03,10:04:00,P0265,Orion Almond Candy,Snacks,8,110.0,0.1,792.0
T2025000106,2025-11-03,20:16:00,P0216,CJ Beksul Chicken Frying Mix 1Kg,Seasoned/Sauce/Powder,4,257.0,0.25,771.0
T2025000106,2025-11-03,20:16:00,P0237,O'Food Tteokbokki Sauce,Seasoned/Sauce/Powder,8,120.0,0.0,960.0
T2025000106,2025-11-03,20:16:00,P0232,O'Food Tofu Stew Base,Seasoned/Sauce/Powder,6,135.0,0.1,729.0
T2025000106,2025-11-03,20:16:00,P0221,CJ  Gochujang 500g,Seasoned/Sauce/Powder,4,220.0,0.0,880.0
T2025000107,2025-11-03,18:24:00,P0009,CJ Beksul Corn Syrup,Condiments,4,95.0,0.0,380.0
T2025000107,2025-11-03,18:24:00,P0002,Ottogi Gold Mayonnaise 500g,Condiments,6,235.0,0.0,1410.0
T2025000107,2025-11-03,18:24:00,P0006,Chung Jung One Soy Sauce,Condiments,10,140.0,0.0,1400.0
T2025000107,2025-11-03,18:24:00,P0001,Ottogi Sesame Oil 500mL,Condiments,6,590.5,0.0,3543.0
T2025000108,2025-11-03,16:24:00,P0126,Woongjin Yogurt Pineapple 1.5L,Liquor/Beverage,9,135.0,0.0,1215.0
T2025000108,2025-11-03,16:24:00,P0106,Mocha Gold Coffee 100Sticks,Liquor/Beverage,10,1100.0,0.0,11000.0
T2025000108,2025-11-03,16:24:00,P0117,Maxim Kanu Dark Roast 10 Sticks,Liquor/Beverage,9,260.0,0.0,2340.0
T2025000108,2025-11-03,16:24:00,P0115,Strawberry Milk 200mL 6Pcs,Liquor/Beverage,8,290.0,0.0,2320.0
T2025000108,2025-11-03,16:24:00,P0119,Sempio Yuzu Tea,Liquor/Beverage,2,250.0,0.25,375.0
T2025000108,2025-11-03,16:24:00,P0130,Sunhari Apple 360mL,Liquor/Beverage,3,120.0,0.0,360.0
T2025000109,2025-11-03,17:46:00,P0008,Ottogi Corn Syrup,Condiments,3,98.0,0.0,294.0
T2025000109,2025-11-03,17:46:00,P0001,Ottogi Sesame Oil 500mL,Condiments,6,590.5,0.0,3543.0
T2025000109,2025-11-03,17:46:00,P0004,O'Food Korean Chili Oil,Condiments,8,160.0,0.0,1280.0
T2025000110,2025-11-03,21:22:00,P0003,Sempio Sesame Oil,Condiments,4,185.0,0.0,740.0
T2025000110,2025-11-03,21:22:00,P0001,Ottogi Sesame Oil 500mL,Condiments,1,590.5,0.0,590.5
T2025000110,2025-11-03,21:22:00,P0005,Ottogi Gold Mayonnaise 300g,Condiments,5,150.0,0.0,750.0
T2025000111,2025-11-03,21:35:00,P0008,Ottogi Corn Syrup,Condiments,3,98.0,0.0,294.0
T2025000111,2025-11-03,21:35:00,P0003,Sempio Sesame Oil,Condiments,2,185.0,0.0,370.0
T2025000111,2025-11-03,21:35:00,P0009,CJ Beksul Corn Syrup,Condiments,2,95.0,0.05,180.5
T2025000111,2025-11-03,21:35:00,P0005,Ottogi Gold Mayonnaise 300g,Condiments,5,150.0,0.0,750.0
T2025000111,2025-11-03,21:35:00,P0007,Samyang Spicy Mayo,Condiments,4,130.0,0.0,520.0
T2025000112,2025-11-03,09:21:00,P0104,Pepero Original,Food Frozen,10,55.0,0.0,550.0
T2025000112,2025-11-03,09:21:00,P0095,Samlip Fish Cake Sheets,Food Frozen,4,150.0,0.0,600.0
T2025000113,2025-11-03,18:44:00,P0072,Kongsarang Soft Tofu,Food Fresh/Meat/Sidedish,9,65.0,0.25,438.75
T2025000113,2025-11-03,18:44:00,P0060,Homemade Spring Onion Kimchi 350g,Food Fresh/Meat/Sidedish,2,250.0,0.0,500.0
T2025000113,2025-11-03,18:44:00,P0069,Bibigo Beef Bone Soup,Food Fresh/Meat/Sidedish,2,110.0,0.0,220.0
T2025000114,2025-11-03,21:43:00,P0015,(Dae Joo) Gochugaru 500g,Dry Food,6,255.0,0.1,1377.0
T2025000114,2025-11-03,21:43:00,P0014,Bibigo Beef Seaweed Soup,Dry Food,3,264.0,0.0,792.0
T2025000115,2025-11-03,12:18:00,P0056,Us Beef Strips 500g,Food Fresh/Meat/Sidedish,5,375.0,0.1,1687.5
T2025000115,2025-11-03,12:18:00,P0063,Our Home Kimchi 1Kg Jar,Food Fresh/Meat/Sidedish,1,190.0,0.0,190.0
T2025000115,2025-11-03,12:18:00,P0052,Shine Beef Bulgogi Pack,Food Fresh/Meat/Sidedish,9,550.0,0.0,4950.0
T2025000115,2025-11-03,12:18:00,P0069,Bibigo Beef Bone Soup,Food Fresh/Meat/Sidedish,5,110.0,0.0,550.0
T2025000115,2025-11-03,12:18:00,P0055,Beef Enoki Roll 500g,Food Fresh/Meat/Sidedish,9,410.0,0.0,3690.0
T2025000116,2025-11-03,15:57:00,P0189,Ottogi Bodle Cheese Ramen,Noodles,6,60.0,0.0,360.0
T2025000116,2025-11-03,15:57:00,P0175,Samyang Jjajang Hot Chicken,Noodles,5,75.0,0.0,375.0
T2025000116,2025-11-03,15:57:00,P0195,Ottogi Jin Mild Small Cup,Noodles,3,55.0,0.0,165.0
T2025000116,2025-11-03,15:57:00,P0171,Tempura Udon Big Cup,Noodles,9,75.0,0.0,675.0
T2025000116,2025-11-03,15:57:00,P0169,Samyang Buldak Stew Type 145g,Noodles,8,80.0,0.0,640.0
T2025000116,2025-11-03,15:57:00,P0184,Nongshim Baehongdong Bibimyeon 137g,Noodles,10,61.0,0.0,610.0
T2025000117,2025-11-03,21:26:00,P0197,Nongshim Seafood Ramyun,Noodles,5,52.0,0.0,260.0
T2025000117,2025-11-03,21:26:00,P0169,Samyang Buldak Stew Type 145g,Noodles,1,80.0,0.1,72.0
T2025000117,2025-11-03,21:26:00,P0155,Nongshim Dungji Mul Nengmyeon (Cold Noodle),Noodles,2,95.0,0.0,190.0
T2025000117,2025-11-03,21:26:00,P0206,Nongshim Chapagetti,Noodles,4,45.0,0.0,180.0
T2025000117,2025-11-03,21:26:00,P0208,Ottogi Jin Ramen Mild,Noodles,7,40.0,0.0,280.0
T2025000118,2025-11-03,10:33:00,P0007,Samyang Spicy Mayo,Condiments,6,130.0,0.0,780.0
T2025000118,2025-11-03,10:33:00,P0009,CJ Beksul Corn Syrup,Condiments,10,95.0,0.0,950.0
T2025000119,2025-11-03,16:42:00,P0003,Sempio Sesame Oil,Condiments,8,185.0,0.0,1480.0
T2025000120,2025-11-03,18:01:00,P0098,Daerim  Crabstick 216g,Food Frozen,6,98.0,0.0,588.0
T2025000121,2025-11-03,16:38:00,P0247,Choco Pie Green Tea 12Pcs,Snacks,1,200.0,0.0,200.0
T2025000121,2025-11-03,16:38:00,P0274,Haitai Matdongsan,Snacks,8,95.0,0.1,684.0
T2025000121,2025-11-03,16:38:00,P0261,Lotte Choco Heim,Snacks,5,120.0,0.0,600.0
T2025000121,2025-11-03,16:38:00,P0290,Doritos Galbi Chicken,Snacks,9,77.0,0.0,693.0
T2025000122,2025-11-03,17:17:00,P0024,O'Food Kimchi Soup Mix,Dry Food,7,150.0,0.0,1050.0
T2025000122,2025-11-03,17:17:00,P0029,CJ Beksul Pancake Flour,Dry Food,1,125.0,0.0,125.0
T2025000122,2025-11-03,17:17:00,P0014,Bibigo Beef Seaweed Soup,Dry Food,6,264.0,0.0,1584.0
T2025000123,2025-11-03,12:52:00,P0019,Haepyo Crispy Seaweed 9Pcs,Dry Food,6,188.0,0.0,1128.0
T2025000124,2025-11-03,16:38:00,P0186,Ottogi Chachelin Blackbean 145g,Noodles,10,60.0,0.0,600.0
T2025000124,2025-11-03,16:38:00,P0154,Nongshim Jjawang,Noodles,10,100.0,0.0,1000.0
T2025000124,2025-11-03,16:38:00,P0161,Paldo Wang Cup,Noodles,6,90.0,0.1,486.0
T2025000124,2025-11-03,16:38:00,P0209,Ottogi Kimchi Ramen,Noodles,8,40.0,0.0,320.0
T2025000125,2025-11-03,16:53:00,P0248,Choco Pie Black Sugar 12Pcs,Snacks,6,200.0,0.0,1200.0
T2025000125,2025-11-03,16:53:00,P0286,Crown Caramel Maple Corn,Snacks,10,80.0,0.0,800.0
T2025000125,2025-11-03,16:53:00,P0267,Lotte Pepero White Cookie,Snacks,6,110.0,0.25,495.0
T2025000125,2025-11-03,16:53:00,P0269,Lotte Soft Strawberry Milk Candy 79g,Snacks,5,105.0,0.25,393.75
T2025000125,2025-11-03,16:53:00,P0257,Lotte Almond Chocolate,Snacks,4,130.0,0.0,520.0
T2025000126,2025-11-03,20:10:00,P0267,Lotte Pepero White Cookie,Snacks,6,110.0,0.0,660.0
T2025000126,2025-11-03,20:10:00,P0256,Orion Custard Cake,Snacks,2,130.0,0.0,260.0
T2025000127,2025-11-03,21:09:00,P0015,(Dae Joo) Gochugaru 500g,Dry Food,9,255.0,0.0,2295.0
T2025000127,2025-11-03,21:09:00,P0046,CJ Beksul Potato Starch,Dry Food,8,85.0,0.0,680.0
T2025000127,2025-11-03,21:09:00,P0017,Bibigo Seaweed Flakes 50g,Dry Food,10,210.0,0.05,1995.0
T2025000128,2025-11-03,10:20:00,P0031,Yopokki Cheese Cup 120g,Dry Food,4,120.0,0.1,432.0
T2025000128,2025-11-03,10:20:00,P0018,(Kaya) Korean Rice 1.5Kg,Dry Food,2,190.0,0.0,380.0
T2025000129,2025-11-03,12:21:00,P0098,Daerim  Crabstick 216g,Food Frozen,10,98.0,0.0,980.0
T2025000129,2025-11-03,12:21:00,P0093,Bibigo Kimchi Fried Rice,Food Frozen,4,190.0,0.0,760.0
T2025000129,2025-11-03,12:21:00,P0094,MWC Frank Sausage 5Pcs,Food Frozen,5,173.0,0.0,865.0
T2025000130,2025-11-03,10:36:00,P0250,Haitai Honey Butter Almonds,Snacks,7,190.0,0.25,997.5
T2025000130,2025-11-03,10:36:00,P0300,Can Choco Balls,Snacks,2,45.0,0.0,90.0
T2025000130,2025-11-03,10:36:00,P0297,Pepero Choco Filled,Snacks,6,55.0,0.0,330.0
T2025000131,2025-11-03,10:01:00,P0019,Haepyo Crispy Seaweed 9Pcs,Dry Food,7,188.0,0.05,1250.2
T2025000131,2025-11-03,10:01:00,P0024,O'Food Kimchi Soup Mix,Dry Food,1,150.0,0.0,150.0
T2025000132,2025-11-03,20:27:00,P0123,Cass Cold Brewed Beer 500mL,Liquor/Beverage,3,170.0,0.0,510.0
T2025000132,2025-11-03,20:27:00,P0130,Sunhari Apple 360mL,Liquor/Beverage,8,120.0,0.0,960.0
T2025000132,2025-11-03,20:27:00,P0146,Binggrae Yogurt Drink,Liquor/Beverage,10,55.0,0.0,550.0
T2025000132,2025-11-03,20:27:00,P0122,Chamisul Original Soju,Liquor/Beverage,4,175.0,0.15,595.0
T2025000132,2025-11-03,20:27:00,P0138,Kirin Ichiban Beer 330mL,Liquor/Beverage,5,68.0,0.0,340.0
T2025000132,2025-11-03,20:27:00,P0139,Paldo Pororo Juice,Liquor/Beverage,9,65.0,0.0,585.0
T2025000133,2025-11-03,15:55:00,P0006,Chung Jung One Soy Sauce,Condiments,1,140.0,0.0,140.0
T2025000133,2025-11-03,15:55:00,P0003,Sempio Sesame Oil,Condiments,2,185.0,0.0,370.0
T2025000133,2025-11-03,15:55:00,P0004,O'Food Korean Chili Oil,Condiments,2,160.0,0.1,288.0
T2025000133,2025-11-03,15:55:00,P0005,Ottogi Gold Mayonnaise 300g,Condiments,10,150.0,0.1,1350.0
T2025000133,2025-11-03,15:55:00,P0007,Samyang Spicy Mayo,Condiments,9,130.0,0.2,936.0
T2025000133,2025-11-03,15:55:00,P0001,Ottogi Sesame Oil 500mL,Condiments,3,590.5,0.0,1771.5
T2025000134,2025-11-03,20:09:00,P0049,Our Home Kimchi 1Kg,Food Fresh/Meat/Sidedish,2,320.5,0.0,641.0
T2025000135,2025-11-03,15:35:00,P0117,Maxim Kanu Dark Roast 10 Sticks,Liquor/Beverage,8,260.0,0.05,1976.0
T2025000135,2025-11-03,15:35:00,P0112,Teazen Diet Tea Berry 10 Sticks,Liquor/Beverage,6,290.0,0.0,1740.0
T2025000135,2025-11-03,15:35:00,P0132,Sunhari Strawberry 360mL,Liquor/Beverage,7,120.0,0.0,840.0
T2025000135,2025-11-03,15:35:00,P0141,Woongjin Yogurt Apple 340mL,Liquor/Beverage,1,60.0,0.1,54.0
T2025000136,2025-11-03,18:55:00,P0222,CJ  Soybean Paste 1Kg,Seasoned/Sauce/Powder,3,208.0,0.0,624.0
T2025000136,2025-11-03,18:55:00,P0230,CJ Beksul Pancake Sauce,Seasoned/Sauce/Powder,4,145.0,0.0,580.0
T2025000136,2025-11-03,18:55:00,P0237,O'Food Tteokbokki Sauce,Seasoned/Sauce/Powder,5,120.0,0.0,600.0
T2025000136,2025-11-03,18:55:00,P0216,CJ Beksul Chicken Frying Mix 1Kg,Seasoned/Sauce/Powder,2,257.0,0.0,514.0
T2025000136,2025-11-03,18:55:00,P0215,Ottogi Wasabi Powder 300g,Seasoned/Sauce/Powder,8,290.0,0.25,1740.0
T2025000136,2025-11-03,18:55:00,P0221,CJ  Gochujang 500g,Seasoned/Sauce/Powder,8,220.0,0.1,1584.0
T2025000137,2025-11-03,13:52:00,P0053,Shine Spicy Pork Bulgogi Pack,Food Fresh/Meat/Sidedish,9,500.0,0.0,4500.0
T2025000137,2025-11-03,13:52:00,P0061,Dried Anchovy Medium 100g,Food Fresh/Meat/Sidedish,2,240.0,0.0,480.0
T2025000138,2025-11-03,12:58:00,P0219,CJ Beksul Spicy Pork Sauce 500g,Seasoned/Sauce/Powder,1,240.0,0.0,240.0
T2025000139,2025-11-03,12:39:00,P0157,Nongshim Yachae Ramyeon 100g,Noodles,1,93.0,0.0,93.0
T2025000139,2025-11-03,12:39:00,P0153,Samyang Buldak Cheese Cup,Noodles,3,110.0,0.05,313.5
T2025000140,2025-11-03,13:19:00,P0008,Ottogi Corn Syrup,Condiments,4,98.0,0.0,392.0
T2025000140,2025-11-03,13:19:00,P0006,Chung Jung One Soy Sauce,Condiments,5,140.0,0.0,700.0
T2025000140,2025-11-03,13:19:00,P0004,O'Food Korean Chili Oil,Condiments,3,160.0,0.0,480.0
T2025000141,2025-11-03,19:33:00,P0248,Choco Pie Black Sugar 12Pcs,Snacks,7,200.0,0.0,1400.0
T2025000141,2025-11-03,19:33:00,P0261,Lotte Choco Heim,Snacks,3,120.0,0.05,342.0
T2025000141,2025-11-03,19:33:00,P0263,Samlip Honey Castella,Snacks,4,120.0,0.0,480.0
T2025000141,2025-11-03,19:33:00,P0260,Binch Biscuit,Snacks,4,120.0,0.0,480.0
T2025000141,2025-11-03,19:33:00,P0256,Orion Custard Cake,Snacks,7,130.0,0.15,773.5
T2025000142,2025-11-03,19:10:00,P0090,Nongmin Rice Cake 1Kg,Food Frozen,4,220.0,0.0,880.0
T2025000142,2025-11-03,19:10:00,P0083,Moguchon Smoked Bacon 200g,Food Frozen,4,320.0,0.1,1152.0
T2025000143,2025-11-03,08:30:00,P0275,Haitai Sweet Potato Snack,Snacks,3,95.0,0.0,285.0
T2025000143,2025-11-03,08:30:00,P0270,Samlip Custard Cream Cake,Snacks,3,105.0,0.0,315.0
T2025000144,2025-11-03,15:54:00,P0267,Lotte Pepero White Cookie,Snacks,5,110.0,0.0,550.0
T2025000144,2025-11-03,15:54:00,P0277,Orion Turtle Chips Sweet Corn,Snacks,8,89.0,0.0,712.0
T2025000145,2025-11-03,11:27:00,P0195,Ottogi Jin Mild Small Cup,Noodles,9,55.0,0.0,495.0
T2025000146,2025-11-03,15:39:00,P0007,Samyang Spicy Mayo,Condiments,6,130.0,0.0,780.0
T2025000146,2025-11-03,15:39:00,P0004,O'Food Korean Chili Oil,Condiments,8,160.0,0.0,1280.0
T2025000146,2025-11-03,15:39:00,P0005,Ottogi Gold Mayonnaise 300g,Condiments,1,150.0,0.15,127.5
T2025000146,2025-11-03,15:39:00,P0001,Ottogi Sesame Oil 500mL,Condiments,2,590.5,0.0,1181.0
T2025000147,2025-11-03,21:31:00,P0132,Sunhari Strawberry 360mL,Liquor/Beverage,6,120.0,0.1,648.0
T2025000147,2025-11-03,21:31:00,P0126,Woongjin Yogurt Pineapple 1.5L,Liquor/Beverage,3,135.0,0.0,405.0
T2025000147,2025-11-03,21:31:00,P0127,Lets Be Mild Coffee Can 4Pcs,Liquor/Beverage,4,128.0,0.15,435.2
T2025000148,2025-11-03,13:08:00,P0255,Bibigo Crispy Seaweed Snack,Snacks,4,140.0,0.0,560.0
T2025000148,2025-11-03,13:08:00,P0276,Orion Sun Chips Korean BBQ,Snacks,4,90.0,0.0,360.0
T2025000148,2025-11-03,13:08:00,P0244,Wasabi Almond 190g,Snacks,7,440.0,0.0,3080.0
T2025000149,2025-11-03,09:31:00,P0280,Nongshim Potato Sticks,Snacks,3,85.0,0.1,229.5
T2025000149,2025-11-03,09:31:00,P0248,Choco Pie Black Sugar 12Pcs,Snacks,1,200.0,0.0,200.0
T2025000149,2025-11-03,09:31:00,P0279,Orion O! Karto Sweet Corn,Snacks,5,88.0,0.0,440.0
T2025000149,2025-11-03,09:31:00,P0275,Haitai Sweet Potato Snack,Snacks,5,95.0,0.0,475.0
T2025000149,2025-11-03,09:31:00,P0296,Lotte Cereal Choco,Snacks,5,55.0,0.25,206.25
T2025000149,2025-11-03,09:31:00,P0295,Pepero Almond,Snacks,10,55.0,0.0,550.0
T2025000150,2025-11-03,20:47:00,P0155,Nongshim Dungji Mul Nengmyeon (Cold Noodle),Noodles,6,95.0,0.25,427.5
T2025000150,2025-11-03,20:47:00,P0207,Ottogi Yeul Ramen 120g,Noodles,10,40.0,0.0,400.0
T2025000150,2025-11-03,20:47:00,P0184,Nongshim Baehongdong Bibimyeon 137g,Noodles,2,61.0,0.0,122.0
T2025000150,2025-11-03,20:47:00,P0173,Nongshim Jjapageti,Noodles,4,75.0,0.0,300.0
T2025000150,2025-11-03,20:47:00,P0156,Nongshim Ramyun King Bowl,Noodles,7,95.0,0.0,665.0
T2025000150,2025-11-03,20:47:00,P0174,Ottogi Cheese Bokki Cup,Noodles,1,75.0,0.0,75.0
T2025000151,2025-11-03,20:04:00,P0277,Orion Turtle Chips Sweet Corn,Snacks,9,89.0,0.0,801.0
T2025000151,2025-11-03,20:04:00,P0283,Orion Ogingo Ttangkong,Snacks,3,83.0,0.0,249.0
T2025000151,2025-11-03,20:04:00,P0285,Corn Choco,Snacks,7,80.0,0.0,560.0
T2025000151,2025-11-03,20:04:00,P0263,Samlip Honey Castella,Snacks,3,120.0,0.0,360.0
T2025000151,2025-11-03,20:04:00,P0249,Lotte Chocopie 12Pcs,Snacks,6,200.0,0.0,1200.0
T2025000151,2025-11-03,20:04:00,P0248,Choco Pie Black Sugar 12Pcs,Snacks,9,200.0,0.0,1800.0
T2025000152,2025-11-03,19:57:00,P0024,O'Food Kimchi Soup Mix,Dry Food,5,150.0,0.0,750.0
T2025000152,2025-11-03,19:57:00,P0021,Bibigo Kimbab Kim 10Sheets,Dry Food,9,161.0,0.0,1449.0
T2025000152,2025-11-03,19:57:00,P0012,Ottogi Glass Noodle 1Kg,Dry Food,1,300.0,0.25,225.0
T2025000153,2025-11-03,14:32:00,P0188,Nagasaki Jjampong,Noodles,5,60.0,0.05,285.0
T2025000153,2025-11-03,14:32:00,P0180,Samyang Curry Ramen,Noodles,7,68.0,0.0,476.0
T2025000153,2025-11-03,14:32:00,P0174,Ottogi Cheese Bokki Cup,Noodles,4,75.0,0.0,300.0
T2025000153,2025-11-03,14:32:00,P0171,Tempura Udon Big Cup,Noodles,4,75.0,0.0,300.0
T2025000153,2025-11-03,14:32:00,P0178,Samyang Mala Buldak,Noodles,8,70.0,0.0,560.0
T2025000153,2025-11-03,14:32:00,P0183,Samyang Kimchi Ramen Bowl,Noodles,7,65.0,0.0,455.0
T2025000154,2025-11-03,19:46:00,P0013,Dongwon  Whelk In Can 140g,Dry Food,10,280.0,0.0,2800.0
T2025000154,2025-11-03,19:46:00,P0024,O'Food Kimchi Soup Mix,Dry Food,7,150.0,0.0,1050.0
T2025000154,2025-11-03,19:46:00,P0022,Ottogi Tteokbokki Cup,Dry Food,1,160.0,0.0,160.0
T2025000154,2025-11-03,19:46:00,P0030,Yopokki Onion Butter 120g Cup,Dry Food,3,120.0,0.0,360.0
T2025000155,2025-11-03,17:13:00,P0099,Daerim  Chaw Spicy Stick 90g,Food Frozen,6,80.0,0.0,480.0
T2025000155,2025-11-03,17:13:00,P0077,Daerim  Vienna Sausage 1Kg,Food Frozen,3,580.0,0.0,1740.0
T2025000155,2025-11-03,17:13:00,P0084,Assi Vegetable Dumplings 675g,Food Frozen,5,285.0,0.0,1425.0
T2025000155,2025-11-03,17:13:00,P0088,Dongwon  Real Crabs 144g ,Food Frozen,9,259.0,0.0,2331.0
T2025000156,2025-11-03,15:38:00,P0007,Samyang Spicy Mayo,Condiments,2,130.0,0.0,260.0
T2025000156,2025-11-03,15:38:00,P0004,O'Food Korean Chili Oil,Condiments,4,160.0,0.0,640.0
T2025000157,2025-11-03,15:28:00,P0222,CJ  Soybean Paste 1Kg,Seasoned/Sauce/Powder,5,208.0,0.0,1040.0
T2025000157,2025-11-03,15:28:00,P0212,Beef Dasida (Soup Stock) 1Kg,Seasoned/Sauce/Powder,10,550.0,0.0,5500.0
T2025000157,2025-11-03,15:28:00,P0228,Sempio Gochujang (500g),Seasoned/Sauce/Powder,2,145.0,0.0,290.0
T2025000157,2025-11-03,15:28:00,P0216,CJ Beksul Chicken Frying Mix 1Kg,Seasoned/Sauce/Powder,1,257.0,0.2,205.6
T2025000158,2025-11-03,17:09:00,P0235,O'Food Kimchi Base Sauce,Seasoned/Sauce/Powder,10,130.0,0.15,1105.0
T2025000159,2025-11-03,12:50:00,P0043,CJ Hetbahn Cooked Barley,Dry Food,10,95.0,0.0,950.0
T2025000159,2025-11-03,12:50:00,P0037,Ottogi Cup Spaghetti,Dry Food,1,110.0,0.0,110.0
T2025000159,2025-11-03,12:50:00,P0036,Dongwon  Tuna Light Can 150g,Dry Food,7,110.0,0.0,770.0
T2025000159,2025-11-03,12:50:00,P0012,Ottogi Glass Noodle 1Kg,Dry Food,7,300.0,0.0,2100.0
T2025000160,2025-11-03,13:01:00,P0273,Haitai  Plumcandy 130g,Snacks,3,95.0,0.25,213.75
T2025000160,2025-11-03,13:01:00,P0249,Lotte Chocopie 12Pcs,Snacks,6,200.0,0.0,1200.0
T2025000160,2025-11-03,13:01:00,P0271,Orion Choco Chip Cookies,Snacks,10,100.0,0.0,1000.0
T2025000161,2025-11-03,21:47:00,P0205,Ottogi Yeul Ramen,Noodles,6,48.0,0.0,288.0
T2025000161,2025-11-03,21:47:00,P0194,Shin Ramen Kimchi,Noodles,10,55.0,0.0,550.0
T2025000161,2025-11-03,21:47:00,P0177,Ottogi Beef Seaweed Soup Ramen,Noodles,7,70.0,0.0,490.0
T2025000161,2025-11-03,21:47:00,P0153,Samyang Buldak Cheese Cup,Noodles,7,110.0,0.0,770.0
T2025000161,2025-11-03,21:47:00,P0155,Nongshim Dungji Mul Nengmyeon (Cold Noodle),Noodles,7,95.0,0.0,665.0
T2025000161,2025-11-03,21:47:00,P0193,Paldo Gomtang Ramen,Noodles,10,56.0,0.25,420.0
T2025000162,2025-11-03,08:28:00,P0058,Homemade Kimchi 850g,Food Fresh/Meat/Sidedish,1,290.0,0.0,290.0
T2025000162,2025-11-03,08:28:00,P0069,Bibigo Beef Bone Soup,Food Fresh/Meat/Sidedish,6,110.0,0.0,660.0
T2025000162,2025-11-03,08:28:00,P0052,Shine Beef Bulgogi Pack,Food Fresh/Meat/Sidedish,4,550.0,0.0,2200.0
T2025000162,2025-11-03,08:28:00,P0056,Us Beef Strips 500g,Food Fresh/Meat/Sidedish,6,375.0,0.0,2250.0
T2025000163,2025-11-03,14:52:00,P0062,Dried Anchovy Small 100g,Food Fresh/Meat/Sidedish,4,240.0,0.05,912.0
T2025000164,2025-11-03,16:51:00,P0195,Ottogi Jin Mild Small Cup,Noodles,9,55.0,0.0,495.0
T2025000165,2025-11-03,17:31:00,P0128,Chamiseul Fresh 360mL,Liquor/Beverage,3,120.0,0.0,360.0
T2025000165,2025-11-03,17:31:00,P0131,Sunhari Yogurt 360mL,Liquor/Beverage,8,120.0,0.15,816.0
T2025000165,2025-11-03,17:31:00,P0105,White Gold Coffee 100Sticks,Liquor/Beverage,6,1150.0,0.0,6900.0
T2025000165,2025-11-03,17:31:00,P0147,Binggrae Coffee Milk,Liquor/Beverage,1,48.0,0.0,48.0
T2025000166,2025-11-03,20:08:00,P0089,Jongga Rice Cake 1Kg,Food Frozen,9,230.0,0.0,2070.0
T2025000166,2025-11-03,20:08:00,P0099,Daerim  Chaw Spicy Stick 90g,Food Frozen,2,80.0,0.0,160.0
T2025000166,2025-11-03,20:08:00,P0081,Assi Shrimp Wanton 600g,Food Frozen,8,400.0,0.05,3040.0
T2025000167,2025-11-03,15:39:00,P0006,Chung Jung One Soy Sauce,Condiments,8,140.0,0.0,1120.0
T2025000167,2025-11-03,15:39:00,P0007,Samyang Spicy Mayo,Condiments,10,130.0,0.0,1300.0
T2025000168,2025-11-03,18:20:00,P0182,Paldo Ilpoom Jjajang,Noodles,9,65.0,0.0,585.0
T2025000168,2025-11-03,18:20:00,P0201,Sewoo Tang Small Cup,Noodles,2,50.0,0.15,85.0
T2025000168,2025-11-03,18:20:00,P0170,Ottogi Jin Jjajang,Noodles,1,80.0,0.0,80.0
T2025000168,2025-11-03,18:20:00,P0172,Ottogi Jin Hot Big Cup,Noodles,6,75.0,0.0,450.0
T2025000168,2025-11-03,18:20:00,P0186,Ottogi Chachelin Blackbean 145g,Noodles,6,60.0,0.0,360.0
T2025000168,2025-11-03,18:20:00,P0156,Nongshim Ramyun King Bowl,Noodles,2,95.0,0.25,142.5
T2025000169,2025-11-03,21:41:00,P0052,Shine Beef Bulgogi Pack,Food Fresh/Meat/Sidedish,10,550.0,0.0,5500.0
T2025000169,2025-11-03,21:41:00,P0059,Pork Belly (Samgyupsal) 500g,Food Fresh/Meat/Sidedish,10,275.0,0.0,2750.0
T2025000169,2025-11-03,21:41:00,P0068,Enoki Mushroom 150G 2Packs,Food Fresh/Meat/Sidedish,2,120.0,0.0,240.0
T2025000169,2025-11-03,21:41:00,P0063,Our Home Kimchi 1Kg Jar,Food Fresh/Meat/Sidedish,3,190.0,0.0,570.0
T2025000170,2025-11-03,09:53:00,P0271,Orion Choco Chip Cookies,Snacks,9,100.0,0.0,900.0
T2025000171,2025-11-03,13:24:00,P0118,Brown Rice Green Tea 50Pcs,Liquor/Beverage,1,257.0,0.0,257.0
T2025000171,2025-11-03,13:24:00,P0116,Maxim Mocha Gold Coffee Mix 20Pcs,Liquor/Beverage,3,275.0,0.0,825.0
T2025000171,2025-11-03,13:24:00,P0143,Nongshim Welchs Grape 355mL,Liquor/Beverage,3,60.0,0.0,180.0
T2025000172,2025-11-03,12:33:00,P0232,O'Food Tofu Stew Base,Seasoned/Sauce/Powder,6,135.0,0.0,810.0
T2025000172,2025-11-03,12:33:00,P0230,CJ Beksul Pancake Sauce,Seasoned/Sauce/Powder,3,145.0,0.0,435.0
T2025000172,2025-11-03,12:33:00,P0240,Ottogi Spaghetti Sauce,Seasoned/Sauce/Powder,3,115.0,0.0,345.0
T2025000172,2025-11-03,12:33:00,P0238,Ottogi Curry Mild,Seasoned/Sauce/Powder,4,115.0,0.05,437.0
T2025000173,2025-11-03,19:32:00,P0124,Terra Lager Beer 500mL,Liquor/Beverage,8,170.0,0.0,1360.0
T2025000173,2025-11-03,19:32:00,P0140,Woongjin Yogurt Peach 340mL,Liquor/Beverage,3,60.0,0.0,180.0
T2025000173,2025-11-03,19:32:00,P0149,Binggrae Mango Milk,Liquor/Beverage,6,45.0,0.0,270.0
T2025000173,2025-11-03,19:32:00,P0130,Sunhari Apple 360mL,Liquor/Beverage,2,120.0,0.1,216.0
T2025000174,2025-11-03,21:58:00,P0080,Samyang Buldak Original Spicy Mandu 700g,Food Frozen,2,410.0,0.0,820.0
T2025000175,2025-11-03,19:51:00,P0059,Pork Belly (Samgyupsal) 500g,Food Fresh/Meat/Sidedish,6,275.0,0.0,1650.0
T2025000175,2025-11-03,19:51:00,P0057,Jongga Pogi Kimchi 500g,Food Fresh/Meat/Sidedish,3,315.0,0.2,756.0
T2025000175,2025-11-03,19:51:00,P0056,Us Beef Strips 500g,Food Fresh/Meat/Sidedish,7,375.0,0.0,2625.0
T2025000175,2025-11-03,19:51:00,P0051,Us Premium Rib Eye 500g,Food Fresh/Meat/Sidedish,9,725.0,0.15,5546.25
T2025000175,2025-11-03,19:51:00,P0061,Dried Anchovy Medium 100g,Food Fresh/Meat/Sidedish,8,240.0,0.0,1920.0
T2025000176,2025-11-03,17:46:00,P0268,Samlip Walnut Pie,Snacks,2,110.0,0.0,220.0
T2025000176,2025-11-03,17:46:00,P0266,Bibigo Seaweed Crisps,Snacks,9,110.0,0.0,990.0
T2025000176,2025-11-03,17:46:00,P0249,Lotte Chocopie 12Pcs,Snacks,9,200.0,0.0,1800.0
T2025000176,2025-11-03,17:46:00,P0255,Bibigo Crispy Seaweed Snack,Snacks,4,140.0,0.0,560.0
T2025000176,2025-11-03,17:46:00,P0275,Haitai Sweet Potato Snack,Snacks,9,95.0,0.0,855.0
T2025000176,2025-11-03,17:46:00,P0282,Orion Choco Boy,Snacks,4,85.0,0.0,340.0
T2025000177,2025-11-03,12:47:00,P0009,CJ Beksul Corn Syrup,Condiments,6,95.0,0.0,570.0
T2025000178,2025-11-03,16:40:00,P0170,Ottogi Jin Jjajang,Noodles,6,80.0,0.0,480.0
T2025000178,2025-11-03,16:40:00,P0188,Nagasaki Jjampong,Noodles,5,60.0,0.0,300.0
T2025000178,2025-11-03,16:40:00,P0162,Ottogi Jin Jjampong,Noodles,3,90.0,0.0,270.0
T2025000178,2025-11-03,16:40:00,P0187,Paldo Bibim Men,Noodles,4,60.0,0.0,240.0
T2025000178,2025-11-03,16:40:00,P0181,Paldo Bibim Cold Noodles,Noodles,1,65.0,0.0,65.0
T2025000178,2025-11-03,16:40:00,P0208,Ottogi Jin Ramen Mild,Noodles,3,40.0,0.0,120.0
T2025000179,2025-11-03,13:15:00,P0080,Samyang Buldak Original Spicy Mandu 700g,Food Frozen,3,410.0,0.0,1230.0
T2025000179,2025-11-03,13:15:00,P0087,Bibigo Crispy Seaweed Roll,Food Frozen,8,260.0,0.0,2080.0
T2025000179,2025-11-03,13:15:00,P0096,Daerim  Vienna Sausage 170g,Food Frozen,6,145.0,0.2,696.0
T2025000179,2025-11-03,13:15:00,P0085,Bibigo Bulgogi Mandu,Food Frozen,6,280.0,0.0,1680.0
T2025000179,2025-11-03,13:15:00,P0102,MWC Tteok Galbi Bar,Food Frozen,7,75.0,0.0,525.0
T2025000180,2025-11-03,18:24:00,P0242,CJ  Gochujang 200g,Seasoned/Sauce/Powder,2,100.0,0.0,200.0
T2025000180,2025-11-03,18:24:00,P0240,Ottogi Spaghetti Sauce,Seasoned/Sauce/Powder,9,115.0,0.0,1035.0
T2025000181,2025-11-03,20:17:00,P0031,Yopokki Cheese Cup 120g,Dry Food,7,120.0,0.0,840.0
T2025000181,2025-11-03,20:17:00,P0025,Sempio Yellow Peach In Can 400g,Dry Food,1,145.0,0.05,137.75
T2025000181,2025-11-03,20:17:00,P0014,Bibigo Beef Seaweed Soup,Dry Food,6,264.0,0.0,1584.0
T2025000181,2025-11-03,20:17:00,P0039,Ottogi 3Mins Curry,Dry Food,8,99.0,0.0,792.0
T2025000181,2025-11-03,20:17:00,P0044,Ottogi Vegetable Soup 80g,Dry Food,1,90.0,0.0,90.0
T2025000181,2025-11-03,20:17:00,P0035,CJ  Multi-Grains Cooked Rice 210g,Dry Food,1,110.0,0.15,93.5
T2025000182,2025-11-03,10:47:00,P0007,Samyang Spicy Mayo,Condiments,9,130.0,0.0,1170.0
T2025000182,2025-11-03,10:47:00,P0001,Ottogi Sesame Oil 500mL,Condiments,9,590.5,0.0,5314.5
T2025000182,2025-11-03,10:47:00,P0004,O'Food Korean Chili Oil,Condiments,10,160.0,0.0,1600.0
T2025000182,2025-11-03,10:47:00,P0002,Ottogi Gold Mayonnaise 500g,Condiments,10,235.0,0.0,2350.0
T2025000183,2025-11-03,14:33:00,P0049,Our Home Kimchi 1Kg,Food Fresh/Meat/Sidedish,8,320.5,0.0,2564.0
T2025000183,2025-11-03,14:33:00,P0063,Our Home Kimchi 1Kg Jar,Food Fresh/Meat/Sidedish,5,190.0,0.0,950.0
T2025000183,2025-11-03,14:33:00,P0062,Dried Anchovy Small 100g,Food Fresh/Meat/Sidedish,7,240.0,0.0,1680.0
T2025000183,2025-11-03,14:33:00,P0059,Pork Belly (Samgyupsal) 500g,Food Fresh/Meat/Sidedish,2,275.0,0.0,550.0
T2025000184,2025-11-03,09:57:00,P0256,Orion Custard Cake,Snacks,9,130.0,0.0,1170.0
T2025000185,2025-11-03,16:45:00,P0075,Bibigo Mul Mandu 370g 2Packs,Food Frozen,10,695.0,0.0,6950.0
T2025000185,2025-11-03,16:45:00,P0081,Assi Shrimp Wanton 600g,Food Frozen,7,400.0,0.0,2800.0
T2025000185,2025-11-03,16:45:00,P0085,Bibigo Bulgogi Mandu,Food Frozen,9,280.0,0.0,2520.0
T2025000185,2025-11-03,16:45:00,P0098,Daerim  Crabstick 216g,Food Frozen,1,98.0,0.0,98.0
T2025000186,2025-11-03,08:01:00,P0049,Our Home Kimchi 1Kg,Food Fresh/Meat/Sidedish,8,320.5,0.0,2564.0
T2025000187,2025-11-03,16:13:00,P0073,Perilla Leaves 2Packs,Food Fresh/Meat/Sidedish,4,40.0,0.0,160.0
T2025000187,2025-11-03,16:13:00,P0068,Enoki Mushroom 150G 2Packs,Food Fresh/Meat/Sidedish,9,120.0,0.15,918.0
T2025000187,2025-11-03,16:13:00,P0072,Kongsarang Soft Tofu,Food Fresh/Meat/Sidedish,2,65.0,0.0,130.0
T2025000188,2025-11-03,19:02:00,P0049,Our Home Kimchi 1Kg,Food Fresh/Meat/Sidedish,5,320.5,0.0,1602.5
T2025000188,2025-11-03,19:02:00,P0060,Homemade Spring Onion Kimchi 350g,Food Fresh/Meat/Sidedish,5,250.0,0.0,1250.0
T2025000188,2025-11-03,19:02:00,P0052,Shine Beef Bulgogi Pack,Food Fresh/Meat/Sidedish,6,550.0,0.05,3135.0
T2025000189,2025-11-03,10:22:00,P0258,Orion Custard Choco Cake,Snacks,5,130.0,0.0,650.0
T2025000189,2025-11-03,10:22:00,P0269,Lotte Soft Strawberry Milk Candy 79g,Snacks,4,105.0,0.0,420.0
T2025000189,2025-11-03,10:22:00,P0291,Crown Sando Biscuit,Snacks,2,75.0,0.25,112.5
T2025000189,2025-11-03,10:22:00,P0246,Post Almond Flakes,Snacks,10,245.0,0.05,2327.5
T2025000189,2025-11-03,10:22:00,P0279,Orion O! Karto Sweet Corn,Snacks,4,88.0,0.0,352.0
T2025000189,2025-11-03,10:22:00,P0299,Lotte Xylitol Green Gum,Snacks,9,55.0,0.0,495.0
T2025000190,2025-11-03,18:38:00,P0160,Paldo Wang Cup Kimchi,Noodles,9,90.0,0.0,810.0
T2025000190,2025-11-03,18:38:00,P0162,Ottogi Jin Jjampong,Noodles,9,90.0,0.05,769.5
T2025000191,2025-11-03,19:03:00,P0075,Bibigo Mul Mandu 370g 2Packs,Food Frozen,4,695.0,0.0,2780.0
T2025000191,2025-11-03,19:03:00,P0094,MWC Frank Sausage 5Pcs,Food Frozen,9,173.0,0.05,1479.15
T2025000191,2025-11-03,19:03:00,P0085,Bibigo Bulgogi Mandu,Food Frozen,7,280.0,0.0,1960.0
T2025000191,2025-11-03,19:03:00,P0087,Bibigo Crispy Seaweed Roll,Food Frozen,8,260.0,0.0,2080.0
T2025000192,2025-11-03,15:00:00,P0205,Ottogi Yeul Ramen,Noodles,4,48.0,0.0,192.0
T2025000192,2025-11-03,15:00:00,P0177,Ottogi Beef Seaweed Soup Ramen,Noodles,2,70.0,0.0,140.0
T2025000192,2025-11-03,15:00:00,P0199,Paldo Koreno Shrimp Noodle,Noodles,5,50.0,0.0,250.0
T2025000192,2025-11-03,15:00:00,P0166,Samyang Buldak Original,Noodles,7,88.0,0.0,616.0
T2025000192,2025-11-03,15:00:00,P0190,Nongshim Tempura Udon Cup,Noodles,2,60.0,0.0,120.0
T2025000192,2025-11-03,15:00:00,P0175,Samyang Jjajang Hot Chicken,Noodles,4,75.0,0.0,300.0
T2025000193,2025-11-03,21:33:00,P0035,CJ  Multi-Grains Cooked Rice 210g,Dry Food,3,110.0,0.0,330.0
T2025000193,2025-11-03,21:33:00,P0045,CJ Beksul Wheat Flour,Dry Food,6,90.0,0.0,540.0
T2025000194,2025-11-03,16:14:00,P0029,CJ Beksul Pancake Flour,Dry Food,7,125.0,0.0,875.0
T2025000194,2025-11-03,16:14:00,P0044,Ottogi Vegetable Soup 80g,Dry Food,5,90.0,0.0,450.0
T2025000195,2025-11-03,12:39:00,P0043,CJ Hetbahn Cooked Barley,Dry Food,7,95.0,0.0,665.0
T2025000195,2025-11-03,12:39:00,P0019,Haepyo Crispy Seaweed 9Pcs,Dry Food,6,188.0,0.0,1128.0
T2025000195,2025-11-03,12:39:00,P0010,Daerim  Big Smoke Ham 1Kg,Dry Food,9,480.0,0.0,4320.0
T2025000195,2025-11-03,12:39:00,P0048,Dongwon Light Tuna,Dry Food,6,75.0,0.0,450.0
T2025000195,2025-11-03,12:39:00,P0035,CJ  Multi-Grains Cooked Rice 210g,Dry Food,2,110.0,0.1,198.0
T2025000195,2025-11-03,12:39:00,P0018,(Kaya) Korean Rice 1.5Kg,Dry Food,2,190.0,0.0,380.0
T2025000196,2025-11-03,10:11:00,P0036,Dongwon  Tuna Light Can 150g,Dry Food,5,110.0,0.0,550.0
T2025000196,2025-11-03,10:11:00,P0011,CJ  Cooked Rice Plain 210g,Dry Food,1,365.0,0.0,365.0
T2025000197,2025-11-03,19:32:00,P0097,Daerim  Cheese Vienna Sausage 105g,Food Frozen,1,120.0,0.0,120.0
T2025000197,2025-11-03,19:32:00,P0102,MWC Tteok Galbi Bar,Food Frozen,5,75.0,0.0,375.0
T2025000197,2025-11-03,19:32:00,P0080,Samyang Buldak Original Spicy Mandu 700g,Food Frozen,9,410.0,0.0,3690.0
T2025000198,2025-11-03,10:40:00,P0279,Orion O! Karto Sweet Corn,Snacks,9,88.0,0.0,792.0
T2025000198,2025-11-03,10:40:00,P0283,Orion Ogingo Ttangkong,Snacks,5,83.0,0.0,415.0
T2025000199,2025-11-03,19:06:00,P0006,Chung Jung One Soy Sauce,Condiments,1,140.0,0.0,140.0
T2025000199,2025-11-03,19:06:00,P0008,Ottogi Corn Syrup,Condiments,9,98.0,0.0,882.0
T2025000200,2025-11-03,17:11:00,P0214,Jin Soy Sauce Rich & Savory 860mL,Seasoned/Sauce/Powder,4,315.0,0.0,1260.0
T2025000200,2025-11-03,17:11:00,P0222,CJ  Soybean Paste 1Kg,Seasoned/Sauce/Powder,9,208.0,0.0,1872.0
T2025000200,2025-11-03,17:11:00,P0236,CJ  Soybean Paste 500g,Seasoned/Sauce/Powder,5,123.0,0.0,615.0
T2025000200,2025-11-03,17:11:00,P0221,CJ  Gochujang 500g,Seasoned/Sauce/Powder,8,220.0,0.0,1760.0
T2025000200,2025-11-03,17:11:00,P0230,CJ Beksul Pancake Sauce,Seasoned/Sauce/Powder,2,145.0,0.2,232.0
T2025000200,2025-11-03,17:11:00,P0243,CJ  Ssamjang 170g,Seasoned/Sauce/Powder,2,88.0,0.0,176.0
T2025000201,2025-11-03,15:27:00,P0262,Orion Custard Pineapple,Snacks,8,120.0,0.0,960.0
T2025000201,2025-11-03,15:27:00,P0281,Haitai Ace Crackers,Snacks,7,85.0,0.0,595.0
T2025000201,2025-11-03,15:27:00,P0291,Crown Sando Biscuit,Snacks,3,75.0,0.0,225.0
T2025000201,2025-11-03,15:27:00,P0258,Orion Custard Choco Cake,Snacks,6,130.0,0.0,780.0
T2025000201,2025-11-03,15:27:00,P0299,Lotte Xylitol Green Gum,Snacks,7,55.0,0.0,385.0
T2025000202,2025-11-03,12:28:00,P0059,Pork Belly (Samgyupsal) 500g,Food Fresh/Meat/Sidedish,10,275.0,0.0,2750.0
T2025000202,2025-11-03,12:28:00,P0064,Kimbab Radish 400g,Food Fresh/Meat/Sidedish,1,185.0,0.0,185.0
T2025000202,2025-11-03,12:28:00,P0073,Perilla Leaves 2Packs,Food Fresh/Meat/Sidedish,6,40.0,0.0,240.0
T2025000203,2025-11-03,18:13:00,P0149,Binggrae Mango Milk,Liquor/Beverage,4,45.0,0.0,180.0
T2025000203,2025-11-03,18:13:00,P0105,White Gold Coffee 100Sticks,Liquor/Beverage,4,1150.0,0.0,4600.0
T2025000203,2025-11-03,18:13:00,P0113,Binggre Melon Milk 200mL 6Pcs,Liquor/Beverage,9,290.0,0.0,2610.0
T2025000203,2025-11-03,18:13:00,P0111,Maxim Kanu Ice Latte 10 Sticks,Liquor/Beverage,4,360.0,0.0,1440.0
T2025000204,2025-11-03,09:59:00,P0283,Orion Ogingo Ttangkong,Snacks,7,83.0,0.0,581.0
T2025000204,2025-11-03,09:59:00,P0292,Orion Goraebab Crackers,Snacks,5,75.0,0.0,375.0
T2025000204,2025-11-03,09:59:00,P0249,Lotte Chocopie 12Pcs,Snacks,8,200.0,0.0,1600.0
T2025000205,2025-11-03,08:48:00,P0253,Orion Market O Brownie,Snacks,1,170.0,0.0,170.0
T2025000205,2025-11-03,08:48:00,P0252,Lotte Banana Choco Pie 12Pcs,Snacks,5,180.0,0.0,900.0
T2025000206,2025-11-03,10:33:00,P0006,Chung Jung One Soy Sauce,Condiments,1,140.0,0.0,140.0
T2025000206,2025-11-03,10:33:00,P0007,Samyang Spicy Mayo,Condiments,9,130.0,0.0,1170.0
T2025000207,2025-11-03,19:33:00,P0013,Dongwon  Whelk In Can 140g,Dry Food,7,280.0,0.15,1666.0
T2025000207,2025-11-03,19:33:00,P0032,Samlip Mini Kimbap,Dry Food,10,120.0,0.0,1200.0
T2025000207,2025-11-03,19:33:00,P0017,Bibigo Seaweed Flakes 50g,Dry Food,1,210.0,0.0,210.0
T2025000208,2025-11-03,16:33:00,P0034,CJ  Cooked Rice,Dry Food,1,116.0,0.1,104.4
T2025000208,2025-11-03,16:33:00,P0018,(Kaya) Korean Rice 1.5Kg,Dry Food,5,190.0,0.0,950.0
T2025000208,2025-11-03,16:33:00,P0044,Ottogi Vegetable Soup 80g,Dry Food,8,90.0,0.0,720.0
T2025000209,2025-11-03,19:09:00,P0189,Ottogi Bodle Cheese Ramen,Noodles,1,60.0,0.15,51.0
T2025000209,2025-11-03,19:09:00,P0187,Paldo Bibim Men,Noodles,8,60.0,0.0,480.0
T2025000209,2025-11-03,19:09:00,P0202,Nongshim Ansung Tangmen,Noodles,5,50.0,0.25,187.5
T2025000209,2025-11-03,19:09:00,P0176,Ottogi Cheese Bokki Cup,Noodles,9,72.0,0.0,648.0
T2025000209,2025-11-03,19:09:00,P0199,Paldo Koreno Shrimp Noodle,Noodles,4,50.0,0.0,200.0
T2025000209,2025-11-03,19:09:00,P0198,Paldo Koreno Beef Noodle 100g,Noodles,10,50.0,0.0,500.0
T2025000210,2025-11-03,18:00:00,P0019,Haepyo Crispy Seaweed 9Pcs,Dry Food,3,188.0,0.05,535.8
T2025000210,2025-11-03,18:00:00,P0038,(Kaya) Korean Rice 1Kg,Dry Food,8,100.0,0.0,800.0
T2025000210,2025-11-03,18:00:00,P0034,CJ  Cooked Rice,Dry Food,5,116.0,0.0,580.0
T2025000210,2025-11-03,18:00:00,P0021,Bibigo Kimbab Kim 10Sheets,Dry Food,10,161.0,0.0,1610.0
T2025000210,2025-11-03,18:00:00,P0032,Samlip Mini Kimbap,Dry Food,7,120.0,0.0,840.0
T2025000210,2025-11-03,18:00:00,P0035,CJ  Multi-Grains Cooked Rice 210g,Dry Food,4,110.0,0.0,440.0
T2025000211,2025-11-03,16:18:00,P0226,CJ Beksul Sweet Korean Pancake Mix 400g,Seasoned/Sauce/Powder,2,155.0,0.0,310.0
T2025000211,2025-11-03,16:18:00,P0219,CJ Beksul Spicy Pork Sauce 500g,Seasoned/Sauce/Powder,10,240.0,0.0,2400.0
T2025000211,2025-11-03,16:18:00,P0223,Jin Soy Sauce For Soup 860mL,Seasoned/Sauce/Powder,3,205.0,0.1,553.5
T2025000212,2025-11-03,16:21:00,P0046,CJ Beksul Potato Starch,Dry Food,1,85.0,0.15,72.25
T2025000212,2025-11-03,16:21:00,P0029,CJ Beksul Pancake Flour,Dry Food,4,125.0,0.0,500.0
T2025000212,2025-11-03,16:21:00,P0022,Ottogi Tteokbokki Cup,Dry Food,10,160.0,0.0,1600.0
T2025000212,2025-11-03,16:21:00,P0033,CJ Beksul Frying Mix,Dry Food,4,120.0,0.0,480.0
T2025000212,2025-11-03,16:21:00,P0039,Ottogi 3Mins Curry,Dry Food,7,99.0,0.0,693.0
T2025000212,2025-11-03,16:21:00,P0048,Dongwon Light Tuna,Dry Food,6,75.0,0.0,450.0
T2025000213,2025-11-03,09:53:00,P0062,Dried Anchovy Small 100g,Food Fresh/Meat/Sidedish,8,240.0,0.0,1920.0
T2025000213,2025-11-03,09:53:00,P0053,Shine Spicy Pork Bulgogi Pack,Food Fresh/Meat/Sidedish,10,500.0,0.0,5000.0
T2025000214,2025-11-03,09:56:00,P0079,Daerim  Kimbab Ham 1Kg,Food Frozen,3,480.0,0.1,1296.0
T2025000215,2025-11-03,20:19:00,P0108,Ottogi Honey Citron Tea 1Kg,Liquor/Beverage,3,530.0,0.05,1510.5
T2025000215,2025-11-03,20:19:00,P0119,Sempio Yuzu Tea,Liquor/Beverage,7,250.0,0.1,1575.0
T2025000216,2025-11-03,19:51:00,P0240,Ottogi Spaghetti Sauce,Seasoned/Sauce/Powder,10,115.0,0.05,1092.5
T2025000216,2025-11-03,19:51:00,P0243,CJ  Ssamjang 170g,Seasoned/Sauce/Powder,9,88.0,0.0,792.0
T2025000216,2025-11-03,19:51:00,P0238,Ottogi Curry Mild,Seasoned/Sauce/Powder,2,115.0,0.0,230.0
T2025000217,2025-11-03,12:26:00,P0138,Kirin Ichiban Beer 330mL,Liquor/Beverage,4,68.0,0.0,272.0
T2025000217,2025-11-03,12:26:00,P0139,Paldo Pororo Juice,Liquor/Beverage,9,65.0,0.0,585.0
T2025000217,2025-11-03,12:26:00,P0116,Maxim Mocha Gold Coffee Mix 20Pcs,Liquor/Beverage,1,275.0,0.0,275.0
T2025000218,2025-11-03,16:47:00,P0133,Sunhari Blueberry 360mL,Liquor/Beverage,7,120.0,0.0,840.0
T2025000218,2025-11-03,16:47:00,P0124,Terra Lager Beer 500mL,Liquor/Beverage,7,170.0,0.0,1190.0
T2025000218,2025-11-03,16:47:00,P0140,Woongjin Yogurt Peach 340mL,Liquor/Beverage,8,60.0,0.0,480.0
T2025000218,2025-11-03,16:47:00,P0146,Binggrae Yogurt Drink,Liquor/Beverage,3,55.0,0.0,165.0
T2025000218,2025-11-03,16:47:00,P0126,Woongjin Yogurt Pineapple 1.5L,Liquor/Beverage,10,135.0,0.0,1350.0
T2025000218,2025-11-03,16:47:00,P0112,Teazen Diet Tea Berry 10 Sticks,Liquor/Beverage,9,290.0,0.0,2610.0
T2025000219,2025-11-03,20:02:00,P0087,Bibigo Crispy Seaweed Roll,Food Frozen,3,260.0,0.0,780.0
T2025000219,2025-11-03,20:02:00,P0092,Daerim  Crab Stick 500g,Food Frozen,3,210.0,0.0,630.0
T2025000219,2025-11-03,20:02:00,P0098,Daerim  Crabstick 216g,Food Frozen,7,98.0,0.0,686.0
T2025000219,2025-11-03,20:02:00,P0084,Assi Vegetable Dumplings 675g,Food Frozen,4,285.0,0.25,855.0
T2025000220,2025-11-03,12:08:00,P0052,Shine Beef Bulgogi Pack,Food Fresh/Meat/Sidedish,8,550.0,0.0,4400.0
T2025000220,2025-11-03,12:08:00,P0064,Kimbab Radish 400g,Food Fresh/Meat/Sidedish,9,185.0,0.0,1665.0
T2025000220,2025-11-03,12:08:00,P0069,Bibigo Beef Bone Soup,Food Fresh/Meat/Sidedish,10,110.0,0.0,1100.0
T2025000221,2025-11-03,15:40:00,P0300,Can Choco Balls,Snacks,2,45.0,0.0,90.0
T2025000221,2025-11-03,15:40:00,P0248,Choco Pie Black Sugar 12Pcs,Snacks,1,200.0,0.0,200.0
T2025000221,2025-11-03,15:40:00,P0251,Oil Fried & Salted Peanuts,Snacks,3,185.0,0.05,527.25
T2025000221,2025-11-03,15:40:00,P0270,Samlip Custard Cream Cake,Snacks,10,105.0,0.0,1050.0
T2025000221,2025-11-03,15:40:00,P0281,Haitai Ace Crackers,Snacks,10,85.0,0.0,850.0
T2025000222,2025-11-03,19:42:00,P0286,Crown Caramel Maple Corn,Snacks,10,80.0,0.0,800.0
T2025000223,2025-11-03,21:50:00,P0075,Bibigo Mul Mandu 370g 2Packs,Food Frozen,6,695.0,0.0,4170.0
T2025000224,2025-11-03,19:07:00,P0090,Nongmin Rice Cake 1Kg,Food Frozen,10,220.0,0.0,2200.0
T2025000224,2025-11-03,19:07:00,P0074,Bibigo Fried Dumplings 450g,Food Frozen,6,740.0,0.0,4440.0
T2025000225,2025-11-03,08:13:00,P0226,CJ Beksul Sweet Korean Pancake Mix 400g,Seasoned/Sauce/Powder,4,155.0,0.0,620.0
T2025000226,2025-11-03,19:22:00,P0002,Ottogi Gold Mayonnaise 500g,Condiments,2,235.0,0.15,399.5
T2025000226,2025-11-03,19:22:00,P0006,Chung Jung One Soy Sauce,Condiments,4,140.0,0.1,504.0
T2025000226,2025-11-03,19:22:00,P0008,Ottogi Corn Syrup,Condiments,10,98.0,0.0,980.0
T2025000226,2025-11-03,19:22:00,P0007,Samyang Spicy Mayo,Condiments,3,130.0,0.0,390.0
T2025000227,2025-11-03,11:54:00,P0058,Homemade Kimchi 850g,Food Fresh/Meat/Sidedish,6,290.0,0.0,1740.0
T2025000227,2025-11-03,11:54:00,P0054,Chadolbagi Wagyu 500g,Food Fresh/Meat/Sidedish,9,475.0,0.0,4275.0
T2025000227,2025-11-03,11:54:00,P0065,Sempio Spicy Stir-Fried Dried Squid,Food Fresh/Meat/Sidedish,2,175.0,0.2,280.0
T2025000228,2025-11-03,13:29:00,P0226,CJ Beksul Sweet Korean Pancake Mix 400g,Seasoned/Sauce/Powder,9,155.0,0.0,1395.0
T2025000228,2025-11-03,13:29:00,P0233,O'Food Korean Fried Chicken Sauce,Seasoned/Sauce/Powder,9,135.0,0.0,1215.0
T2025000228,2025-11-03,13:29:00,P0236,CJ  Soybean Paste 500g,Seasoned/Sauce/Powder,10,123.0,0.0,1230.0
T2025000228,2025-11-03,13:29:00,P0231,O'Food Bulgogi Marinade,Seasoned/Sauce/Powder,1,145.0,0.0,145.0
T2025000228,2025-11-03,13:29:00,P0228,Sempio Gochujang (500g),Seasoned/Sauce/Powder,9,145.0,0.0,1305.0
T2025000229,2025-11-03,11:37:00,P0030,Yopokki Onion Butter 120g Cup,Dry Food,8,120.0,0.0,960.0
T2025000229,2025-11-03,11:37:00,P0017,Bibigo Seaweed Flakes 50g,Dry Food,3,210.0,0.1,567.0
T2025000230,2025-11-03,16:05:00,P0280,Nongshim Potato Sticks,Snacks,2,85.0,0.0,170.0
T2025000230,2025-11-03,16:05:00,P0296,Lotte Cereal Choco,Snacks,2,55.0,0.2,88.0
T2025000230,2025-11-03,16:05:00,P0295,Pepero Almond,Snacks,8,55.0,0.0,440.0
T2025000230,2025-11-03,16:05:00,P0262,Orion Custard Pineapple,Snacks,4,120.0,0.0,480.0
T2025000231,2025-11-03,21:53:00,P0090,Nongmin Rice Cake 1Kg,Food Frozen,3,220.0,0.0,660.0
T2025000231,2025-11-03,21:53:00,P0096,Daerim  Vienna Sausage 170g,Food Frozen,4,145.0,0.0,580.0
T2025000231,2025-11-03,21:53:00,P0101,Daerim  Fish Cake Stick,Food Frozen,5,77.0,0.0,385.0
T2025000231,2025-11-03,21:53:00,P0087,Bibigo Crispy Seaweed Roll,Food Frozen,5,260.0,0.2,1040.0
T2025000232,2025-11-03,08:13:00,P0292,Orion Goraebab Crackers,Snacks,8,75.0,0.2,480.0
T2025000232,2025-11-03,08:13:00,P0297,Pepero Choco Filled,Snacks,1,55.0,0.0,55.0
T2025000232,2025-11-03,08:13:00,P0286,Crown Caramel Maple Corn,Snacks,2,80.0,0.0,160.0
T2025000232,2025-11-03,08:13:00,P0281,Haitai Ace Crackers,Snacks,8,85.0,0.0,680.0
T2025000233,2025-11-03,12:16:00,P0096,Daerim  Vienna Sausage 170g,Food Frozen,8,145.0,0.05,1102.0
T2025000233,2025-11-03,12:16:00,P0087,Bibigo Crispy Seaweed Roll,Food Frozen,8,260.0,0.0,2080.0
T2025000233,2025-11-03,12:16:00,P0089,Jongga Rice Cake 1Kg,Food Frozen,6,230.0,0.15,1173.0
T2025000234,2025-11-03,20:47:00,P0176,Ottogi Cheese Bokki Cup,Noodles,2,72.0,0.0,144.0
T2025000234,2025-11-03,20:47:00,P0177,Ottogi Beef Seaweed Soup Ramen,Noodles,6,70.0,0.0,420.0
T2025000234,2025-11-03,20:47:00,P0174,Ottogi Cheese Bokki Cup,Noodles,8,75.0,0.0,600.0
T2025000234,2025-11-03,20:47:00,P0172,Ottogi Jin Hot Big Cup,Noodles,9,75.0,0.0,675.0
T2025000234,2025-11-03,20:47:00,P0200,Paldo Koreno Kimchi Noodle,Noodles,8,50.0,0.05,380.0
T2025000235,2025-11-03,14:31:00,P0200,Paldo Koreno Kimchi Noodle,Noodles,5,50.0,0.0,250.0
T2025000235,2025-11-03,14:31:00,P0191,Paldo Teumsae Ramen,Noodles,4,60.0,0.1,216.0
T2025000236,2025-11-03,10:19:00,P0125,Jinro Fresh Soju,Liquor/Beverage,6,170.0,0.0,1020.0
T2025000236,2025-11-03,10:19:00,P0147,Binggrae Coffee Milk,Liquor/Beverage,6,48.0,0.0,288.0
T2025000236,2025-11-03,10:19:00,P0116,Maxim Mocha Gold Coffee Mix 20Pcs,Liquor/Beverage,10,275.0,0.0,2750.0
T2025000236,2025-11-03,10:19:00,P0123,Cass Cold Brewed Beer 500mL,Liquor/Beverage,2,170.0,0.0,340.0
T2025000236,2025-11-03,10:19:00,P0132,Sunhari Strawberry 360mL,Liquor/Beverage,8,120.0,0.05,912.0
T2025000236,2025-11-03,10:19:00,P0135,KSD Peach Rice Wine 750mL,Liquor/Beverage,8,105.0,0.15,714.0
T2025000237,2025-11-03,09:51:00,P0117,Maxim Kanu Dark Roast 10 Sticks,Liquor/Beverage,1,260.0,0.0,260.0
T2025000238,2025-11-03,20:28:00,P0008,Ottogi Corn Syrup,Condiments,9,98.0,0.2,705.6
T2025000238,2025-11-03,20:28:00,P0003,Sempio Sesame Oil,Condiments,8,185.0,0.1,1332.0
T2025000238,2025-11-03,20:28:00,P0002,Ottogi Gold Mayonnaise 500g,Condiments,5,235.0,0.0,1175.0
T2025000238,2025-11-03,20:28:00,P0005,Ottogi Gold Mayonnaise 300g,Condiments,5,150.0,0.0,750.0
T2025000239,2025-11-03,21:42:00,P0291,Crown Sando Biscuit,Snacks,1,75.0,0.0,75.0
T2025000239,2025-11-03,21:42:00,P0262,Orion Custard Pineapple,Snacks,2,120.0,0.0,240.0
T2025000240,2025-11-03,14:33:00,P0001,Ottogi Sesame Oil 500mL,Condiments,9,590.5,0.0,5314.5
T2025000240,2025-11-03,14:33:00,P0009,CJ Beksul Corn Syrup,Condiments,9,95.0,0.2,684.0
T2025000241,2025-11-03,10:07:00,P0224,Seasoned Seaweed 200g,Seasoned/Sauce/Powder,3,190.0,0.0,570.0
T2025000241,2025-11-03,10:07:00,P0221,CJ  Gochujang 500g,Seasoned/Sauce/Powder,1,220.0,0.0,220.0
T2025000241,2025-11-03,10:07:00,P0235,O'Food Kimchi Base Sauce,Seasoned/Sauce/Powder,10,130.0,0.0,1300.0
T2025000241,2025-11-03,10:07:00,P0218,CJ Beksul Beef Bulgogi Sauce 500g,Seasoned/Sauce/Powder,2,250.0,0.0,500.0
T2025000241,2025-11-03,10:07:00,P0233,O'Food Korean Fried Chicken Sauce,Seasoned/Sauce/Powder,10,135.0,0.0,1350.0
T2025000241,2025-11-03,10:07:00,P0237,O'Food Tteokbokki Sauce,Seasoned/Sauce/Powder,1,120.0,0.0,120.0
T2025000242,2025-11-03,12:53:00,P0273,Haitai  Plumcandy 130g,Snacks,1,95.0,0.0,95.0
T2025000242,2025-11-03,12:53:00,P0292,Orion Goraebab Crackers,Snacks,3,75.0,0.0,225.0
T2025000242,2025-11-03,12:53:00,P0254,Honey Roasted Peanuts,Snacks,5,165.0,0.0,825.0
T2025000242,2025-11-03,12:53:00,P0249,Lotte Chocopie 12Pcs,Snacks,5,200.0,0.0,1000.0
T2025000242,2025-11-03,12:53:00,P0257,Lotte Almond Chocolate,Snacks,8,130.0,0.25,780.0
T2025000243,2025-11-03,12:46:00,P0063,Our Home Kimchi 1Kg Jar,Food Fresh/Meat/Sidedish,7,190.0,0.0,1330.0
T2025000243,2025-11-03,12:46:00,P0066,Imported Kimchi Big Tub 850g,Food Fresh/Meat/Sidedish,3,150.0,0.0,450.0
T2025000243,2025-11-03,12:46:00,P0050,Boneless Rib Eye 250g,Food Fresh/Meat/Sidedish,3,750.0,0.05,2137.5
T2025000243,2025-11-03,12:46:00,P0073,Perilla Leaves 2Packs,Food Fresh/Meat/Sidedish,4,40.0,0.0,160.0
T2025000244,2025-11-03,17:14:00,P0079,Daerim  Kimbab Ham 1Kg,Food Frozen,3,480.0,0.0,1440.0
T2025000244,2025-11-03,17:14:00,P0078,Spanish Mackerel 340g,Food Frozen,3,500.0,0.0,1500.0
T2025000244,2025-11-03,17:14:00,P0095,Samlip Fish Cake Sheets,Food Frozen,3,150.0,0.15,382.5
T2025000245,2025-11-03,21:28:00,P0263,Samlip Honey Castella,Snacks,1,120.0,0.0,120.0
T2025000245,2025-11-03,21:28:00,P0249,Lotte Chocopie 12Pcs,Snacks,9,200.0,0.2,1440.0
T2025000245,2025-11-03,21:28:00,P0284,Kkokal Sweet Corn Snack,Snacks,10,80.0,0.0,800.0
T2025000245,2025-11-03,21:28:00,P0253,Orion Market O Brownie,Snacks,3,170.0,0.0,510.0
T2025000245,2025-11-03,21:28:00,P0252,Lotte Banana Choco Pie 12Pcs,Snacks,4,180.0,0.2,576.0
T2025000245,2025-11-03,21:28:00,P0250,Haitai Honey Butter Almonds,Snacks,8,190.0,0.0,1520.0
T2025000246,2025-11-03,17:09:00,P0057,Jongga Pogi Kimchi 500g,Food Fresh/Meat/Sidedish,3,315.0,0.15,803.25
T2025000247,2025-11-03,18:53:00,P0042,CJ Hetbahn Brown Rice,Dry Food,8,95.0,0.1,684.0
T2025000247,2025-11-03,18:53:00,P0016,Dongwon  Vegetable Tuna Can 150g 2Pcs,Dry Food,6,235.0,0.0,1410.0
T2025000247,2025-11-03,18:53:00,P0040,Ottogi Sweet Corn 340g,Dry Food,6,95.0,0.0,570.0
T2025000247,2025-11-03,18:53:00,P0035,CJ  Multi-Grains Cooked Rice 210g,Dry Food,9,110.0,0.05,940.5
T2025000247,2025-11-03,18:53:00,P0039,Ottogi 3Mins Curry,Dry Food,8,99.0,0.0,792.0
T2025000247,2025-11-03,18:53:00,P0041,CJ Hetbahn Multi-Grain Rice,Dry Food,4,95.0,0.0,380.0
T2025000248,2025-11-03,13:33:00,P0066,Imported Kimchi Big Tub 850g,Food Fresh/Meat/Sidedish,4,150.0,0.0,600.0
T2025000248,2025-11-03,13:33:00,P0061,Dried Anchovy Medium 100g,Food Fresh/Meat/Sidedish,4,240.0,0.0,960.0
T2025000248,2025-11-03,13:33:00,P0057,Jongga Pogi Kimchi 500g,Food Fresh/Meat/Sidedish,4,315.0,0.0,1260.0
T2025000248,2025-11-03,13:33:00,P0065,Sempio Spicy Stir-Fried Dried Squid,Food Fresh/Meat/Sidedish,1,175.0,0.0,175.0
T2025000248,2025-11-03,13:33:00,P0067,Wasabi Radish Wrapper 340g,Food Fresh/Meat/Sidedish,6,145.0,0.0,870.0
T2025000248,2025-11-03,13:33:00,P0052,Shine Beef Bulgogi Pack,Food Fresh/Meat/Sidedish,5,550.0,0.0,2750.0
T2025000249,2025-11-03,12:59:00,P0155,Nongshim Dungji Mul Nengmyeon (Cold Noodle),Noodles,7,95.0,0.0,665.0
T2025000249,2025-11-03,12:59:00,P0162,Ottogi Jin Jjampong,Noodles,3,90.0,0.0,270.0
T2025000249,2025-11-03,12:59:00,P0173,Nongshim Jjapageti,Noodles,2,75.0,0.0,150.0
T2025000250,2025-11-03,11:25:00,P0003,Sempio Sesame Oil,Condiments,4,185.0,0.0,740.0
T2025000251,2025-11-03,17:20:00,P0063,Our Home Kimchi 1Kg Jar,Food Fresh/Meat/Sidedish,1,190.0,0.0,190.0
T2025000252,2025-11-03,19:13:00,P0241,CJ Anchovy Sauce 500g,Seasoned/Sauce/Powder,10,105.0,0.0,1050.0
T2025000252,2025-11-03,19:13:00,P0228,Sempio Gochujang (500g),Seasoned/Sauce/Powder,1,145.0,0.0,145.0
T2025000253,2025-11-03,14:44:00,P0153,Samyang Buldak Cheese Cup,Noodles,3,110.0,0.0,330.0
T2025000253,2025-11-03,14:44:00,P0156,Nongshim Ramyun King Bowl,Noodles,10,95.0,0.0,950.0
T2025000253,2025-11-03,14:44:00,P0179,Ottogi Ramen Bokki Cup,Noodles,7,69.0,0.0,483.0
T2025000253,2025-11-03,14:44:00,P0170,Ottogi Jin Jjajang,Noodles,10,80.0,0.0,800.0
T2025000253,2025-11-03,14:44:00,P0158,Nongshim Shin Ramen Black,Noodles,5,92.0,0.0,460.0
T2025000254,2025-11-03,13:15:00,P0143,Nongshim Welchs Grape 355mL,Liquor/Beverage,6,60.0,0.0,360.0
T2025000254,2025-11-03,13:15:00,P0130,Sunhari Apple 360mL,Liquor/Beverage,5,120.0,0.0,600.0
T2025000254,2025-11-03,13:15:00,P0124,Terra Lager Beer 500mL,Liquor/Beverage,1,170.0,0.1,153.0
T2025000255,2025-11-03,08:59:00,P0219,CJ Beksul Spicy Pork Sauce 500g,Seasoned/Sauce/Powder,7,240.0,0.0,1680.0
T2025000256,2025-11-03,08:15:00,P0127,Lets Be Mild Coffee Can 4Pcs,Liquor/Beverage,5,128.0,0.0,640.0
T2025000256,2025-11-03,08:15:00,P0142,Nongshim Welchs White Grape 355mL,Liquor/Beverage,5,60.0,0.0,300.0
T2025000257,2025-11-03,08:31:00,P0194,Shin Ramen Kimchi,Noodles,4,55.0,0.25,165.0
T2025000257,2025-11-03,08:31:00,P0209,Ottogi Kimchi Ramen,Noodles,8,40.0,0.0,320.0
T2025000257,2025-11-03,08:31:00,P0171,Tempura Udon Big Cup,Noodles,8,75.0,0.0,600.0
T2025000257,2025-11-03,08:31:00,P0200,Paldo Koreno Kimchi Noodle,Noodles,4,50.0,0.0,200.0
T2025000257,2025-11-03,08:31:00,P0205,Ottogi Yeul Ramen,Noodles,8,48.0,0.0,384.0
T2025000257,2025-11-03,08:31:00,P0152,Samyang Buldak Original Cup,Noodles,5,110.0,0.05,522.5
T2025000258,2025-11-03,18:50:00,P0038,(Kaya) Korean Rice 1Kg,Dry Food,6,100.0,0.0,600.0
T2025000258,2025-11-03,18:50:00,P0045,CJ Beksul Wheat Flour,Dry Food,5,90.0,0.0,450.0
T2025000258,2025-11-03,18:50:00,P0011,CJ  Cooked Rice Plain 210g,Dry Food,2,365.0,0.1,657.0
T2025000258,2025-11-03,18:50:00,P0030,Yopokki Onion Butter 120g Cup,Dry Food,7,120.0,0.0,840.0
T2025000259,2025-11-03,20:29:00,P0092,Daerim  Crab Stick 500g,Food Frozen,7,210.0,0.0,1470.0
T2025000259,2025-11-03,20:29:00,P0085,Bibigo Bulgogi Mandu,Food Frozen,10,280.0,0.0,2800.0
T2025000259,2025-11-03,20:29:00,P0102,MWC Tteok Galbi Bar,Food Frozen,8,75.0,0.0,600.0
T2025000260,2025-11-03,13:19:00,P0136,Cass Fresh Beer,Liquor/Beverage,2,85.0,0.0,170.0
T2025000260,2025-11-03,13:19:00,P0126,Woongjin Yogurt Pineapple 1.5L,Liquor/Beverage,9,135.0,0.0,1215.0
T2025000260,2025-11-03,13:19:00,P0149,Binggrae Mango Milk,Liquor/Beverage,5,45.0,0.0,225.0
T2025000261,2025-11-03,20:02:00,P0238,Ottogi Curry Mild,Seasoned/Sauce/Powder,8,115.0,0.25,690.0
T2025000262,2025-11-03,13:23:00,P0057,Jongga Pogi Kimchi 500g,Food Fresh/Meat/Sidedish,6,315.0,0.0,1890.0
T2025000262,2025-11-03,13:23:00,P0054,Chadolbagi Wagyu 500g,Food Fresh/Meat/Sidedish,8,475.0,0.0,3800.0
T2025000263,2025-11-03,13:12:00,P0251,Oil Fried & Salted Peanuts,Snacks,1,185.0,0.0,185.0
T2025000264,2025-11-03,10:20:00,P0007,Samyang Spicy Mayo,Condiments,7,130.0,0.25,682.5
T2025000265,2025-11-03,10:12:00,P0199,Paldo Koreno Shrimp Noodle,Noodles,4,50.0,0.0,200.0
T2025000266,2025-11-03,13:33:00,P0174,Ottogi Cheese Bokki Cup,Noodles,2,75.0,0.0,150.0
T2025000266,2025-11-03,13:33:00,P0169,Samyang Buldak Stew Type 145g,Noodles,6,80.0,0.0,480.0
T2025000266,2025-11-03,13:33:00,P0154,Nongshim Jjawang,Noodles,8,100.0,0.0,800.0
T2025000266,2025-11-03,13:33:00,P0162,Ottogi Jin Jjampong,Noodles,4,90.0,0.0,360.0
T2025000266,2025-11-03,13:33:00,P0179,Ottogi Ramen Bokki Cup,Noodles,8,69.0,0.0,552.0
T2025000267,2025-11-03,10:45:00,P0025,Sempio Yellow Peach In Can 400g,Dry Food,5,145.0,0.0,725.0
T2025000267,2025-11-03,10:45:00,P0041,CJ Hetbahn Multi-Grain Rice,Dry Food,2,95.0,0.15,161.5
T2025000267,2025-11-03,10:45:00,P0020,CJ Beksul Hotteok Mix,Dry Food,4,185.0,0.0,740.0
T2025000267,2025-11-03,10:45:00,P0021,Bibigo Kimbab Kim 10Sheets,Dry Food,4,161.0,0.0,644.0
T2025000267,2025-11-03,10:45:00,P0026,Yopokki Sweet & Spicy 280g,Dry Food,3,145.0,0.05,413.25
T2025000267,2025-11-03,10:45:00,P0048,Dongwon Light Tuna,Dry Food,8,75.0,0.0,600.0
T2025000268,2025-11-03,10:49:00,P0031,Yopokki Cheese Cup 120g,Dry Food,8,120.0,0.0,960.0
T2025000268,2025-11-03,10:49:00,P0012,Ottogi Glass Noodle 1Kg,Dry Food,5,300.0,0.1,1350.0
T2025000269,2025-11-03,19:30:00,P0012,Ottogi Glass Noodle 1Kg,Dry Food,8,300.0,0.0,2400.0
T2025000269,2025-11-03,19:30:00,P0030,Yopokki Onion Butter 120g Cup,Dry Food,1,120.0,0.2,96.0
T2025000269,2025-11-03,19:30:00,P0032,Samlip Mini Kimbap,Dry Food,2,120.0,0.0,240.0
T2025000270,2025-11-03,14:00:00,P0069,Bibigo Beef Bone Soup,Food Fresh/Meat/Sidedish,9,110.0,0.0,990.0
T2025000270,2025-11-03,14:00:00,P0064,Kimbab Radish 400g,Food Fresh/Meat/Sidedish,2,185.0,0.0,370.0
T2025000271,2025-11-03,13:31:00,P0093,Bibigo Kimchi Fried Rice,Food Frozen,6,190.0,0.25,855.0
T2025000271,2025-11-03,13:31:00,P0097,Daerim  Cheese Vienna Sausage 105g,Food Frozen,1,120.0,0.0,120.0
T2025000271,2025-11-03,13:31:00,P0076,CJ  Crispy Hotdog,Food Frozen,3,640.0,0.0,1920.0
T2025000271,2025-11-03,13:31:00,P0074,Bibigo Fried Dumplings 450g,Food Frozen,1,740.0,0.25,555.0
T2025000271,2025-11-03,13:31:00,P0075,Bibigo Mul Mandu 370g 2Packs,Food Frozen,3,695.0,0.0,2085.0
T2025000272,2025-11-03,16:25:00,P0186,Ottogi Chachelin Blackbean 145g,Noodles,4,60.0,0.0,240.0
T2025000272,2025-11-03,16:25:00,P0153,Samyang Buldak Cheese Cup,Noodles,6,110.0,0.0,660.0
T2025000272,2025-11-03,16:25:00,P0169,Samyang Buldak Stew Type 145g,Noodles,9,80.0,0.0,720.0
T2025000272,2025-11-03,16:25:00,P0204,Ottogi Cup Ramen Kimchi,Noodles,5,50.0,0.0,250.0
T2025000272,2025-11-03,16:25:00,P0154,Nongshim Jjawang,Noodles,7,100.0,0.0,700.0
T2025000272,2025-11-03,16:25:00,P0178,Samyang Mala Buldak,Noodles,2,70.0,0.0,140.0
T2025000273,2025-11-03,17:00:00,P0005,Ottogi Gold Mayonnaise 300g,Condiments,1,150.0,0.25,112.5
T2025000274,2025-11-03,21:20:00,P0237,O'Food Tteokbokki Sauce,Seasoned/Sauce/Powder,2,120.0,0.0,240.0
T2025000275,2025-11-03,16:19:00,P0223,Jin Soy Sauce For Soup 860mL,Seasoned/Sauce/Powder,8,205.0,0.0,1640.0
T2025000275,2025-11-03,16:19:00,P0219,CJ Beksul Spicy Pork Sauce 500g,Seasoned/Sauce/Powder,2,240.0,0.0,480.0
T2025000275,2025-11-03,16:19:00,P0215,Ottogi Wasabi Powder 300g,Seasoned/Sauce/Powder,1,290.0,0.0,290.0
T2025000275,2025-11-03,16:19:00,P0218,CJ Beksul Beef Bulgogi Sauce 500g,Seasoned/Sauce/Powder,9,250.0,0.0,2250.0
T2025000275,2025-11-03,16:19:00,P0212,Beef Dasida (Soup Stock) 1Kg,Seasoned/Sauce/Powder,5,550.0,0.05,2612.5
T2025000276,2025-11-03,13:54:00,P0019,Haepyo Crispy Seaweed 9Pcs,Dry Food,8,188.0,0.0,1504.0
T2025000277,2025-11-03,18:24:00,P0265,Orion Almond Candy,Snacks,3,110.0,0.0,330.0
T2025000277,2025-11-03,18:24:00,P0300,Can Choco Balls,Snacks,2,45.0,0.0,90.0
T2025000277,2025-11-03,18:24:00,P0297,Pepero Choco Filled,Snacks,9,55.0,0.25,371.25
T2025000277,2025-11-03,18:24:00,P0287,Nongshim Banana Kick 75g,Snacks,3,80.0,0.0,240.0
T2025000277,2025-11-03,18:24:00,P0295,Pepero Almond,Snacks,10,55.0,0.0,550.0
T2025000277,2025-11-03,18:24:00,P0283,Orion Ogingo Ttangkong,Snacks,1,83.0,0.0,83.0
T2025000278,2025-11-03,12:56:00,P0055,Beef Enoki Roll 500g,Food Fresh/Meat/Sidedish,7,410.0,0.0,2870.0
T2025000278,2025-11-03,12:56:00,P0056,Us Beef Strips 500g,Food Fresh/Meat/Sidedish,5,375.0,0.0,1875.0
T2025000279,2025-11-03,19:56:00,P0019,Haepyo Crispy Seaweed 9Pcs,Dry Food,1,188.0,0.0,188.0
T2025000279,2025-11-03,19:56:00,P0047,Dongwon Spicy Tuna,Dry Food,5,80.0,0.0,400.0
T2025000280,2025-11-03,13:27:00,P0274,Haitai Matdongsan,Snacks,1,95.0,0.0,95.0
T2025000281,2025-11-03,10:08:00,P0213,Sempio Yondu 500mL,Seasoned/Sauce/Powder,9,345.0,0.0,3105.0
T2025000282,2025-11-03,19:57:00,P0096,Daerim  Vienna Sausage 170g,Food Frozen,10,145.0,0.0,1450.0
T2025000282,2025-11-03,19:57:00,P0102,MWC Tteok Galbi Bar,Food Frozen,2,75.0,0.0,150.0
T2025000282,2025-11-03,19:57:00,P0077,Daerim  Vienna Sausage 1Kg,Food Frozen,3,580.0,0.0,1740.0
T2025000282,2025-11-03,19:57:00,P0099,Daerim  Chaw Spicy Stick 90g,Food Frozen,10,80.0,0.2,640.0
T2025000282,2025-11-03,19:57:00,P0100,Binggrae Ice Cream Sandwich,Food Frozen,9,80.0,0.0,720.0
T2025000283,2025-11-03,08:56:00,P0076,CJ  Crispy Hotdog,Food Frozen,10,640.0,0.0,6400.0
T2025000283,2025-11-03,08:56:00,P0101,Daerim  Fish Cake Stick,Food Frozen,6,77.0,0.0,462.0
T2025000283,2025-11-03,08:56:00,P0097,Daerim  Cheese Vienna Sausage 105g,Food Frozen,8,120.0,0.0,960.0
T2025000283,2025-11-03,08:56:00,P0092,Daerim  Crab Stick 500g,Food Frozen,6,210.0,0.0,1260.0
T2025000284,2025-11-03,08:26:00,P0095,Samlip Fish Cake Sheets,Food Frozen,2,150.0,0.0,300.0
T2025000284,2025-11-03,08:26:00,P0085,Bibigo Bulgogi Mandu,Food Frozen,4,280.0,0.1,1008.0
T2025000284,2025-11-03,08:26:00,P0090,Nongmin Rice Cake 1Kg,Food Frozen,9,220.0,0.0,1980.0
T2025000284,2025-11-03,08:26:00,P0078,Spanish Mackerel 340g,Food Frozen,2,500.0,0.0,1000.0
T2025000284,2025-11-03,08:26:00,P0081,Assi Shrimp Wanton 600g,Food Frozen,3,400.0,0.0,1200.0
T2025000285,2025-11-03,17:48:00,P0046,CJ Beksul Potato Starch,Dry Food,2,85.0,0.0,170.0
T2025000286,2025-11-03,21:08:00,P0135,KSD Peach Rice Wine 750mL,Liquor/Beverage,8,105.0,0.1,756.0
T2025000286,2025-11-03,21:08:00,P0108,Ottogi Honey Citron Tea 1Kg,Liquor/Beverage,6,530.0,0.0,3180.0
T2025000286,2025-11-03,21:08:00,P0124,Terra Lager Beer 500mL,Liquor/Beverage,2,170.0,0.0,340.0
T2025000287,2025-11-03,17:50:00,P0040,Ottogi Sweet Corn 340g,Dry Food,1,95.0,0.0,95.0
T2025000287,2025-11-03,17:50:00,P0015,(Dae Joo) Gochugaru 500g,Dry Food,8,255.0,0.0,2040.0
T2025000287,2025-11-03,17:50:00,P0013,Dongwon  Whelk In Can 140g,Dry Food,10,280.0,0.0,2800.0
T2025000287,2025-11-03,17:50:00,P0018,(Kaya) Korean Rice 1.5Kg,Dry Food,10,190.0,0.1,1710.0
T2025000287,2025-11-03,17:50:00,P0010,Daerim  Big Smoke Ham 1Kg,Dry Food,3,480.0,0.0,1440.0
T2025000287,2025-11-03,17:50:00,P0032,Samlip Mini Kimbap,Dry Food,4,120.0,0.0,480.0
T2025000288,2025-11-03,19:53:00,P0226,CJ Beksul Sweet Korean Pancake Mix 400g,Seasoned/Sauce/Powder,1,155.0,0.0,155.0
T2025000288,2025-11-03,19:53:00,P0242,CJ  Gochujang 200g,Seasoned/Sauce/Powder,5,100.0,0.0,500.0
T2025000288,2025-11-03,19:53:00,P0232,O'Food Tofu Stew Base,Seasoned/Sauce/Powder,2,135.0,0.25,202.5
T2025000288,2025-11-03,19:53:00,P0225,Chung Jung One Soybean Paste,Seasoned/Sauce/Powder,8,160.0,0.0,1280.0
T2025000289,2025-11-03,19:06:00,P0001,Ottogi Sesame Oil 500mL,Condiments,3,590.5,0.0,1771.5
T2025000289,2025-11-03,19:06:00,P0005,Ottogi Gold Mayonnaise 300g,Condiments,7,150.0,0.0,1050.0
T2025000289,2025-11-03,19:06:00,P0007,Samyang Spicy Mayo,Condiments,8,130.0,0.0,1040.0
T2025000289,2025-11-03,19:06:00,P0006,Chung Jung One Soy Sauce,Condiments,1,140.0,0.0,140.0
T2025000290,2025-11-03,19:27:00,P0298,Pepero White Cookie,Snacks,8,55.0,0.0,440.0
T2025000290,2025-11-03,19:27:00,P0295,Pepero Almond,Snacks,1,55.0,0.0,55.0
T2025000290,2025-11-03,19:27:00,P0274,Haitai Matdongsan,Snacks,10,95.0,0.0,950.0
T2025000290,2025-11-03,19:27:00,P0248,Choco Pie Black Sugar 12Pcs,Snacks,3,200.0,0.0,600.0
T2025000290,2025-11-03,19:27:00,P0282,Orion Choco Boy,Snacks,10,85.0,0.0,850.0
T2025000291,2025-11-03,09:56:00,P0145,Binggrae Melon Soda,Liquor/Beverage,4,60.0,0.0,240.0
T2025000291,2025-11-03,09:56:00,P0149,Binggrae Mango Milk,Liquor/Beverage,5,45.0,0.0,225.0
T2025000291,2025-11-03,09:56:00,P0129,Sunhari Grape 360mL,Liquor/Beverage,10,120.0,0.0,1200.0
T2025000291,2025-11-03,09:56:00,P0119,Sempio Yuzu Tea,Liquor/Beverage,3,250.0,0.0,750.0
T2025000292,2025-11-03,18:41:00,P0275,Haitai Sweet Potato Snack,Snacks,7,95.0,0.0,665.0
T2025000292,2025-11-03,18:41:00,P0248,Choco Pie Black Sugar 12Pcs,Snacks,6,200.0,0.0,1200.0
T2025000292,2025-11-03,18:41:00,P0261,Lotte Choco Heim,Snacks,6,120.0,0.0,720.0
T2025000292,2025-11-03,18:41:00,P0262,Orion Custard Pineapple,Snacks,4,120.0,0.0,480.0
T2025000293,2025-11-03,13:42:00,P0274,Haitai Matdongsan,Snacks,10,95.0,0.0,950.0
T2025000293,2025-11-03,13:42:00,P0293,Lotte Sand Biscuit,Snacks,6,75.0,0.1,405.0
T2025000293,2025-11-03,13:42:00,P0299,Lotte Xylitol Green Gum,Snacks,1,55.0,0.0,55.0
T2025000294,2025-11-03,15:53:00,P0008,Ottogi Corn Syrup,Condiments,9,98.0,0.0,882.0
T2025000294,2025-11-03,15:53:00,P0003,Sempio Sesame Oil,Condiments,4,185.0,0.0,740.0
T2025000294,2025-11-03,15:53:00,P0001,Ottogi Sesame Oil 500mL,Condiments,5,590.5,0.0,2952.5
T2025000294,2025-11-03,15:53:00,P0009,CJ Beksul Corn Syrup,Condiments,9,95.0,0.0,855.0
T2025000294,2025-11-03,15:53:00,P0004,O'Food Korean Chili Oil,Condiments,10,160.0,0.0,1600.0
T2025000295,2025-11-03,08:50:00,P0205,Ottogi Yeul Ramen,Noodles,2,48.0,0.0,96.0
T2025000295,2025-11-03,08:50:00,P0203,Jin Ramen Spicy Cup,Noodles,10,50.0,0.0,500.0
T2025000295,2025-11-03,08:50:00,P0155,Nongshim Dungji Mul Nengmyeon (Cold Noodle),Noodles,3,95.0,0.0,285.0
T2025000295,2025-11-03,08:50:00,P0173,Nongshim Jjapageti,Noodles,6,75.0,0.0,450.0
T2025000295,2025-11-03,08:50:00,P0195,Ottogi Jin Mild Small Cup,Noodles,9,55.0,0.0,495.0
T2025000295,2025-11-03,08:50:00,P0153,Samyang Buldak Cheese Cup,Noodles,10,110.0,0.0,1100.0
T2025000296,2025-11-03,13:35:00,P0186,Ottogi Chachelin Blackbean 145g,Noodles,6,60.0,0.0,360.0
T2025000296,2025-11-03,13:35:00,P0170,Ottogi Jin Jjajang,Noodles,2,80.0,0.0,160.0
T2025000296,2025-11-03,13:35:00,P0183,Samyang Kimchi Ramen Bowl,Noodles,4,65.0,0.1,234.0
T2025000296,2025-11-03,13:35:00,P0181,Paldo Bibim Cold Noodles,Noodles,10,65.0,0.0,650.0
T2025000297,2025-11-03,18:32:00,P0001,Ottogi Sesame Oil 500mL,Condiments,6,590.5,0.0,3543.0
T2025000297,2025-11-03,18:32:00,P0004,O'Food Korean Chili Oil,Condiments,6,160.0,0.0,960.0
T2025000298,2025-11-03,13:24:00,P0053,Shine Spicy Pork Bulgogi Pack,Food Fresh/Meat/Sidedish,9,500.0,0.0,4500.0
T2025000298,2025-11-03,13:24:00,P0054,Chadolbagi Wagyu 500g,Food Fresh/Meat/Sidedish,8,475.0,0.0,3800.0
T2025000298,2025-11-03,13:24:00,P0052,Shine Beef Bulgogi Pack,Food Fresh/Meat/Sidedish,3,550.0,0.0,1650.0
T2025000298,2025-11-03,13:24:00,P0057,Jongga Pogi Kimchi 500g,Food Fresh/Meat/Sidedish,9,315.0,0.0,2835.0
T2025000298,2025-11-03,13:24:00,P0065,Sempio Spicy Stir-Fried Dried Squid,Food Fresh/Meat/Sidedish,5,175.0,0.05,831.25
T2025000299,2025-11-03,11:14:00,P0243,CJ  Ssamjang 170g,Seasoned/Sauce/Powder,7,88.0,0.0,616.0
T2025000299,2025-11-03,11:14:00,P0236,CJ  Soybean Paste 500g,Seasoned/Sauce/Powder,7,123.0,0.0,861.0
T2025000299,2025-11-03,11:14:00,P0227,CJ Beksul Beef Bulgogi Sauce 290g,Seasoned/Sauce/Powder,7,150.0,0.2,840.0
T2025000299,2025-11-03,11:14:00,P0242,CJ  Gochujang 200g,Seasoned/Sauce/Powder,1,100.0,0.0,100.0
T2025000300,2025-11-03,21:36:00,P0028,CJ Bibigo Seaweed Soup,Dry Food,5,140.0,0.0,700.0
T2025000300,2025-11-03,21:36:00,P0013,Dongwon  Whelk In Can 140g,Dry Food,1,280.0,0.0,280.0
T2025000300,2025-11-03,21:36:00,P0038,(Kaya) Korean Rice 1Kg,Dry Food,4,100.0,0.2,320.0
T2025000300,2025-11-03,21:36:00,P0040,Ottogi Sweet Corn 340g,Dry Food,3,95.0,0.0,285.0
T2025000300,2025-11-03,21:36:00,P0018,(Kaya) Korean Rice 1.5Kg,Dry Food,2,190.0,0.0,380.0
T2025000301,2025-11-03,20:08:00,P0108,Ottogi Honey Citron Tea 1Kg,Liquor/Beverage,6,530.0,0.05,3021.0
T2025000301,2025-11-03,20:08:00,P0137,Hite Beer Can,Liquor/Beverage,2,80.0,0.1,144.0
T2025000302,2025-11-03,10:19:00,P0263,Samlip Honey Castella,Snacks,8,120.0,0.0,960.0
T2025000302,2025-11-03,10:19:00,P0279,Orion O! Karto Sweet Corn,Snacks,6,88.0,0.0,528.0
T2025000302,2025-11-03,10:19:00,P0265,Orion Almond Candy,Snacks,2,110.0,0.0,220.0
T2025000302,2025-11-03,10:19:00,P0289,Crown Corn Chips,Snacks,3,80.0,0.0,240.0
T2025000303,2025-11-03,20:02:00,P0061,Dried Anchovy Medium 100g,Food Fresh/Meat/Sidedish,7,240.0,0.25,1260.0
T2025000303,2025-11-03,20:02:00,P0053,Shine Spicy Pork Bulgogi Pack,Food Fresh/Meat/Sidedish,2,500.0,0.0,1000.0
T2025000303,2025-11-03,20:02:00,P0050,Boneless Rib Eye 250g,Food Fresh/Meat/Sidedish,2,750.0,0.0,1500.0
T2025000303,2025-11-03,20:02:00,P0072,Kongsarang Soft Tofu,Food Fresh/Meat/Sidedish,8,65.0,0.0,520.0
T2025000304,2025-11-03,21:43:00,P0022,Ottogi Tteokbokki Cup,Dry Food,3,160.0,0.0,480.0
T2025000305,2025-11-03,15:02:00,P0120,Aloe Vera Juice 1.5L,Liquor/Beverage,9,175.0,0.0,1575.0
T2025000305,2025-11-03,15:02:00,P0121,Lotte Chum Churum Soju,Liquor/Beverage,9,175.0,0.0,1575.0
T2025000305,2025-11-03,15:02:00,P0108,Ottogi Honey Citron Tea 1Kg,Liquor/Beverage,3,530.0,0.0,1590.0
T2025000305,2025-11-03,15:02:00,P0117,Maxim Kanu Dark Roast 10 Sticks,Liquor/Beverage,1,260.0,0.05,247.0
T2025000305,2025-11-03,15:02:00,P0139,Paldo Pororo Juice,Liquor/Beverage,9,65.0,0.0,585.0
T2025000306,2025-11-03,14:44:00,P0133,Sunhari Blueberry 360mL,Liquor/Beverage,5,120.0,0.0,600.0
T2025000306,2025-11-03,14:44:00,P0123,Cass Cold Brewed Beer 500mL,Liquor/Beverage,9,170.0,0.0,1530.0
T2025000307,2025-11-03,09:36:00,P0039,Ottogi 3Mins Curry,Dry Food,8,99.0,0.0,792.0
T2025000307,2025-11-03,09:36:00,P0018,(Kaya) Korean Rice 1.5Kg,Dry Food,9,190.0,0.0,1710.0
T2025000307,2025-11-03,09:36:00,P0029,CJ Beksul Pancake Flour,Dry Food,10,125.0,0.1,1125.0
T2025000307,2025-11-03,09:36:00,P0026,Yopokki Sweet & Spicy 280g,Dry Food,3,145.0,0.0,435.0
T2025000307,2025-11-03,09:36:00,P0042,CJ Hetbahn Brown Rice,Dry Food,1,95.0,0.0,95.0
T2025000307,2025-11-03,09:36:00,P0012,Ottogi Glass Noodle 1Kg,Dry Food,1,300.0,0.0,300.0
T2025000308,2025-11-04,21:07:00,P0263,Samlip Honey Castella,Snacks,2,120.0,0.0,240.0
T2025000308,2025-11-04,21:07:00,P0245,Honey Butter Almond 190g,Snacks,2,420.0,0.0,840.0
T2025000309,2025-11-04,13:29:00,P0098,Daerim  Crabstick 216g,Food Frozen,1,98.0,0.0,98.0
T2025000309,2025-11-04,13:29:00,P0091,CJ Bibigo Japchae,Food Frozen,5,220.0,0.0,1100.0
T2025000310,2025-11-04,20:22:00,P0054,Chadolbagi Wagyu 500g,Food Fresh/Meat/Sidedish,3,475.0,0.0,1425.0
T2025000310,2025-11-04,20:22:00,P0066,Imported Kimchi Big Tub 850g,Food Fresh/Meat/Sidedish,1,150.0,0.0,150.0
T2025000310,2025-11-04,20:22:00,P0057,Jongga Pogi Kimchi 500g,Food Fresh/Meat/Sidedish,7,315.0,0.0,2205.0
T2025000311,2025-11-04,21:23:00,P0094,MWC Frank Sausage 5Pcs,Food Frozen,2,173.0,0.0,346.0
T2025000311,2025-11-04,21:23:00,P0089,Jongga Rice Cake 1Kg,Food Frozen,10,230.0,0.0,2300.0
T2025000311,2025-11-04,21:23:00,P0075,Bibigo Mul Mandu 370g 2Packs,Food Frozen,10,695.0,0.0,6950.0
T2025000311,2025-11-04,21:23:00,P0081,Assi Shrimp Wanton 600g,Food Frozen,4,400.0,0.0,1600.0
T2025000311,2025-11-04,21:23:00,P0098,Daerim  Crabstick 216g,Food Frozen,6,98.0,0.0,588.0
T2025000311,2025-11-04,21:23:00,P0093,Bibigo Kimchi Fried Rice,Food Frozen,6,190.0,0.0,1140.0
T2025000312,2025-11-04,09:11:00,P0003,Sempio Sesame Oil,Condiments,2,185.0,0.0,370.0
T2025000312,2025-11-04,09:11:00,P0001,Ottogi Sesame Oil 500mL,Condiments,9,590.5,0.0,5314.5
T2025000313,2025-11-04,18:52:00,P0232,O'Food Tofu Stew Base,Seasoned/Sauce/Powder,2,135.0,0.2,216.0
T2025000314,2025-11-04,12:41:00,P0087,Bibigo Crispy Seaweed Roll,Food Frozen,9,260.0,0.0,2340.0
T2025000314,2025-11-04,12:41:00,P0089,Jongga Rice Cake 1Kg,Food Frozen,3,230.0,0.0,690.0
T2025000314,2025-11-04,12:41:00,P0085,Bibigo Bulgogi Mandu,Food Frozen,6,280.0,0.0,1680.0
T2025000314,2025-11-04,12:41:00,P0095,Samlip Fish Cake Sheets,Food Frozen,4,150.0,0.0,600.0
T2025000314,2025-11-04,12:41:00,P0094,MWC Frank Sausage 5Pcs,Food Frozen,3,173.0,0.0,519.0
T2025000314,2025-11-04,12:41:00,P0101,Daerim  Fish Cake Stick,Food Frozen,1,77.0,0.0,77.0
T2025000315,2025-11-04,12:01:00,P0162,Ottogi Jin Jjampong,Noodles,1,90.0,0.0,90.0
T2025000315,2025-11-04,12:01:00,P0164,Samyang Buldak 4 Cheese 145g,Noodles,4,88.0,0.0,352.0
T2025000315,2025-11-04,12:01:00,P0177,Ottogi Beef Seaweed Soup Ramen,Noodles,5,70.0,0.0,350.0
T2025000315,2025-11-04,12:01:00,P0202,Nongshim Ansung Tangmen,Noodles,1,50.0,0.0,50.0
T2025000315,2025-11-04,12:01:00,P0172,Ottogi Jin Hot Big Cup,Noodles,6,75.0,0.0,450.0
T2025000315,2025-11-04,12:01:00,P0180,Samyang Curry Ramen,Noodles,2,68.0,0.0,136.0
T2025000316,2025-11-04,14:51:00,P0075,Bibigo Mul Mandu 370g 2Packs,Food Frozen,2,695.0,0.0,1390.0
T2025000317,2025-11-04,15:33:00,P0057,Jongga Pogi Kimchi 500g,Food Fresh/Meat/Sidedish,1,315.0,0.1,283.5
T2025000317,2025-11-04,15:33:00,P0072,Kongsarang Soft Tofu,Food Fresh/Meat/Sidedish,2,65.0,0.0,130.0
T2025000318,2025-11-04,20:10:00,P0225,Chung Jung One Soybean Paste,Seasoned/Sauce/Powder,1,160.0,0.0,160.0
T2025000318,2025-11-04,20:10:00,P0230,CJ Beksul Pancake Sauce,Seasoned/Sauce/Powder,2,145.0,0.0,290.0
T2025000318,2025-11-04,20:10:00,P0223,Jin Soy Sauce For Soup 860mL,Seasoned/Sauce/Powder,7,205.0,0.0,1435.0
T2025000318,2025-11-04,20:10:00,P0220,CJ  Tteokbokki Sauce 150G 2Pcs,Seasoned/Sauce/Powder,9,235.0,0.0,2115.0
T2025000319,2025-11-04,10:50:00,P0041,CJ Hetbahn Multi-Grain Rice,Dry Food,8,95.0,0.0,760.0
T2025000319,2025-11-04,10:50:00,P0023,Dongwon  Luncheon Meat 340g,Dry Food,5,155.0,0.0,775.0
T2025000319,2025-11-04,10:50:00,P0042,CJ Hetbahn Brown Rice,Dry Food,3,95.0,0.0,285.0
T2025000319,2025-11-04,10:50:00,P0027,Yopokki Cheese 240g,Dry Food,2,145.0,0.0,290.0
T2025000319,2025-11-04,10:50:00,P0019,Haepyo Crispy Seaweed 9Pcs,Dry Food,2,188.0,0.0,376.0
T2025000320,2025-11-04,11:56:00,P0051,Us Premium Rib Eye 500g,Food Fresh/Meat/Sidedish,1,725.0,0.0,725.0
T2025000320,2025-11-04,11:56:00,P0053,Shine Spicy Pork Bulgogi Pack,Food Fresh/Meat/Sidedish,4,500.0,0.0,2000.0
T2025000320,2025-11-04,11:56:00,P0059,Pork Belly (Samgyupsal) 500g,Food Fresh/Meat/Sidedish,5,275.0,0.2,1100.0
T2025000320,2025-11-04,11:56:00,P0058,Homemade Kimchi 850g,Food Fresh/Meat/Sidedish,5,290.0,0.0,1450.0
T2025000321,2025-11-04,18:29:00,P0115,Strawberry Milk 200mL 6Pcs,Liquor/Beverage,4,290.0,0.0,1160.0
T2025000321,2025-11-04,18:29:00,P0148,Binggrae Strawberry Milk,Liquor/Beverage,3,45.0,0.0,135.0
T2025000321,2025-11-04,18:29:00,P0105,White Gold Coffee 100Sticks,Liquor/Beverage,7,1150.0,0.0,8050.0
T2025000321,2025-11-04,18:29:00,P0126,Woongjin Yogurt Pineapple 1.5L,Liquor/Beverage,8,135.0,0.0,1080.0
T2025000321,2025-11-04,18:29:00,P0141,Woongjin Yogurt Apple 340mL,Liquor/Beverage,7,60.0,0.0,420.0
T2025000321,2025-11-04,18:29:00,P0119,Sempio Yuzu Tea,Liquor/Beverage,8,250.0,0.0,2000.0
T2025000322,2025-11-04,21:35:00,P0028,CJ Bibigo Seaweed Soup,Dry Food,8,140.0,0.0,1120.0
T2025000322,2025-11-04,21:35:00,P0040,Ottogi Sweet Corn 340g,Dry Food,1,95.0,0.0,95.0
T2025000322,2025-11-04,21:35:00,P0043,CJ Hetbahn Cooked Barley,Dry Food,10,95.0,0.0,950.0
T2025000322,2025-11-04,21:35:00,P0022,Ottogi Tteokbokki Cup,Dry Food,3,160.0,0.2,384.0
T2025000322,2025-11-04,21:35:00,P0042,CJ Hetbahn Brown Rice,Dry Food,10,95.0,0.0,950.0
T2025000323,2025-11-04,21:51:00,P0050,Boneless Rib Eye 250g,Food Fresh/Meat/Sidedish,7,750.0,0.0,5250.0
T2025000323,2025-11-04,21:51:00,P0066,Imported Kimchi Big Tub 850g,Food Fresh/Meat/Sidedish,3,150.0,0.25,337.5
T2025000323,2025-11-04,21:51:00,P0059,Pork Belly (Samgyupsal) 500g,Food Fresh/Meat/Sidedish,3,275.0,0.0,825.0
T2025000323,2025-11-04,21:51:00,P0064,Kimbab Radish 400g,Food Fresh/Meat/Sidedish,4,185.0,0.0,740.0
T2025000323,2025-11-04,21:51:00,P0072,Kongsarang Soft Tofu,Food Fresh/Meat/Sidedish,2,65.0,0.0,130.0
T2025000323,2025-11-04,21:51:00,P0056,Us Beef Strips 500g,Food Fresh/Meat/Sidedish,10,375.0,0.2,3000.0
T2025000324,2025-11-04,10:24:00,P0126,Woongjin Yogurt Pineapple 1.5L,Liquor/Beverage,3,135.0,0.15,344.25
T2025000325,2025-11-04,12:38:00,P0124,Terra Lager Beer 500mL,Liquor/Beverage,5,170.0,0.0,850.0
T2025000326,2025-11-04,10:47:00,P0218,CJ Beksul Beef Bulgogi Sauce 500g,Seasoned/Sauce/Powder,4,250.0,0.0,1000.0
T2025000326,2025-11-04,10:47:00,P0217,Ottogi Roasted Sesame Seeds 200g,Seasoned/Sauce/Powder,8,255.0,0.0,2040.0
T2025000326,2025-11-04,10:47:00,P0213,Sempio Yondu 500mL,Seasoned/Sauce/Powder,5,345.0,0.0,1725.0
T2025000326,2025-11-04,10:47:00,P0243,CJ  Ssamjang 170g,Seasoned/Sauce/Powder,8,88.0,0.0,704.0
T2025000326,2025-11-04,10:47:00,P0236,CJ  Soybean Paste 500g,Seasoned/Sauce/Powder,8,123.0,0.0,984.0
T2025000327,2025-11-04,18:55:00,P0271,Orion Choco Chip Cookies,Snacks,1,100.0,0.0,100.0
T2025000327,2025-11-04,18:55:00,P0254,Honey Roasted Peanuts,Snacks,3,165.0,0.0,495.0
T2025000327,2025-11-04,18:55:00,P0252,Lotte Banana Choco Pie 12Pcs,Snacks,1,180.0,0.0,180.0
T2025000327,2025-11-04,18:55:00,P0255,Bibigo Crispy Seaweed Snack,Snacks,6,140.0,0.0,840.0
T2025000327,2025-11-04,18:55:00,P0278,Haitai O! Karto Chips,Snacks,7,88.0,0.0,616.0
T2025000328,2025-11-04,17:23:00,P0007,Samyang Spicy Mayo,Condiments,10,130.0,0.2,1040.0
T2025000328,2025-11-04,17:23:00,P0002,Ottogi Gold Mayonnaise 500g,Condiments,9,235.0,0.0,2115.0
T2025000328,2025-11-04,17:23:00,P0004,O'Food Korean Chili Oil,Condiments,5,160.0,0.0,800.0
T2025000328,2025-11-04,17:23:00,P0005,Ottogi Gold Mayonnaise 300g,Condiments,8,150.0,0.0,1200.0
T2025000329,2025-11-04,16:42:00,P0158,Nongshim Shin Ramen Black,Noodles,7,92.0,0.25,483.0
T2025000329,2025-11-04,16:42:00,P0172,Ottogi Jin Hot Big Cup,Noodles,1,75.0,0.0,75.0
T2025000330,2025-11-04,13:12:00,P0253,Orion Market O Brownie,Snacks,4,170.0,0.0,680.0
T2025000330,2025-11-04,13:12:00,P0265,Orion Almond Candy,Snacks,4,110.0,0.1,396.0
T2025000331,2025-11-04,20:12:00,P0097,Daerim  Cheese Vienna Sausage 105g,Food Frozen,1,120.0,0.0,120.0
T2025000331,2025-11-04,20:12:00,P0094,MWC Frank Sausage 5Pcs,Food Frozen,9,173.0,0.0,1557.0
T2025000332,2025-11-04,08:56:00,P0195,Ottogi Jin Mild Small Cup,Noodles,6,55.0,0.0,330.0
T2025000332,2025-11-04,08:56:00,P0159,Nongshim Neuguri Cup 111g,Noodles,5,90.0,0.0,450.0
T2025000333,2025-11-04,13:09:00,P0290,Doritos Galbi Chicken,Snacks,5,77.0,0.25,288.75
T2025000333,2025-11-04,13:09:00,P0297,Pepero Choco Filled,Snacks,9,55.0,0.0,495.0
T2025000333,2025-11-04,13:09:00,P0271,Orion Choco Chip Cookies,Snacks,1,100.0,0.0,100.0
T2025000333,2025-11-04,13:09:00,P0299,Lotte Xylitol Green Gum,Snacks,10,55.0,0.0,550.0
T2025000333,2025-11-04,13:09:00,P0256,Orion Custard Cake,Snacks,1,130.0,0.0,130.0
T2025000333,2025-11-04,13:09:00,P0274,Haitai Matdongsan,Snacks,6,95.0,0.0,570.0
T2025000334,2025-11-04,13:20:00,P0268,Samlip Walnut Pie,Snacks,6,110.0,0.05,627.0
T2025000334,2025-11-04,13:20:00,P0290,Doritos Galbi Chicken,Snacks,2,77.0,0.05,146.3
T2025000334,2025-11-04,13:20:00,P0275,Haitai Sweet Potato Snack,Snacks,10,95.0,0.0,950.0
T2025000335,2025-11-04,09:09:00,P0051,Us Premium Rib Eye 500g,Food Fresh/Meat/Sidedish,1,725.0,0.0,725.0
T2025000335,2025-11-04,09:09:00,P0050,Boneless Rib Eye 250g,Food Fresh/Meat/Sidedish,10,750.0,0.0,7500.0
T2025000335,2025-11-04,09:09:00,P0055,Beef Enoki Roll 500g,Food Fresh/Meat/Sidedish,2,410.0,0.15,697.0
T2025000335,2025-11-04,09:09:00,P0073,Perilla Leaves 2Packs,Food Fresh/Meat/Sidedish,4,40.0,0.0,160.0
T2025000335,2025-11-04,09:09:00,P0049,Our Home Kimchi 1Kg,Food Fresh/Meat/Sidedish,8,320.5,0.0,2564.0
T2025000335,2025-11-04,09:09:00,P0065,Sempio Spicy Stir-Fried Dried Squid,Food Fresh/Meat/Sidedish,7,175.0,0.0,1225.0
T2025000336,2025-11-04,14:28:00,P0262,Orion Custard Pineapple,Snacks,5,120.0,0.0,600.0
T2025000336,2025-11-04,14:28:00,P0251,Oil Fried & Salted Peanuts,Snacks,7,185.0,0.0,1295.0
T2025000336,2025-11-04,14:28:00,P0277,Orion Turtle Chips Sweet Corn,Snacks,6,89.0,0.1,480.6
T2025000336,2025-11-04,14:28:00,P0296,Lotte Cereal Choco,Snacks,4,55.0,0.0,220.0
T2025000336,2025-11-04,14:28:00,P0292,Orion Goraebab Crackers,Snacks,8,75.0,0.0,600.0
T2025000337,2025-11-04,14:20:00,P0099,Daerim  Chaw Spicy Stick 90g,Food Frozen,4,80.0,0.0,320.0
T2025000338,2025-11-04,10:39:00,P0218,CJ Beksul Beef Bulgogi Sauce 500g,Seasoned/Sauce/Powder,7,250.0,0.0,1750.0
T2025000338,2025-11-04,10:39:00,P0230,CJ Beksul Pancake Sauce,Seasoned/Sauce/Powder,7,145.0,0.0,1015.0
T2025000338,2025-11-04,10:39:00,P0217,Ottogi Roasted Sesame Seeds 200g,Seasoned/Sauce/Powder,10,255.0,0.15,2167.5
T2025000338,2025-11-04,10:39:00,P0234,CJ Beksul Spicy Pork Sauce 290g,Seasoned/Sauce/Powder,1,130.0,0.0,130.0
T2025000339,2025-11-04,08:58:00,P0055,Beef Enoki Roll 500g,Food Fresh/Meat/Sidedish,5,410.0,0.0,2050.0
T2025000339,2025-11-04,08:58:00,P0061,Dried Anchovy Medium 100g,Food Fresh/Meat/Sidedish,7,240.0,0.0,1680.0
T2025000339,2025-11-04,08:58:00,P0053,Shine Spicy Pork Bulgogi Pack,Food Fresh/Meat/Sidedish,2,500.0,0.2,800.0
T2025000340,2025-11-04,19:38:00,P0166,Samyang Buldak Original,Noodles,5,88.0,0.0,440.0
T2025000340,2025-11-04,19:38:00,P0204,Ottogi Cup Ramen Kimchi,Noodles,9,50.0,0.0,450.0
T2025000341,2025-11-04,10:30:00,P0064,Kimbab Radish 400g,Food Fresh/Meat/Sidedish,8,185.0,0.0,1480.0
T2025000342,2025-11-04,18:27:00,P0300,Can Choco Balls,Snacks,1,45.0,0.0,45.0
T2025000342,2025-11-04,18:27:00,P0298,Pepero White Cookie,Snacks,10,55.0,0.0,550.0
T2025000342,2025-11-04,18:27:00,P0280,Nongshim Potato Sticks,Snacks,5,85.0,0.0,425.0
T2025000343,2025-11-04,18:27:00,P0009,CJ Beksul Corn Syrup,Condiments,9,95.0,0.0,855.0
T2025000343,2025-11-04,18:27:00,P0003,Sempio Sesame Oil,Condiments,3,185.0,0.0,555.0
T2025000344,2025-11-04,11:26:00,P0007,Samyang Spicy Mayo,Condiments,3,130.0,0.0,390.0
T2025000344,2025-11-04,11:26:00,P0009,CJ Beksul Corn Syrup,Condiments,5,95.0,0.0,475.0
T2025000344,2025-11-04,11:26:00,P0001,Ottogi Sesame Oil 500mL,Condiments,6,590.5,0.0,3543.0
T2025000344,2025-11-04,11:26:00,P0008,Ottogi Corn Syrup,Condiments,6,98.0,0.0,588.0
T2025000345,2025-11-04,14:43:00,P0006,Chung Jung One Soy Sauce,Condiments,3,140.0,0.0,420.0
T2025000345,2025-11-04,14:43:00,P0004,O'Food Korean Chili Oil,Condiments,5,160.0,0.0,800.0
T2025000346,2025-11-04,13:54:00,P0022,Ottogi Tteokbokki Cup,Dry Food,4,160.0,0.0,640.0
T2025000346,2025-11-04,13:54:00,P0020,CJ Beksul Hotteok Mix,Dry Food,9,185.0,0.0,1665.0
T2025000346,2025-11-04,13:54:00,P0021,Bibigo Kimbab Kim 10Sheets,Dry Food,6,161.0,0.0,966.0
T2025000346,2025-11-04,13:54:00,P0012,Ottogi Glass Noodle 1Kg,Dry Food,2,300.0,0.0,600.0
T2025000346,2025-11-04,13:54:00,P0040,Ottogi Sweet Corn 340g,Dry Food,2,95.0,0.0,190.0
T2025000346,2025-11-04,13:54:00,P0024,O'Food Kimchi Soup Mix,Dry Food,10,150.0,0.0,1500.0
T2025000347,2025-11-04,15:11:00,P0236,CJ  Soybean Paste 500g,Seasoned/Sauce/Powder,2,123.0,0.0,246.0
T2025000347,2025-11-04,15:11:00,P0231,O'Food Bulgogi Marinade,Seasoned/Sauce/Powder,3,145.0,0.0,435.0
T2025000347,2025-11-04,15:11:00,P0221,CJ  Gochujang 500g,Seasoned/Sauce/Powder,5,220.0,0.0,1100.0
T2025000347,2025-11-04,15:11:00,P0223,Jin Soy Sauce For Soup 860mL,Seasoned/Sauce/Powder,7,205.0,0.0,1435.0
T2025000347,2025-11-04,15:11:00,P0240,Ottogi Spaghetti Sauce,Seasoned/Sauce/Powder,8,115.0,0.15,782.0
T2025000348,2025-11-04,08:30:00,P0224,Seasoned Seaweed 200g,Seasoned/Sauce/Powder,7,190.0,0.05,1263.5
T2025000348,2025-11-04,08:30:00,P0236,CJ  Soybean Paste 500g,Seasoned/Sauce/Powder,5,123.0,0.0,615.0
T2025000348,2025-11-04,08:30:00,P0234,CJ Beksul Spicy Pork Sauce 290g,Seasoned/Sauce/Powder,3,130.0,0.0,390.0
T2025000348,2025-11-04,08:30:00,P0231,O'Food Bulgogi Marinade,Seasoned/Sauce/Powder,6,145.0,0.0,870.0
T2025000348,2025-11-04,08:30:00,P0241,CJ Anchovy Sauce 500g,Seasoned/Sauce/Powder,10,105.0,0.0,1050.0
T2025000348,2025-11-04,08:30:00,P0220,CJ  Tteokbokki Sauce 150G 2Pcs,Seasoned/Sauce/Powder,4,235.0,0.05,893.0
T2025000349,2025-11-04,19:05:00,P0055,Beef Enoki Roll 500g,Food Fresh/Meat/Sidedish,7,410.0,0.0,2870.0
T2025000349,2025-11-04,19:05:00,P0072,Kongsarang Soft Tofu,Food Fresh/Meat/Sidedish,8,65.0,0.0,520.0
T2025000349,2025-11-04,19:05:00,P0065,Sempio Spicy Stir-Fried Dried Squid,Food Fresh/Meat/Sidedish,3,175.0,0.0,525.0
T2025000350,2025-11-04,20:46:00,P0189,Ottogi Bodle Cheese Ramen,Noodles,5,60.0,0.0,300.0
T2025000350,2025-11-04,20:46:00,P0197,Nongshim Seafood Ramyun,Noodles,2,52.0,0.0,104.0
T2025000350,2025-11-04,20:46:00,P0190,Nongshim Tempura Udon Cup,Noodles,5,60.0,0.0,300.0
T2025000350,2025-11-04,20:46:00,P0164,Samyang Buldak 4 Cheese 145g,Noodles,10,88.0,0.0,880.0
T2025000350,2025-11-04,20:46:00,P0178,Samyang Mala Buldak,Noodles,3,70.0,0.0,210.0
T2025000350,2025-11-04,20:46:00,P0187,Paldo Bibim Men,Noodles,3,60.0,0.0,180.0
T2025000351,2025-11-04,16:51:00,P0085,Bibigo Bulgogi Mandu,Food Frozen,2,280.0,0.0,560.0
T2025000351,2025-11-04,16:51:00,P0080,Samyang Buldak Original Spicy Mandu 700g,Food Frozen,3,410.0,0.0,1230.0
T2025000351,2025-11-04,16:51:00,P0091,CJ Bibigo Japchae,Food Frozen,4,220.0,0.0,880.0
T2025000351,2025-11-04,16:51:00,P0099,Daerim  Chaw Spicy Stick 90g,Food Frozen,1,80.0,0.0,80.0
T2025000352,2025-11-04,19:28:00,P0074,Bibigo Fried Dumplings 450g,Food Frozen,3,740.0,0.0,2220.0
T2025000352,2025-11-04,19:28:00,P0088,Dongwon  Real Crabs 144g ,Food Frozen,2,259.0,0.0,518.0
T2025000352,2025-11-04,19:28:00,P0086,CJ Bibigo Gyoza Dumplings,Food Frozen,5,270.0,0.0,1350.0
T2025000352,2025-11-04,19:28:00,P0093,Bibigo Kimchi Fried Rice,Food Frozen,5,190.0,0.0,950.0
T2025000353,2025-11-04,09:35:00,P0160,Paldo Wang Cup Kimchi,Noodles,8,90.0,0.0,720.0
T2025000353,2025-11-04,09:35:00,P0178,Samyang Mala Buldak,Noodles,3,70.0,0.0,210.0
T2025000354,2025-11-04,11:27:00,P0103,Daerim  Chaw Stick 100g,Food Frozen,7,73.0,0.0,511.0
T2025000354,2025-11-04,11:27:00,P0079,Daerim  Kimbab Ham 1Kg,Food Frozen,1,480.0,0.25,360.0
T2025000355,2025-11-04,18:17:00,P0062,Dried Anchovy Small 100g,Food Fresh/Meat/Sidedish,5,240.0,0.0,1200.0
T2025000355,2025-11-04,18:17:00,P0055,Beef Enoki Roll 500g,Food Fresh/Meat/Sidedish,7,410.0,0.0,2870.0
T2025000356,2025-11-04,12:14:00,P0121,Lotte Chum Churum Soju,Liquor/Beverage,7,175.0,0.0,1225.0
T2025000357,2025-11-04,10:39:00,P0064,Kimbab Radish 400g,Food Fresh/Meat/Sidedish,2,185.0,0.0,370.0
T2025000358,2025-11-04,12:09:00,P0191,Paldo Teumsae Ramen,Noodles,6,60.0,0.0,360.0
T2025000358,2025-11-04,12:09:00,P0162,Ottogi Jin Jjampong,Noodles,3,90.0,0.0,270.0
T2025000358,2025-11-04,12:09:00,P0204,Ottogi Cup Ramen Kimchi,Noodles,2,50.0,0.0,100.0
T2025000358,2025-11-04,12:09:00,P0208,Ottogi Jin Ramen Mild,Noodles,1,40.0,0.0,40.0
T2025000359,2025-11-04,11:03:00,P0049,Our Home Kimchi 1Kg,Food Fresh/Meat/Sidedish,10,320.5,0.25,2403.75
T2025000360,2025-11-04,21:47:00,P0210,2Mins Snack Men,Noodles,3,40.0,0.0,120.0
T2025000360,2025-11-04,21:47:00,P0199,Paldo Koreno Shrimp Noodle,Noodles,4,50.0,0.05,190.0
T2025000360,2025-11-04,21:47:00,P0167,Samyang Cheese Buldak,Noodles,4,88.0,0.25,264.0
T2025000360,2025-11-04,21:47:00,P0198,Paldo Koreno Beef Noodle 100g,Noodles,5,50.0,0.0,250.0
T2025000360,2025-11-04,21:47:00,P0168,Samyang Carbo Buldak,Noodles,3,88.0,0.25,198.0
T2025000361,2025-11-04,14:31:00,P0080,Samyang Buldak Original Spicy Mandu 700g,Food Frozen,8,410.0,0.0,3280.0
T2025000361,2025-11-04,14:31:00,P0084,Assi Vegetable Dumplings 675g,Food Frozen,7,285.0,0.0,1995.0
T2025000361,2025-11-04,14:31:00,P0099,Daerim  Chaw Spicy Stick 90g,Food Frozen,2,80.0,0.0,160.0
T2025000362,2025-11-04,11:18:00,P0095,Samlip Fish Cake Sheets,Food Frozen,6,150.0,0.0,900.0
T2025000362,2025-11-04,11:18:00,P0094,MWC Frank Sausage 5Pcs,Food Frozen,9,173.0,0.0,1557.0
T2025000362,2025-11-04,11:18:00,P0088,Dongwon  Real Crabs 144g ,Food Frozen,10,259.0,0.0,2590.0
T2025000363,2025-11-04,10:43:00,P0018,(Kaya) Korean Rice 1.5Kg,Dry Food,5,190.0,0.0,950.0
T2025000363,2025-11-04,10:43:00,P0021,Bibigo Kimbab Kim 10Sheets,Dry Food,9,161.0,0.0,1449.0
T2025000363,2025-11-04,10:43:00,P0030,Yopokki Onion Butter 120g Cup,Dry Food,10,120.0,0.0,1200.0
T2025000363,2025-11-04,10:43:00,P0019,Haepyo Crispy Seaweed 9Pcs,Dry Food,9,188.0,0.0,1692.0
T2025000364,2025-11-04,09:02:00,P0048,Dongwon Light Tuna,Dry Food,6,75.0,0.0,450.0
T2025000365,2025-11-04,10:02:00,P0065,Sempio Spicy Stir-Fried Dried Squid,Food Fresh/Meat/Sidedish,2,175.0,0.0,350.0
T2025000365,2025-11-04,10:02:00,P0054,Chadolbagi Wagyu 500g,Food Fresh/Meat/Sidedish,9,475.0,0.0,4275.0
T2025000365,2025-11-04,10:02:00,P0060,Homemade Spring Onion Kimchi 350g,Food Fresh/Meat/Sidedish,4,250.0,0.0,1000.0
T2025000365,2025-11-04,10:02:00,P0055,Beef Enoki Roll 500g,Food Fresh/Meat/Sidedish,2,410.0,0.0,820.0
T2025000366,2025-11-04,15:49:00,P0002,Ottogi Gold Mayonnaise 500g,Condiments,6,235.0,0.0,1410.0
T2025000366,2025-11-04,15:49:00,P0007,Samyang Spicy Mayo,Condiments,8,130.0,0.0,1040.0
T2025000367,2025-11-04,09:11:00,P0277,Orion Turtle Chips Sweet Corn,Snacks,7,89.0,0.0,623.0
T2025000367,2025-11-04,09:11:00,P0290,Doritos Galbi Chicken,Snacks,2,77.0,0.0,154.0
T2025000367,2025-11-04,09:11:00,P0244,Wasabi Almond 190g,Snacks,6,440.0,0.0,2640.0
T2025000367,2025-11-04,09:11:00,P0299,Lotte Xylitol Green Gum,Snacks,9,55.0,0.1,445.5
T2025000367,2025-11-04,09:11:00,P0255,Bibigo Crispy Seaweed Snack,Snacks,4,140.0,0.25,420.0
T2025000367,2025-11-04,09:11:00,P0276,Orion Sun Chips Korean BBQ,Snacks,8,90.0,0.0,720.0
T2025000368,2025-11-04,14:40:00,P0007,Samyang Spicy Mayo,Condiments,8,130.0,0.0,1040.0
T2025000368,2025-11-04,14:40:00,P0005,Ottogi Gold Mayonnaise 300g,Condiments,3,150.0,0.0,450.0
T2025000369,2025-11-04,14:12:00,P0241,CJ Anchovy Sauce 500g,Seasoned/Sauce/Powder,5,105.0,0.0,525.0
T2025000369,2025-11-04,14:12:00,P0243,CJ  Ssamjang 170g,Seasoned/Sauce/Powder,5,88.0,0.0,440.0
T2025000369,2025-11-04,14:12:00,P0232,O'Food Tofu Stew Base,Seasoned/Sauce/Powder,3,135.0,0.0,405.0
T2025000369,2025-11-04,14:12:00,P0231,O'Food Bulgogi Marinade,Seasoned/Sauce/Powder,4,145.0,0.0,580.0
T2025000369,2025-11-04,14:12:00,P0226,CJ Beksul Sweet Korean Pancake Mix 400g,Seasoned/Sauce/Powder,10,155.0,0.0,1550.0
T2025000370,2025-11-04,20:26:00,P0300,Can Choco Balls,Snacks,9,45.0,0.0,405.0
T2025000370,2025-11-04,20:26:00,P0244,Wasabi Almond 190g,Snacks,7,440.0,0.0,3080.0
T2025000370,2025-11-04,20:26:00,P0257,Lotte Almond Chocolate,Snacks,8,130.0,0.0,1040.0
T2025000371,2025-11-04,10:58:00,P0233,O'Food Korean Fried Chicken Sauce,Seasoned/Sauce/Powder,8,135.0,0.0,1080.0
T2025000371,2025-11-04,10:58:00,P0221,CJ  Gochujang 500g,Seasoned/Sauce/Powder,8,220.0,0.0,1760.0
T2025000371,2025-11-04,10:58:00,P0224,Seasoned Seaweed 200g,Seasoned/Sauce/Powder,6,190.0,0.0,1140.0
T2025000371,2025-11-04,10:58:00,P0215,Ottogi Wasabi Powder 300g,Seasoned/Sauce/Powder,5,290.0,0.0,1450.0
T2025000371,2025-11-04,10:58:00,P0230,CJ Beksul Pancake Sauce,Seasoned/Sauce/Powder,10,145.0,0.0,1450.0
T2025000371,2025-11-04,10:58:00,P0217,Ottogi Roasted Sesame Seeds 200g,Seasoned/Sauce/Powder,2,255.0,0.0,510.0
T2025000372,2025-11-04,11:59:00,P0032,Samlip Mini Kimbap,Dry Food,7,120.0,0.0,840.0
T2025000372,2025-11-04,11:59:00,P0021,Bibigo Kimbab Kim 10Sheets,Dry Food,10,161.0,0.0,1610.0
T2025000372,2025-11-04,11:59:00,P0046,CJ Beksul Potato Starch,Dry Food,5,85.0,0.0,425.0
T2025000372,2025-11-04,11:59:00,P0016,Dongwon  Vegetable Tuna Can 150g 2Pcs,Dry Food,10,235.0,0.0,2350.0
T2025000372,2025-11-04,11:59:00,P0018,(Kaya) Korean Rice 1.5Kg,Dry Food,2,190.0,0.0,380.0
T2025000372,2025-11-04,11:59:00,P0024,O'Food Kimchi Soup Mix,Dry Food,5,150.0,0.0,750.0
T2025000373,2025-11-04,21:47:00,P0158,Nongshim Shin Ramen Black,Noodles,5,92.0,0.0,460.0
T2025000373,2025-11-04,21:47:00,P0174,Ottogi Cheese Bokki Cup,Noodles,2,75.0,0.0,150.0
T2025000374,2025-11-04,09:19:00,P0089,Jongga Rice Cake 1Kg,Food Frozen,2,230.0,0.0,460.0
T2025000375,2025-11-04,08:02:00,P0005,Ottogi Gold Mayonnaise 300g,Condiments,10,150.0,0.0,1500.0
T2025000376,2025-11-04,18:08:00,P0128,Chamiseul Fresh 360mL,Liquor/Beverage,1,120.0,0.0,120.0
T2025000376,2025-11-04,18:08:00,P0107,Ottogi Honey Ginger Tea 1Kg,Liquor/Beverage,9,530.0,0.0,4770.0
T2025000376,2025-11-04,18:08:00,P0137,Hite Beer Can,Liquor/Beverage,9,80.0,0.0,720.0
T2025000376,2025-11-04,18:08:00,P0148,Binggrae Strawberry Milk,Liquor/Beverage,1,45.0,0.0,45.0
T2025000377,2025-11-04,18:43:00,P0149,Binggrae Mango Milk,Liquor/Beverage,9,45.0,0.0,405.0
T2025000378,2025-11-04,17:04:00,P0241,CJ Anchovy Sauce 500g,Seasoned/Sauce/Powder,2,105.0,0.0,210.0
T2025000378,2025-11-04,17:04:00,P0240,Ottogi Spaghetti Sauce,Seasoned/Sauce/Powder,6,115.0,0.0,690.0
T2025000378,2025-11-04,17:04:00,P0231,O'Food Bulgogi Marinade,Seasoned/Sauce/Powder,3,145.0,0.0,435.0
T2025000378,2025-11-04,17:04:00,P0217,Ottogi Roasted Sesame Seeds 200g,Seasoned/Sauce/Powder,7,255.0,0.0,1785.0
T2025000378,2025-11-04,17:04:00,P0224,Seasoned Seaweed 200g,Seasoned/Sauce/Powder,2,190.0,0.0,380.0
T2025000379,2025-11-04,10:24:00,P0232,O'Food Tofu Stew Base,Seasoned/Sauce/Powder,4,135.0,0.25,405.0
T2025000379,2025-11-04,10:24:00,P0224,Seasoned Seaweed 200g,Seasoned/Sauce/Powder,6,190.0,0.0,1140.0
T2025000379,2025-11-04,10:24:00,P0228,Sempio Gochujang (500g),Seasoned/Sauce/Powder,5,145.0,0.25,543.75
T2025000379,2025-11-04,10:24:00,P0230,CJ Beksul Pancake Sauce,Seasoned/Sauce/Powder,6,145.0,0.0,870.0
T2025000379,2025-11-04,10:24:00,P0223,Jin Soy Sauce For Soup 860mL,Seasoned/Sauce/Powder,1,205.0,0.0,205.0
T2025000380,2025-11-04,08:03:00,P0236,CJ  Soybean Paste 500g,Seasoned/Sauce/Powder,3,123.0,0.15,313.65
T2025000380,2025-11-04,08:03:00,P0229,O'Food Korean BBQ Sauce,Seasoned/Sauce/Powder,5,145.0,0.0,725.0
T2025000380,2025-11-04,08:03:00,P0224,Seasoned Seaweed 200g,Seasoned/Sauce/Powder,3,190.0,0.0,570.0
T2025000381,2025-11-04,08:52:00,P0222,CJ  Soybean Paste 1Kg,Seasoned/Sauce/Powder,8,208.0,0.0,1664.0
T2025000381,2025-11-04,08:52:00,P0218,CJ Beksul Beef Bulgogi Sauce 500g,Seasoned/Sauce/Powder,9,250.0,0.0,2250.0
T2025000382,2025-11-04,14:49:00,P0181,Paldo Bibim Cold Noodles,Noodles,3,65.0,0.0,195.0
T2025000382,2025-11-04,14:49:00,P0180,Samyang Curry Ramen,Noodles,1,68.0,0.0,68.0
T2025000382,2025-11-04,14:49:00,P0159,Nongshim Neuguri Cup 111g,Noodles,4,90.0,0.25,270.0
T2025000383,2025-11-04,18:22:00,P0051,Us Premium Rib Eye 500g,Food Fresh/Meat/Sidedish,1,725.0,0.0,725.0
T2025000383,2025-11-04,18:22:00,P0071,Kongsarang Firm Tofu,Food Fresh/Meat/Sidedish,9,65.0,0.0,585.0
T2025000383,2025-11-04,18:22:00,P0072,Kongsarang Soft Tofu,Food Fresh/Meat/Sidedish,2,65.0,0.0,130.0
T2025000383,2025-11-04,18:22:00,P0065,Sempio Spicy Stir-Fried Dried Squid,Food Fresh/Meat/Sidedish,6,175.0,0.0,1050.0
T2025000384,2025-11-04,20:49:00,P0019,Haepyo Crispy Seaweed 9Pcs,Dry Food,2,188.0,0.0,376.0
T2025000384,2025-11-04,20:49:00,P0017,Bibigo Seaweed Flakes 50g,Dry Food,7,210.0,0.0,1470.0
T2025000384,2025-11-04,20:49:00,P0035,CJ  Multi-Grains Cooked Rice 210g,Dry Food,4,110.0,0.0,440.0
T2025000384,2025-11-04,20:49:00,P0047,Dongwon Spicy Tuna,Dry Food,9,80.0,0.0,720.0
T2025000384,2025-11-04,20:49:00,P0025,Sempio Yellow Peach In Can 400g,Dry Food,2,145.0,0.05,275.5
T2025000384,2025-11-04,20:49:00,P0014,Bibigo Beef Seaweed Soup,Dry Food,4,264.0,0.0,1056.0
T2025000385,2025-11-04,19:43:00,P0007,Samyang Spicy Mayo,Condiments,8,130.0,0.0,1040.0
T2025000385,2025-11-04,19:43:00,P0001,Ottogi Sesame Oil 500mL,Condiments,1,590.5,0.0,590.5
T2025000385,2025-11-04,19:43:00,P0008,Ottogi Corn Syrup,Condiments,5,98.0,0.0,490.0
T2025000386,2025-11-04,08:24:00,P0023,Dongwon  Luncheon Meat 340g,Dry Food,8,155.0,0.0,1240.0
T2025000386,2025-11-04,08:24:00,P0046,CJ Beksul Potato Starch,Dry Food,2,85.0,0.0,170.0
T2025000386,2025-11-04,08:24:00,P0041,CJ Hetbahn Multi-Grain Rice,Dry Food,9,95.0,0.0,855.0
T2025000386,2025-11-04,08:24:00,P0031,Yopokki Cheese Cup 120g,Dry Food,5,120.0,0.0,600.0
T2025000386,2025-11-04,08:24:00,P0048,Dongwon Light Tuna,Dry Food,6,75.0,0.05,427.5
T2025000386,2025-11-04,08:24:00,P0024,O'Food Kimchi Soup Mix,Dry Food,4,150.0,0.0,600.0
T2025000387,2025-11-04,17:15:00,P0004,O'Food Korean Chili Oil,Condiments,1,160.0,0.0,160.0
T2025000387,2025-11-04,17:15:00,P0009,CJ Beksul Corn Syrup,Condiments,6,95.0,0.0,570.0
T2025000387,2025-11-04,17:15:00,P0005,Ottogi Gold Mayonnaise 300g,Condiments,7,150.0,0.0,1050.0
T2025000387,2025-11-04,17:15:00,P0006,Chung Jung One Soy Sauce,Condiments,5,140.0,0.0,700.0
T2025000388,2025-11-04,21:11:00,P0057,Jongga Pogi Kimchi 500g,Food Fresh/Meat/Sidedish,7,315.0,0.0,2205.0
T2025000388,2025-11-04,21:11:00,P0056,Us Beef Strips 500g,Food Fresh/Meat/Sidedish,8,375.0,0.0,3000.0
T2025000388,2025-11-04,21:11:00,P0064,Kimbab Radish 400g,Food Fresh/Meat/Sidedish,2,185.0,0.2,296.0
T2025000388,2025-11-04,21:11:00,P0054,Chadolbagi Wagyu 500g,Food Fresh/Meat/Sidedish,1,475.0,0.0,475.0
T2025000389,2025-11-04,10:19:00,P0011,CJ  Cooked Rice Plain 210g,Dry Food,9,365.0,0.0,3285.0
T2025000389,2025-11-04,10:19:00,P0024,O'Food Kimchi Soup Mix,Dry Food,8,150.0,0.0,1200.0
T2025000389,2025-11-04,10:19:00,P0032,Samlip Mini Kimbap,Dry Food,9,120.0,0.0,1080.0
T2025000389,2025-11-04,10:19:00,P0043,CJ Hetbahn Cooked Barley,Dry Food,9,95.0,0.0,855.0
T2025000389,2025-11-04,10:19:00,P0039,Ottogi 3Mins Curry,Dry Food,2,99.0,0.15,168.3
T2025000389,2025-11-04,10:19:00,P0036,Dongwon  Tuna Light Can 150g,Dry Food,7,110.0,0.1,693.0
T2025000390,2025-11-04,08:42:00,P0194,Shin Ramen Kimchi,Noodles,3,55.0,0.0,165.0
T2025000391,2025-11-04,20:10:00,P0048,Dongwon Light Tuna,Dry Food,9,75.0,0.0,675.0
T2025000391,2025-11-04,20:10:00,P0019,Haepyo Crispy Seaweed 9Pcs,Dry Food,9,188.0,0.0,1692.0
T2025000392,2025-11-04,12:00:00,P0293,Lotte Sand Biscuit,Snacks,5,75.0,0.0,375.0
T2025000393,2025-11-04,10:22:00,P0010,Daerim  Big Smoke Ham 1Kg,Dry Food,8,480.0,0.0,3840.0
T2025000393,2025-11-04,10:22:00,P0045,CJ Beksul Wheat Flour,Dry Food,8,90.0,0.0,720.0
T2025000393,2025-11-04,10:22:00,P0015,(Dae Joo) Gochugaru 500g,Dry Food,1,255.0,0.0,255.0
T2025000393,2025-11-04,10:22:00,P0014,Bibigo Beef Seaweed Soup,Dry Food,10,264.0,0.0,2640.0
T2025000393,2025-11-04,10:22:00,P0025,Sempio Yellow Peach In Can 400g,Dry Food,3,145.0,0.0,435.0
T2025000393,2025-11-04,10:22:00,P0032,Samlip Mini Kimbap,Dry Food,1,120.0,0.0,120.0
T2025000394,2025-11-04,11:26:00,P0027,Yopokki Cheese 240g,Dry Food,9,145.0,0.0,1305.0
T2025000394,2025-11-04,11:26:00,P0016,Dongwon  Vegetable Tuna Can 150g 2Pcs,Dry Food,1,235.0,0.2,188.0
T2025000394,2025-11-04,11:26:00,P0036,Dongwon  Tuna Light Can 150g,Dry Food,10,110.0,0.0,1100.0
T2025000395,2025-11-04,20:34:00,P0208,Ottogi Jin Ramen Mild,Noodles,5,40.0,0.0,200.0
T2025000395,2025-11-04,20:34:00,P0172,Ottogi Jin Hot Big Cup,Noodles,3,75.0,0.0,225.0
T2025000395,2025-11-04,20:34:00,P0166,Samyang Buldak Original,Noodles,7,88.0,0.0,616.0
T2025000396,2025-11-04,08:48:00,P0221,CJ  Gochujang 500g,Seasoned/Sauce/Powder,5,220.0,0.0,1100.0
T2025000396,2025-11-04,08:48:00,P0213,Sempio Yondu 500mL,Seasoned/Sauce/Powder,4,345.0,0.0,1380.0
T2025000396,2025-11-04,08:48:00,P0224,Seasoned Seaweed 200g,Seasoned/Sauce/Powder,6,190.0,0.0,1140.0
T2025000396,2025-11-04,08:48:00,P0231,O'Food Bulgogi Marinade,Seasoned/Sauce/Powder,6,145.0,0.0,870.0
T2025000397,2025-11-04,09:02:00,P0238,Ottogi Curry Mild,Seasoned/Sauce/Powder,8,115.0,0.0,920.0
T2025000397,2025-11-04,09:02:00,P0230,CJ Beksul Pancake Sauce,Seasoned/Sauce/Powder,8,145.0,0.0,1160.0
T2025000397,2025-11-04,09:02:00,P0220,CJ  Tteokbokki Sauce 150G 2Pcs,Seasoned/Sauce/Powder,9,235.0,0.05,2009.25
T2025000397,2025-11-04,09:02:00,P0229,O'Food Korean BBQ Sauce,Seasoned/Sauce/Powder,9,145.0,0.0,1305.0
T2025000398,2025-11-04,18:29:00,P0239,Ottogi Curry Hot,Seasoned/Sauce/Powder,4,115.0,0.0,460.0
T2025000398,2025-11-04,18:29:00,P0236,CJ  Soybean Paste 500g,Seasoned/Sauce/Powder,5,123.0,0.1,553.5
T2025000398,2025-11-04,18:29:00,P0228,Sempio Gochujang (500g),Seasoned/Sauce/Powder,4,145.0,0.0,580.0
T2025000398,2025-11-04,18:29:00,P0241,CJ Anchovy Sauce 500g,Seasoned/Sauce/Powder,8,105.0,0.0,840.0
T2025000399,2025-11-04,10:10:00,P0294,Pepero Strawberry,Snacks,6,55.0,0.0,330.0
T2025000399,2025-11-04,10:10:00,P0259,Nongshim Sengseng U-Dong,Snacks,3,125.0,0.25,281.25
T2025000399,2025-11-04,10:10:00,P0260,Binch Biscuit,Snacks,5,120.0,0.0,600.0
T2025000399,2025-11-04,10:10:00,P0281,Haitai Ace Crackers,Snacks,4,85.0,0.2,272.0
T2025000400,2025-11-04,08:36:00,P0121,Lotte Chum Churum Soju,Liquor/Beverage,8,175.0,0.0,1400.0
T2025000400,2025-11-04,08:36:00,P0133,Sunhari Blueberry 360mL,Liquor/Beverage,5,120.0,0.2,480.0
T2025000401,2025-11-04,10:24:00,P0093,Bibigo Kimchi Fried Rice,Food Frozen,1,190.0,0.0,190.0
T2025000401,2025-11-04,10:24:00,P0076,CJ  Crispy Hotdog,Food Frozen,2,640.0,0.0,1280.0
T2025000401,2025-11-04,10:24:00,P0095,Samlip Fish Cake Sheets,Food Frozen,1,150.0,0.0,150.0
T2025000402,2025-11-04,10:51:00,P0045,CJ Beksul Wheat Flour,Dry Food,5,90.0,0.2,360.0
T2025000402,2025-11-04,10:51:00,P0019,Haepyo Crispy Seaweed 9Pcs,Dry Food,3,188.0,0.0,564.0
T2025000402,2025-11-04,10:51:00,P0020,CJ Beksul Hotteok Mix,Dry Food,8,185.0,0.0,1480.0
T2025000402,2025-11-04,10:51:00,P0040,Ottogi Sweet Corn 340g,Dry Food,10,95.0,0.2,760.0
T2025000402,2025-11-04,10:51:00,P0021,Bibigo Kimbab Kim 10Sheets,Dry Food,8,161.0,0.0,1288.0
T2025000403,2025-11-04,10:57:00,P0131,Sunhari Yogurt 360mL,Liquor/Beverage,9,120.0,0.0,1080.0
T2025000403,2025-11-04,10:57:00,P0148,Binggrae Strawberry Milk,Liquor/Beverage,3,45.0,0.0,135.0
T2025000403,2025-11-04,10:57:00,P0123,Cass Cold Brewed Beer 500mL,Liquor/Beverage,6,170.0,0.0,1020.0
T2025000404,2025-11-04,09:04:00,P0116,Maxim Mocha Gold Coffee Mix 20Pcs,Liquor/Beverage,8,275.0,0.0,2200.0
T2025000405,2025-11-04,20:02:00,P0142,Nongshim Welchs White Grape 355mL,Liquor/Beverage,2,60.0,0.0,120.0
T2025000405,2025-11-04,20:02:00,P0131,Sunhari Yogurt 360mL,Liquor/Beverage,9,120.0,0.0,1080.0
T2025000405,2025-11-04,20:02:00,P0122,Chamisul Original Soju,Liquor/Beverage,1,175.0,0.0,175.0
T2025000405,2025-11-04,20:02:00,P0141,Woongjin Yogurt Apple 340mL,Liquor/Beverage,6,60.0,0.0,360.0
T2025000405,2025-11-04,20:02:00,P0148,Binggrae Strawberry Milk,Liquor/Beverage,2,45.0,0.15,76.5
T2025000406,2025-11-04,10:41:00,P0192,Nongshim Soon Veggie Ramen,Noodles,8,58.0,0.0,464.0
T2025000406,2025-11-04,10:41:00,P0170,Ottogi Jin Jjajang,Noodles,1,80.0,0.0,80.0
T2025000406,2025-11-04,10:41:00,P0210,2Mins Snack Men,Noodles,10,40.0,0.15,340.0
T2025000406,2025-11-04,10:41:00,P0205,Ottogi Yeul Ramen,Noodles,6,48.0,0.2,230.4
T2025000407,2025-11-04,19:31:00,P0072,Kongsarang Soft Tofu,Food Fresh/Meat/Sidedish,1,65.0,0.0,65.0
T2025000407,2025-11-04,19:31:00,P0056,Us Beef Strips 500g,Food Fresh/Meat/Sidedish,1,375.0,0.0,375.0
T2025000407,2025-11-04,19:31:00,P0052,Shine Beef Bulgogi Pack,Food Fresh/Meat/Sidedish,5,550.0,0.2,2200.0
T2025000407,2025-11-04,19:31:00,P0070,Skinless Garlic 150G,Food Fresh/Meat/Sidedish,7,65.0,0.0,455.0
T2025000408,2025-11-04,14:58:00,P0110,Mitte Hot Choco Original 300g,Liquor/Beverage,3,370.0,0.0,1110.0
T2025000408,2025-11-04,14:58:00,P0120,Aloe Vera Juice 1.5L,Liquor/Beverage,5,175.0,0.0,875.0
T2025000409,2025-11-04,17:15:00,P0115,Strawberry Milk 200mL 6Pcs,Liquor/Beverage,3,290.0,0.15,739.5
T2025000409,2025-11-04,17:15:00,P0131,Sunhari Yogurt 360mL,Liquor/Beverage,2,120.0,0.0,240.0
T2025000409,2025-11-04,17:15:00,P0137,Hite Beer Can,Liquor/Beverage,5,80.0,0.0,400.0
T2025000409,2025-11-04,17:15:00,P0138,Kirin Ichiban Beer 330mL,Liquor/Beverage,7,68.0,0.0,476.0
T2025000409,2025-11-04,17:15:00,P0147,Binggrae Coffee Milk,Liquor/Beverage,2,48.0,0.0,96.0
T2025000410,2025-11-04,12:56:00,P0158,Nongshim Shin Ramen Black,Noodles,10,92.0,0.2,736.0
T2025000410,2025-11-04,12:56:00,P0157,Nongshim Yachae Ramyeon 100g,Noodles,6,93.0,0.0,558.0
T2025000411,2025-11-04,12:52:00,P0007,Samyang Spicy Mayo,Condiments,6,130.0,0.0,780.0
T2025000412,2025-11-04,15:04:00,P0224,Seasoned Seaweed 200g,Seasoned/Sauce/Powder,2,190.0,0.1,342.0
T2025000412,2025-11-04,15:04:00,P0217,Ottogi Roasted Sesame Seeds 200g,Seasoned/Sauce/Powder,2,255.0,0.1,459.0
T2025000412,2025-11-04,15:04:00,P0240,Ottogi Spaghetti Sauce,Seasoned/Sauce/Powder,4,115.0,0.0,460.0
T2025000413,2025-11-04,17:28:00,P0043,CJ Hetbahn Cooked Barley,Dry Food,9,95.0,0.0,855.0
T2025000413,2025-11-04,17:28:00,P0029,CJ Beksul Pancake Flour,Dry Food,5,125.0,0.0,625.0
T2025000413,2025-11-04,17:28:00,P0035,CJ  Multi-Grains Cooked Rice 210g,Dry Food,8,110.0,0.0,880.0
T2025000413,2025-11-04,17:28:00,P0016,Dongwon  Vegetable Tuna Can 150g 2Pcs,Dry Food,8,235.0,0.0,1880.0
T2025000413,2025-11-04,17:28:00,P0018,(Kaya) Korean Rice 1.5Kg,Dry Food,10,190.0,0.0,1900.0
T2025000414,2025-11-04,18:26:00,P0106,Mocha Gold Coffee 100Sticks,Liquor/Beverage,1,1100.0,0.0,1100.0
T2025000415,2025-11-04,13:21:00,P0054,Chadolbagi Wagyu 500g,Food Fresh/Meat/Sidedish,10,475.0,0.0,4750.0
T2025000415,2025-11-04,13:21:00,P0061,Dried Anchovy Medium 100g,Food Fresh/Meat/Sidedish,7,240.0,0.0,1680.0
T2025000415,2025-11-04,13:21:00,P0062,Dried Anchovy Small 100g,Food Fresh/Meat/Sidedish,7,240.0,0.0,1680.0
T2025000415,2025-11-04,13:21:00,P0056,Us Beef Strips 500g,Food Fresh/Meat/Sidedish,8,375.0,0.0,3000.0
T2025000415,2025-11-04,13:21:00,P0052,Shine Beef Bulgogi Pack,Food Fresh/Meat/Sidedish,4,550.0,0.0,2200.0
T2025000415,2025-11-04,13:21:00,P0058,Homemade Kimchi 850g,Food Fresh/Meat/Sidedish,2,290.0,0.05,551.0
T2025000416,2025-11-04,21:44:00,P0001,Ottogi Sesame Oil 500mL,Condiments,7,590.5,0.0,4133.5
T2025000416,2025-11-04,21:44:00,P0005,Ottogi Gold Mayonnaise 300g,Condiments,8,150.0,0.0,1200.0
T2025000417,2025-11-04,10:04:00,P0034,CJ  Cooked Rice,Dry Food,6,116.0,0.0,696.0
T2025000417,2025-11-04,10:04:00,P0045,CJ Beksul Wheat Flour,Dry Food,1,90.0,0.05,85.5
T2025000418,2025-11-04,15:12:00,P0186,Ottogi Chachelin Blackbean 145g,Noodles,1,60.0,0.0,60.0
T2025000418,2025-11-04,15:12:00,P0194,Shin Ramen Kimchi,Noodles,10,55.0,0.0,550.0
T2025000418,2025-11-04,15:12:00,P0189,Ottogi Bodle Cheese Ramen,Noodles,10,60.0,0.05,570.0
T2025000418,2025-11-04,15:12:00,P0159,Nongshim Neuguri Cup 111g,Noodles,3,90.0,0.0,270.0
T2025000419,2025-11-04,15:00:00,P0070,Skinless Garlic 150G,Food Fresh/Meat/Sidedish,9,65.0,0.0,585.0
T2025000419,2025-11-04,15:00:00,P0054,Chadolbagi Wagyu 500g,Food Fresh/Meat/Sidedish,4,475.0,0.0,1900.0
T2025000419,2025-11-04,15:00:00,P0053,Shine Spicy Pork Bulgogi Pack,Food Fresh/Meat/Sidedish,10,500.0,0.0,5000.0
T2025000419,2025-11-04,15:00:00,P0061,Dried Anchovy Medium 100g,Food Fresh/Meat/Sidedish,10,240.0,0.0,2400.0
T2025000419,2025-11-04,15:00:00,P0050,Boneless Rib Eye 250g,Food Fresh/Meat/Sidedish,4,750.0,0.0,3000.0
T2025000420,2025-11-04,09:51:00,P0073,Perilla Leaves 2Packs,Food Fresh/Meat/Sidedish,7,40.0,0.0,280.0
T2025000420,2025-11-04,09:51:00,P0051,Us Premium Rib Eye 500g,Food Fresh/Meat/Sidedish,6,725.0,0.0,4350.0
T2025000420,2025-11-04,09:51:00,P0054,Chadolbagi Wagyu 500g,Food Fresh/Meat/Sidedish,3,475.0,0.25,1068.75
T2025000420,2025-11-04,09:51:00,P0050,Boneless Rib Eye 250g,Food Fresh/Meat/Sidedish,1,750.0,0.0,750.0
T2025000420,2025-11-04,09:51:00,P0071,Kongsarang Firm Tofu,Food Fresh/Meat/Sidedish,4,65.0,0.0,260.0
T2025000421,2025-11-04,08:08:00,P0004,O'Food Korean Chili Oil,Condiments,4,160.0,0.0,640.0
T2025000422,2025-11-04,08:34:00,P0166,Samyang Buldak Original,Noodles,8,88.0,0.25,528.0
T2025000422,2025-11-04,08:34:00,P0183,Samyang Kimchi Ramen Bowl,Noodles,10,65.0,0.0,650.0
T2025000422,2025-11-04,08:34:00,P0155,Nongshim Dungji Mul Nengmyeon (Cold Noodle),Noodles,5,95.0,0.05,451.25
T2025000423,2025-11-04,19:31:00,P0042,CJ Hetbahn Brown Rice,Dry Food,3,95.0,0.0,285.0
T2025000423,2025-11-04,19:31:00,P0034,CJ  Cooked Rice,Dry Food,6,116.0,0.15,591.6
T2025000423,2025-11-04,19:31:00,P0014,Bibigo Beef Seaweed Soup,Dry Food,5,264.0,0.0,1320.0
T2025000423,2025-11-04,19:31:00,P0027,Yopokki Cheese 240g,Dry Food,8,145.0,0.0,1160.0
T2025000424,2025-11-04,08:46:00,P0055,Beef Enoki Roll 500g,Food Fresh/Meat/Sidedish,8,410.0,0.0,3280.0
T2025000424,2025-11-04,08:46:00,P0054,Chadolbagi Wagyu 500g,Food Fresh/Meat/Sidedish,2,475.0,0.0,950.0
T2025000424,2025-11-04,08:46:00,P0065,Sempio Spicy Stir-Fried Dried Squid,Food Fresh/Meat/Sidedish,3,175.0,0.0,525.0
T2025000424,2025-11-04,08:46:00,P0049,Our Home Kimchi 1Kg,Food Fresh/Meat/Sidedish,3,320.5,0.0,961.5
T2025000424,2025-11-04,08:46:00,P0050,Boneless Rib Eye 250g,Food Fresh/Meat/Sidedish,4,750.0,0.0,3000.0
T2025000424,2025-11-04,08:46:00,P0066,Imported Kimchi Big Tub 850g,Food Fresh/Meat/Sidedish,2,150.0,0.0,300.0
T2025000425,2025-11-04,15:15:00,P0073,Perilla Leaves 2Packs,Food Fresh/Meat/Sidedish,4,40.0,0.1,144.0
T2025000426,2025-11-04,15:07:00,P0196,Paldo Cheese Ramen,Noodles,2,55.0,0.0,110.0
T2025000426,2025-11-04,15:07:00,P0186,Ottogi Chachelin Blackbean 145g,Noodles,5,60.0,0.0,300.0
T2025000426,2025-11-04,15:07:00,P0167,Samyang Cheese Buldak,Noodles,10,88.0,0.0,880.0
T2025000426,2025-11-04,15:07:00,P0181,Paldo Bibim Cold Noodles,Noodles,5,65.0,0.0,325.0
T2025000427,2025-11-04,21:58:00,P0008,Ottogi Corn Syrup,Condiments,2,98.0,0.0,196.0
T2025000428,2025-11-04,10:03:00,P0188,Nagasaki Jjampong,Noodles,4,60.0,0.0,240.0
T2025000429,2025-11-04,18:29:00,P0220,CJ  Tteokbokki Sauce 150G 2Pcs,Seasoned/Sauce/Powder,1,235.0,0.0,235.0
T2025000429,2025-11-04,18:29:00,P0237,O'Food Tteokbokki Sauce,Seasoned/Sauce/Powder,7,120.0,0.0,840.0
T2025000430,2025-11-04,14:15:00,P0005,Ottogi Gold Mayonnaise 300g,Condiments,5,150.0,0.0,750.0
T2025000430,2025-11-04,14:15:00,P0007,Samyang Spicy Mayo,Condiments,8,130.0,0.0,1040.0
T2025000430,2025-11-04,14:15:00,P0003,Sempio Sesame Oil,Condiments,8,185.0,0.0,1480.0
T2025000430,2025-11-04,14:15:00,P0008,Ottogi Corn Syrup,Condiments,5,98.0,0.0,490.0
T2025000431,2025-11-04,20:39:00,P0256,Orion Custard Cake,Snacks,6,130.0,0.0,780.0
T2025000431,2025-11-04,20:39:00,P0249,Lotte Chocopie 12Pcs,Snacks,8,200.0,0.0,1600.0
T2025000431,2025-11-04,20:39:00,P0283,Orion Ogingo Ttangkong,Snacks,5,83.0,0.0,415.0
T2025000431,2025-11-04,20:39:00,P0267,Lotte Pepero White Cookie,Snacks,4,110.0,0.2,352.0
T2025000431,2025-11-04,20:39:00,P0268,Samlip Walnut Pie,Snacks,9,110.0,0.0,990.0
T2025000432,2025-11-04,18:03:00,P0167,Samyang Cheese Buldak,Noodles,3,88.0,0.15,224.4
T2025000432,2025-11-04,18:03:00,P0161,Paldo Wang Cup,Noodles,3,90.0,0.0,270.0
T2025000432,2025-11-04,18:03:00,P0163,Samyang Buldak Rose 140g,Noodles,7,88.0,0.0,616.0
T2025000432,2025-11-04,18:03:00,P0191,Paldo Teumsae Ramen,Noodles,2,60.0,0.05,114.0
T2025000432,2025-11-04,18:03:00,P0170,Ottogi Jin Jjajang,Noodles,3,80.0,0.0,240.0
T2025000433,2025-11-04,09:48:00,P0016,Dongwon  Vegetable Tuna Can 150g 2Pcs,Dry Food,5,235.0,0.0,1175.0
T2025000434,2025-11-04,13:14:00,P0055,Beef Enoki Roll 500g,Food Fresh/Meat/Sidedish,2,410.0,0.0,820.0
T2025000434,2025-11-04,13:14:00,P0057,Jongga Pogi Kimchi 500g,Food Fresh/Meat/Sidedish,2,315.0,0.0,630.0
T2025000434,2025-11-04,13:14:00,P0071,Kongsarang Firm Tofu,Food Fresh/Meat/Sidedish,5,65.0,0.0,325.0
T2025000434,2025-11-04,13:14:00,P0052,Shine Beef Bulgogi Pack,Food Fresh/Meat/Sidedish,10,550.0,0.0,5500.0
T2025000435,2025-11-04,12:05:00,P0103,Daerim  Chaw Stick 100g,Food Frozen,4,73.0,0.0,292.0
T2025000435,2025-11-04,12:05:00,P0076,CJ  Crispy Hotdog,Food Frozen,5,640.0,0.0,3200.0
T2025000435,2025-11-04,12:05:00,P0084,Assi Vegetable Dumplings 675g,Food Frozen,4,285.0,0.0,1140.0
T2025000435,2025-11-04,12:05:00,P0090,Nongmin Rice Cake 1Kg,Food Frozen,6,220.0,0.0,1320.0
T2025000436,2025-11-04,11:31:00,P0004,O'Food Korean Chili Oil,Condiments,10,160.0,0.15,1360.0
T2025000437,2025-11-04,15:22:00,P0106,Mocha Gold Coffee 100Sticks,Liquor/Beverage,1,1100.0,0.0,1100.0
T2025000437,2025-11-04,15:22:00,P0127,Lets Be Mild Coffee Can 4Pcs,Liquor/Beverage,7,128.0,0.0,896.0
T2025000437,2025-11-04,15:22:00,P0146,Binggrae Yogurt Drink,Liquor/Beverage,3,55.0,0.0,165.0
T2025000438,2025-11-04,13:56:00,P0062,Dried Anchovy Small 100g,Food Fresh/Meat/Sidedish,5,240.0,0.0,1200.0
T2025000439,2025-11-04,11:52:00,P0254,Honey Roasted Peanuts,Snacks,9,165.0,0.0,1485.0
T2025000439,2025-11-04,11:52:00,P0253,Orion Market O Brownie,Snacks,5,170.0,0.0,850.0
T2025000439,2025-11-04,11:52:00,P0279,Orion O! Karto Sweet Corn,Snacks,2,88.0,0.0,176.0
T2025000439,2025-11-04,11:52:00,P0250,Haitai Honey Butter Almonds,Snacks,6,190.0,0.0,1140.0
T2025000439,2025-11-04,11:52:00,P0261,Lotte Choco Heim,Snacks,10,120.0,0.05,1140.0
T2025000439,2025-11-04,11:52:00,P0267,Lotte Pepero White Cookie,Snacks,9,110.0,0.0,990.0
T2025000440,2025-11-04,14:27:00,P0084,Assi Vegetable Dumplings 675g,Food Frozen,7,285.0,0.0,1995.0
T2025000441,2025-11-04,19:36:00,P0066,Imported Kimchi Big Tub 850g,Food Fresh/Meat/Sidedish,3,150.0,0.0,450.0
T2025000441,2025-11-04,19:36:00,P0057,Jongga Pogi Kimchi 500g,Food Fresh/Meat/Sidedish,8,315.0,0.0,2520.0
T2025000441,2025-11-04,19:36:00,P0054,Chadolbagi Wagyu 500g,Food Fresh/Meat/Sidedish,2,475.0,0.0,950.0
T2025000441,2025-11-04,19:36:00,P0072,Kongsarang Soft Tofu,Food Fresh/Meat/Sidedish,3,65.0,0.1,175.5
T2025000441,2025-11-04,19:36:00,P0056,Us Beef Strips 500g,Food Fresh/Meat/Sidedish,5,375.0,0.0,1875.0
T2025000441,2025-11-04,19:36:00,P0069,Bibigo Beef Bone Soup,Food Fresh/Meat/Sidedish,8,110.0,0.0,880.0
T2025000442,2025-11-04,11:30:00,P0124,Terra Lager Beer 500mL,Liquor/Beverage,1,170.0,0.0,170.0
T2025000442,2025-11-04,11:30:00,P0112,Teazen Diet Tea Berry 10 Sticks,Liquor/Beverage,4,290.0,0.0,1160.0
T2025000442,2025-11-04,11:30:00,P0143,Nongshim Welchs Grape 355mL,Liquor/Beverage,2,60.0,0.05,114.0
T2025000442,2025-11-04,11:30:00,P0123,Cass Cold Brewed Beer 500mL,Liquor/Beverage,7,170.0,0.0,1190.0
T2025000442,2025-11-04,11:30:00,P0128,Chamiseul Fresh 360mL,Liquor/Beverage,5,120.0,0.0,600.0
T2025000442,2025-11-04,11:30:00,P0127,Lets Be Mild Coffee Can 4Pcs,Liquor/Beverage,2,128.0,0.0,256.0
T2025000443,2025-11-04,09:03:00,P0007,Samyang Spicy Mayo,Condiments,4,130.0,0.05,494.0
T2025000443,2025-11-04,09:03:00,P0008,Ottogi Corn Syrup,Condiments,6,98.0,0.0,588.0
T2025000443,2025-11-04,09:03:00,P0001,Ottogi Sesame Oil 500mL,Condiments,5,590.5,0.0,2952.5
T2025000443,2025-11-04,09:03:00,P0004,O'Food Korean Chili Oil,Condiments,5,160.0,0.0,800.0
T2025000444,2025-11-04,18:20:00,P0296,Lotte Cereal Choco,Snacks,10,55.0,0.0,550.0
T2025000444,2025-11-04,18:20:00,P0282,Orion Choco Boy,Snacks,5,85.0,0.0,425.0
T2025000445,2025-11-04,15:06:00,P0044,Ottogi Vegetable Soup 80g,Dry Food,8,90.0,0.0,720.0
T2025000445,2025-11-04,15:06:00,P0017,Bibigo Seaweed Flakes 50g,Dry Food,2,210.0,0.0,420.0
T2025000445,2025-11-04,15:06:00,P0012,Ottogi Glass Noodle 1Kg,Dry Food,4,300.0,0.0,1200.0
T2025000445,2025-11-04,15:06:00,P0028,CJ Bibigo Seaweed Soup,Dry Food,8,140.0,0.0,1120.0
T2025000445,2025-11-04,15:06:00,P0011,CJ  Cooked Rice Plain 210g,Dry Food,8,365.0,0.0,2920.0
T2025000445,2025-11-04,15:06:00,P0021,Bibigo Kimbab Kim 10Sheets,Dry Food,3,161.0,0.15,410.55
T2025000446,2025-11-04,08:56:00,P0008,Ottogi Corn Syrup,Condiments,3,98.0,0.0,294.0
T2025000446,2025-11-04,08:56:00,P0002,Ottogi Gold Mayonnaise 500g,Condiments,9,235.0,0.0,2115.0
T2025000446,2025-11-04,08:56:00,P0005,Ottogi Gold Mayonnaise 300g,Condiments,10,150.0,0.0,1500.0
T2025000446,2025-11-04,08:56:00,P0007,Samyang Spicy Mayo,Condiments,8,130.0,0.0,1040.0
T2025000447,2025-11-04,19:12:00,P0295,Pepero Almond,Snacks,10,55.0,0.0,550.0
T2025000447,2025-11-04,19:12:00,P0297,Pepero Choco Filled,Snacks,2,55.0,0.0,110.0
T2025000447,2025-11-04,19:12:00,P0288,Nongshim Honey Rice Snack,Snacks,10,80.0,0.0,800.0
T2025000447,2025-11-04,19:12:00,P0255,Bibigo Crispy Seaweed Snack,Snacks,4,140.0,0.0,560.0
T2025000447,2025-11-04,19:12:00,P0246,Post Almond Flakes,Snacks,2,245.0,0.0,490.0
T2025000448,2025-11-04,12:41:00,P0235,O'Food Kimchi Base Sauce,Seasoned/Sauce/Powder,4,130.0,0.0,520.0
T2025000449,2025-11-04,16:06:00,P0096,Daerim  Vienna Sausage 170g,Food Frozen,2,145.0,0.0,290.0
T2025000450,2025-11-04,12:17:00,P0087,Bibigo Crispy Seaweed Roll,Food Frozen,8,260.0,0.0,2080.0
T2025000450,2025-11-04,12:17:00,P0079,Daerim  Kimbab Ham 1Kg,Food Frozen,5,480.0,0.0,2400.0
T2025000450,2025-11-04,12:17:00,P0091,CJ Bibigo Japchae,Food Frozen,1,220.0,0.0,220.0
T2025000450,2025-11-04,12:17:00,P0074,Bibigo Fried Dumplings 450g,Food Frozen,10,740.0,0.25,5550.0
T2025000450,2025-11-04,12:17:00,P0092,Daerim  Crab Stick 500g,Food Frozen,5,210.0,0.0,1050.0
T2025000451,2025-11-04,11:29:00,P0217,Ottogi Roasted Sesame Seeds 200g,Seasoned/Sauce/Powder,1,255.0,0.0,255.0
T2025000451,2025-11-04,11:29:00,P0228,Sempio Gochujang (500g),Seasoned/Sauce/Powder,1,145.0,0.0,145.0
T2025000451,2025-11-04,11:29:00,P0231,O'Food Bulgogi Marinade,Seasoned/Sauce/Powder,5,145.0,0.0,725.0
T2025000451,2025-11-04,11:29:00,P0214,Jin Soy Sauce Rich & Savory 860mL,Seasoned/Sauce/Powder,9,315.0,0.0,2835.0
T2025000452,2025-11-04,18:27:00,P0171,Tempura Udon Big Cup,Noodles,1,75.0,0.2,60.0
T2025000452,2025-11-04,18:27:00,P0210,2Mins Snack Men,Noodles,5,40.0,0.0,200.0
T2025000452,2025-11-04,18:27:00,P0196,Paldo Cheese Ramen,Noodles,3,55.0,0.0,165.0
T2025000452,2025-11-04,18:27:00,P0161,Paldo Wang Cup,Noodles,5,90.0,0.0,450.0
T2025000452,2025-11-04,18:27:00,P0159,Nongshim Neuguri Cup 111g,Noodles,1,90.0,0.0,90.0
T2025000453,2025-11-04,10:00:00,P0048,Dongwon Light Tuna,Dry Food,10,75.0,0.0,750.0
T2025000453,2025-11-04,10:00:00,P0038,(Kaya) Korean Rice 1Kg,Dry Food,3,100.0,0.0,300.0
T2025000453,2025-11-04,10:00:00,P0044,Ottogi Vegetable Soup 80g,Dry Food,10,90.0,0.0,900.0
T2025000454,2025-11-04,21:50:00,P0241,CJ Anchovy Sauce 500g,Seasoned/Sauce/Powder,7,105.0,0.0,735.0
T2025000454,2025-11-04,21:50:00,P0217,Ottogi Roasted Sesame Seeds 200g,Seasoned/Sauce/Powder,8,255.0,0.1,1836.0
T2025000454,2025-11-04,21:50:00,P0231,O'Food Bulgogi Marinade,Seasoned/Sauce/Powder,8,145.0,0.0,1160.0
T2025000454,2025-11-04,21:50:00,P0221,CJ  Gochujang 500g,Seasoned/Sauce/Powder,7,220.0,0.0,1540.0
T2025000454,2025-11-04,21:50:00,P0230,CJ Beksul Pancake Sauce,Seasoned/Sauce/Powder,1,145.0,0.0,145.0
T2025000455,2025-11-04,19:20:00,P0066,Imported Kimchi Big Tub 850g,Food Fresh/Meat/Sidedish,7,150.0,0.0,1050.0
T2025000455,2025-11-04,19:20:00,P0053,Shine Spicy Pork Bulgogi Pack,Food Fresh/Meat/Sidedish,5,500.0,0.0,2500.0
T2025000455,2025-11-04,19:20:00,P0056,Us Beef Strips 500g,Food Fresh/Meat/Sidedish,4,375.0,0.0,1500.0
T2025000456,2025-11-04,09:25:00,P0084,Assi Vegetable Dumplings 675g,Food Frozen,1,285.0,0.0,285.0
T2025000456,2025-11-04,09:25:00,P0078,Spanish Mackerel 340g,Food Frozen,7,500.0,0.0,3500.0
T2025000456,2025-11-04,09:25:00,P0087,Bibigo Crispy Seaweed Roll,Food Frozen,7,260.0,0.0,1820.0
T2025000456,2025-11-04,09:25:00,P0089,Jongga Rice Cake 1Kg,Food Frozen,1,230.0,0.2,184.0
T2025000456,2025-11-04,09:25:00,P0094,MWC Frank Sausage 5Pcs,Food Frozen,10,173.0,0.0,1730.0
T2025000456,2025-11-04,09:25:00,P0081,Assi Shrimp Wanton 600g,Food Frozen,9,400.0,0.0,3600.0
T2025000457,2025-11-04,13:38:00,P0076,CJ  Crispy Hotdog,Food Frozen,3,640.0,0.0,1920.0
T2025000457,2025-11-04,13:38:00,P0087,Bibigo Crispy Seaweed Roll,Food Frozen,9,260.0,0.0,2340.0
T2025000457,2025-11-04,13:38:00,P0096,Daerim  Vienna Sausage 170g,Food Frozen,9,145.0,0.0,1305.0
T2025000457,2025-11-04,13:38:00,P0084,Assi Vegetable Dumplings 675g,Food Frozen,2,285.0,0.0,570.0
T2025000458,2025-11-04,19:37:00,P0129,Sunhari Grape 360mL,Liquor/Beverage,10,120.0,0.0,1200.0
T2025000458,2025-11-04,19:37:00,P0148,Binggrae Strawberry Milk,Liquor/Beverage,7,45.0,0.0,315.0
T2025000458,2025-11-04,19:37:00,P0136,Cass Fresh Beer,Liquor/Beverage,5,85.0,0.0,425.0
T2025000458,2025-11-04,19:37:00,P0120,Aloe Vera Juice 1.5L,Liquor/Beverage,9,175.0,0.0,1575.0
T2025000458,2025-11-04,19:37:00,P0128,Chamiseul Fresh 360mL,Liquor/Beverage,10,120.0,0.05,1140.0
T2025000458,2025-11-04,19:37:00,P0143,Nongshim Welchs Grape 355mL,Liquor/Beverage,5,60.0,0.15,255.0
T2025000459,2025-11-04,15:05:00,P0040,Ottogi Sweet Corn 340g,Dry Food,10,95.0,0.0,950.0
T2025000459,2025-11-04,15:05:00,P0017,Bibigo Seaweed Flakes 50g,Dry Food,10,210.0,0.0,2100.0
T2025000459,2025-11-04,15:05:00,P0030,Yopokki Onion Butter 120g Cup,Dry Food,7,120.0,0.0,840.0
T2025000459,2025-11-04,15:05:00,P0035,CJ  Multi-Grains Cooked Rice 210g,Dry Food,1,110.0,0.1,99.0
T2025000459,2025-11-04,15:05:00,P0013,Dongwon  Whelk In Can 140g,Dry Food,4,280.0,0.0,1120.0
T2025000459,2025-11-04,15:05:00,P0016,Dongwon  Vegetable Tuna Can 150g 2Pcs,Dry Food,5,235.0,0.0,1175.0
T2025000460,2025-11-04,14:10:00,P0133,Sunhari Blueberry 360mL,Liquor/Beverage,8,120.0,0.0,960.0
T2025000460,2025-11-04,14:10:00,P0143,Nongshim Welchs Grape 355mL,Liquor/Beverage,4,60.0,0.0,240.0
T2025000460,2025-11-04,14:10:00,P0127,Lets Be Mild Coffee Can 4Pcs,Liquor/Beverage,10,128.0,0.0,1280.0
T2025000460,2025-11-04,14:10:00,P0149,Binggrae Mango Milk,Liquor/Beverage,10,45.0,0.0,450.0
T2025000460,2025-11-04,14:10:00,P0117,Maxim Kanu Dark Roast 10 Sticks,Liquor/Beverage,5,260.0,0.1,1170.0
T2025000461,2025-11-04,12:09:00,P0293,Lotte Sand Biscuit,Snacks,2,75.0,0.0,150.0
T2025000461,2025-11-04,12:09:00,P0269,Lotte Soft Strawberry Milk Candy 79g,Snacks,6,105.0,0.0,630.0
T2025000461,2025-11-04,12:09:00,P0271,Orion Choco Chip Cookies,Snacks,1,100.0,0.0,100.0
T2025000462,2025-11-04,10:06:00,P0092,Daerim  Crab Stick 500g,Food Frozen,8,210.0,0.0,1680.0
T2025000462,2025-11-04,10:06:00,P0094,MWC Frank Sausage 5Pcs,Food Frozen,9,173.0,0.0,1557.0
T2025000462,2025-11-04,10:06:00,P0081,Assi Shrimp Wanton 600g,Food Frozen,8,400.0,0.0,3200.0
T2025000463,2025-11-04,11:49:00,P0193,Paldo Gomtang Ramen,Noodles,3,56.0,0.2,134.4
T2025000463,2025-11-04,11:49:00,P0190,Nongshim Tempura Udon Cup,Noodles,6,60.0,0.0,360.0
T2025000464,2025-11-04,19:31:00,P0003,Sempio Sesame Oil,Condiments,3,185.0,0.0,555.0
T2025000464,2025-11-04,19:31:00,P0004,O'Food Korean Chili Oil,Condiments,6,160.0,0.0,960.0
T2025000464,2025-11-04,19:31:00,P0001,Ottogi Sesame Oil 500mL,Condiments,10,590.5,0.0,5905.0
T2025000464,2025-11-04,19:31:00,P0009,CJ Beksul Corn Syrup,Condiments,3,95.0,0.0,285.0
T2025000464,2025-11-04,19:31:00,P0006,Chung Jung One Soy Sauce,Condiments,9,140.0,0.0,1260.0
T2025000464,2025-11-04,19:31:00,P0008,Ottogi Corn Syrup,Condiments,5,98.0,0.0,490.0
T2025000465,2025-11-04,13:51:00,P0022,Ottogi Tteokbokki Cup,Dry Food,7,160.0,0.0,1120.0
T2025000465,2025-11-04,13:51:00,P0021,Bibigo Kimbab Kim 10Sheets,Dry Food,2,161.0,0.05,305.9
T2025000465,2025-11-04,13:51:00,P0041,CJ Hetbahn Multi-Grain Rice,Dry Food,3,95.0,0.0,285.0
T2025000466,2025-11-04,12:49:00,P0152,Samyang Buldak Original Cup,Noodles,5,110.0,0.0,550.0
T2025000466,2025-11-04,12:49:00,P0193,Paldo Gomtang Ramen,Noodles,3,56.0,0.0,168.0
T2025000466,2025-11-04,12:49:00,P0180,Samyang Curry Ramen,Noodles,4,68.0,0.0,272.0
T2025000466,2025-11-04,12:49:00,P0175,Samyang Jjajang Hot Chicken,Noodles,6,75.0,0.0,450.0
T2025000466,2025-11-04,12:49:00,P0150,Samyang Buldak Rosã Ramen 105g,Noodles,4,110.0,0.0,440.0
T2025000466,2025-11-04,12:49:00,P0202,Nongshim Ansung Tangmen,Noodles,10,50.0,0.0,500.0
T2025000467,2025-11-04,15:22:00,P0150,Samyang Buldak Rosã Ramen 105g,Noodles,3,110.0,0.2,264.0
T2025000467,2025-11-04,15:22:00,P0190,Nongshim Tempura Udon Cup,Noodles,3,60.0,0.05,171.0
T2025000467,2025-11-04,15:22:00,P0173,Nongshim Jjapageti,Noodles,6,75.0,0.2,360.0
T2025000468,2025-11-04,14:07:00,P0012,Ottogi Glass Noodle 1Kg,Dry Food,1,300.0,0.0,300.0
T2025000468,2025-11-04,14:07:00,P0047,Dongwon Spicy Tuna,Dry Food,7,80.0,0.15,476.0
T2025000468,2025-11-04,14:07:00,P0048,Dongwon Light Tuna,Dry Food,1,75.0,0.0,75.0
T2025000468,2025-11-04,14:07:00,P0043,CJ Hetbahn Cooked Barley,Dry Food,4,95.0,0.0,380.0
T2025000468,2025-11-04,14:07:00,P0013,Dongwon  Whelk In Can 140g,Dry Food,10,280.0,0.15,2380.0
T2025000468,2025-11-04,14:07:00,P0017,Bibigo Seaweed Flakes 50g,Dry Food,6,210.0,0.0,1260.0
T2025000469,2025-11-04,17:54:00,P0002,Ottogi Gold Mayonnaise 500g,Condiments,6,235.0,0.0,1410.0
T2025000469,2025-11-04,17:54:00,P0009,CJ Beksul Corn Syrup,Condiments,7,95.0,0.0,665.0
T2025000470,2025-11-04,12:29:00,P0134,KSD Green Grape Rice Wine 750mL,Liquor/Beverage,5,105.0,0.0,525.0
T2025000470,2025-11-04,12:29:00,P0113,Binggre Melon Milk 200mL 6Pcs,Liquor/Beverage,10,290.0,0.0,2900.0
T2025000471,2025-11-04,19:35:00,P0199,Paldo Koreno Shrimp Noodle,Noodles,10,50.0,0.0,500.0
T2025000471,2025-11-04,19:35:00,P0176,Ottogi Cheese Bokki Cup,Noodles,9,72.0,0.0,648.0
T2025000472,2025-11-04,21:56:00,P0092,Daerim  Crab Stick 500g,Food Frozen,9,210.0,0.0,1890.0
T2025000472,2025-11-04,21:56:00,P0076,CJ  Crispy Hotdog,Food Frozen,10,640.0,0.0,6400.0
T2025000473,2025-11-04,12:07:00,P0060,Homemade Spring Onion Kimchi 350g,Food Fresh/Meat/Sidedish,5,250.0,0.0,1250.0
T2025000473,2025-11-04,12:07:00,P0057,Jongga Pogi Kimchi 500g,Food Fresh/Meat/Sidedish,2,315.0,0.0,630.0
T2025000473,2025-11-04,12:07:00,P0073,Perilla Leaves 2Packs,Food Fresh/Meat/Sidedish,2,40.0,0.0,80.0
T2025000474,2025-11-04,11:32:00,P0054,Chadolbagi Wagyu 500g,Food Fresh/Meat/Sidedish,7,475.0,0.0,3325.0
T2025000474,2025-11-04,11:32:00,P0051,Us Premium Rib Eye 500g,Food Fresh/Meat/Sidedish,9,725.0,0.0,6525.0
T2025000474,2025-11-04,11:32:00,P0059,Pork Belly (Samgyupsal) 500g,Food Fresh/Meat/Sidedish,9,275.0,0.0,2475.0
T2025000474,2025-11-04,11:32:00,P0052,Shine Beef Bulgogi Pack,Food Fresh/Meat/Sidedish,3,550.0,0.0,1650.0
T2025000475,2025-11-04,11:08:00,P0158,Nongshim Shin Ramen Black,Noodles,8,92.0,0.0,736.0
T2025000475,2025-11-04,11:08:00,P0203,Jin Ramen Spicy Cup,Noodles,10,50.0,0.0,500.0
T2025000475,2025-11-04,11:08:00,P0172,Ottogi Jin Hot Big Cup,Noodles,10,75.0,0.0,750.0
T2025000475,2025-11-04,11:08:00,P0191,Paldo Teumsae Ramen,Noodles,6,60.0,0.0,360.0
T2025000476,2025-11-04,14:19:00,P0281,Haitai Ace Crackers,Snacks,6,85.0,0.0,510.0
T2025000476,2025-11-04,14:19:00,P0296,Lotte Cereal Choco,Snacks,2,55.0,0.0,110.0
T2025000477,2025-11-04,08:03:00,P0234,CJ Beksul Spicy Pork Sauce 290g,Seasoned/Sauce/Powder,7,130.0,0.0,910.0
T2025000478,2025-11-04,08:06:00,P0150,Samyang Buldak Rosã Ramen 105g,Noodles,4,110.0,0.0,440.0
T2025000478,2025-11-04,08:06:00,P0170,Ottogi Jin Jjajang,Noodles,7,80.0,0.0,560.0
T2025000479,2025-11-04,17:11:00,P0002,Ottogi Gold Mayonnaise 500g,Condiments,9,235.0,0.0,2115.0
T2025000479,2025-11-04,17:11:00,P0008,Ottogi Corn Syrup,Condiments,10,98.0,0.0,980.0
T2025000479,2025-11-04,17:11:00,P0006,Chung Jung One Soy Sauce,Condiments,4,140.0,0.2,448.0
T2025000479,2025-11-04,17:11:00,P0001,Ottogi Sesame Oil 500mL,Condiments,5,590.5,0.0,2952.5
T2025000479,2025-11-04,17:11:00,P0003,Sempio Sesame Oil,Condiments,10,185.0,0.0,1850.0
T2025000480,2025-11-04,15:44:00,P0066,Imported Kimchi Big Tub 850g,Food Fresh/Meat/Sidedish,3,150.0,0.0,450.0
T2025000480,2025-11-04,15:44:00,P0070,Skinless Garlic 150G,Food Fresh/Meat/Sidedish,6,65.0,0.0,390.0
T2025000480,2025-11-04,15:44:00,P0073,Perilla Leaves 2Packs,Food Fresh/Meat/Sidedish,1,40.0,0.0,40.0
T2025000480,2025-11-04,15:44:00,P0069,Bibigo Beef Bone Soup,Food Fresh/Meat/Sidedish,4,110.0,0.0,440.0
T2025000480,2025-11-04,15:44:00,P0062,Dried Anchovy Small 100g,Food Fresh/Meat/Sidedish,9,240.0,0.0,2160.0
T2025000480,2025-11-04,15:44:00,P0055,Beef Enoki Roll 500g,Food Fresh/Meat/Sidedish,9,410.0,0.0,3690.0
T2025000481,2025-11-04,09:46:00,P0193,Paldo Gomtang Ramen,Noodles,4,56.0,0.0,224.0
T2025000481,2025-11-04,09:46:00,P0161,Paldo Wang Cup,Noodles,10,90.0,0.0,900.0
T2025000481,2025-11-04,09:46:00,P0175,Samyang Jjajang Hot Chicken,Noodles,1,75.0,0.1,67.5
T2025000481,2025-11-04,09:46:00,P0150,Samyang Buldak Rosã Ramen 105g,Noodles,9,110.0,0.0,990.0
T2025000482,2025-11-04,16:27:00,P0210,2Mins Snack Men,Noodles,1,40.0,0.0,40.0
T2025000482,2025-11-04,16:27:00,P0160,Paldo Wang Cup Kimchi,Noodles,7,90.0,0.0,630.0
T2025000482,2025-11-04,16:27:00,P0186,Ottogi Chachelin Blackbean 145g,Noodles,4,60.0,0.0,240.0
T2025000483,2025-11-04,21:02:00,P0131,Sunhari Yogurt 360mL,Liquor/Beverage,6,120.0,0.0,720.0
T2025000483,2025-11-04,21:02:00,P0106,Mocha Gold Coffee 100Sticks,Liquor/Beverage,7,1100.0,0.0,7700.0
T2025000483,2025-11-04,21:02:00,P0110,Mitte Hot Choco Original 300g,Liquor/Beverage,6,370.0,0.0,2220.0
T2025000484,2025-11-04,15:39:00,P0039,Ottogi 3Mins Curry,Dry Food,4,99.0,0.0,396.0
T2025000485,2025-11-04,16:31:00,P0169,Samyang Buldak Stew Type 145g,Noodles,2,80.0,0.0,160.0
T2025000485,2025-11-04,16:31:00,P0175,Samyang Jjajang Hot Chicken,Noodles,9,75.0,0.0,675.0
T2025000486,2025-11-04,20:24:00,P0134,KSD Green Grape Rice Wine 750mL,Liquor/Beverage,9,105.0,0.15,803.25
T2025000486,2025-11-04,20:24:00,P0120,Aloe Vera Juice 1.5L,Liquor/Beverage,1,175.0,0.0,175.0
T2025000486,2025-11-04,20:24:00,P0133,Sunhari Blueberry 360mL,Liquor/Beverage,2,120.0,0.0,240.0
T2025000487,2025-11-04,20:12:00,P0142,Nongshim Welchs White Grape 355mL,Liquor/Beverage,6,60.0,0.0,360.0
T2025000487,2025-11-04,20:12:00,P0118,Brown Rice Green Tea 50Pcs,Liquor/Beverage,8,257.0,0.0,2056.0
T2025000488,2025-11-04,15:36:00,P0219,CJ Beksul Spicy Pork Sauce 500g,Seasoned/Sauce/Powder,5,240.0,0.0,1200.0
T2025000488,2025-11-04,15:36:00,P0218,CJ Beksul Beef Bulgogi Sauce 500g,Seasoned/Sauce/Powder,3,250.0,0.0,750.0
T2025000488,2025-11-04,15:36:00,P0223,Jin Soy Sauce For Soup 860mL,Seasoned/Sauce/Powder,2,205.0,0.0,410.0
T2025000488,2025-11-04,15:36:00,P0235,O'Food Kimchi Base Sauce,Seasoned/Sauce/Powder,7,130.0,0.0,910.0
T2025000489,2025-11-04,16:28:00,P0293,Lotte Sand Biscuit,Snacks,6,75.0,0.0,450.0
T2025000489,2025-11-04,16:28:00,P0263,Samlip Honey Castella,Snacks,8,120.0,0.0,960.0
T2025000489,2025-11-04,16:28:00,P0291,Crown Sando Biscuit,Snacks,6,75.0,0.0,450.0
T2025000489,2025-11-04,16:28:00,P0283,Orion Ogingo Ttangkong,Snacks,6,83.0,0.0,498.0
T2025000489,2025-11-04,16:28:00,P0250,Haitai Honey Butter Almonds,Snacks,4,190.0,0.1,684.0
T2025000489,2025-11-04,16:28:00,P0257,Lotte Almond Chocolate,Snacks,6,130.0,0.0,780.0
T2025000490,2025-11-04,17:02:00,P0221,CJ  Gochujang 500g,Seasoned/Sauce/Powder,9,220.0,0.0,1980.0
T2025000490,2025-11-04,17:02:00,P0239,Ottogi Curry Hot,Seasoned/Sauce/Powder,3,115.0,0.0,345.0
T2025000491,2025-11-04,17:03:00,P0161,Paldo Wang Cup,Noodles,2,90.0,0.25,135.0
T2025000491,2025-11-04,17:03:00,P0190,Nongshim Tempura Udon Cup,Noodles,4,60.0,0.0,240.0
T2025000491,2025-11-04,17:03:00,P0178,Samyang Mala Buldak,Noodles,6,70.0,0.0,420.0
T2025000492,2025-11-04,18:30:00,P0077,Daerim  Vienna Sausage 1Kg,Food Frozen,10,580.0,0.25,4350.0
T2025000492,2025-11-04,18:30:00,P0081,Assi Shrimp Wanton 600g,Food Frozen,6,400.0,0.0,2400.0
T2025000492,2025-11-04,18:30:00,P0082,Daerim  Crab Sticks 1Kg,Food Frozen,4,350.0,0.0,1400.0
T2025000493,2025-11-04,10:49:00,P0056,Us Beef Strips 500g,Food Fresh/Meat/Sidedish,5,375.0,0.0,1875.0
T2025000493,2025-11-04,10:49:00,P0055,Beef Enoki Roll 500g,Food Fresh/Meat/Sidedish,8,410.0,0.0,3280.0
T2025000494,2025-11-04,14:49:00,P0181,Paldo Bibim Cold Noodles,Noodles,3,65.0,0.0,195.0
T2025000494,2025-11-04,14:49:00,P0201,Sewoo Tang Small Cup,Noodles,3,50.0,0.0,150.0
T2025000494,2025-11-04,14:49:00,P0154,Nongshim Jjawang,Noodles,10,100.0,0.0,1000.0
T2025000494,2025-11-04,14:49:00,P0151,Samyang Buldak 4 Cheese Ramen 110g,Noodles,1,110.0,0.0,110.0
T2025000494,2025-11-04,14:49:00,P0168,Samyang Carbo Buldak,Noodles,9,88.0,0.15,673.2
T2025000495,2025-11-04,09:02:00,P0009,CJ Beksul Corn Syrup,Condiments,7,95.0,0.0,665.0
T2025000495,2025-11-04,09:02:00,P0001,Ottogi Sesame Oil 500mL,Condiments,6,590.5,0.0,3543.0
T2025000495,2025-11-04,09:02:00,P0004,O'Food Korean Chili Oil,Condiments,10,160.0,0.0,1600.0
T2025000495,2025-11-04,09:02:00,P0002,Ottogi Gold Mayonnaise 500g,Condiments,2,235.0,0.25,352.5
T2025000496,2025-11-04,21:07:00,P0125,Jinro Fresh Soju,Liquor/Beverage,10,170.0,0.05,1615.0
T2025000496,2025-11-04,21:07:00,P0146,Binggrae Yogurt Drink,Liquor/Beverage,8,55.0,0.0,440.0
T2025000497,2025-11-04,10:35:00,P0218,CJ Beksul Beef Bulgogi Sauce 500g,Seasoned/Sauce/Powder,5,250.0,0.25,937.5
T2025000497,2025-11-04,10:35:00,P0242,CJ  Gochujang 200g,Seasoned/Sauce/Powder,5,100.0,0.0,500.0
T2025000497,2025-11-04,10:35:00,P0231,O'Food Bulgogi Marinade,Seasoned/Sauce/Powder,8,145.0,0.0,1160.0
T2025000497,2025-11-04,10:35:00,P0237,O'Food Tteokbokki Sauce,Seasoned/Sauce/Powder,1,120.0,0.0,120.0
T2025000498,2025-11-04,17:51:00,P0070,Skinless Garlic 150G,Food Fresh/Meat/Sidedish,9,65.0,0.25,438.75
T2025000498,2025-11-04,17:51:00,P0055,Beef Enoki Roll 500g,Food Fresh/Meat/Sidedish,1,410.0,0.0,410.0
T2025000498,2025-11-04,17:51:00,P0064,Kimbab Radish 400g,Food Fresh/Meat/Sidedish,1,185.0,0.0,185.0
T2025000498,2025-11-04,17:51:00,P0072,Kongsarang Soft Tofu,Food Fresh/Meat/Sidedish,2,65.0,0.0,130.0
T2025000498,2025-11-04,17:51:00,P0052,Shine Beef Bulgogi Pack,Food Fresh/Meat/Sidedish,3,550.0,0.0,1650.0
T2025000498,2025-11-04,17:51:00,P0068,Enoki Mushroom 150G 2Packs,Food Fresh/Meat/Sidedish,5,120.0,0.0,600.0
T2025000499,2025-11-04,10:42:00,P0053,Shine Spicy Pork Bulgogi Pack,Food Fresh/Meat/Sidedish,3,500.0,0.0,1500.0
T2025000500,2025-11-04,12:24:00,P0161,Paldo Wang Cup,Noodles,1,90.0,0.0,90.0
T2025000500,2025-11-04,12:24:00,P0168,Samyang Carbo Buldak,Noodles,4,88.0,0.0,352.0
T2025000500,2025-11-04,12:24:00,P0151,Samyang Buldak 4 Cheese Ramen 110g,Noodles,5,110.0,0.0,550.0
T2025000500,2025-11-04,12:24:00,P0204,Ottogi Cup Ramen Kimchi,Noodles,8,50.0,0.0,400.0
T2025000501,2025-11-04,19:44:00,P0121,Lotte Chum Churum Soju,Liquor/Beverage,10,175.0,0.0,1750.0
T2025000501,2025-11-04,19:44:00,P0114,Banana Milk 200mL 6Pcs,Liquor/Beverage,5,290.0,0.0,1450.0
T2025000501,2025-11-04,19:44:00,P0111,Maxim Kanu Ice Latte 10 Sticks,Liquor/Beverage,7,360.0,0.05,2394.0
T2025000501,2025-11-04,19:44:00,P0120,Aloe Vera Juice 1.5L,Liquor/Beverage,6,175.0,0.2,840.0
T2025000502,2025-11-04,15:44:00,P0059,Pork Belly (Samgyupsal) 500g,Food Fresh/Meat/Sidedish,7,275.0,0.0,1925.0
T2025000503,2025-11-04,20:02:00,P0065,Sempio Spicy Stir-Fried Dried Squid,Food Fresh/Meat/Sidedish,2,175.0,0.0,350.0
T2025000503,2025-11-04,20:02:00,P0054,Chadolbagi Wagyu 500g,Food Fresh/Meat/Sidedish,4,475.0,0.0,1900.0
T2025000503,2025-11-04,20:02:00,P0073,Perilla Leaves 2Packs,Food Fresh/Meat/Sidedish,1,40.0,0.0,40.0
T2025000503,2025-11-04,20:02:00,P0060,Homemade Spring Onion Kimchi 350g,Food Fresh/Meat/Sidedish,7,250.0,0.0,1750.0
T2025000503,2025-11-04,20:02:00,P0051,Us Premium Rib Eye 500g,Food Fresh/Meat/Sidedish,3,725.0,0.0,2175.0
T2025000504,2025-11-04,17:09:00,P0049,Our Home Kimchi 1Kg,Food Fresh/Meat/Sidedish,8,320.5,0.0,2564.0
T2025000504,2025-11-04,17:09:00,P0058,Homemade Kimchi 850g,Food Fresh/Meat/Sidedish,10,290.0,0.0,2900.0
T2025000504,2025-11-04,17:09:00,P0070,Skinless Garlic 150G,Food Fresh/Meat/Sidedish,9,65.0,0.0,585.0
T2025000504,2025-11-04,17:09:00,P0060,Homemade Spring Onion Kimchi 350g,Food Fresh/Meat/Sidedish,7,250.0,0.0,1750.0
T2025000505,2025-11-04,20:49:00,P0020,CJ Beksul Hotteok Mix,Dry Food,2,185.0,0.0,370.0
T2025000506,2025-11-04,14:20:00,P0132,Sunhari Strawberry 360mL,Liquor/Beverage,3,120.0,0.0,360.0
T2025000506,2025-11-04,14:20:00,P0139,Paldo Pororo Juice,Liquor/Beverage,6,65.0,0.0,390.0
T2025000506,2025-11-04,14:20:00,P0126,Woongjin Yogurt Pineapple 1.5L,Liquor/Beverage,8,135.0,0.0,1080.0
T2025000506,2025-11-04,14:20:00,P0133,Sunhari Blueberry 360mL,Liquor/Beverage,8,120.0,0.0,960.0
T2025000506,2025-11-04,14:20:00,P0114,Banana Milk 200mL 6Pcs,Liquor/Beverage,6,290.0,0.0,1740.0
T2025000507,2025-11-04,11:57:00,P0024,O'Food Kimchi Soup Mix,Dry Food,9,150.0,0.0,1350.0
T2025000507,2025-11-04,11:57:00,P0025,Sempio Yellow Peach In Can 400g,Dry Food,3,145.0,0.0,435.0
T2025000507,2025-11-04,11:57:00,P0030,Yopokki Onion Butter 120g Cup,Dry Food,6,120.0,0.0,720.0
T2025000507,2025-11-04,11:57:00,P0038,(Kaya) Korean Rice 1Kg,Dry Food,6,100.0,0.0,600.0
T2025000508,2025-11-04,20:59:00,P0231,O'Food Bulgogi Marinade,Seasoned/Sauce/Powder,7,145.0,0.0,1015.0
T2025000508,2025-11-04,20:59:00,P0236,CJ  Soybean Paste 500g,Seasoned/Sauce/Powder,3,123.0,0.0,369.0
T2025000508,2025-11-04,20:59:00,P0214,Jin Soy Sauce Rich & Savory 860mL,Seasoned/Sauce/Powder,7,315.0,0.0,2205.0
T2025000508,2025-11-04,20:59:00,P0218,CJ Beksul Beef Bulgogi Sauce 500g,Seasoned/Sauce/Powder,4,250.0,0.0,1000.0
T2025000508,2025-11-04,20:59:00,P0229,O'Food Korean BBQ Sauce,Seasoned/Sauce/Powder,7,145.0,0.0,1015.0
T2025000508,2025-11-04,20:59:00,P0241,CJ Anchovy Sauce 500g,Seasoned/Sauce/Powder,8,105.0,0.0,840.0
T2025000509,2025-11-04,16:12:00,P0154,Nongshim Jjawang,Noodles,7,100.0,0.0,700.0
T2025000509,2025-11-04,16:12:00,P0210,2Mins Snack Men,Noodles,1,40.0,0.15,34.0
T2025000509,2025-11-04,16:12:00,P0197,Nongshim Seafood Ramyun,Noodles,9,52.0,0.0,468.0
T2025000510,2025-11-04,21:32:00,P0291,Crown Sando Biscuit,Snacks,8,75.0,0.2,480.0
T2025000510,2025-11-04,21:32:00,P0283,Orion Ogingo Ttangkong,Snacks,8,83.0,0.0,664.0
T2025000510,2025-11-04,21:32:00,P0274,Haitai Matdongsan,Snacks,9,95.0,0.0,855.0
T2025000511,2025-11-04,10:20:00,P0005,Ottogi Gold Mayonnaise 300g,Condiments,4,150.0,0.0,600.0
T2025000511,2025-11-04,10:20:00,P0006,Chung Jung One Soy Sauce,Condiments,4,140.0,0.0,560.0
T2025000511,2025-11-04,10:20:00,P0008,Ottogi Corn Syrup,Condiments,2,98.0,0.0,196.0
T2025000511,2025-11-04,10:20:00,P0002,Ottogi Gold Mayonnaise 500g,Condiments,8,235.0,0.0,1880.0
T2025000511,2025-11-04,10:20:00,P0003,Sempio Sesame Oil,Condiments,8,185.0,0.0,1480.0
T2025000512,2025-11-04,21:51:00,P0080,Samyang Buldak Original Spicy Mandu 700g,Food Frozen,1,410.0,0.0,410.0
T2025000512,2025-11-04,21:51:00,P0081,Assi Shrimp Wanton 600g,Food Frozen,9,400.0,0.2,2880.0
T2025000512,2025-11-04,21:51:00,P0077,Daerim  Vienna Sausage 1Kg,Food Frozen,10,580.0,0.0,5800.0
T2025000512,2025-11-04,21:51:00,P0100,Binggrae Ice Cream Sandwich,Food Frozen,5,80.0,0.0,400.0
T2025000512,2025-11-04,21:51:00,P0086,CJ Bibigo Gyoza Dumplings,Food Frozen,10,270.0,0.0,2700.0
T2025000513,2025-11-04,19:25:00,P0002,Ottogi Gold Mayonnaise 500g,Condiments,9,235.0,0.0,2115.0
T2025000513,2025-11-04,19:25:00,P0008,Ottogi Corn Syrup,Condiments,7,98.0,0.15,583.1
T2025000513,2025-11-04,19:25:00,P0009,CJ Beksul Corn Syrup,Condiments,9,95.0,0.0,855.0
T2025000514,2025-11-04,17:34:00,P0034,CJ  Cooked Rice,Dry Food,1,116.0,0.0,116.0
T2025000514,2025-11-04,17:34:00,P0025,Sempio Yellow Peach In Can 400g,Dry Food,6,145.0,0.0,870.0
T2025000515,2025-11-04,20:45:00,P0107,Ottogi Honey Ginger Tea 1Kg,Liquor/Beverage,4,530.0,0.0,2120.0
T2025000515,2025-11-04,20:45:00,P0143,Nongshim Welchs Grape 355mL,Liquor/Beverage,6,60.0,0.0,360.0
T2025000515,2025-11-04,20:45:00,P0120,Aloe Vera Juice 1.5L,Liquor/Beverage,3,175.0,0.1,472.5
T2025000515,2025-11-04,20:45:00,P0113,Binggre Melon Milk 200mL 6Pcs,Liquor/Beverage,1,290.0,0.0,290.0
T2025000516,2025-11-04,13:43:00,P0239,Ottogi Curry Hot,Seasoned/Sauce/Powder,8,115.0,0.0,920.0
T2025000517,2025-11-04,11:16:00,P0019,Haepyo Crispy Seaweed 9Pcs,Dry Food,3,188.0,0.0,564.0
T2025000517,2025-11-04,11:16:00,P0010,Daerim  Big Smoke Ham 1Kg,Dry Food,2,480.0,0.15,816.0
T2025000517,2025-11-04,11:16:00,P0040,Ottogi Sweet Corn 340g,Dry Food,1,95.0,0.0,95.0
T2025000517,2025-11-04,11:16:00,P0033,CJ Beksul Frying Mix,Dry Food,6,120.0,0.0,720.0
T2025000517,2025-11-04,11:16:00,P0036,Dongwon  Tuna Light Can 150g,Dry Food,5,110.0,0.0,550.0
T2025000518,2025-11-04,17:13:00,P0072,Kongsarang Soft Tofu,Food Fresh/Meat/Sidedish,4,65.0,0.0,260.0
T2025000518,2025-11-04,17:13:00,P0054,Chadolbagi Wagyu 500g,Food Fresh/Meat/Sidedish,6,475.0,0.0,2850.0
T2025000518,2025-11-04,17:13:00,P0060,Homemade Spring Onion Kimchi 350g,Food Fresh/Meat/Sidedish,10,250.0,0.0,2500.0
T2025000518,2025-11-04,17:13:00,P0073,Perilla Leaves 2Packs,Food Fresh/Meat/Sidedish,1,40.0,0.0,40.0
T2025000518,2025-11-04,17:13:00,P0053,Shine Spicy Pork Bulgogi Pack,Food Fresh/Meat/Sidedish,6,500.0,0.0,3000.0
T2025000518,2025-11-04,17:13:00,P0063,Our Home Kimchi 1Kg Jar,Food Fresh/Meat/Sidedish,2,190.0,0.0,380.0
T2025000519,2025-11-04,13:48:00,P0018,(Kaya) Korean Rice 1.5Kg,Dry Food,2,190.0,0.0,380.0
T2025000519,2025-11-04,13:48:00,P0029,CJ Beksul Pancake Flour,Dry Food,2,125.0,0.0,250.0
T2025000519,2025-11-04,13:48:00,P0011,CJ  Cooked Rice Plain 210g,Dry Food,6,365.0,0.0,2190.0
T2025000520,2025-11-04,11:35:00,P0093,Bibigo Kimchi Fried Rice,Food Frozen,4,190.0,0.1,684.0
T2025000520,2025-11-04,11:35:00,P0090,Nongmin Rice Cake 1Kg,Food Frozen,7,220.0,0.0,1540.0
T2025000520,2025-11-04,11:35:00,P0074,Bibigo Fried Dumplings 450g,Food Frozen,9,740.0,0.0,6660.0
T2025000520,2025-11-04,11:35:00,P0097,Daerim  Cheese Vienna Sausage 105g,Food Frozen,6,120.0,0.05,684.0
T2025000521,2025-11-04,12:13:00,P0290,Doritos Galbi Chicken,Snacks,9,77.0,0.25,519.75
T2025000521,2025-11-04,12:13:00,P0285,Corn Choco,Snacks,6,80.0,0.0,480.0
T2025000521,2025-11-04,12:13:00,P0282,Orion Choco Boy,Snacks,6,85.0,0.0,510.0
T2025000521,2025-11-04,12:13:00,P0291,Crown Sando Biscuit,Snacks,7,75.0,0.0,525.0
T2025000521,2025-11-04,12:13:00,P0286,Crown Caramel Maple Corn,Snacks,6,80.0,0.0,480.0
T2025000521,2025-11-04,12:13:00,P0257,Lotte Almond Chocolate,Snacks,5,130.0,0.0,650.0
T2025000522,2025-11-04,15:35:00,P0140,Woongjin Yogurt Peach 340mL,Liquor/Beverage,7,60.0,0.0,420.0
T2025000522,2025-11-04,15:35:00,P0142,Nongshim Welchs White Grape 355mL,Liquor/Beverage,1,60.0,0.0,60.0
T2025000523,2025-11-04,14:38:00,P0237,O'Food Tteokbokki Sauce,Seasoned/Sauce/Powder,7,120.0,0.0,840.0
T2025000524,2025-11-04,19:47:00,P0221,CJ  Gochujang 500g,Seasoned/Sauce/Powder,6,220.0,0.0,1320.0
T2025000524,2025-11-04,19:47:00,P0227,CJ Beksul Beef Bulgogi Sauce 290g,Seasoned/Sauce/Powder,6,150.0,0.0,900.0
T2025000524,2025-11-04,19:47:00,P0237,O'Food Tteokbokki Sauce,Seasoned/Sauce/Powder,7,120.0,0.25,630.0
T2025000524,2025-11-04,19:47:00,P0242,CJ  Gochujang 200g,Seasoned/Sauce/Powder,6,100.0,0.0,600.0
T2025000525,2025-11-04,17:40:00,P0096,Daerim  Vienna Sausage 170g,Food Frozen,8,145.0,0.0,1160.0
T2025000525,2025-11-04,17:40:00,P0080,Samyang Buldak Original Spicy Mandu 700g,Food Frozen,9,410.0,0.0,3690.0
T2025000525,2025-11-04,17:40:00,P0098,Daerim  Crabstick 216g,Food Frozen,4,98.0,0.0,392.0
T2025000525,2025-11-04,17:40:00,P0094,MWC Frank Sausage 5Pcs,Food Frozen,6,173.0,0.25,778.5
T2025000526,2025-11-04,08:52:00,P0254,Honey Roasted Peanuts,Snacks,5,165.0,0.0,825.0
T2025000526,2025-11-04,08:52:00,P0260,Binch Biscuit,Snacks,1,120.0,0.0,120.0
T2025000526,2025-11-04,08:52:00,P0283,Orion Ogingo Ttangkong,Snacks,5,83.0,0.0,415.0
T2025000526,2025-11-04,08:52:00,P0261,Lotte Choco Heim,Snacks,2,120.0,0.2,192.0
T2025000527,2025-11-04,11:34:00,P0003,Sempio Sesame Oil,Condiments,2,185.0,0.0,370.0
T2025000527,2025-11-04,11:34:00,P0001,Ottogi Sesame Oil 500mL,Condiments,8,590.5,0.0,4724.0
T2025000528,2025-11-04,14:30:00,P0191,Paldo Teumsae Ramen,Noodles,8,60.0,0.0,480.0
T2025000528,2025-11-04,14:30:00,P0169,Samyang Buldak Stew Type 145g,Noodles,9,80.0,0.0,720.0
T2025000528,2025-11-04,14:30:00,P0178,Samyang Mala Buldak,Noodles,9,70.0,0.05,598.5
T2025000529,2025-11-04,20:02:00,P0009,CJ Beksul Corn Syrup,Condiments,3,95.0,0.0,285.0
T2025000529,2025-11-04,20:02:00,P0003,Sempio Sesame Oil,Condiments,8,185.0,0.0,1480.0
T2025000530,2025-11-04,20:35:00,P0009,CJ Beksul Corn Syrup,Condiments,2,95.0,0.0,190.0
T2025000531,2025-11-04,16:46:00,P0299,Lotte Xylitol Green Gum,Snacks,4,55.0,0.0,220.0
T2025000531,2025-11-04,16:46:00,P0286,Crown Caramel Maple Corn,Snacks,3,80.0,0.0,240.0
T2025000532,2025-11-04,12:04:00,P0009,CJ Beksul Corn Syrup,Condiments,4,95.0,0.0,380.0
T2025000532,2025-11-04,12:04:00,P0001,Ottogi Sesame Oil 500mL,Condiments,2,590.5,0.0,1181.0
T2025000532,2025-11-04,12:04:00,P0004,O'Food Korean Chili Oil,Condiments,6,160.0,0.0,960.0
T2025000532,2025-11-04,12:04:00,P0003,Sempio Sesame Oil,Condiments,10,185.0,0.15,1572.5
T2025000533,2025-11-04,12:11:00,P0002,Ottogi Gold Mayonnaise 500g,Condiments,4,235.0,0.25,705.0
T2025000533,2025-11-04,12:11:00,P0006,Chung Jung One Soy Sauce,Condiments,10,140.0,0.0,1400.0
T2025000533,2025-11-04,12:11:00,P0001,Ottogi Sesame Oil 500mL,Condiments,10,590.5,0.0,5905.0
T2025000533,2025-11-04,12:11:00,P0003,Sempio Sesame Oil,Condiments,5,185.0,0.0,925.0
T2025000534,2025-11-04,12:46:00,P0008,Ottogi Corn Syrup,Condiments,10,98.0,0.0,980.0
T2025000534,2025-11-04,12:46:00,P0002,Ottogi Gold Mayonnaise 500g,Condiments,6,235.0,0.0,1410.0
T2025000535,2025-11-04,19:35:00,P0068,Enoki Mushroom 150G 2Packs,Food Fresh/Meat/Sidedish,2,120.0,0.0,240.0
T2025000535,2025-11-04,19:35:00,P0072,Kongsarang Soft Tofu,Food Fresh/Meat/Sidedish,5,65.0,0.0,325.0
T2025000535,2025-11-04,19:35:00,P0055,Beef Enoki Roll 500g,Food Fresh/Meat/Sidedish,2,410.0,0.0,820.0
T2025000535,2025-11-04,19:35:00,P0059,Pork Belly (Samgyupsal) 500g,Food Fresh/Meat/Sidedish,6,275.0,0.0,1650.0
T2025000535,2025-11-04,19:35:00,P0054,Chadolbagi Wagyu 500g,Food Fresh/Meat/Sidedish,3,475.0,0.0,1425.0
T2025000536,2025-11-04,08:23:00,P0094,MWC Frank Sausage 5Pcs,Food Frozen,10,173.0,0.0,1730.0
T2025000536,2025-11-04,08:23:00,P0102,MWC Tteok Galbi Bar,Food Frozen,8,75.0,0.0,600.0
T2025000536,2025-11-04,08:23:00,P0104,Pepero Original,Food Frozen,6,55.0,0.0,330.0
T2025000536,2025-11-04,08:23:00,P0085,Bibigo Bulgogi Mandu,Food Frozen,4,280.0,0.0,1120.0
T2025000536,2025-11-04,08:23:00,P0092,Daerim  Crab Stick 500g,Food Frozen,2,210.0,0.0,420.0
T2025000537,2025-11-04,21:48:00,P0192,Nongshim Soon Veggie Ramen,Noodles,7,58.0,0.0,406.0
T2025000537,2025-11-04,21:48:00,P0163,Samyang Buldak Rose 140g,Noodles,8,88.0,0.0,704.0
T2025000537,2025-11-04,21:48:00,P0173,Nongshim Jjapageti,Noodles,4,75.0,0.0,300.0
T2025000537,2025-11-04,21:48:00,P0177,Ottogi Beef Seaweed Soup Ramen,Noodles,3,70.0,0.0,210.0
T2025000537,2025-11-04,21:48:00,P0181,Paldo Bibim Cold Noodles,Noodles,7,65.0,0.0,455.0
T2025000537,2025-11-04,21:48:00,P0178,Samyang Mala Buldak,Noodles,7,70.0,0.0,490.0
T2025000538,2025-11-04,18:09:00,P0289,Crown Corn Chips,Snacks,5,80.0,0.0,400.0
T2025000538,2025-11-04,18:09:00,P0281,Haitai Ace Crackers,Snacks,8,85.0,0.0,680.0
T2025000538,2025-11-04,18:09:00,P0284,Kkokal Sweet Corn Snack,Snacks,5,80.0,0.0,400.0
T2025000539,2025-11-04,19:38:00,P0052,Shine Beef Bulgogi Pack,Food Fresh/Meat/Sidedish,6,550.0,0.0,3300.0
T2025000540,2025-11-04,14:50:00,P0263,Samlip Honey Castella,Snacks,6,120.0,0.0,720.0
T2025000540,2025-11-04,14:50:00,P0274,Haitai Matdongsan,Snacks,4,95.0,0.0,380.0
T2025000540,2025-11-04,14:50:00,P0259,Nongshim Sengseng U-Dong,Snacks,4,125.0,0.0,500.0
T2025000540,2025-11-04,14:50:00,P0281,Haitai Ace Crackers,Snacks,1,85.0,0.0,85.0
T2025000540,2025-11-04,14:50:00,P0295,Pepero Almond,Snacks,8,55.0,0.0,440.0
T2025000541,2025-11-04,19:15:00,P0300,Can Choco Balls,Snacks,6,45.0,0.05,256.5
T2025000541,2025-11-04,19:15:00,P0297,Pepero Choco Filled,Snacks,8,55.0,0.0,440.0
T2025000541,2025-11-04,19:15:00,P0294,Pepero Strawberry,Snacks,4,55.0,0.0,220.0
T2025000541,2025-11-04,19:15:00,P0282,Orion Choco Boy,Snacks,10,85.0,0.0,850.0
T2025000541,2025-11-04,19:15:00,P0296,Lotte Cereal Choco,Snacks,3,55.0,0.0,165.0
T2025000542,2025-11-04,12:24:00,P0024,O'Food Kimchi Soup Mix,Dry Food,6,150.0,0.0,900.0
T2025000542,2025-11-04,12:24:00,P0020,CJ Beksul Hotteok Mix,Dry Food,2,185.0,0.05,351.5
T2025000542,2025-11-04,12:24:00,P0041,CJ Hetbahn Multi-Grain Rice,Dry Food,5,95.0,0.0,475.0
T2025000542,2025-11-04,12:24:00,P0011,CJ  Cooked Rice Plain 210g,Dry Food,4,365.0,0.0,1460.0
T2025000542,2025-11-04,12:24:00,P0022,Ottogi Tteokbokki Cup,Dry Food,6,160.0,0.0,960.0
T2025000542,2025-11-04,12:24:00,P0043,CJ Hetbahn Cooked Barley,Dry Food,6,95.0,0.0,570.0
T2025000543,2025-11-04,17:11:00,P0041,CJ Hetbahn Multi-Grain Rice,Dry Food,10,95.0,0.0,950.0
T2025000544,2025-11-04,18:44:00,P0101,Daerim  Fish Cake Stick,Food Frozen,10,77.0,0.0,770.0
T2025000544,2025-11-04,18:44:00,P0086,CJ Bibigo Gyoza Dumplings,Food Frozen,6,270.0,0.0,1620.0
T2025000545,2025-11-04,08:02:00,P0071,Kongsarang Firm Tofu,Food Fresh/Meat/Sidedish,1,65.0,0.0,65.0
T2025000545,2025-11-04,08:02:00,P0073,Perilla Leaves 2Packs,Food Fresh/Meat/Sidedish,5,40.0,0.25,150.0
T2025000545,2025-11-04,08:02:00,P0062,Dried Anchovy Small 100g,Food Fresh/Meat/Sidedish,2,240.0,0.0,480.0
T2025000545,2025-11-04,08:02:00,P0059,Pork Belly (Samgyupsal) 500g,Food Fresh/Meat/Sidedish,1,275.0,0.0,275.0
T2025000545,2025-11-04,08:02:00,P0056,Us Beef Strips 500g,Food Fresh/Meat/Sidedish,10,375.0,0.0,3750.0
T2025000545,2025-11-04,08:02:00,P0050,Boneless Rib Eye 250g,Food Fresh/Meat/Sidedish,5,750.0,0.0,3750.0
T2025000546,2025-11-04,09:18:00,P0005,Ottogi Gold Mayonnaise 300g,Condiments,1,150.0,0.1,135.0
T2025000547,2025-11-04,10:34:00,P0204,Ottogi Cup Ramen Kimchi,Noodles,10,50.0,0.0,500.0
T2025000547,2025-11-04,10:34:00,P0170,Ottogi Jin Jjajang,Noodles,10,80.0,0.0,800.0
T2025000547,2025-11-04,10:34:00,P0188,Nagasaki Jjampong,Noodles,3,60.0,0.0,180.0
T2025000548,2025-11-04,17:09:00,P0141,Woongjin Yogurt Apple 340mL,Liquor/Beverage,5,60.0,0.0,300.0
T2025000548,2025-11-04,17:09:00,P0149,Binggrae Mango Milk,Liquor/Beverage,8,45.0,0.0,360.0
T2025000548,2025-11-04,17:09:00,P0135,KSD Peach Rice Wine 750mL,Liquor/Beverage,3,105.0,0.1,283.5
T2025000548,2025-11-04,17:09:00,P0124,Terra Lager Beer 500mL,Liquor/Beverage,1,170.0,0.2,136.0
T2025000548,2025-11-04,17:09:00,P0143,Nongshim Welchs Grape 355mL,Liquor/Beverage,9,60.0,0.0,540.0
T2025000549,2025-11-04,16:44:00,P0225,Chung Jung One Soybean Paste,Seasoned/Sauce/Powder,1,160.0,0.0,160.0
T2025000549,2025-11-04,16:44:00,P0218,CJ Beksul Beef Bulgogi Sauce 500g,Seasoned/Sauce/Powder,2,250.0,0.1,450.0
T2025000550,2025-11-04,13:23:00,P0136,Cass Fresh Beer,Liquor/Beverage,4,85.0,0.0,340.0
T2025000550,2025-11-04,13:23:00,P0120,Aloe Vera Juice 1.5L,Liquor/Beverage,6,175.0,0.0,1050.0
T2025000551,2025-11-04,09:34:00,P0125,Jinro Fresh Soju,Liquor/Beverage,9,170.0,0.0,1530.0
T2025000551,2025-11-04,09:34:00,P0143,Nongshim Welchs Grape 355mL,Liquor/Beverage,10,60.0,0.0,600.0
T2025000551,2025-11-04,09:34:00,P0105,White Gold Coffee 100Sticks,Liquor/Beverage,9,1150.0,0.0,10350.0
T2025000551,2025-11-04,09:34:00,P0106,Mocha Gold Coffee 100Sticks,Liquor/Beverage,6,1100.0,0.0,6600.0
T2025000551,2025-11-04,09:34:00,P0146,Binggrae Yogurt Drink,Liquor/Beverage,2,55.0,0.0,110.0
T2025000552,2025-11-04,09:30:00,P0005,Ottogi Gold Mayonnaise 300g,Condiments,3,150.0,0.0,450.0
T2025000552,2025-11-04,09:30:00,P0008,Ottogi Corn Syrup,Condiments,1,98.0,0.0,98.0
T2025000553,2025-11-04,15:11:00,P0066,Imported Kimchi Big Tub 850g,Food Fresh/Meat/Sidedish,5,150.0,0.0,750.0
T2025000553,2025-11-04,15:11:00,P0055,Beef Enoki Roll 500g,Food Fresh/Meat/Sidedish,7,410.0,0.0,2870.0
T2025000553,2025-11-04,15:11:00,P0054,Chadolbagi Wagyu 500g,Food Fresh/Meat/Sidedish,4,475.0,0.0,1900.0
T2025000553,2025-11-04,15:11:00,P0069,Bibigo Beef Bone Soup,Food Fresh/Meat/Sidedish,6,110.0,0.0,660.0
T2025000553,2025-11-04,15:11:00,P0052,Shine Beef Bulgogi Pack,Food Fresh/Meat/Sidedish,3,550.0,0.2,1320.0
T2025000553,2025-11-04,15:11:00,P0062,Dried Anchovy Small 100g,Food Fresh/Meat/Sidedish,6,240.0,0.0,1440.0
T2025000554,2025-11-04,13:21:00,P0228,Sempio Gochujang (500g),Seasoned/Sauce/Powder,4,145.0,0.0,580.0
T2025000554,2025-11-04,13:21:00,P0226,CJ Beksul Sweet Korean Pancake Mix 400g,Seasoned/Sauce/Powder,9,155.0,0.0,1395.0
T2025000555,2025-11-04,11:42:00,P0011,CJ  Cooked Rice Plain 210g,Dry Food,5,365.0,0.0,1825.0
T2025000555,2025-11-04,11:42:00,P0034,CJ  Cooked Rice,Dry Food,6,116.0,0.0,696.0
T2025000555,2025-11-04,11:42:00,P0040,Ottogi Sweet Corn 340g,Dry Food,10,95.0,0.0,950.0
T2025000556,2025-11-04,21:33:00,P0019,Haepyo Crispy Seaweed 9Pcs,Dry Food,5,188.0,0.0,940.0
T2025000557,2025-11-04,16:32:00,P0004,O'Food Korean Chili Oil,Condiments,2,160.0,0.0,320.0
T2025000557,2025-11-04,16:32:00,P0007,Samyang Spicy Mayo,Condiments,4,130.0,0.0,520.0
T2025000558,2025-11-04,08:03:00,P0269,Lotte Soft Strawberry Milk Candy 79g,Snacks,7,105.0,0.05,698.25
T2025000558,2025-11-04,08:03:00,P0257,Lotte Almond Chocolate,Snacks,5,130.0,0.0,650.0
T2025000558,2025-11-04,08:03:00,P0276,Orion Sun Chips Korean BBQ,Snacks,4,90.0,0.1,324.0
T2025000558,2025-11-04,08:03:00,P0255,Bibigo Crispy Seaweed Snack,Snacks,2,140.0,0.0,280.0
T2025000558,2025-11-04,08:03:00,P0254,Honey Roasted Peanuts,Snacks,7,165.0,0.0,1155.0
T2025000559,2025-11-04,19:51:00,P0202,Nongshim Ansung Tangmen,Noodles,5,50.0,0.0,250.0
T2025000559,2025-11-04,19:51:00,P0206,Nongshim Chapagetti,Noodles,7,45.0,0.1,283.5
T2025000559,2025-11-04,19:51:00,P0158,Nongshim Shin Ramen Black,Noodles,7,92.0,0.15,547.4
T2025000559,2025-11-04,19:51:00,P0185,Nongshim Shin Non-Frying Ramen 97g,Noodles,3,60.0,0.0,180.0
T2025000559,2025-11-04,19:51:00,P0201,Sewoo Tang Small Cup,Noodles,5,50.0,0.0,250.0
T2025000559,2025-11-04,19:51:00,P0153,Samyang Buldak Cheese Cup,Noodles,2,110.0,0.0,220.0
T2025000560,2025-11-04,13:04:00,P0068,Enoki Mushroom 150G 2Packs,Food Fresh/Meat/Sidedish,10,120.0,0.1,1080.0
T2025000560,2025-11-04,13:04:00,P0050,Boneless Rib Eye 250g,Food Fresh/Meat/Sidedish,10,750.0,0.0,7500.0
T2025000561,2025-11-04,20:16:00,P0298,Pepero White Cookie,Snacks,8,55.0,0.2,352.0
T2025000562,2025-11-04,16:55:00,P0143,Nongshim Welchs Grape 355mL,Liquor/Beverage,5,60.0,0.2,240.0
T2025000562,2025-11-04,16:55:00,P0146,Binggrae Yogurt Drink,Liquor/Beverage,1,55.0,0.0,55.0
T2025000562,2025-11-04,16:55:00,P0122,Chamisul Original Soju,Liquor/Beverage,1,175.0,0.05,166.25
T2025000562,2025-11-04,16:55:00,P0106,Mocha Gold Coffee 100Sticks,Liquor/Beverage,2,1100.0,0.0,2200.0
T2025000563,2025-11-04,20:23:00,P0257,Lotte Almond Chocolate,Snacks,4,130.0,0.0,520.0
T2025000563,2025-11-04,20:23:00,P0289,Crown Corn Chips,Snacks,8,80.0,0.25,480.0
T2025000563,2025-11-04,20:23:00,P0251,Oil Fried & Salted Peanuts,Snacks,3,185.0,0.0,555.0
T2025000564,2025-11-04,12:31:00,P0003,Sempio Sesame Oil,Condiments,8,185.0,0.15,1258.0
T2025000565,2025-11-04,14:56:00,P0007,Samyang Spicy Mayo,Condiments,6,130.0,0.1,702.0
T2025000565,2025-11-04,14:56:00,P0008,Ottogi Corn Syrup,Condiments,7,98.0,0.0,686.0
T2025000566,2025-11-04,12:44:00,P0017,Bibigo Seaweed Flakes 50g,Dry Food,9,210.0,0.2,1512.0
T2025000567,2025-11-04,17:22:00,P0051,Us Premium Rib Eye 500g,Food Fresh/Meat/Sidedish,3,725.0,0.0,2175.0
T2025000567,2025-11-04,17:22:00,P0053,Shine Spicy Pork Bulgogi Pack,Food Fresh/Meat/Sidedish,6,500.0,0.0,3000.0
T2025000567,2025-11-04,17:22:00,P0065,Sempio Spicy Stir-Fried Dried Squid,Food Fresh/Meat/Sidedish,2,175.0,0.0,350.0
T2025000567,2025-11-04,17:22:00,P0061,Dried Anchovy Medium 100g,Food Fresh/Meat/Sidedish,5,240.0,0.0,1200.0
T2025000567,2025-11-04,17:22:00,P0072,Kongsarang Soft Tofu,Food Fresh/Meat/Sidedish,4,65.0,0.0,260.0
T2025000567,2025-11-04,17:22:00,P0060,Homemade Spring Onion Kimchi 350g,Food Fresh/Meat/Sidedish,9,250.0,0.0,2250.0
T2025000568,2025-11-04,16:25:00,P0081,Assi Shrimp Wanton 600g,Food Frozen,8,400.0,0.0,3200.0
T2025000568,2025-11-04,16:25:00,P0082,Daerim  Crab Sticks 1Kg,Food Frozen,4,350.0,0.15,1190.0
T2025000568,2025-11-04,16:25:00,P0093,Bibigo Kimchi Fried Rice,Food Frozen,5,190.0,0.2,760.0
T2025000569,2025-11-04,11:50:00,P0013,Dongwon  Whelk In Can 140g,Dry Food,8,280.0,0.0,2240.0
T2025000569,2025-11-04,11:50:00,P0037,Ottogi Cup Spaghetti,Dry Food,9,110.0,0.0,990.0
T2025000569,2025-11-04,11:50:00,P0048,Dongwon Light Tuna,Dry Food,10,75.0,0.0,750.0
T2025000569,2025-11-04,11:50:00,P0011,CJ  Cooked Rice Plain 210g,Dry Food,2,365.0,0.0,730.0
T2025000570,2025-11-04,15:38:00,P0003,Sempio Sesame Oil,Condiments,8,185.0,0.0,1480.0
T2025000570,2025-11-04,15:38:00,P0009,CJ Beksul Corn Syrup,Condiments,9,95.0,0.0,855.0
T2025000570,2025-11-04,15:38:00,P0008,Ottogi Corn Syrup,Condiments,4,98.0,0.0,392.0
T2025000571,2025-11-04,10:48:00,P0231,O'Food Bulgogi Marinade,Seasoned/Sauce/Powder,10,145.0,0.0,1450.0
T2025000571,2025-11-04,10:48:00,P0233,O'Food Korean Fried Chicken Sauce,Seasoned/Sauce/Powder,5,135.0,0.0,675.0
T2025000571,2025-11-04,10:48:00,P0236,CJ  Soybean Paste 500g,Seasoned/Sauce/Powder,1,123.0,0.0,123.0
T2025000572,2025-11-04,14:59:00,P0025,Sempio Yellow Peach In Can 400g,Dry Food,1,145.0,0.0,145.0
T2025000572,2025-11-04,14:59:00,P0011,CJ  Cooked Rice Plain 210g,Dry Food,7,365.0,0.0,2555.0
T2025000572,2025-11-04,14:59:00,P0043,CJ Hetbahn Cooked Barley,Dry Food,4,95.0,0.0,380.0
T2025000572,2025-11-04,14:59:00,P0036,Dongwon  Tuna Light Can 150g,Dry Food,7,110.0,0.0,770.0
T2025000572,2025-11-04,14:59:00,P0039,Ottogi 3Mins Curry,Dry Food,5,99.0,0.0,495.0
T2025000572,2025-11-04,14:59:00,P0034,CJ  Cooked Rice,Dry Food,2,116.0,0.0,232.0
T2025000573,2025-11-04,11:03:00,P0211,Ottogi Jin Ramen Hot,Noodles,1,40.0,0.0,40.0
T2025000573,2025-11-04,11:03:00,P0173,Nongshim Jjapageti,Noodles,7,75.0,0.0,525.0
T2025000573,2025-11-04,11:03:00,P0184,Nongshim Baehongdong Bibimyeon 137g,Noodles,2,61.0,0.0,122.0
T2025000574,2025-11-04,10:32:00,P0001,Ottogi Sesame Oil 500mL,Condiments,10,590.5,0.0,5905.0
T2025000574,2025-11-04,10:32:00,P0003,Sempio Sesame Oil,Condiments,2,185.0,0.0,370.0
T2025000574,2025-11-04,10:32:00,P0004,O'Food Korean Chili Oil,Condiments,6,160.0,0.0,960.0
T2025000575,2025-11-04,09:20:00,P0069,Bibigo Beef Bone Soup,Food Fresh/Meat/Sidedish,2,110.0,0.0,220.0
T2025000575,2025-11-04,09:20:00,P0050,Boneless Rib Eye 250g,Food Fresh/Meat/Sidedish,6,750.0,0.0,4500.0
T2025000575,2025-11-04,09:20:00,P0055,Beef Enoki Roll 500g,Food Fresh/Meat/Sidedish,6,410.0,0.0,2460.0
T2025000575,2025-11-04,09:20:00,P0058,Homemade Kimchi 850g,Food Fresh/Meat/Sidedish,8,290.0,0.0,2320.0
T2025000576,2025-11-04,17:07:00,P0097,Daerim  Cheese Vienna Sausage 105g,Food Frozen,2,120.0,0.0,240.0
T2025000576,2025-11-04,17:07:00,P0084,Assi Vegetable Dumplings 675g,Food Frozen,7,285.0,0.0,1995.0
T2025000576,2025-11-04,17:07:00,P0079,Daerim  Kimbab Ham 1Kg,Food Frozen,10,480.0,0.0,4800.0
T2025000577,2025-11-04,13:27:00,P0084,Assi Vegetable Dumplings 675g,Food Frozen,6,285.0,0.0,1710.0
T2025000577,2025-11-04,13:27:00,P0088,Dongwon  Real Crabs 144g ,Food Frozen,10,259.0,0.0,2590.0
T2025000577,2025-11-04,13:27:00,P0087,Bibigo Crispy Seaweed Roll,Food Frozen,3,260.0,0.0,780.0
T2025000577,2025-11-04,13:27:00,P0095,Samlip Fish Cake Sheets,Food Frozen,7,150.0,0.0,1050.0
T2025000578,2025-11-04,19:56:00,P0074,Bibigo Fried Dumplings 450g,Food Frozen,8,740.0,0.0,5920.0
T2025000578,2025-11-04,19:56:00,P0083,Moguchon Smoked Bacon 200g,Food Frozen,6,320.0,0.0,1920.0
T2025000578,2025-11-04,19:56:00,P0089,Jongga Rice Cake 1Kg,Food Frozen,2,230.0,0.0,460.0
T2025000579,2025-11-04,21:06:00,P0277,Orion Turtle Chips Sweet Corn,Snacks,4,89.0,0.0,356.0
T2025000579,2025-11-04,21:06:00,P0285,Corn Choco,Snacks,1,80.0,0.0,80.0
T2025000579,2025-11-04,21:06:00,P0297,Pepero Choco Filled,Snacks,3,55.0,0.0,165.0
T2025000579,2025-11-04,21:06:00,P0247,Choco Pie Green Tea 12Pcs,Snacks,1,200.0,0.0,200.0
T2025000580,2025-11-04,21:28:00,P0222,CJ  Soybean Paste 1Kg,Seasoned/Sauce/Powder,3,208.0,0.0,624.0
T2025000580,2025-11-04,21:28:00,P0214,Jin Soy Sauce Rich & Savory 860mL,Seasoned/Sauce/Powder,4,315.0,0.0,1260.0
T2025000581,2025-11-04,09:17:00,P0005,Ottogi Gold Mayonnaise 300g,Condiments,10,150.0,0.2,1200.0
T2025000581,2025-11-04,09:17:00,P0001,Ottogi Sesame Oil 500mL,Condiments,9,590.5,0.0,5314.5
T2025000581,2025-11-04,09:17:00,P0004,O'Food Korean Chili Oil,Condiments,4,160.0,0.0,640.0
T2025000581,2025-11-04,09:17:00,P0008,Ottogi Corn Syrup,Condiments,10,98.0,0.0,980.0
T2025000582,2025-11-04,13:13:00,P0062,Dried Anchovy Small 100g,Food Fresh/Meat/Sidedish,9,240.0,0.0,2160.0
T2025000582,2025-11-04,13:13:00,P0053,Shine Spicy Pork Bulgogi Pack,Food Fresh/Meat/Sidedish,4,500.0,0.15,1700.0
T2025000582,2025-11-04,13:13:00,P0051,Us Premium Rib Eye 500g,Food Fresh/Meat/Sidedish,10,725.0,0.0,7250.0
T2025000582,2025-11-04,13:13:00,P0050,Boneless Rib Eye 250g,Food Fresh/Meat/Sidedish,6,750.0,0.0,4500.0
T2025000582,2025-11-04,13:13:00,P0059,Pork Belly (Samgyupsal) 500g,Food Fresh/Meat/Sidedish,9,275.0,0.05,2351.25
T2025000583,2025-11-04,19:10:00,P0051,Us Premium Rib Eye 500g,Food Fresh/Meat/Sidedish,8,725.0,0.0,5800.0
T2025000583,2025-11-04,19:10:00,P0057,Jongga Pogi Kimchi 500g,Food Fresh/Meat/Sidedish,3,315.0,0.15,803.25
T2025000583,2025-11-04,19:10:00,P0059,Pork Belly (Samgyupsal) 500g,Food Fresh/Meat/Sidedish,2,275.0,0.0,550.0
T2025000583,2025-11-04,19:10:00,P0053,Shine Spicy Pork Bulgogi Pack,Food Fresh/Meat/Sidedish,9,500.0,0.25,3375.0
T2025000583,2025-11-04,19:10:00,P0058,Homemade Kimchi 850g,Food Fresh/Meat/Sidedish,3,290.0,0.05,826.5
T2025000583,2025-11-04,19:10:00,P0052,Shine Beef Bulgogi Pack,Food Fresh/Meat/Sidedish,7,550.0,0.0,3850.0
T2025000584,2025-11-04,14:11:00,P0218,CJ Beksul Beef Bulgogi Sauce 500g,Seasoned/Sauce/Powder,5,250.0,0.0,1250.0
T2025000584,2025-11-04,14:11:00,P0232,O'Food Tofu Stew Base,Seasoned/Sauce/Powder,9,135.0,0.0,1215.0
T2025000584,2025-11-04,14:11:00,P0226,CJ Beksul Sweet Korean Pancake Mix 400g,Seasoned/Sauce/Powder,2,155.0,0.0,310.0
T2025000585,2025-11-04,15:46:00,P0046,CJ Beksul Potato Starch,Dry Food,7,85.0,0.0,595.0
T2025000586,2025-11-04,11:07:00,P0238,Ottogi Curry Mild,Seasoned/Sauce/Powder,2,115.0,0.0,230.0
T2025000586,2025-11-04,11:07:00,P0218,CJ Beksul Beef Bulgogi Sauce 500g,Seasoned/Sauce/Powder,7,250.0,0.0,1750.0
T2025000586,2025-11-04,11:07:00,P0224,Seasoned Seaweed 200g,Seasoned/Sauce/Powder,6,190.0,0.0,1140.0
T2025000586,2025-11-04,11:07:00,P0232,O'Food Tofu Stew Base,Seasoned/Sauce/Powder,10,135.0,0.0,1350.0
T2025000586,2025-11-04,11:07:00,P0243,CJ  Ssamjang 170g,Seasoned/Sauce/Powder,2,88.0,0.0,176.0
T2025000586,2025-11-04,11:07:00,P0223,Jin Soy Sauce For Soup 860mL,Seasoned/Sauce/Powder,5,205.0,0.0,1025.0
T2025000587,2025-11-04,21:49:00,P0167,Samyang Cheese Buldak,Noodles,7,88.0,0.0,616.0
T2025000587,2025-11-04,21:49:00,P0150,Samyang Buldak Rosã Ramen 105g,Noodles,7,110.0,0.0,770.0
T2025000587,2025-11-04,21:49:00,P0180,Samyang Curry Ramen,Noodles,3,68.0,0.0,204.0
T2025000588,2025-11-04,10:29:00,P0080,Samyang Buldak Original Spicy Mandu 700g,Food Frozen,8,410.0,0.0,3280.0
T2025000588,2025-11-04,10:29:00,P0101,Daerim  Fish Cake Stick,Food Frozen,6,77.0,0.0,462.0
T2025000588,2025-11-04,10:29:00,P0104,Pepero Original,Food Frozen,6,55.0,0.0,330.0
T2025000589,2025-11-04,19:58:00,P0103,Daerim  Chaw Stick 100g,Food Frozen,10,73.0,0.2,584.0
T2025000589,2025-11-04,19:58:00,P0074,Bibigo Fried Dumplings 450g,Food Frozen,3,740.0,0.0,2220.0
T2025000589,2025-11-04,19:58:00,P0094,MWC Frank Sausage 5Pcs,Food Frozen,8,173.0,0.05,1314.8
T2025000589,2025-11-04,19:58:00,P0081,Assi Shrimp Wanton 600g,Food Frozen,9,400.0,0.0,3600.0
T2025000589,2025-11-04,19:58:00,P0096,Daerim  Vienna Sausage 170g,Food Frozen,6,145.0,0.0,870.0
T2025000590,2025-11-04,15:12:00,P0010,Daerim  Big Smoke Ham 1Kg,Dry Food,8,480.0,0.0,3840.0
T2025000590,2025-11-04,15:12:00,P0011,CJ  Cooked Rice Plain 210g,Dry Food,2,365.0,0.0,730.0
T2025000590,2025-11-04,15:12:00,P0025,Sempio Yellow Peach In Can 400g,Dry Food,3,145.0,0.0,435.0
T2025000591,2025-11-04,19:00:00,P0054,Chadolbagi Wagyu 500g,Food Fresh/Meat/Sidedish,3,475.0,0.05,1353.75
T2025000592,2025-11-04,17:51:00,P0233,O'Food Korean Fried Chicken Sauce,Seasoned/Sauce/Powder,5,135.0,0.0,675.0
T2025000592,2025-11-04,17:51:00,P0220,CJ  Tteokbokki Sauce 150G 2Pcs,Seasoned/Sauce/Powder,2,235.0,0.0,470.0
T2025000592,2025-11-04,17:51:00,P0230,CJ Beksul Pancake Sauce,Seasoned/Sauce/Powder,2,145.0,0.0,290.0
T2025000592,2025-11-04,17:51:00,P0239,Ottogi Curry Hot,Seasoned/Sauce/Powder,9,115.0,0.0,1035.0
T2025000593,2025-11-04,08:22:00,P0158,Nongshim Shin Ramen Black,Noodles,10,92.0,0.0,920.0
T2025000593,2025-11-04,08:22:00,P0205,Ottogi Yeul Ramen,Noodles,3,48.0,0.25,108.0
T2025000593,2025-11-04,08:22:00,P0183,Samyang Kimchi Ramen Bowl,Noodles,2,65.0,0.0,130.0
T2025000593,2025-11-04,08:22:00,P0157,Nongshim Yachae Ramyeon 100g,Noodles,4,93.0,0.0,372.0
T2025000593,2025-11-04,08:22:00,P0173,Nongshim Jjapageti,Noodles,4,75.0,0.0,300.0
T2025000593,2025-11-04,08:22:00,P0156,Nongshim Ramyun King Bowl,Noodles,1,95.0,0.0,95.0
T2025000594,2025-11-04,14:38:00,P0002,Ottogi Gold Mayonnaise 500g,Condiments,7,235.0,0.0,1645.0
T2025000595,2025-11-04,18:16:00,P0085,Bibigo Bulgogi Mandu,Food Frozen,8,280.0,0.0,2240.0
T2025000595,2025-11-04,18:16:00,P0099,Daerim  Chaw Spicy Stick 90g,Food Frozen,7,80.0,0.0,560.0
T2025000595,2025-11-04,18:16:00,P0101,Daerim  Fish Cake Stick,Food Frozen,2,77.0,0.0,154.0
T2025000596,2025-11-04,16:03:00,P0008,Ottogi Corn Syrup,Condiments,6,98.0,0.0,588.0
T2025000596,2025-11-04,16:03:00,P0006,Chung Jung One Soy Sauce,Condiments,8,140.0,0.0,1120.0
T2025000596,2025-11-04,16:03:00,P0002,Ottogi Gold Mayonnaise 500g,Condiments,6,235.0,0.0,1410.0
T2025000597,2025-11-04,13:01:00,P0248,Choco Pie Black Sugar 12Pcs,Snacks,6,200.0,0.0,1200.0
T2025000597,2025-11-04,13:01:00,P0292,Orion Goraebab Crackers,Snacks,10,75.0,0.25,562.5
T2025000598,2025-11-04,15:19:00,P0177,Ottogi Beef Seaweed Soup Ramen,Noodles,5,70.0,0.2,280.0
T2025000598,2025-11-04,15:19:00,P0172,Ottogi Jin Hot Big Cup,Noodles,8,75.0,0.0,600.0
T2025000598,2025-11-04,15:19:00,P0170,Ottogi Jin Jjajang,Noodles,4,80.0,0.0,320.0
T2025000598,2025-11-04,15:19:00,P0156,Nongshim Ramyun King Bowl,Noodles,10,95.0,0.0,950.0
T2025000599,2025-11-04,15:55:00,P0167,Samyang Cheese Buldak,Noodles,6,88.0,0.0,528.0
T2025000600,2025-11-04,15:45:00,P0034,CJ  Cooked Rice,Dry Food,3,116.0,0.0,348.0
T2025000600,2025-11-04,15:45:00,P0036,Dongwon  Tuna Light Can 150g,Dry Food,9,110.0,0.0,990.0
T2025000601,2025-11-04,14:37:00,P0113,Binggre Melon Milk 200mL 6Pcs,Liquor/Beverage,1,290.0,0.05,275.5
T2025000601,2025-11-04,14:37:00,P0146,Binggrae Yogurt Drink,Liquor/Beverage,7,55.0,0.0,385.0
T2025000601,2025-11-04,14:37:00,P0123,Cass Cold Brewed Beer 500mL,Liquor/Beverage,8,170.0,0.0,1360.0
T2025000601,2025-11-04,14:37:00,P0105,White Gold Coffee 100Sticks,Liquor/Beverage,5,1150.0,0.0,5750.0
T2025000601,2025-11-04,14:37:00,P0122,Chamisul Original Soju,Liquor/Beverage,5,175.0,0.0,875.0
T2025000601,2025-11-04,14:37:00,P0130,Sunhari Apple 360mL,Liquor/Beverage,6,120.0,0.25,540.0
T2025000602,2025-11-04,20:25:00,P0081,Assi Shrimp Wanton 600g,Food Frozen,10,400.0,0.0,4000.0
T2025000602,2025-11-04,20:25:00,P0086,CJ Bibigo Gyoza Dumplings,Food Frozen,9,270.0,0.1,2187.0
T2025000603,2025-11-04,14:23:00,P0218,CJ Beksul Beef Bulgogi Sauce 500g,Seasoned/Sauce/Powder,2,250.0,0.0,500.0
T2025000603,2025-11-04,14:23:00,P0219,CJ Beksul Spicy Pork Sauce 500g,Seasoned/Sauce/Powder,10,240.0,0.0,2400.0
T2025000603,2025-11-04,14:23:00,P0216,CJ Beksul Chicken Frying Mix 1Kg,Seasoned/Sauce/Powder,1,257.0,0.0,257.0
T2025000603,2025-11-04,14:23:00,P0226,CJ Beksul Sweet Korean Pancake Mix 400g,Seasoned/Sauce/Powder,1,155.0,0.0,155.0
T2025000604,2025-11-04,19:43:00,P0190,Nongshim Tempura Udon Cup,Noodles,5,60.0,0.0,300.0
T2025000605,2025-11-04,13:52:00,P0181,Paldo Bibim Cold Noodles,Noodles,3,65.0,0.0,195.0
T2025000605,2025-11-04,13:52:00,P0174,Ottogi Cheese Bokki Cup,Noodles,4,75.0,0.0,300.0
T2025000605,2025-11-04,13:52:00,P0170,Ottogi Jin Jjajang,Noodles,3,80.0,0.0,240.0
T2025000606,2025-11-04,10:19:00,P0166,Samyang Buldak Original,Noodles,6,88.0,0.0,528.0
T2025000606,2025-11-04,10:19:00,P0173,Nongshim Jjapageti,Noodles,3,75.0,0.0,225.0
T2025000606,2025-11-04,10:19:00,P0161,Paldo Wang Cup,Noodles,7,90.0,0.0,630.0
T2025000606,2025-11-04,10:19:00,P0209,Ottogi Kimchi Ramen,Noodles,6,40.0,0.0,240.0
T2025000606,2025-11-04,10:19:00,P0157,Nongshim Yachae Ramyeon 100g,Noodles,5,93.0,0.0,465.0
T2025000607,2025-11-04,09:35:00,P0223,Jin Soy Sauce For Soup 860mL,Seasoned/Sauce/Powder,8,205.0,0.0,1640.0
T2025000607,2025-11-04,09:35:00,P0243,CJ  Ssamjang 170g,Seasoned/Sauce/Powder,10,88.0,0.0,880.0
T2025000607,2025-11-04,09:35:00,P0222,CJ  Soybean Paste 1Kg,Seasoned/Sauce/Powder,4,208.0,0.0,832.0
T2025000607,2025-11-04,09:35:00,P0237,O'Food Tteokbokki Sauce,Seasoned/Sauce/Powder,2,120.0,0.0,240.0
T2025000607,2025-11-04,09:35:00,P0212,Beef Dasida (Soup Stock) 1Kg,Seasoned/Sauce/Powder,10,550.0,0.2,4400.0
T2025000608,2025-11-04,13:49:00,P0272,Haitai  Sunkist Candy 125g,Snacks,2,95.0,0.0,190.0
T2025000608,2025-11-04,13:49:00,P0249,Lotte Chocopie 12Pcs,Snacks,9,200.0,0.2,1440.0
T2025000608,2025-11-04,13:49:00,P0278,Haitai O! Karto Chips,Snacks,6,88.0,0.0,528.0
T2025000609,2025-11-04,10:55:00,P0060,Homemade Spring Onion Kimchi 350g,Food Fresh/Meat/Sidedish,2,250.0,0.0,500.0
T2025000609,2025-11-04,10:55:00,P0055,Beef Enoki Roll 500g,Food Fresh/Meat/Sidedish,5,410.0,0.0,2050.0
T2025000609,2025-11-04,10:55:00,P0050,Boneless Rib Eye 250g,Food Fresh/Meat/Sidedish,1,750.0,0.0,750.0
T2025000609,2025-11-04,10:55:00,P0057,Jongga Pogi Kimchi 500g,Food Fresh/Meat/Sidedish,4,315.0,0.0,1260.0
T2025000609,2025-11-04,10:55:00,P0073,Perilla Leaves 2Packs,Food Fresh/Meat/Sidedish,3,40.0,0.0,120.0
T2025000609,2025-11-04,10:55:00,P0066,Imported Kimchi Big Tub 850g,Food Fresh/Meat/Sidedish,9,150.0,0.0,1350.0
T2025000610,2025-11-04,14:52:00,P0133,Sunhari Blueberry 360mL,Liquor/Beverage,9,120.0,0.0,1080.0
T2025000610,2025-11-04,14:52:00,P0136,Cass Fresh Beer,Liquor/Beverage,7,85.0,0.0,595.0
T2025000610,2025-11-04,14:52:00,P0120,Aloe Vera Juice 1.5L,Liquor/Beverage,2,175.0,0.0,350.0
T2025000610,2025-11-04,14:52:00,P0105,White Gold Coffee 100Sticks,Liquor/Beverage,6,1150.0,0.0,6900.0
T2025000610,2025-11-04,14:52:00,P0109,(꽃샘) Concentrated Flavored Drink 600g,Liquor/Beverage,9,370.0,0.0,3330.0
T2025000610,2025-11-04,14:52:00,P0131,Sunhari Yogurt 360mL,Liquor/Beverage,7,120.0,0.0,840.0
T2025000611,2025-11-04,12:27:00,P0102,MWC Tteok Galbi Bar,Food Frozen,8,75.0,0.0,600.0
T2025000612,2025-11-04,17:11:00,P0232,O'Food Tofu Stew Base,Seasoned/Sauce/Powder,7,135.0,0.0,945.0
T2025000613,2025-11-04,13:37:00,P0271,Orion Choco Chip Cookies,Snacks,1,100.0,0.0,100.0
T2025000613,2025-11-04,13:37:00,P0263,Samlip Honey Castella,Snacks,1,120.0,0.0,120.0
T2025000613,2025-11-04,13:37:00,P0265,Orion Almond Candy,Snacks,3,110.0,0.0,330.0
T2025000613,2025-11-04,13:37:00,P0300,Can Choco Balls,Snacks,5,45.0,0.0,225.0
T2025000613,2025-11-04,13:37:00,P0297,Pepero Choco Filled,Snacks,4,55.0,0.0,220.0
T2025000613,2025-11-04,13:37:00,P0279,Orion O! Karto Sweet Corn,Snacks,7,88.0,0.0,616.0
T2025000614,2025-11-04,17:34:00,P0067,Wasabi Radish Wrapper 340g,Food Fresh/Meat/Sidedish,6,145.0,0.0,870.0
T2025000614,2025-11-04,17:34:00,P0059,Pork Belly (Samgyupsal) 500g,Food Fresh/Meat/Sidedish,8,275.0,0.15,1870.0
T2025000614,2025-11-04,17:34:00,P0053,Shine Spicy Pork Bulgogi Pack,Food Fresh/Meat/Sidedish,1,500.0,0.0,500.0
T2025000615,2025-11-04,19:05:00,P0005,Ottogi Gold Mayonnaise 300g,Condiments,6,150.0,0.0,900.0
T2025000615,2025-11-04,19:05:00,P0008,Ottogi Corn Syrup,Condiments,9,98.0,0.2,705.6
T2025000615,2025-11-04,19:05:00,P0003,Sempio Sesame Oil,Condiments,8,185.0,0.0,1480.0
T2025000615,2025-11-04,19:05:00,P0004,O'Food Korean Chili Oil,Condiments,6,160.0,0.0,960.0
T2025000615,2025-11-04,19:05:00,P0002,Ottogi Gold Mayonnaise 500g,Condiments,9,235.0,0.0,2115.0
T2025000616,2025-11-04,14:21:00,P0002,Ottogi Gold Mayonnaise 500g,Condiments,7,235.0,0.15,1398.25
T2025000616,2025-11-04,14:21:00,P0001,Ottogi Sesame Oil 500mL,Condiments,5,590.5,0.0,2952.5
T2025000616,2025-11-04,14:21:00,P0007,Samyang Spicy Mayo,Condiments,5,130.0,0.0,650.0
T2025000617,2025-11-04,15:15:00,P0149,Binggrae Mango Milk,Liquor/Beverage,5,45.0,0.0,225.0
T2025000617,2025-11-04,15:15:00,P0134,KSD Green Grape Rice Wine 750mL,Liquor/Beverage,8,105.0,0.0,840.0
T2025000617,2025-11-04,15:15:00,P0124,Terra Lager Beer 500mL,Liquor/Beverage,1,170.0,0.2,136.0
T2025000617,2025-11-04,15:15:00,P0138,Kirin Ichiban Beer 330mL,Liquor/Beverage,7,68.0,0.0,476.0
T2025000618,2025-11-04,11:22:00,P0134,KSD Green Grape Rice Wine 750mL,Liquor/Beverage,3,105.0,0.0,315.0
T2025000618,2025-11-04,11:22:00,P0139,Paldo Pororo Juice,Liquor/Beverage,5,65.0,0.0,325.0
T2025000618,2025-11-04,11:22:00,P0117,Maxim Kanu Dark Roast 10 Sticks,Liquor/Beverage,4,260.0,0.0,1040.0
T2025000619,2025-11-04,17:43:00,P0009,CJ Beksul Corn Syrup,Condiments,7,95.0,0.0,665.0
T2025000619,2025-11-04,17:43:00,P0004,O'Food Korean Chili Oil,Condiments,5,160.0,0.0,800.0
T2025000619,2025-11-04,17:43:00,P0002,Ottogi Gold Mayonnaise 500g,Condiments,8,235.0,0.0,1880.0
T2025000619,2025-11-04,17:43:00,P0006,Chung Jung One Soy Sauce,Condiments,9,140.0,0.0,1260.0
T2025000620,2025-11-04,21:36:00,P0003,Sempio Sesame Oil,Condiments,3,185.0,0.0,555.0
T2025000620,2025-11-04,21:36:00,P0009,CJ Beksul Corn Syrup,Condiments,8,95.0,0.0,760.0
T2025000621,2025-11-04,14:50:00,P0267,Lotte Pepero White Cookie,Snacks,9,110.0,0.1,891.0
T2025000621,2025-11-04,14:50:00,P0246,Post Almond Flakes,Snacks,2,245.0,0.0,490.0
T2025000621,2025-11-04,14:50:00,P0269,Lotte Soft Strawberry Milk Candy 79g,Snacks,1,105.0,0.0,105.0
T2025000621,2025-11-04,14:50:00,P0290,Doritos Galbi Chicken,Snacks,8,77.0,0.2,492.8
T2025000621,2025-11-04,14:50:00,P0295,Pepero Almond,Snacks,4,55.0,0.0,220.0
T2025000621,2025-11-04,14:50:00,P0285,Corn Choco,Snacks,2,80.0,0.0,160.0
T2025000622,2025-11-04,19:19:00,P0279,Orion O! Karto Sweet Corn,Snacks,10,88.0,0.0,880.0
T2025000622,2025-11-04,19:19:00,P0268,Samlip Walnut Pie,Snacks,9,110.0,0.0,990.0
T2025000622,2025-11-04,19:19:00,P0254,Honey Roasted Peanuts,Snacks,2,165.0,0.0,330.0
T2025000623,2025-11-04,12:03:00,P0003,Sempio Sesame Oil,Condiments,4,185.0,0.0,740.0
T2025000624,2025-11-04,17:02:00,P0216,CJ Beksul Chicken Frying Mix 1Kg,Seasoned/Sauce/Powder,4,257.0,0.0,1028.0
T2025000625,2025-11-04,21:50:00,P0163,Samyang Buldak Rose 140g,Noodles,5,88.0,0.0,440.0
T2025000626,2025-11-04,21:41:00,P0008,Ottogi Corn Syrup,Condiments,7,98.0,0.0,686.0
T2025000627,2025-11-04,16:48:00,P0267,Lotte Pepero White Cookie,Snacks,1,110.0,0.0,110.0
T2025000627,2025-11-04,16:48:00,P0273,Haitai  Plumcandy 130g,Snacks,3,95.0,0.0,285.0
T2025000627,2025-11-04,16:48:00,P0251,Oil Fried & Salted Peanuts,Snacks,9,185.0,0.0,1665.0
T2025000628,2025-11-04,08:31:00,P0016,Dongwon  Vegetable Tuna Can 150g 2Pcs,Dry Food,3,235.0,0.0,705.0
T2025000628,2025-11-04,08:31:00,P0018,(Kaya) Korean Rice 1.5Kg,Dry Food,7,190.0,0.0,1330.0
T2025000629,2025-11-04,09:11:00,P0192,Nongshim Soon Veggie Ramen,Noodles,6,58.0,0.1,313.2
T2025000629,2025-11-04,09:11:00,P0172,Ottogi Jin Hot Big Cup,Noodles,6,75.0,0.25,337.5
T2025000629,2025-11-04,09:11:00,P0158,Nongshim Shin Ramen Black,Noodles,7,92.0,0.05,611.8
T2025000629,2025-11-04,09:11:00,P0168,Samyang Carbo Buldak,Noodles,10,88.0,0.0,880.0
T2025000630,2025-11-04,08:35:00,P0292,Orion Goraebab Crackers,Snacks,4,75.0,0.0,300.0
T2025000630,2025-11-04,08:35:00,P0266,Bibigo Seaweed Crisps,Snacks,1,110.0,0.0,110.0
T2025000630,2025-11-04,08:35:00,P0269,Lotte Soft Strawberry Milk Candy 79g,Snacks,6,105.0,0.0,630.0
T2025000630,2025-11-04,08:35:00,P0280,Nongshim Potato Sticks,Snacks,9,85.0,0.0,765.0
T2025000631,2025-11-04,13:56:00,P0149,Binggrae Mango Milk,Liquor/Beverage,10,45.0,0.0,450.0
T2025000631,2025-11-04,13:56:00,P0141,Woongjin Yogurt Apple 340mL,Liquor/Beverage,6,60.0,0.0,360.0
T2025000631,2025-11-04,13:56:00,P0147,Binggrae Coffee Milk,Liquor/Beverage,2,48.0,0.0,96.0
T2025000632,2025-11-04,09:40:00,P0282,Orion Choco Boy,Snacks,10,85.0,0.0,850.0
T2025000632,2025-11-04,09:40:00,P0283,Orion Ogingo Ttangkong,Snacks,9,83.0,0.0,747.0
T2025000632,2025-11-04,09:40:00,P0263,Samlip Honey Castella,Snacks,9,120.0,0.0,1080.0
T2025000632,2025-11-04,09:40:00,P0259,Nongshim Sengseng U-Dong,Snacks,7,125.0,0.0,875.0
T2025000632,2025-11-04,09:40:00,P0279,Orion O! Karto Sweet Corn,Snacks,7,88.0,0.05,585.2
T2025000632,2025-11-04,09:40:00,P0272,Haitai  Sunkist Candy 125g,Snacks,4,95.0,0.25,285.0
T2025000633,2025-11-04,10:47:00,P0228,Sempio Gochujang (500g),Seasoned/Sauce/Powder,10,145.0,0.0,1450.0
T2025000633,2025-11-04,10:47:00,P0219,CJ Beksul Spicy Pork Sauce 500g,Seasoned/Sauce/Powder,7,240.0,0.0,1680.0
T2025000633,2025-11-04,10:47:00,P0241,CJ Anchovy Sauce 500g,Seasoned/Sauce/Powder,9,105.0,0.0,945.0
T2025000634,2025-11-04,15:55:00,P0061,Dried Anchovy Medium 100g,Food Fresh/Meat/Sidedish,4,240.0,0.15,816.0
T2025000634,2025-11-04,15:55:00,P0064,Kimbab Radish 400g,Food Fresh/Meat/Sidedish,1,185.0,0.0,185.0
T2025000634,2025-11-04,15:55:00,P0066,Imported Kimchi Big Tub 850g,Food Fresh/Meat/Sidedish,6,150.0,0.0,900.0
T2025000634,2025-11-04,15:55:00,P0062,Dried Anchovy Small 100g,Food Fresh/Meat/Sidedish,3,240.0,0.0,720.0
T2025000634,2025-11-04,15:55:00,P0070,Skinless Garlic 150G,Food Fresh/Meat/Sidedish,1,65.0,0.0,65.0
T2025000634,2025-11-04,15:55:00,P0067,Wasabi Radish Wrapper 340g,Food Fresh/Meat/Sidedish,10,145.0,0.2,1160.0
T2025000635,2025-11-04,17:45:00,P0286,Crown Caramel Maple Corn,Snacks,9,80.0,0.15,612.0
T2025000635,2025-11-04,17:45:00,P0298,Pepero White Cookie,Snacks,4,55.0,0.0,220.0
T2025000636,2025-11-04,19:06:00,P0177,Ottogi Beef Seaweed Soup Ramen,Noodles,2,70.0,0.05,133.0
T2025000636,2025-11-04,19:06:00,P0194,Shin Ramen Kimchi,Noodles,7,55.0,0.0,385.0
T2025000636,2025-11-04,19:06:00,P0159,Nongshim Neuguri Cup 111g,Noodles,3,90.0,0.0,270.0
T2025000636,2025-11-04,19:06:00,P0167,Samyang Cheese Buldak,Noodles,6,88.0,0.05,501.6
T2025000636,2025-11-04,19:06:00,P0205,Ottogi Yeul Ramen,Noodles,6,48.0,0.0,288.0
T2025000636,2025-11-04,19:06:00,P0211,Ottogi Jin Ramen Hot,Noodles,1,40.0,0.0,40.0
T2025000637,2025-11-04,18:52:00,P0186,Ottogi Chachelin Blackbean 145g,Noodles,3,60.0,0.0,180.0
T2025000637,2025-11-04,18:52:00,P0181,Paldo Bibim Cold Noodles,Noodles,2,65.0,0.0,130.0
T2025000637,2025-11-04,18:52:00,P0174,Ottogi Cheese Bokki Cup,Noodles,8,75.0,0.0,600.0
T2025000637,2025-11-04,18:52:00,P0163,Samyang Buldak Rose 140g,Noodles,1,88.0,0.15,74.8
T2025000637,2025-11-04,18:52:00,P0164,Samyang Buldak 4 Cheese 145g,Noodles,7,88.0,0.0,616.0
T2025000637,2025-11-04,18:52:00,P0187,Paldo Bibim Men,Noodles,2,60.0,0.0,120.0
T2025000638,2025-11-04,21:49:00,P0143,Nongshim Welchs Grape 355mL,Liquor/Beverage,4,60.0,0.0,240.0
T2025000638,2025-11-04,21:49:00,P0149,Binggrae Mango Milk,Liquor/Beverage,7,45.0,0.0,315.0
T2025000639,2025-11-04,16:39:00,P0149,Binggrae Mango Milk,Liquor/Beverage,6,45.0,0.15,229.5
T2025000639,2025-11-04,16:39:00,P0124,Terra Lager Beer 500mL,Liquor/Beverage,8,170.0,0.0,1360.0
T2025000639,2025-11-04,16:39:00,P0144,Nongshim Welchs Strawberry 355mL,Liquor/Beverage,9,60.0,0.25,405.0
T2025000640,2025-11-04,08:55:00,P0054,Chadolbagi Wagyu 500g,Food Fresh/Meat/Sidedish,5,475.0,0.0,2375.0
T2025000640,2025-11-04,08:55:00,P0049,Our Home Kimchi 1Kg,Food Fresh/Meat/Sidedish,9,320.5,0.0,2884.5
T2025000640,2025-11-04,08:55:00,P0059,Pork Belly (Samgyupsal) 500g,Food Fresh/Meat/Sidedish,6,275.0,0.1,1485.0
T2025000640,2025-11-04,08:55:00,P0063,Our Home Kimchi 1Kg Jar,Food Fresh/Meat/Sidedish,8,190.0,0.0,1520.0
T2025000640,2025-11-04,08:55:00,P0055,Beef Enoki Roll 500g,Food Fresh/Meat/Sidedish,6,410.0,0.0,2460.0
T2025000640,2025-11-04,08:55:00,P0068,Enoki Mushroom 150G 2Packs,Food Fresh/Meat/Sidedish,2,120.0,0.0,240.0
T2025000641,2025-11-04,12:41:00,P0146,Binggrae Yogurt Drink,Liquor/Beverage,1,55.0,0.0,55.0
T2025000641,2025-11-04,12:41:00,P0140,Woongjin Yogurt Peach 340mL,Liquor/Beverage,2,60.0,0.15,102.0
T2025000641,2025-11-04,12:41:00,P0143,Nongshim Welchs Grape 355mL,Liquor/Beverage,3,60.0,0.0,180.0
T2025000641,2025-11-04,12:41:00,P0145,Binggrae Melon Soda,Liquor/Beverage,3,60.0,0.0,180.0
T2025000642,2025-11-04,21:15:00,P0034,CJ  Cooked Rice,Dry Food,5,116.0,0.0,580.0
T2025000642,2025-11-04,21:15:00,P0029,CJ Beksul Pancake Flour,Dry Food,5,125.0,0.0,625.0
T2025000642,2025-11-04,21:15:00,P0023,Dongwon  Luncheon Meat 340g,Dry Food,5,155.0,0.0,775.0
T2025000642,2025-11-04,21:15:00,P0037,Ottogi Cup Spaghetti,Dry Food,2,110.0,0.0,220.0
T2025000642,2025-11-04,21:15:00,P0046,CJ Beksul Potato Starch,Dry Food,3,85.0,0.0,255.0
T2025000642,2025-11-04,21:15:00,P0035,CJ  Multi-Grains Cooked Rice 210g,Dry Food,7,110.0,0.0,770.0
T2025000643,2025-11-04,18:15:00,P0102,MWC Tteok Galbi Bar,Food Frozen,8,75.0,0.15,510.0
T2025000644,2025-11-04,15:41:00,P0072,Kongsarang Soft Tofu,Food Fresh/Meat/Sidedish,4,65.0,0.0,260.0
T2025000644,2025-11-04,15:41:00,P0055,Beef Enoki Roll 500g,Food Fresh/Meat/Sidedish,6,410.0,0.0,2460.0
T2025000644,2025-11-04,15:41:00,P0060,Homemade Spring Onion Kimchi 350g,Food Fresh/Meat/Sidedish,3,250.0,0.0,750.0
T2025000644,2025-11-04,15:41:00,P0053,Shine Spicy Pork Bulgogi Pack,Food Fresh/Meat/Sidedish,6,500.0,0.0,3000.0
T2025000644,2025-11-04,15:41:00,P0073,Perilla Leaves 2Packs,Food Fresh/Meat/Sidedish,3,40.0,0.0,120.0
T2025000645,2025-11-04,09:44:00,P0082,Daerim  Crab Sticks 1Kg,Food Frozen,2,350.0,0.0,700.0
T2025000645,2025-11-04,09:44:00,P0085,Bibigo Bulgogi Mandu,Food Frozen,5,280.0,0.0,1400.0
T2025000645,2025-11-04,09:44:00,P0075,Bibigo Mul Mandu 370g 2Packs,Food Frozen,10,695.0,0.25,5212.5
T2025000645,2025-11-04,09:44:00,P0104,Pepero Original,Food Frozen,6,55.0,0.25,247.5
T2025000646,2025-11-04,10:00:00,P0047,Dongwon Spicy Tuna,Dry Food,8,80.0,0.0,640.0
T2025000647,2025-11-04,21:59:00,P0115,Strawberry Milk 200mL 6Pcs,Liquor/Beverage,8,290.0,0.15,1972.0
T2025000647,2025-11-04,21:59:00,P0135,KSD Peach Rice Wine 750mL,Liquor/Beverage,3,105.0,0.15,267.75
T2025000647,2025-11-04,21:59:00,P0106,Mocha Gold Coffee 100Sticks,Liquor/Beverage,6,1100.0,0.0,6600.0
T2025000647,2025-11-04,21:59:00,P0122,Chamisul Original Soju,Liquor/Beverage,8,175.0,0.0,1400.0
T2025000648,2025-11-04,13:51:00,P0192,Nongshim Soon Veggie Ramen,Noodles,3,58.0,0.0,174.0
T2025000648,2025-11-04,13:51:00,P0187,Paldo Bibim Men,Noodles,7,60.0,0.05,399.0
T2025000648,2025-11-04,13:51:00,P0162,Ottogi Jin Jjampong,Noodles,3,90.0,0.25,202.5
T2025000648,2025-11-04,13:51:00,P0199,Paldo Koreno Shrimp Noodle,Noodles,1,50.0,0.0,50.0
T2025000648,2025-11-04,13:51:00,P0196,Paldo Cheese Ramen,Noodles,2,55.0,0.0,110.0
T2025000648,2025-11-04,13:51:00,P0200,Paldo Koreno Kimchi Noodle,Noodles,10,50.0,0.25,375.0
T2025000649,2025-11-04,13:07:00,P0286,Crown Caramel Maple Corn,Snacks,5,80.0,0.0,400.0
T2025000649,2025-11-04,13:07:00,P0263,Samlip Honey Castella,Snacks,10,120.0,0.0,1200.0
T2025000649,2025-11-04,13:07:00,P0253,Orion Market O Brownie,Snacks,6,170.0,0.0,1020.0
T2025000649,2025-11-04,13:07:00,P0278,Haitai O! Karto Chips,Snacks,4,88.0,0.0,352.0
T2025000649,2025-11-04,13:07:00,P0254,Honey Roasted Peanuts,Snacks,8,165.0,0.0,1320.0
T2025000649,2025-11-04,13:07:00,P0251,Oil Fried & Salted Peanuts,Snacks,5,185.0,0.0,925.0
T2025000650,2025-11-04,12:02:00,P0085,Bibigo Bulgogi Mandu,Food Frozen,1,280.0,0.0,280.0
T2025000651,2025-11-04,12:32:00,P0009,CJ Beksul Corn Syrup,Condiments,4,95.0,0.0,380.0
T2025000652,2025-11-04,19:05:00,P0157,Nongshim Yachae Ramyeon 100g,Noodles,1,93.0,0.0,93.0
T2025000652,2025-11-04,19:05:00,P0158,Nongshim Shin Ramen Black,Noodles,5,92.0,0.25,345.0
T2025000652,2025-11-04,19:05:00,P0165,Samyang Cream Carbo Buldak 140g,Noodles,8,88.0,0.0,704.0
T2025000652,2025-11-04,19:05:00,P0151,Samyang Buldak 4 Cheese Ramen 110g,Noodles,6,110.0,0.0,660.0
T2025000653,2025-11-04,19:16:00,P0199,Paldo Koreno Shrimp Noodle,Noodles,4,50.0,0.1,180.0
T2025000653,2025-11-04,19:16:00,P0189,Ottogi Bodle Cheese Ramen,Noodles,8,60.0,0.0,480.0
T2025000653,2025-11-04,19:16:00,P0165,Samyang Cream Carbo Buldak 140g,Noodles,3,88.0,0.0,264.0
T2025000653,2025-11-04,19:16:00,P0191,Paldo Teumsae Ramen,Noodles,6,60.0,0.0,360.0
T2025000653,2025-11-04,19:16:00,P0181,Paldo Bibim Cold Noodles,Noodles,6,65.0,0.0,390.0
T2025000654,2025-11-04,16:06:00,P0144,Nongshim Welchs Strawberry 355mL,Liquor/Beverage,5,60.0,0.2,240.0
T2025000654,2025-11-04,16:06:00,P0141,Woongjin Yogurt Apple 340mL,Liquor/Beverage,8,60.0,0.0,480.0
T2025000654,2025-11-04,16:06:00,P0143,Nongshim Welchs Grape 355mL,Liquor/Beverage,4,60.0,0.0,240.0
T2025000654,2025-11-04,16:06:00,P0130,Sunhari Apple 360mL,Liquor/Beverage,9,120.0,0.0,1080.0
T2025000654,2025-11-04,16:06:00,P0121,Lotte Chum Churum Soju,Liquor/Beverage,7,175.0,0.0,1225.0
T2025000654,2025-11-04,16:06:00,P0135,KSD Peach Rice Wine 750mL,Liquor/Beverage,1,105.0,0.0,105.0
T2025000655,2025-11-04,17:00:00,P0200,Paldo Koreno Kimchi Noodle,Noodles,7,50.0,0.0,350.0
T2025000655,2025-11-04,17:00:00,P0170,Ottogi Jin Jjajang,Noodles,5,80.0,0.0,400.0
T2025000655,2025-11-04,17:00:00,P0196,Paldo Cheese Ramen,Noodles,9,55.0,0.0,495.0
T2025000655,2025-11-04,17:00:00,P0205,Ottogi Yeul Ramen,Noodles,6,48.0,0.0,288.0
T2025000655,2025-11-04,17:00:00,P0160,Paldo Wang Cup Kimchi,Noodles,10,90.0,0.0,900.0
T2025000656,2025-11-04,21:47:00,P0040,Ottogi Sweet Corn 340g,Dry Food,5,95.0,0.0,475.0
T2025000656,2025-11-04,21:47:00,P0047,Dongwon Spicy Tuna,Dry Food,5,80.0,0.0,400.0
T2025000656,2025-11-04,21:47:00,P0015,(Dae Joo) Gochugaru 500g,Dry Food,7,255.0,0.0,1785.0
T2025000656,2025-11-04,21:47:00,P0023,Dongwon  Luncheon Meat 340g,Dry Food,4,155.0,0.0,620.0
T2025000656,2025-11-04,21:47:00,P0018,(Kaya) Korean Rice 1.5Kg,Dry Food,10,190.0,0.2,1520.0
T2025000657,2025-11-04,16:06:00,P0224,Seasoned Seaweed 200g,Seasoned/Sauce/Powder,8,190.0,0.05,1444.0
T2025000657,2025-11-04,16:06:00,P0223,Jin Soy Sauce For Soup 860mL,Seasoned/Sauce/Powder,4,205.0,0.0,820.0
T2025000657,2025-11-04,16:06:00,P0232,O'Food Tofu Stew Base,Seasoned/Sauce/Powder,4,135.0,0.0,540.0
T2025000658,2025-11-04,21:17:00,P0057,Jongga Pogi Kimchi 500g,Food Fresh/Meat/Sidedish,6,315.0,0.0,1890.0
T2025000658,2025-11-04,21:17:00,P0050,Boneless Rib Eye 250g,Food Fresh/Meat/Sidedish,8,750.0,0.0,6000.0
T2025000659,2025-11-04,14:46:00,P0099,Daerim  Chaw Spicy Stick 90g,Food Frozen,10,80.0,0.05,760.0
T2025000659,2025-11-04,14:46:00,P0100,Binggrae Ice Cream Sandwich,Food Frozen,7,80.0,0.0,560.0
T2025000660,2025-11-04,20:41:00,P0062,Dried Anchovy Small 100g,Food Fresh/Meat/Sidedish,6,240.0,0.0,1440.0
T2025000661,2025-11-04,11:57:00,P0004,O'Food Korean Chili Oil,Condiments,5,160.0,0.0,800.0
T2025000661,2025-11-04,11:57:00,P0005,Ottogi Gold Mayonnaise 300g,Condiments,5,150.0,0.0,750.0
T2025000662,2025-11-04,21:06:00,P0053,Shine Spicy Pork Bulgogi Pack,Food Fresh/Meat/Sidedish,1,500.0,0.05,475.0
T2025000663,2025-11-04,18:13:00,P0093,Bibigo Kimchi Fried Rice,Food Frozen,9,190.0,0.0,1710.0
T2025000663,2025-11-04,18:13:00,P0077,Daerim  Vienna Sausage 1Kg,Food Frozen,9,580.0,0.0,5220.0
T2025000663,2025-11-04,18:13:00,P0104,Pepero Original,Food Frozen,6,55.0,0.0,330.0
T2025000663,2025-11-04,18:13:00,P0101,Daerim  Fish Cake Stick,Food Frozen,1,77.0,0.0,77.0
T2025000664,2025-11-04,08:15:00,P0247,Choco Pie Green Tea 12Pcs,Snacks,2,200.0,0.15,340.0
T2025000664,2025-11-04,08:15:00,P0254,Honey Roasted Peanuts,Snacks,10,165.0,0.0,1650.0
T2025000664,2025-11-04,08:15:00,P0267,Lotte Pepero White Cookie,Snacks,9,110.0,0.2,792.0
T2025000664,2025-11-04,08:15:00,P0296,Lotte Cereal Choco,Snacks,4,55.0,0.0,220.0
T2025000665,2025-11-04,15:11:00,P0214,Jin Soy Sauce Rich & Savory 860mL,Seasoned/Sauce/Powder,4,315.0,0.0,1260.0
T2025000665,2025-11-04,15:11:00,P0237,O'Food Tteokbokki Sauce,Seasoned/Sauce/Powder,6,120.0,0.0,720.0
T2025000665,2025-11-04,15:11:00,P0242,CJ  Gochujang 200g,Seasoned/Sauce/Powder,8,100.0,0.0,800.0
T2025000665,2025-11-04,15:11:00,P0224,Seasoned Seaweed 200g,Seasoned/Sauce/Powder,9,190.0,0.0,1710.0
T2025000665,2025-11-04,15:11:00,P0232,O'Food Tofu Stew Base,Seasoned/Sauce/Powder,7,135.0,0.15,803.25
T2025000666,2025-11-04,09:40:00,P0052,Shine Beef Bulgogi Pack,Food Fresh/Meat/Sidedish,3,550.0,0.0,1650.0
T2025000666,2025-11-04,09:40:00,P0055,Beef Enoki Roll 500g,Food Fresh/Meat/Sidedish,3,410.0,0.0,1230.0
T2025000666,2025-11-04,09:40:00,P0057,Jongga Pogi Kimchi 500g,Food Fresh/Meat/Sidedish,3,315.0,0.0,945.0
T2025000666,2025-11-04,09:40:00,P0056,Us Beef Strips 500g,Food Fresh/Meat/Sidedish,7,375.0,0.0,2625.0
T2025000667,2025-11-04,19:34:00,P0159,Nongshim Neuguri Cup 111g,Noodles,9,90.0,0.0,810.0
T2025000667,2025-11-04,19:34:00,P0197,Nongshim Seafood Ramyun,Noodles,8,52.0,0.0,416.0
T2025000667,2025-11-04,19:34:00,P0209,Ottogi Kimchi Ramen,Noodles,9,40.0,0.0,360.0
T2025000667,2025-11-04,19:34:00,P0168,Samyang Carbo Buldak,Noodles,2,88.0,0.0,176.0
T2025000667,2025-11-04,19:34:00,P0199,Paldo Koreno Shrimp Noodle,Noodles,6,50.0,0.0,300.0
T2025000668,2025-11-04,16:43:00,P0093,Bibigo Kimchi Fried Rice,Food Frozen,10,190.0,0.05,1805.0
T2025000668,2025-11-04,16:43:00,P0086,CJ Bibigo Gyoza Dumplings,Food Frozen,4,270.0,0.0,1080.0
T2025000669,2025-11-04,18:12:00,P0143,Nongshim Welchs Grape 355mL,Liquor/Beverage,8,60.0,0.0,480.0
T2025000669,2025-11-04,18:12:00,P0141,Woongjin Yogurt Apple 340mL,Liquor/Beverage,2,60.0,0.0,120.0
T2025000669,2025-11-04,18:12:00,P0139,Paldo Pororo Juice,Liquor/Beverage,8,65.0,0.15,442.0
T2025000669,2025-11-04,18:12:00,P0140,Woongjin Yogurt Peach 340mL,Liquor/Beverage,5,60.0,0.0,300.0
T2025000670,2025-11-04,13:15:00,P0235,O'Food Kimchi Base Sauce,Seasoned/Sauce/Powder,8,130.0,0.0,1040.0
T2025000670,2025-11-04,13:15:00,P0234,CJ Beksul Spicy Pork Sauce 290g,Seasoned/Sauce/Powder,6,130.0,0.0,780.0
T2025000670,2025-11-04,13:15:00,P0240,Ottogi Spaghetti Sauce,Seasoned/Sauce/Powder,2,115.0,0.0,230.0
T2025000670,2025-11-04,13:15:00,P0242,CJ  Gochujang 200g,Seasoned/Sauce/Powder,7,100.0,0.0,700.0
T2025000670,2025-11-04,13:15:00,P0232,O'Food Tofu Stew Base,Seasoned/Sauce/Powder,9,135.0,0.0,1215.0
T2025000670,2025-11-04,13:15:00,P0241,CJ Anchovy Sauce 500g,Seasoned/Sauce/Powder,4,105.0,0.25,315.0
T2025000671,2025-11-04,12:03:00,P0008,Ottogi Corn Syrup,Condiments,5,98.0,0.2,392.0
T2025000672,2025-11-04,11:12:00,P0006,Chung Jung One Soy Sauce,Condiments,9,140.0,0.0,1260.0
T2025000672,2025-11-04,11:12:00,P0007,Samyang Spicy Mayo,Condiments,7,130.0,0.1,819.0
T2025000672,2025-11-04,11:12:00,P0008,Ottogi Corn Syrup,Condiments,8,98.0,0.0,784.0
T2025000672,2025-11-04,11:12:00,P0004,O'Food Korean Chili Oil,Condiments,2,160.0,0.0,320.0
T2025000673,2025-11-04,14:25:00,P0116,Maxim Mocha Gold Coffee Mix 20Pcs,Liquor/Beverage,7,275.0,0.0,1925.0
T2025000673,2025-11-04,14:25:00,P0115,Strawberry Milk 200mL 6Pcs,Liquor/Beverage,9,290.0,0.0,2610.0
T2025000674,2025-11-04,19:43:00,P0218,CJ Beksul Beef Bulgogi Sauce 500g,Seasoned/Sauce/Powder,8,250.0,0.0,2000.0
T2025000674,2025-11-04,19:43:00,P0231,O'Food Bulgogi Marinade,Seasoned/Sauce/Powder,2,145.0,0.0,290.0
T2025000674,2025-11-04,19:43:00,P0237,O'Food Tteokbokki Sauce,Seasoned/Sauce/Powder,6,120.0,0.0,720.0
T2025000675,2025-11-04,19:35:00,P0157,Nongshim Yachae Ramyeon 100g,Noodles,9,93.0,0.0,837.0
T2025000675,2025-11-04,19:35:00,P0158,Nongshim Shin Ramen Black,Noodles,6,92.0,0.0,552.0
T2025000675,2025-11-04,19:35:00,P0154,Nongshim Jjawang,Noodles,8,100.0,0.0,800.0
T2025000675,2025-11-04,19:35:00,P0167,Samyang Cheese Buldak,Noodles,1,88.0,0.0,88.0
T2025000675,2025-11-04,19:35:00,P0201,Sewoo Tang Small Cup,Noodles,10,50.0,0.0,500.0
T2025000676,2025-11-04,17:53:00,P0211,Ottogi Jin Ramen Hot,Noodles,9,40.0,0.0,360.0
T2025000676,2025-11-04,17:53:00,P0178,Samyang Mala Buldak,Noodles,1,70.0,0.0,70.0
T2025000676,2025-11-04,17:53:00,P0184,Nongshim Baehongdong Bibimyeon 137g,Noodles,5,61.0,0.0,305.0
T2025000676,2025-11-04,17:53:00,P0166,Samyang Buldak Original,Noodles,1,88.0,0.0,88.0
T2025000676,2025-11-04,17:53:00,P0209,Ottogi Kimchi Ramen,Noodles,1,40.0,0.0,40.0
T2025000677,2025-11-04,14:49:00,P0258,Orion Custard Choco Cake,Snacks,1,130.0,0.0,130.0
T2025000677,2025-11-04,14:49:00,P0270,Samlip Custard Cream Cake,Snacks,10,105.0,0.0,1050.0
T2025000677,2025-11-04,14:49:00,P0271,Orion Choco Chip Cookies,Snacks,5,100.0,0.0,500.0
T2025000677,2025-11-04,14:49:00,P0282,Orion Choco Boy,Snacks,9,85.0,0.0,765.0
T2025000678,2025-11-04,20:34:00,P0029,CJ Beksul Pancake Flour,Dry Food,9,125.0,0.0,1125.0
T2025000679,2025-11-04,17:24:00,P0222,CJ  Soybean Paste 1Kg,Seasoned/Sauce/Powder,9,208.0,0.15,1591.2
T2025000679,2025-11-04,17:24:00,P0239,Ottogi Curry Hot,Seasoned/Sauce/Powder,4,115.0,0.0,460.0
T2025000679,2025-11-04,17:24:00,P0233,O'Food Korean Fried Chicken Sauce,Seasoned/Sauce/Powder,4,135.0,0.0,540.0
T2025000679,2025-11-04,17:24:00,P0224,Seasoned Seaweed 200g,Seasoned/Sauce/Powder,7,190.0,0.0,1330.0
T2025000679,2025-11-04,17:24:00,P0226,CJ Beksul Sweet Korean Pancake Mix 400g,Seasoned/Sauce/Powder,8,155.0,0.0,1240.0
T2025000680,2025-11-04,15:31:00,P0105,White Gold Coffee 100Sticks,Liquor/Beverage,3,1150.0,0.0,3450.0
T2025000680,2025-11-04,15:31:00,P0116,Maxim Mocha Gold Coffee Mix 20Pcs,Liquor/Beverage,2,275.0,0.0,550.0
T2025000680,2025-11-04,15:31:00,P0139,Paldo Pororo Juice,Liquor/Beverage,3,65.0,0.0,195.0
T2025000680,2025-11-04,15:31:00,P0149,Binggrae Mango Milk,Liquor/Beverage,6,45.0,0.0,270.0
T2025000680,2025-11-04,15:31:00,P0110,Mitte Hot Choco Original 300g,Liquor/Beverage,6,370.0,0.0,2220.0
T2025000680,2025-11-04,15:31:00,P0138,Kirin Ichiban Beer 330mL,Liquor/Beverage,8,68.0,0.1,489.6
T2025000681,2025-11-04,19:46:00,P0240,Ottogi Spaghetti Sauce,Seasoned/Sauce/Powder,5,115.0,0.0,575.0
T2025000681,2025-11-04,19:46:00,P0215,Ottogi Wasabi Powder 300g,Seasoned/Sauce/Powder,6,290.0,0.0,1740.0
T2025000681,2025-11-04,19:46:00,P0217,Ottogi Roasted Sesame Seeds 200g,Seasoned/Sauce/Powder,5,255.0,0.25,956.25
T2025000682,2025-11-04,13:17:00,P0026,Yopokki Sweet & Spicy 280g,Dry Food,3,145.0,0.0,435.0
T2025000682,2025-11-04,13:17:00,P0010,Daerim  Big Smoke Ham 1Kg,Dry Food,6,480.0,0.0,2880.0
T2025000682,2025-11-04,13:17:00,P0043,CJ Hetbahn Cooked Barley,Dry Food,8,95.0,0.0,760.0
T2025000682,2025-11-04,13:17:00,P0033,CJ Beksul Frying Mix,Dry Food,2,120.0,0.0,240.0
T2025000683,2025-11-04,08:53:00,P0031,Yopokki Cheese Cup 120g,Dry Food,5,120.0,0.05,570.0
T2025000683,2025-11-04,08:53:00,P0020,CJ Beksul Hotteok Mix,Dry Food,9,185.0,0.0,1665.0
T2025000683,2025-11-04,08:53:00,P0039,Ottogi 3Mins Curry,Dry Food,7,99.0,0.0,693.0
T2025000683,2025-11-04,08:53:00,P0043,CJ Hetbahn Cooked Barley,Dry Food,6,95.0,0.15,484.5
T2025000684,2025-11-04,13:59:00,P0025,Sempio Yellow Peach In Can 400g,Dry Food,2,145.0,0.0,290.0
T2025000684,2025-11-04,13:59:00,P0030,Yopokki Onion Butter 120g Cup,Dry Food,4,120.0,0.0,480.0
T2025000685,2025-11-04,15:26:00,P0143,Nongshim Welchs Grape 355mL,Liquor/Beverage,3,60.0,0.0,180.0
T2025000685,2025-11-04,15:26:00,P0127,Lets Be Mild Coffee Can 4Pcs,Liquor/Beverage,1,128.0,0.0,128.0
T2025000686,2025-11-04,12:59:00,P0167,Samyang Cheese Buldak,Noodles,2,88.0,0.0,176.0
T2025000686,2025-11-04,12:59:00,P0171,Tempura Udon Big Cup,Noodles,1,75.0,0.0,75.0
T2025000686,2025-11-04,12:59:00,P0193,Paldo Gomtang Ramen,Noodles,5,56.0,0.0,280.0
T2025000686,2025-11-04,12:59:00,P0182,Paldo Ilpoom Jjajang,Noodles,5,65.0,0.0,325.0
T2025000686,2025-11-04,12:59:00,P0169,Samyang Buldak Stew Type 145g,Noodles,5,80.0,0.1,360.0
T2025000686,2025-11-04,12:59:00,P0179,Ottogi Ramen Bokki Cup,Noodles,10,69.0,0.0,690.0
T2025000687,2025-11-04,12:16:00,P0001,Ottogi Sesame Oil 500mL,Condiments,7,590.5,0.0,4133.5
T2025000687,2025-11-04,12:16:00,P0003,Sempio Sesame Oil,Condiments,7,185.0,0.0,1295.0
T2025000688,2025-11-04,14:48:00,P0063,Our Home Kimchi 1Kg Jar,Food Fresh/Meat/Sidedish,3,190.0,0.0,570.0
T2025000688,2025-11-04,14:48:00,P0055,Beef Enoki Roll 500g,Food Fresh/Meat/Sidedish,7,410.0,0.0,2870.0
T2025000688,2025-11-04,14:48:00,P0054,Chadolbagi Wagyu 500g,Food Fresh/Meat/Sidedish,9,475.0,0.0,4275.0
T2025000688,2025-11-04,14:48:00,P0068,Enoki Mushroom 150G 2Packs,Food Fresh/Meat/Sidedish,6,120.0,0.0,720.0
T2025000688,2025-11-04,14:48:00,P0052,Shine Beef Bulgogi Pack,Food Fresh/Meat/Sidedish,1,550.0,0.0,550.0
T2025000689,2025-11-04,14:34:00,P0110,Mitte Hot Choco Original 300g,Liquor/Beverage,10,370.0,0.0,3700.0
T2025000689,2025-11-04,14:34:00,P0128,Chamiseul Fresh 360mL,Liquor/Beverage,4,120.0,0.0,480.0
T2025000689,2025-11-04,14:34:00,P0119,Sempio Yuzu Tea,Liquor/Beverage,4,250.0,0.0,1000.0
T2025000689,2025-11-04,14:34:00,P0148,Binggrae Strawberry Milk,Liquor/Beverage,1,45.0,0.0,45.0
T2025000690,2025-11-04,17:47:00,P0094,MWC Frank Sausage 5Pcs,Food Frozen,4,173.0,0.0,692.0
T2025000690,2025-11-04,17:47:00,P0087,Bibigo Crispy Seaweed Roll,Food Frozen,10,260.0,0.0,2600.0
T2025000690,2025-11-04,17:47:00,P0089,Jongga Rice Cake 1Kg,Food Frozen,6,230.0,0.0,1380.0
T2025000690,2025-11-04,17:47:00,P0096,Daerim  Vienna Sausage 170g,Food Frozen,9,145.0,0.2,1044.0
T2025000690,2025-11-04,17:47:00,P0090,Nongmin Rice Cake 1Kg,Food Frozen,7,220.0,0.0,1540.0
T2025000690,2025-11-04,17:47:00,P0100,Binggrae Ice Cream Sandwich,Food Frozen,2,80.0,0.0,160.0
T2025000691,2025-11-04,12:15:00,P0066,Imported Kimchi Big Tub 850g,Food Fresh/Meat/Sidedish,9,150.0,0.0,1350.0
T2025000692,2025-11-04,09:58:00,P0061,Dried Anchovy Medium 100g,Food Fresh/Meat/Sidedish,7,240.0,0.0,1680.0
T2025000692,2025-11-04,09:58:00,P0057,Jongga Pogi Kimchi 500g,Food Fresh/Meat/Sidedish,1,315.0,0.0,315.0
T2025000692,2025-11-04,09:58:00,P0067,Wasabi Radish Wrapper 340g,Food Fresh/Meat/Sidedish,1,145.0,0.0,145.0
T2025000692,2025-11-04,09:58:00,P0055,Beef Enoki Roll 500g,Food Fresh/Meat/Sidedish,8,410.0,0.0,3280.0
T2025000693,2025-11-04,11:26:00,P0007,Samyang Spicy Mayo,Condiments,6,130.0,0.0,780.0
T2025000694,2025-11-04,14:39:00,P0167,Samyang Cheese Buldak,Noodles,7,88.0,0.0,616.0
T2025000694,2025-11-04,14:39:00,P0176,Ottogi Cheese Bokki Cup,Noodles,8,72.0,0.0,576.0
T2025000694,2025-11-04,14:39:00,P0179,Ottogi Ramen Bokki Cup,Noodles,6,69.0,0.0,414.0
T2025000694,2025-11-04,14:39:00,P0158,Nongshim Shin Ramen Black,Noodles,5,92.0,0.0,460.0
T2025000694,2025-11-04,14:39:00,P0207,Ottogi Yeul Ramen 120g,Noodles,4,40.0,0.0,160.0
T2025000695,2025-11-04,20:04:00,P0177,Ottogi Beef Seaweed Soup Ramen,Noodles,9,70.0,0.0,630.0
T2025000695,2025-11-04,20:04:00,P0211,Ottogi Jin Ramen Hot,Noodles,10,40.0,0.0,400.0
T2025000695,2025-11-04,20:04:00,P0172,Ottogi Jin Hot Big Cup,Noodles,6,75.0,0.0,450.0
T2025000695,2025-11-04,20:04:00,P0201,Sewoo Tang Small Cup,Noodles,8,50.0,0.0,400.0
T2025000695,2025-11-04,20:04:00,P0186,Ottogi Chachelin Blackbean 145g,Noodles,5,60.0,0.0,300.0
T2025000696,2025-11-04,19:51:00,P0105,White Gold Coffee 100Sticks,Liquor/Beverage,9,1150.0,0.0,10350.0
T2025000696,2025-11-04,19:51:00,P0144,Nongshim Welchs Strawberry 355mL,Liquor/Beverage,1,60.0,0.0,60.0
T2025000697,2025-11-05,21:28:00,P0186,Ottogi Chachelin Blackbean 145g,Noodles,3,60.0,0.0,180.0
T2025000697,2025-11-05,21:28:00,P0184,Nongshim Baehongdong Bibimyeon 137g,Noodles,6,61.0,0.0,366.0
T2025000697,2025-11-05,21:28:00,P0198,Paldo Koreno Beef Noodle 100g,Noodles,1,50.0,0.0,50.0
T2025000698,2025-11-05,13:55:00,P0025,Sempio Yellow Peach In Can 400g,Dry Food,5,145.0,0.0,725.0
T2025000698,2025-11-05,13:55:00,P0048,Dongwon Light Tuna,Dry Food,7,75.0,0.0,525.0
T2025000698,2025-11-05,13:55:00,P0016,Dongwon  Vegetable Tuna Can 150g 2Pcs,Dry Food,6,235.0,0.0,1410.0
T2025000699,2025-11-05,08:00:00,P0092,Daerim  Crab Stick 500g,Food Frozen,9,210.0,0.0,1890.0
T2025000699,2025-11-05,08:00:00,P0096,Daerim  Vienna Sausage 170g,Food Frozen,10,145.0,0.0,1450.0
T2025000699,2025-11-05,08:00:00,P0085,Bibigo Bulgogi Mandu,Food Frozen,10,280.0,0.0,2800.0
T2025000699,2025-11-05,08:00:00,P0084,Assi Vegetable Dumplings 675g,Food Frozen,8,285.0,0.0,2280.0
T2025000700,2025-11-05,14:37:00,P0056,Us Beef Strips 500g,Food Fresh/Meat/Sidedish,6,375.0,0.0,2250.0
T2025000700,2025-11-05,14:37:00,P0051,Us Premium Rib Eye 500g,Food Fresh/Meat/Sidedish,3,725.0,0.0,2175.0
T2025000701,2025-11-05,15:29:00,P0296,Lotte Cereal Choco,Snacks,3,55.0,0.0,165.0
T2025000702,2025-11-05,16:51:00,P0214,Jin Soy Sauce Rich & Savory 860mL,Seasoned/Sauce/Powder,6,315.0,0.0,1890.0
T2025000702,2025-11-05,16:51:00,P0220,CJ  Tteokbokki Sauce 150G 2Pcs,Seasoned/Sauce/Powder,8,235.0,0.0,1880.0
T2025000703,2025-11-05,15:57:00,P0223,Jin Soy Sauce For Soup 860mL,Seasoned/Sauce/Powder,2,205.0,0.0,410.0
T2025000703,2025-11-05,15:57:00,P0241,CJ Anchovy Sauce 500g,Seasoned/Sauce/Powder,4,105.0,0.0,420.0
T2025000703,2025-11-05,15:57:00,P0220,CJ  Tteokbokki Sauce 150G 2Pcs,Seasoned/Sauce/Powder,7,235.0,0.0,1645.0
T2025000703,2025-11-05,15:57:00,P0227,CJ Beksul Beef Bulgogi Sauce 290g,Seasoned/Sauce/Powder,8,150.0,0.0,1200.0
T2025000703,2025-11-05,15:57:00,P0212,Beef Dasida (Soup Stock) 1Kg,Seasoned/Sauce/Powder,7,550.0,0.0,3850.0
T2025000703,2025-11-05,15:57:00,P0225,Chung Jung One Soybean Paste,Seasoned/Sauce/Powder,8,160.0,0.0,1280.0
T2025000704,2025-11-05,08:19:00,P0101,Daerim  Fish Cake Stick,Food Frozen,4,77.0,0.0,308.0
T2025000704,2025-11-05,08:19:00,P0081,Assi Shrimp Wanton 600g,Food Frozen,2,400.0,0.0,800.0
T2025000704,2025-11-05,08:19:00,P0094,MWC Frank Sausage 5Pcs,Food Frozen,1,173.0,0.0,173.0
T2025000704,2025-11-05,08:19:00,P0093,Bibigo Kimchi Fried Rice,Food Frozen,7,190.0,0.0,1330.0
T2025000704,2025-11-05,08:19:00,P0100,Binggrae Ice Cream Sandwich,Food Frozen,6,80.0,0.0,480.0
T2025000705,2025-11-05,21:22:00,P0098,Daerim  Crabstick 216g,Food Frozen,1,98.0,0.0,98.0
T2025000705,2025-11-05,21:22:00,P0082,Daerim  Crab Sticks 1Kg,Food Frozen,8,350.0,0.0,2800.0
T2025000705,2025-11-05,21:22:00,P0087,Bibigo Crispy Seaweed Roll,Food Frozen,7,260.0,0.0,1820.0
T2025000706,2025-11-05,21:50:00,P0264,Lotte Ghana Dark Chocolate,Snacks,9,115.0,0.0,1035.0
T2025000706,2025-11-05,21:50:00,P0296,Lotte Cereal Choco,Snacks,10,55.0,0.0,550.0
T2025000706,2025-11-05,21:50:00,P0260,Binch Biscuit,Snacks,3,120.0,0.0,360.0
T2025000706,2025-11-05,21:50:00,P0247,Choco Pie Green Tea 12Pcs,Snacks,5,200.0,0.0,1000.0
T2025000706,2025-11-05,21:50:00,P0262,Orion Custard Pineapple,Snacks,4,120.0,0.0,480.0
T2025000706,2025-11-05,21:50:00,P0259,Nongshim Sengseng U-Dong,Snacks,10,125.0,0.2,1000.0
T2025000707,2025-11-05,21:00:00,P0218,CJ Beksul Beef Bulgogi Sauce 500g,Seasoned/Sauce/Powder,8,250.0,0.0,2000.0
T2025000707,2025-11-05,21:00:00,P0222,CJ  Soybean Paste 1Kg,Seasoned/Sauce/Powder,7,208.0,0.0,1456.0
T2025000707,2025-11-05,21:00:00,P0232,O'Food Tofu Stew Base,Seasoned/Sauce/Powder,1,135.0,0.15,114.75
T2025000707,2025-11-05,21:00:00,P0242,CJ  Gochujang 200g,Seasoned/Sauce/Powder,10,100.0,0.2,800.0
T2025000707,2025-11-05,21:00:00,P0226,CJ Beksul Sweet Korean Pancake Mix 400g,Seasoned/Sauce/Powder,6,155.0,0.0,930.0
T2025000707,2025-11-05,21:00:00,P0228,Sempio Gochujang (500g),Seasoned/Sauce/Powder,3,145.0,0.0,435.0
T2025000708,2025-11-05,20:37:00,P0020,CJ Beksul Hotteok Mix,Dry Food,4,185.0,0.0,740.0
T2025000708,2025-11-05,20:37:00,P0019,Haepyo Crispy Seaweed 9Pcs,Dry Food,2,188.0,0.0,376.0
T2025000709,2025-11-05,12:15:00,P0269,Lotte Soft Strawberry Milk Candy 79g,Snacks,7,105.0,0.0,735.0
T2025000710,2025-11-05,16:27:00,P0276,Orion Sun Chips Korean BBQ,Snacks,3,90.0,0.0,270.0
T2025000710,2025-11-05,16:27:00,P0255,Bibigo Crispy Seaweed Snack,Snacks,6,140.0,0.0,840.0
T2025000710,2025-11-05,16:27:00,P0260,Binch Biscuit,Snacks,9,120.0,0.0,1080.0
T2025000711,2025-11-05,14:52:00,P0095,Samlip Fish Cake Sheets,Food Frozen,5,150.0,0.0,750.0
T2025000711,2025-11-05,14:52:00,P0100,Binggrae Ice Cream Sandwich,Food Frozen,4,80.0,0.0,320.0
T2025000711,2025-11-05,14:52:00,P0085,Bibigo Bulgogi Mandu,Food Frozen,2,280.0,0.0,560.0
T2025000712,2025-11-05,18:47:00,P0083,Moguchon Smoked Bacon 200g,Food Frozen,3,320.0,0.0,960.0
T2025000712,2025-11-05,18:47:00,P0104,Pepero Original,Food Frozen,7,55.0,0.0,385.0
T2025000712,2025-11-05,18:47:00,P0080,Samyang Buldak Original Spicy Mandu 700g,Food Frozen,9,410.0,0.0,3690.0
T2025000712,2025-11-05,18:47:00,P0081,Assi Shrimp Wanton 600g,Food Frozen,5,400.0,0.0,2000.0
T2025000713,2025-11-05,11:14:00,P0001,Ottogi Sesame Oil 500mL,Condiments,6,590.5,0.0,3543.0
T2025000713,2025-11-05,11:14:00,P0003,Sempio Sesame Oil,Condiments,5,185.0,0.0,925.0
T2025000713,2025-11-05,11:14:00,P0009,CJ Beksul Corn Syrup,Condiments,7,95.0,0.0,665.0
T2025000713,2025-11-05,11:14:00,P0008,Ottogi Corn Syrup,Condiments,9,98.0,0.0,882.0
T2025000713,2025-11-05,11:14:00,P0005,Ottogi Gold Mayonnaise 300g,Condiments,8,150.0,0.0,1200.0
T2025000714,2025-11-05,16:23:00,P0066,Imported Kimchi Big Tub 850g,Food Fresh/Meat/Sidedish,7,150.0,0.0,1050.0
T2025000714,2025-11-05,16:23:00,P0052,Shine Beef Bulgogi Pack,Food Fresh/Meat/Sidedish,10,550.0,0.0,5500.0
T2025000714,2025-11-05,16:23:00,P0058,Homemade Kimchi 850g,Food Fresh/Meat/Sidedish,9,290.0,0.0,2610.0
T2025000715,2025-11-05,17:11:00,P0009,CJ Beksul Corn Syrup,Condiments,5,95.0,0.0,475.0
T2025000715,2025-11-05,17:11:00,P0006,Chung Jung One Soy Sauce,Condiments,8,140.0,0.0,1120.0
T2025000716,2025-11-05,10:54:00,P0186,Ottogi Chachelin Blackbean 145g,Noodles,1,60.0,0.0,60.0
T2025000716,2025-11-05,10:54:00,P0198,Paldo Koreno Beef Noodle 100g,Noodles,6,50.0,0.0,300.0
T2025000716,2025-11-05,10:54:00,P0165,Samyang Cream Carbo Buldak 140g,Noodles,7,88.0,0.0,616.0
T2025000716,2025-11-05,10:54:00,P0152,Samyang Buldak Original Cup,Noodles,1,110.0,0.0,110.0
T2025000716,2025-11-05,10:54:00,P0173,Nongshim Jjapageti,Noodles,1,75.0,0.0,75.0
T2025000717,2025-11-05,18:42:00,P0054,Chadolbagi Wagyu 500g,Food Fresh/Meat/Sidedish,3,475.0,0.0,1425.0
T2025000717,2025-11-05,18:42:00,P0073,Perilla Leaves 2Packs,Food Fresh/Meat/Sidedish,9,40.0,0.0,360.0
T2025000718,2025-11-05,20:25:00,P0079,Daerim  Kimbab Ham 1Kg,Food Frozen,2,480.0,0.0,960.0
T2025000718,2025-11-05,20:25:00,P0074,Bibigo Fried Dumplings 450g,Food Frozen,9,740.0,0.0,6660.0
T2025000718,2025-11-05,20:25:00,P0087,Bibigo Crispy Seaweed Roll,Food Frozen,1,260.0,0.0,260.0
T2025000718,2025-11-05,20:25:00,P0102,MWC Tteok Galbi Bar,Food Frozen,4,75.0,0.0,300.0
T2025000718,2025-11-05,20:25:00,P0100,Binggrae Ice Cream Sandwich,Food Frozen,7,80.0,0.0,560.0
T2025000719,2025-11-05,14:36:00,P0059,Pork Belly (Samgyupsal) 500g,Food Fresh/Meat/Sidedish,5,275.0,0.0,1375.0
T2025000719,2025-11-05,14:36:00,P0065,Sempio Spicy Stir-Fried Dried Squid,Food Fresh/Meat/Sidedish,8,175.0,0.0,1400.0
T2025000720,2025-11-05,12:21:00,P0173,Nongshim Jjapageti,Noodles,3,75.0,0.0,225.0
T2025000720,2025-11-05,12:21:00,P0156,Nongshim Ramyun King Bowl,Noodles,9,95.0,0.0,855.0
T2025000720,2025-11-05,12:21:00,P0200,Paldo Koreno Kimchi Noodle,Noodles,1,50.0,0.0,50.0
T2025000720,2025-11-05,12:21:00,P0186,Ottogi Chachelin Blackbean 145g,Noodles,4,60.0,0.0,240.0
T2025000720,2025-11-05,12:21:00,P0166,Samyang Buldak Original,Noodles,5,88.0,0.15,374.0
T2025000720,2025-11-05,12:21:00,P0192,Nongshim Soon Veggie Ramen,Noodles,10,58.0,0.05,551.0
T2025000721,2025-11-05,19:14:00,P0042,CJ Hetbahn Brown Rice,Dry Food,2,95.0,0.2,152.0
T2025000721,2025-11-05,19:14:00,P0046,CJ Beksul Potato Starch,Dry Food,6,85.0,0.0,510.0
T2025000721,2025-11-05,19:14:00,P0047,Dongwon Spicy Tuna,Dry Food,1,80.0,0.0,80.0
T2025000721,2025-11-05,19:14:00,P0024,O'Food Kimchi Soup Mix,Dry Food,9,150.0,0.0,1350.0
T2025000721,2025-11-05,19:14:00,P0021,Bibigo Kimbab Kim 10Sheets,Dry Food,6,161.0,0.0,966.0
T2025000721,2025-11-05,19:14:00,P0027,Yopokki Cheese 240g,Dry Food,6,145.0,0.0,870.0
T2025000722,2025-11-05,18:05:00,P0033,CJ Beksul Frying Mix,Dry Food,10,120.0,0.0,1200.0
T2025000722,2025-11-05,18:05:00,P0025,Sempio Yellow Peach In Can 400g,Dry Food,7,145.0,0.0,1015.0
T2025000723,2025-11-05,19:56:00,P0194,Shin Ramen Kimchi,Noodles,5,55.0,0.0,275.0
T2025000724,2025-11-05,11:11:00,P0008,Ottogi Corn Syrup,Condiments,6,98.0,0.15,499.8
T2025000725,2025-11-05,20:05:00,P0004,O'Food Korean Chili Oil,Condiments,2,160.0,0.0,320.0
T2025000725,2025-11-05,20:05:00,P0009,CJ Beksul Corn Syrup,Condiments,3,95.0,0.0,285.0
T2025000726,2025-11-05,19:26:00,P0191,Paldo Teumsae Ramen,Noodles,2,60.0,0.0,120.0
T2025000726,2025-11-05,19:26:00,P0163,Samyang Buldak Rose 140g,Noodles,1,88.0,0.0,88.0
T2025000726,2025-11-05,19:26:00,P0205,Ottogi Yeul Ramen,Noodles,5,48.0,0.2,192.0
T2025000727,2025-11-05,16:46:00,P0220,CJ  Tteokbokki Sauce 150G 2Pcs,Seasoned/Sauce/Powder,8,235.0,0.0,1880.0
T2025000727,2025-11-05,16:46:00,P0218,CJ Beksul Beef Bulgogi Sauce 500g,Seasoned/Sauce/Powder,1,250.0,0.0,250.0
T2025000727,2025-11-05,16:46:00,P0231,O'Food Bulgogi Marinade,Seasoned/Sauce/Powder,9,145.0,0.0,1305.0
T2025000727,2025-11-05,16:46:00,P0214,Jin Soy Sauce Rich & Savory 860mL,Seasoned/Sauce/Powder,4,315.0,0.0,1260.0
T2025000727,2025-11-05,16:46:00,P0236,CJ  Soybean Paste 500g,Seasoned/Sauce/Powder,3,123.0,0.0,369.0
T2025000728,2025-11-05,14:09:00,P0206,Nongshim Chapagetti,Noodles,3,45.0,0.0,135.0
T2025000728,2025-11-05,14:09:00,P0171,Tempura Udon Big Cup,Noodles,6,75.0,0.05,427.5
T2025000728,2025-11-05,14:09:00,P0158,Nongshim Shin Ramen Black,Noodles,4,92.0,0.0,368.0
T2025000728,2025-11-05,14:09:00,P0155,Nongshim Dungji Mul Nengmyeon (Cold Noodle),Noodles,3,95.0,0.0,285.0
T2025000729,2025-11-05,16:41:00,P0268,Samlip Walnut Pie,Snacks,2,110.0,0.0,220.0
T2025000729,2025-11-05,16:41:00,P0296,Lotte Cereal Choco,Snacks,4,55.0,0.0,220.0
T2025000730,2025-11-05,11:39:00,P0006,Chung Jung One Soy Sauce,Condiments,6,140.0,0.0,840.0
T2025000730,2025-11-05,11:39:00,P0009,CJ Beksul Corn Syrup,Condiments,6,95.0,0.0,570.0
T2025000730,2025-11-05,11:39:00,P0001,Ottogi Sesame Oil 500mL,Condiments,6,590.5,0.0,3543.0
T2025000730,2025-11-05,11:39:00,P0003,Sempio Sesame Oil,Condiments,4,185.0,0.0,740.0
T2025000731,2025-11-05,14:28:00,P0010,Daerim  Big Smoke Ham 1Kg,Dry Food,8,480.0,0.0,3840.0
T2025000731,2025-11-05,14:28:00,P0037,Ottogi Cup Spaghetti,Dry Food,8,110.0,0.0,880.0
T2025000732,2025-11-05,14:34:00,P0029,CJ Beksul Pancake Flour,Dry Food,3,125.0,0.0,375.0
T2025000732,2025-11-05,14:34:00,P0047,Dongwon Spicy Tuna,Dry Food,1,80.0,0.0,80.0
T2025000732,2025-11-05,14:34:00,P0048,Dongwon Light Tuna,Dry Food,5,75.0,0.0,375.0
T2025000733,2025-11-05,18:37:00,P0079,Daerim  Kimbab Ham 1Kg,Food Frozen,6,480.0,0.0,2880.0
T2025000734,2025-11-05,16:49:00,P0133,Sunhari Blueberry 360mL,Liquor/Beverage,10,120.0,0.0,1200.0
T2025000734,2025-11-05,16:49:00,P0111,Maxim Kanu Ice Latte 10 Sticks,Liquor/Beverage,4,360.0,0.0,1440.0
T2025000734,2025-11-05,16:49:00,P0113,Binggre Melon Milk 200mL 6Pcs,Liquor/Beverage,1,290.0,0.0,290.0
T2025000734,2025-11-05,16:49:00,P0149,Binggrae Mango Milk,Liquor/Beverage,1,45.0,0.0,45.0
T2025000735,2025-11-05,09:23:00,P0055,Beef Enoki Roll 500g,Food Fresh/Meat/Sidedish,7,410.0,0.0,2870.0
T2025000736,2025-11-05,18:25:00,P0072,Kongsarang Soft Tofu,Food Fresh/Meat/Sidedish,7,65.0,0.0,455.0
T2025000737,2025-11-05,13:01:00,P0097,Daerim  Cheese Vienna Sausage 105g,Food Frozen,4,120.0,0.0,480.0
T2025000737,2025-11-05,13:01:00,P0090,Nongmin Rice Cake 1Kg,Food Frozen,9,220.0,0.0,1980.0
T2025000737,2025-11-05,13:01:00,P0094,MWC Frank Sausage 5Pcs,Food Frozen,4,173.0,0.0,692.0
T2025000737,2025-11-05,13:01:00,P0077,Daerim  Vienna Sausage 1Kg,Food Frozen,10,580.0,0.0,5800.0
T2025000737,2025-11-05,13:01:00,P0099,Daerim  Chaw Spicy Stick 90g,Food Frozen,10,80.0,0.0,800.0
T2025000737,2025-11-05,13:01:00,P0089,Jongga Rice Cake 1Kg,Food Frozen,6,230.0,0.0,1380.0
T2025000738,2025-11-05,21:23:00,P0006,Chung Jung One Soy Sauce,Condiments,10,140.0,0.0,1400.0
T2025000738,2025-11-05,21:23:00,P0004,O'Food Korean Chili Oil,Condiments,8,160.0,0.0,1280.0
T2025000738,2025-11-05,21:23:00,P0009,CJ Beksul Corn Syrup,Condiments,4,95.0,0.0,380.0
T2025000739,2025-11-05,16:33:00,P0167,Samyang Cheese Buldak,Noodles,8,88.0,0.0,704.0
T2025000739,2025-11-05,16:33:00,P0152,Samyang Buldak Original Cup,Noodles,1,110.0,0.0,110.0
T2025000739,2025-11-05,16:33:00,P0184,Nongshim Baehongdong Bibimyeon 137g,Noodles,5,61.0,0.0,305.0
T2025000740,2025-11-05,18:51:00,P0066,Imported Kimchi Big Tub 850g,Food Fresh/Meat/Sidedish,3,150.0,0.0,450.0
T2025000740,2025-11-05,18:51:00,P0050,Boneless Rib Eye 250g,Food Fresh/Meat/Sidedish,9,750.0,0.0,6750.0
T2025000740,2025-11-05,18:51:00,P0062,Dried Anchovy Small 100g,Food Fresh/Meat/Sidedish,6,240.0,0.0,1440.0
T2025000740,2025-11-05,18:51:00,P0052,Shine Beef Bulgogi Pack,Food Fresh/Meat/Sidedish,10,550.0,0.0,5500.0
T2025000741,2025-11-05,21:27:00,P0006,Chung Jung One Soy Sauce,Condiments,9,140.0,0.0,1260.0
T2025000742,2025-11-05,09:37:00,P0137,Hite Beer Can,Liquor/Beverage,8,80.0,0.0,640.0
T2025000742,2025-11-05,09:37:00,P0125,Jinro Fresh Soju,Liquor/Beverage,7,170.0,0.0,1190.0
T2025000742,2025-11-05,09:37:00,P0106,Mocha Gold Coffee 100Sticks,Liquor/Beverage,4,1100.0,0.0,4400.0
T2025000742,2025-11-05,09:37:00,P0114,Banana Milk 200mL 6Pcs,Liquor/Beverage,9,290.0,0.0,2610.0
T2025000742,2025-11-05,09:37:00,P0133,Sunhari Blueberry 360mL,Liquor/Beverage,7,120.0,0.0,840.0
T2025000743,2025-11-05,21:14:00,P0205,Ottogi Yeul Ramen,Noodles,5,48.0,0.0,240.0
T2025000743,2025-11-05,21:14:00,P0193,Paldo Gomtang Ramen,Noodles,9,56.0,0.0,504.0
T2025000743,2025-11-05,21:14:00,P0175,Samyang Jjajang Hot Chicken,Noodles,10,75.0,0.0,750.0
T2025000744,2025-11-05,18:06:00,P0056,Us Beef Strips 500g,Food Fresh/Meat/Sidedish,1,375.0,0.0,375.0
T2025000744,2025-11-05,18:06:00,P0065,Sempio Spicy Stir-Fried Dried Squid,Food Fresh/Meat/Sidedish,3,175.0,0.0,525.0
T2025000744,2025-11-05,18:06:00,P0057,Jongga Pogi Kimchi 500g,Food Fresh/Meat/Sidedish,10,315.0,0.0,3150.0
T2025000745,2025-11-05,17:51:00,P0254,Honey Roasted Peanuts,Snacks,4,165.0,0.0,660.0
T2025000745,2025-11-05,17:51:00,P0277,Orion Turtle Chips Sweet Corn,Snacks,7,89.0,0.0,623.0
T2025000745,2025-11-05,17:51:00,P0272,Haitai  Sunkist Candy 125g,Snacks,6,95.0,0.0,570.0
T2025000745,2025-11-05,17:51:00,P0284,Kkokal Sweet Corn Snack,Snacks,8,80.0,0.0,640.0
T2025000745,2025-11-05,17:51:00,P0286,Crown Caramel Maple Corn,Snacks,1,80.0,0.0,80.0
T2025000746,2025-11-05,16:28:00,P0204,Ottogi Cup Ramen Kimchi,Noodles,5,50.0,0.0,250.0
T2025000746,2025-11-05,16:28:00,P0193,Paldo Gomtang Ramen,Noodles,5,56.0,0.0,280.0
T2025000746,2025-11-05,16:28:00,P0171,Tempura Udon Big Cup,Noodles,4,75.0,0.0,300.0
T2025000746,2025-11-05,16:28:00,P0159,Nongshim Neuguri Cup 111g,Noodles,1,90.0,0.0,90.0
T2025000747,2025-11-05,19:58:00,P0184,Nongshim Baehongdong Bibimyeon 137g,Noodles,3,61.0,0.0,183.0
T2025000747,2025-11-05,19:58:00,P0182,Paldo Ilpoom Jjajang,Noodles,9,65.0,0.25,438.75
T2025000747,2025-11-05,19:58:00,P0172,Ottogi Jin Hot Big Cup,Noodles,1,75.0,0.0,75.0
T2025000747,2025-11-05,19:58:00,P0189,Ottogi Bodle Cheese Ramen,Noodles,8,60.0,0.0,480.0
T2025000747,2025-11-05,19:58:00,P0162,Ottogi Jin Jjampong,Noodles,6,90.0,0.0,540.0
T2025000748,2025-11-05,15:23:00,P0285,Corn Choco,Snacks,2,80.0,0.05,152.0
T2025000749,2025-11-05,13:53:00,P0233,O'Food Korean Fried Chicken Sauce,Seasoned/Sauce/Powder,7,135.0,0.0,945.0
T2025000750,2025-11-05,14:34:00,P0005,Ottogi Gold Mayonnaise 300g,Condiments,9,150.0,0.0,1350.0
T2025000750,2025-11-05,14:34:00,P0001,Ottogi Sesame Oil 500mL,Condiments,6,590.5,0.0,3543.0
T2025000751,2025-11-05,08:09:00,P0038,(Kaya) Korean Rice 1Kg,Dry Food,7,100.0,0.0,700.0
T2025000751,2025-11-05,08:09:00,P0034,CJ  Cooked Rice,Dry Food,3,116.0,0.0,348.0
T2025000751,2025-11-05,08:09:00,P0031,Yopokki Cheese Cup 120g,Dry Food,4,120.0,0.0,480.0
T2025000751,2025-11-05,08:09:00,P0044,Ottogi Vegetable Soup 80g,Dry Food,2,90.0,0.0,180.0
T2025000751,2025-11-05,08:09:00,P0041,CJ Hetbahn Multi-Grain Rice,Dry Food,10,95.0,0.0,950.0
T2025000752,2025-11-05,09:34:00,P0048,Dongwon Light Tuna,Dry Food,5,75.0,0.0,375.0
T2025000752,2025-11-05,09:34:00,P0036,Dongwon  Tuna Light Can 150g,Dry Food,3,110.0,0.0,330.0
T2025000752,2025-11-05,09:34:00,P0025,Sempio Yellow Peach In Can 400g,Dry Food,9,145.0,0.0,1305.0
T2025000752,2025-11-05,09:34:00,P0037,Ottogi Cup Spaghetti,Dry Food,2,110.0,0.0,220.0
T2025000753,2025-11-05,19:07:00,P0152,Samyang Buldak Original Cup,Noodles,7,110.0,0.0,770.0
T2025000753,2025-11-05,19:07:00,P0158,Nongshim Shin Ramen Black,Noodles,2,92.0,0.0,184.0
T2025000753,2025-11-05,19:07:00,P0202,Nongshim Ansung Tangmen,Noodles,3,50.0,0.0,150.0
T2025000754,2025-11-05,13:54:00,P0053,Shine Spicy Pork Bulgogi Pack,Food Fresh/Meat/Sidedish,5,500.0,0.0,2500.0
T2025000754,2025-11-05,13:54:00,P0073,Perilla Leaves 2Packs,Food Fresh/Meat/Sidedish,1,40.0,0.2,32.0
T2025000755,2025-11-05,20:49:00,P0040,Ottogi Sweet Corn 340g,Dry Food,10,95.0,0.0,950.0
T2025000755,2025-11-05,20:49:00,P0018,(Kaya) Korean Rice 1.5Kg,Dry Food,10,190.0,0.0,1900.0
T2025000755,2025-11-05,20:49:00,P0020,CJ Beksul Hotteok Mix,Dry Food,4,185.0,0.0,740.0
T2025000755,2025-11-05,20:49:00,P0022,Ottogi Tteokbokki Cup,Dry Food,2,160.0,0.0,320.0
T2025000755,2025-11-05,20:49:00,P0030,Yopokki Onion Butter 120g Cup,Dry Food,2,120.0,0.0,240.0
T2025000756,2025-11-05,18:42:00,P0253,Orion Market O Brownie,Snacks,7,170.0,0.0,1190.0
T2025000756,2025-11-05,18:42:00,P0298,Pepero White Cookie,Snacks,10,55.0,0.0,550.0
T2025000757,2025-11-05,18:49:00,P0118,Brown Rice Green Tea 50Pcs,Liquor/Beverage,7,257.0,0.0,1799.0
T2025000757,2025-11-05,18:49:00,P0132,Sunhari Strawberry 360mL,Liquor/Beverage,6,120.0,0.0,720.0
T2025000757,2025-11-05,18:49:00,P0148,Binggrae Strawberry Milk,Liquor/Beverage,8,45.0,0.0,360.0
T2025000757,2025-11-05,18:49:00,P0109,(꽃샘) Concentrated Flavored Drink 600g,Liquor/Beverage,4,370.0,0.1,1332.0
T2025000758,2025-11-05,17:18:00,P0006,Chung Jung One Soy Sauce,Condiments,9,140.0,0.0,1260.0
T2025000758,2025-11-05,17:18:00,P0007,Samyang Spicy Mayo,Condiments,6,130.0,0.0,780.0
T2025000758,2025-11-05,17:18:00,P0009,CJ Beksul Corn Syrup,Condiments,8,95.0,0.0,760.0
T2025000758,2025-11-05,17:18:00,P0001,Ottogi Sesame Oil 500mL,Condiments,1,590.5,0.05,560.98
T2025000759,2025-11-05,21:29:00,P0084,Assi Vegetable Dumplings 675g,Food Frozen,7,285.0,0.0,1995.0
T2025000759,2025-11-05,21:29:00,P0076,CJ  Crispy Hotdog,Food Frozen,9,640.0,0.1,5184.0
T2025000760,2025-11-05,10:03:00,P0002,Ottogi Gold Mayonnaise 500g,Condiments,1,235.0,0.0,235.0
T2025000760,2025-11-05,10:03:00,P0005,Ottogi Gold Mayonnaise 300g,Condiments,6,150.0,0.0,900.0
T2025000761,2025-11-05,14:41:00,P0036,Dongwon  Tuna Light Can 150g,Dry Food,6,110.0,0.25,495.0
T2025000761,2025-11-05,14:41:00,P0010,Daerim  Big Smoke Ham 1Kg,Dry Food,9,480.0,0.0,4320.0
T2025000761,2025-11-05,14:41:00,P0021,Bibigo Kimbab Kim 10Sheets,Dry Food,7,161.0,0.0,1127.0
T2025000761,2025-11-05,14:41:00,P0013,Dongwon  Whelk In Can 140g,Dry Food,6,280.0,0.15,1428.0
T2025000761,2025-11-05,14:41:00,P0016,Dongwon  Vegetable Tuna Can 150g 2Pcs,Dry Food,8,235.0,0.0,1880.0
T2025000762,2025-11-05,11:09:00,P0002,Ottogi Gold Mayonnaise 500g,Condiments,1,235.0,0.0,235.0
T2025000763,2025-11-05,08:33:00,P0127,Lets Be Mild Coffee Can 4Pcs,Liquor/Beverage,8,128.0,0.25,768.0
T2025000763,2025-11-05,08:33:00,P0141,Woongjin Yogurt Apple 340mL,Liquor/Beverage,4,60.0,0.0,240.0
T2025000763,2025-11-05,08:33:00,P0118,Brown Rice Green Tea 50Pcs,Liquor/Beverage,1,257.0,0.0,257.0
T2025000764,2025-11-05,12:23:00,P0053,Shine Spicy Pork Bulgogi Pack,Food Fresh/Meat/Sidedish,3,500.0,0.2,1200.0
T2025000764,2025-11-05,12:23:00,P0058,Homemade Kimchi 850g,Food Fresh/Meat/Sidedish,9,290.0,0.25,1957.5
T2025000764,2025-11-05,12:23:00,P0060,Homemade Spring Onion Kimchi 350g,Food Fresh/Meat/Sidedish,2,250.0,0.0,500.0
T2025000765,2025-11-05,18:12:00,P0081,Assi Shrimp Wanton 600g,Food Frozen,2,400.0,0.2,640.0
T2025000765,2025-11-05,18:12:00,P0082,Daerim  Crab Sticks 1Kg,Food Frozen,7,350.0,0.0,2450.0
T2025000765,2025-11-05,18:12:00,P0098,Daerim  Crabstick 216g,Food Frozen,2,98.0,0.0,196.0
T2025000765,2025-11-05,18:12:00,P0100,Binggrae Ice Cream Sandwich,Food Frozen,4,80.0,0.05,304.0
T2025000765,2025-11-05,18:12:00,P0092,Daerim  Crab Stick 500g,Food Frozen,1,210.0,0.0,210.0
T2025000766,2025-11-05,15:08:00,P0214,Jin Soy Sauce Rich & Savory 860mL,Seasoned/Sauce/Powder,1,315.0,0.0,315.0
T2025000766,2025-11-05,15:08:00,P0231,O'Food Bulgogi Marinade,Seasoned/Sauce/Powder,2,145.0,0.0,290.0
T2025000766,2025-11-05,15:08:00,P0221,CJ  Gochujang 500g,Seasoned/Sauce/Powder,5,220.0,0.0,1100.0
T2025000766,2025-11-05,15:08:00,P0238,Ottogi Curry Mild,Seasoned/Sauce/Powder,9,115.0,0.0,1035.0
T2025000767,2025-11-05,12:36:00,P0064,Kimbab Radish 400g,Food Fresh/Meat/Sidedish,4,185.0,0.0,740.0
T2025000767,2025-11-05,12:36:00,P0062,Dried Anchovy Small 100g,Food Fresh/Meat/Sidedish,3,240.0,0.1,648.0
T2025000767,2025-11-05,12:36:00,P0069,Bibigo Beef Bone Soup,Food Fresh/Meat/Sidedish,7,110.0,0.0,770.0
T2025000767,2025-11-05,12:36:00,P0050,Boneless Rib Eye 250g,Food Fresh/Meat/Sidedish,6,750.0,0.0,4500.0
T2025000767,2025-11-05,12:36:00,P0060,Homemade Spring Onion Kimchi 350g,Food Fresh/Meat/Sidedish,5,250.0,0.0,1250.0
T2025000768,2025-11-05,18:28:00,P0003,Sempio Sesame Oil,Condiments,3,185.0,0.0,555.0
T2025000769,2025-11-05,17:25:00,P0003,Sempio Sesame Oil,Condiments,9,185.0,0.0,1665.0
T2025000769,2025-11-05,17:25:00,P0006,Chung Jung One Soy Sauce,Condiments,2,140.0,0.0,280.0
T2025000769,2025-11-05,17:25:00,P0009,CJ Beksul Corn Syrup,Condiments,9,95.0,0.1,769.5
T2025000770,2025-11-05,09:46:00,P0147,Binggrae Coffee Milk,Liquor/Beverage,3,48.0,0.0,144.0
T2025000770,2025-11-05,09:46:00,P0106,Mocha Gold Coffee 100Sticks,Liquor/Beverage,9,1100.0,0.0,9900.0
T2025000770,2025-11-05,09:46:00,P0107,Ottogi Honey Ginger Tea 1Kg,Liquor/Beverage,5,530.0,0.0,2650.0
T2025000770,2025-11-05,09:46:00,P0146,Binggrae Yogurt Drink,Liquor/Beverage,5,55.0,0.0,275.0
T2025000771,2025-11-05,20:25:00,P0005,Ottogi Gold Mayonnaise 300g,Condiments,5,150.0,0.0,750.0
T2025000771,2025-11-05,20:25:00,P0003,Sempio Sesame Oil,Condiments,9,185.0,0.0,1665.0
T2025000772,2025-11-05,21:29:00,P0097,Daerim  Cheese Vienna Sausage 105g,Food Frozen,5,120.0,0.25,450.0
T2025000772,2025-11-05,21:29:00,P0098,Daerim  Crabstick 216g,Food Frozen,4,98.0,0.0,392.0
T2025000772,2025-11-05,21:29:00,P0084,Assi Vegetable Dumplings 675g,Food Frozen,2,285.0,0.0,570.0
T2025000772,2025-11-05,21:29:00,P0094,MWC Frank Sausage 5Pcs,Food Frozen,8,173.0,0.0,1384.0
T2025000772,2025-11-05,21:29:00,P0091,CJ Bibigo Japchae,Food Frozen,9,220.0,0.0,1980.0
T2025000773,2025-11-05,13:16:00,P0086,CJ Bibigo Gyoza Dumplings,Food Frozen,5,270.0,0.0,1350.0
T2025000773,2025-11-05,13:16:00,P0085,Bibigo Bulgogi Mandu,Food Frozen,7,280.0,0.0,1960.0
T2025000774,2025-11-05,10:40:00,P0066,Imported Kimchi Big Tub 850g,Food Fresh/Meat/Sidedish,10,150.0,0.0,1500.0
T2025000774,2025-11-05,10:40:00,P0065,Sempio Spicy Stir-Fried Dried Squid,Food Fresh/Meat/Sidedish,7,175.0,0.05,1163.75
T2025000774,2025-11-05,10:40:00,P0062,Dried Anchovy Small 100g,Food Fresh/Meat/Sidedish,5,240.0,0.0,1200.0
T2025000774,2025-11-05,10:40:00,P0061,Dried Anchovy Medium 100g,Food Fresh/Meat/Sidedish,10,240.0,0.0,2400.0
T2025000774,2025-11-05,10:40:00,P0073,Perilla Leaves 2Packs,Food Fresh/Meat/Sidedish,4,40.0,0.2,128.0
T2025000775,2025-11-05,15:41:00,P0055,Beef Enoki Roll 500g,Food Fresh/Meat/Sidedish,8,410.0,0.0,3280.0
T2025000775,2025-11-05,15:41:00,P0064,Kimbab Radish 400g,Food Fresh/Meat/Sidedish,8,185.0,0.0,1480.0
T2025000775,2025-11-05,15:41:00,P0050,Boneless Rib Eye 250g,Food Fresh/Meat/Sidedish,4,750.0,0.0,3000.0
T2025000775,2025-11-05,15:41:00,P0063,Our Home Kimchi 1Kg Jar,Food Fresh/Meat/Sidedish,2,190.0,0.0,380.0
T2025000775,2025-11-05,15:41:00,P0052,Shine Beef Bulgogi Pack,Food Fresh/Meat/Sidedish,9,550.0,0.2,3960.0
T2025000775,2025-11-05,15:41:00,P0071,Kongsarang Firm Tofu,Food Fresh/Meat/Sidedish,1,65.0,0.0,65.0
T2025000776,2025-11-05,20:48:00,P0290,Doritos Galbi Chicken,Snacks,7,77.0,0.0,539.0
T2025000776,2025-11-05,20:48:00,P0261,Lotte Choco Heim,Snacks,8,120.0,0.0,960.0
T2025000776,2025-11-05,20:48:00,P0276,Orion Sun Chips Korean BBQ,Snacks,4,90.0,0.0,360.0
T2025000776,2025-11-05,20:48:00,P0299,Lotte Xylitol Green Gum,Snacks,1,55.0,0.0,55.0
T2025000776,2025-11-05,20:48:00,P0246,Post Almond Flakes,Snacks,9,245.0,0.0,2205.0
T2025000776,2025-11-05,20:48:00,P0263,Samlip Honey Castella,Snacks,6,120.0,0.0,720.0
T2025000777,2025-11-05,12:08:00,P0018,(Kaya) Korean Rice 1.5Kg,Dry Food,7,190.0,0.0,1330.0
T2025000777,2025-11-05,12:08:00,P0042,CJ Hetbahn Brown Rice,Dry Food,2,95.0,0.2,152.0
T2025000777,2025-11-05,12:08:00,P0011,CJ  Cooked Rice Plain 210g,Dry Food,5,365.0,0.0,1825.0
T2025000777,2025-11-05,12:08:00,P0015,(Dae Joo) Gochugaru 500g,Dry Food,5,255.0,0.0,1275.0
T2025000778,2025-11-05,12:20:00,P0080,Samyang Buldak Original Spicy Mandu 700g,Food Frozen,5,410.0,0.0,2050.0
T2025000778,2025-11-05,12:20:00,P0100,Binggrae Ice Cream Sandwich,Food Frozen,4,80.0,0.25,240.0
T2025000778,2025-11-05,12:20:00,P0091,CJ Bibigo Japchae,Food Frozen,6,220.0,0.0,1320.0
T2025000778,2025-11-05,12:20:00,P0102,MWC Tteok Galbi Bar,Food Frozen,7,75.0,0.0,525.0
T2025000779,2025-11-05,17:22:00,P0227,CJ Beksul Beef Bulgogi Sauce 290g,Seasoned/Sauce/Powder,8,150.0,0.0,1200.0
T2025000779,2025-11-05,17:22:00,P0215,Ottogi Wasabi Powder 300g,Seasoned/Sauce/Powder,1,290.0,0.0,290.0
T2025000779,2025-11-05,17:22:00,P0243,CJ  Ssamjang 170g,Seasoned/Sauce/Powder,8,88.0,0.1,633.6
T2025000780,2025-11-05,12:36:00,P0125,Jinro Fresh Soju,Liquor/Beverage,10,170.0,0.0,1700.0
T2025000780,2025-11-05,12:36:00,P0130,Sunhari Apple 360mL,Liquor/Beverage,6,120.0,0.0,720.0
T2025000780,2025-11-05,12:36:00,P0145,Binggrae Melon Soda,Liquor/Beverage,1,60.0,0.0,60.0
T2025000780,2025-11-05,12:36:00,P0144,Nongshim Welchs Strawberry 355mL,Liquor/Beverage,3,60.0,0.0,180.0
T2025000780,2025-11-05,12:36:00,P0115,Strawberry Milk 200mL 6Pcs,Liquor/Beverage,6,290.0,0.0,1740.0
T2025000780,2025-11-05,12:36:00,P0146,Binggrae Yogurt Drink,Liquor/Beverage,2,55.0,0.05,104.5
T2025000781,2025-11-05,21:39:00,P0233,O'Food Korean Fried Chicken Sauce,Seasoned/Sauce/Powder,2,135.0,0.0,270.0
T2025000781,2025-11-05,21:39:00,P0237,O'Food Tteokbokki Sauce,Seasoned/Sauce/Powder,7,120.0,0.0,840.0
T2025000781,2025-11-05,21:39:00,P0226,CJ Beksul Sweet Korean Pancake Mix 400g,Seasoned/Sauce/Powder,1,155.0,0.0,155.0
T2025000782,2025-11-05,21:40:00,P0154,Nongshim Jjawang,Noodles,5,100.0,0.0,500.0
T2025000782,2025-11-05,21:40:00,P0186,Ottogi Chachelin Blackbean 145g,Noodles,4,60.0,0.0,240.0
T2025000782,2025-11-05,21:40:00,P0188,Nagasaki Jjampong,Noodles,4,60.0,0.0,240.0
T2025000782,2025-11-05,21:40:00,P0208,Ottogi Jin Ramen Mild,Noodles,10,40.0,0.0,400.0
T2025000782,2025-11-05,21:40:00,P0183,Samyang Kimchi Ramen Bowl,Noodles,3,65.0,0.0,195.0
T2025000782,2025-11-05,21:40:00,P0164,Samyang Buldak 4 Cheese 145g,Noodles,3,88.0,0.0,264.0
T2025000783,2025-11-05,09:33:00,P0009,CJ Beksul Corn Syrup,Condiments,10,95.0,0.0,950.0
T2025000783,2025-11-05,09:33:00,P0002,Ottogi Gold Mayonnaise 500g,Condiments,3,235.0,0.0,705.0
T2025000784,2025-11-05,11:34:00,P0224,Seasoned Seaweed 200g,Seasoned/Sauce/Powder,6,190.0,0.0,1140.0
T2025000784,2025-11-05,11:34:00,P0243,CJ  Ssamjang 170g,Seasoned/Sauce/Powder,10,88.0,0.0,880.0
T2025000784,2025-11-05,11:34:00,P0239,Ottogi Curry Hot,Seasoned/Sauce/Powder,1,115.0,0.0,115.0
T2025000785,2025-11-05,18:06:00,P0218,CJ Beksul Beef Bulgogi Sauce 500g,Seasoned/Sauce/Powder,1,250.0,0.0,250.0
T2025000785,2025-11-05,18:06:00,P0222,CJ  Soybean Paste 1Kg,Seasoned/Sauce/Powder,1,208.0,0.0,208.0
T2025000785,2025-11-05,18:06:00,P0236,CJ  Soybean Paste 500g,Seasoned/Sauce/Powder,1,123.0,0.0,123.0
T2025000785,2025-11-05,18:06:00,P0217,Ottogi Roasted Sesame Seeds 200g,Seasoned/Sauce/Powder,6,255.0,0.0,1530.0
T2025000785,2025-11-05,18:06:00,P0228,Sempio Gochujang (500g),Seasoned/Sauce/Powder,9,145.0,0.0,1305.0
T2025000785,2025-11-05,18:06:00,P0242,CJ  Gochujang 200g,Seasoned/Sauce/Powder,2,100.0,0.0,200.0
T2025000786,2025-11-05,18:52:00,P0141,Woongjin Yogurt Apple 340mL,Liquor/Beverage,4,60.0,0.0,240.0
T2025000787,2025-11-05,18:26:00,P0059,Pork Belly (Samgyupsal) 500g,Food Fresh/Meat/Sidedish,8,275.0,0.0,2200.0
T2025000787,2025-11-05,18:26:00,P0049,Our Home Kimchi 1Kg,Food Fresh/Meat/Sidedish,10,320.5,0.0,3205.0
T2025000787,2025-11-05,18:26:00,P0069,Bibigo Beef Bone Soup,Food Fresh/Meat/Sidedish,4,110.0,0.0,440.0
T2025000788,2025-11-05,15:31:00,P0077,Daerim  Vienna Sausage 1Kg,Food Frozen,7,580.0,0.0,4060.0
T2025000788,2025-11-05,15:31:00,P0088,Dongwon  Real Crabs 144g ,Food Frozen,2,259.0,0.0,518.0
T2025000789,2025-11-05,13:18:00,P0126,Woongjin Yogurt Pineapple 1.5L,Liquor/Beverage,9,135.0,0.0,1215.0
T2025000789,2025-11-05,13:18:00,P0145,Binggrae Melon Soda,Liquor/Beverage,5,60.0,0.0,300.0
T2025000789,2025-11-05,13:18:00,P0149,Binggrae Mango Milk,Liquor/Beverage,7,45.0,0.0,315.0
T2025000789,2025-11-05,13:18:00,P0123,Cass Cold Brewed Beer 500mL,Liquor/Beverage,9,170.0,0.0,1530.0
T2025000789,2025-11-05,13:18:00,P0139,Paldo Pororo Juice,Liquor/Beverage,3,65.0,0.0,195.0
T2025000790,2025-11-05,09:53:00,P0154,Nongshim Jjawang,Noodles,9,100.0,0.0,900.0
T2025000790,2025-11-05,09:53:00,P0184,Nongshim Baehongdong Bibimyeon 137g,Noodles,8,61.0,0.0,488.0
T2025000790,2025-11-05,09:53:00,P0196,Paldo Cheese Ramen,Noodles,6,55.0,0.2,264.0
T2025000791,2025-11-05,10:36:00,P0003,Sempio Sesame Oil,Condiments,3,185.0,0.0,555.0
T2025000791,2025-11-05,10:36:00,P0008,Ottogi Corn Syrup,Condiments,5,98.0,0.0,490.0
T2025000792,2025-11-05,09:47:00,P0168,Samyang Carbo Buldak,Noodles,3,88.0,0.0,264.0
T2025000792,2025-11-05,09:47:00,P0172,Ottogi Jin Hot Big Cup,Noodles,2,75.0,0.0,150.0
T2025000792,2025-11-05,09:47:00,P0200,Paldo Koreno Kimchi Noodle,Noodles,5,50.0,0.0,250.0
T2025000793,2025-11-05,20:22:00,P0233,O'Food Korean Fried Chicken Sauce,Seasoned/Sauce/Powder,7,135.0,0.0,945.0
T2025000793,2025-11-05,20:22:00,P0235,O'Food Kimchi Base Sauce,Seasoned/Sauce/Powder,5,130.0,0.0,650.0
T2025000793,2025-11-05,20:22:00,P0212,Beef Dasida (Soup Stock) 1Kg,Seasoned/Sauce/Powder,6,550.0,0.0,3300.0
T2025000793,2025-11-05,20:22:00,P0223,Jin Soy Sauce For Soup 860mL,Seasoned/Sauce/Powder,2,205.0,0.0,410.0
T2025000794,2025-11-05,09:13:00,P0092,Daerim  Crab Stick 500g,Food Frozen,8,210.0,0.25,1260.0
T2025000794,2025-11-05,09:13:00,P0076,CJ  Crispy Hotdog,Food Frozen,6,640.0,0.0,3840.0
T2025000794,2025-11-05,09:13:00,P0091,CJ Bibigo Japchae,Food Frozen,8,220.0,0.0,1760.0
T2025000794,2025-11-05,09:13:00,P0083,Moguchon Smoked Bacon 200g,Food Frozen,6,320.0,0.05,1824.0
T2025000794,2025-11-05,09:13:00,P0081,Assi Shrimp Wanton 600g,Food Frozen,9,400.0,0.0,3600.0
T2025000795,2025-11-05,08:45:00,P0083,Moguchon Smoked Bacon 200g,Food Frozen,3,320.0,0.0,960.0
T2025000795,2025-11-05,08:45:00,P0099,Daerim  Chaw Spicy Stick 90g,Food Frozen,9,80.0,0.0,720.0
T2025000795,2025-11-05,08:45:00,P0086,CJ Bibigo Gyoza Dumplings,Food Frozen,2,270.0,0.0,540.0
T2025000795,2025-11-05,08:45:00,P0075,Bibigo Mul Mandu 370g 2Packs,Food Frozen,6,695.0,0.0,4170.0
T2025000796,2025-11-05,10:11:00,P0179,Ottogi Ramen Bokki Cup,Noodles,8,69.0,0.0,552.0
T2025000796,2025-11-05,10:11:00,P0177,Ottogi Beef Seaweed Soup Ramen,Noodles,4,70.0,0.0,280.0
T2025000796,2025-11-05,10:11:00,P0172,Ottogi Jin Hot Big Cup,Noodles,4,75.0,0.0,300.0
T2025000796,2025-11-05,10:11:00,P0210,2Mins Snack Men,Noodles,7,40.0,0.0,280.0
T2025000797,2025-11-05,17:54:00,P0227,CJ Beksul Beef Bulgogi Sauce 290g,Seasoned/Sauce/Powder,2,150.0,0.0,300.0
T2025000797,2025-11-05,17:54:00,P0241,CJ Anchovy Sauce 500g,Seasoned/Sauce/Powder,10,105.0,0.0,1050.0
T2025000797,2025-11-05,17:54:00,P0220,CJ  Tteokbokki Sauce 150G 2Pcs,Seasoned/Sauce/Powder,10,235.0,0.0,2350.0
T2025000797,2025-11-05,17:54:00,P0223,Jin Soy Sauce For Soup 860mL,Seasoned/Sauce/Powder,2,205.0,0.15,348.5
T2025000798,2025-11-05,11:54:00,P0081,Assi Shrimp Wanton 600g,Food Frozen,3,400.0,0.0,1200.0
T2025000798,2025-11-05,11:54:00,P0088,Dongwon  Real Crabs 144g ,Food Frozen,6,259.0,0.0,1554.0
T2025000798,2025-11-05,11:54:00,P0103,Daerim  Chaw Stick 100g,Food Frozen,5,73.0,0.0,365.0
T2025000798,2025-11-05,11:54:00,P0101,Daerim  Fish Cake Stick,Food Frozen,3,77.0,0.0,231.0
T2025000798,2025-11-05,11:54:00,P0083,Moguchon Smoked Bacon 200g,Food Frozen,4,320.0,0.0,1280.0
T2025000799,2025-11-05,20:56:00,P0226,CJ Beksul Sweet Korean Pancake Mix 400g,Seasoned/Sauce/Powder,2,155.0,0.0,310.0
T2025000800,2025-11-05,19:06:00,P0115,Strawberry Milk 200mL 6Pcs,Liquor/Beverage,6,290.0,0.0,1740.0
T2025000800,2025-11-05,19:06:00,P0131,Sunhari Yogurt 360mL,Liquor/Beverage,9,120.0,0.0,1080.0
T2025000800,2025-11-05,19:06:00,P0108,Ottogi Honey Citron Tea 1Kg,Liquor/Beverage,6,530.0,0.0,3180.0
T2025000800,2025-11-05,19:06:00,P0119,Sempio Yuzu Tea,Liquor/Beverage,7,250.0,0.0,1750.0
T2025000800,2025-11-05,19:06:00,P0128,Chamiseul Fresh 360mL,Liquor/Beverage,6,120.0,0.0,720.0
T2025000801,2025-11-05,11:49:00,P0272,Haitai  Sunkist Candy 125g,Snacks,3,95.0,0.0,285.0
T2025000801,2025-11-05,11:49:00,P0266,Bibigo Seaweed Crisps,Snacks,4,110.0,0.0,440.0
T2025000801,2025-11-05,11:49:00,P0259,Nongshim Sengseng U-Dong,Snacks,7,125.0,0.0,875.0
T2025000801,2025-11-05,11:49:00,P0292,Orion Goraebab Crackers,Snacks,5,75.0,0.0,375.0
T2025000802,2025-11-05,20:15:00,P0127,Lets Be Mild Coffee Can 4Pcs,Liquor/Beverage,8,128.0,0.0,1024.0
T2025000802,2025-11-05,20:15:00,P0124,Terra Lager Beer 500mL,Liquor/Beverage,7,170.0,0.1,1071.0
T2025000802,2025-11-05,20:15:00,P0138,Kirin Ichiban Beer 330mL,Liquor/Beverage,5,68.0,0.0,340.0
T2025000802,2025-11-05,20:15:00,P0147,Binggrae Coffee Milk,Liquor/Beverage,6,48.0,0.0,288.0
T2025000803,2025-11-05,10:12:00,P0072,Kongsarang Soft Tofu,Food Fresh/Meat/Sidedish,4,65.0,0.0,260.0
T2025000804,2025-11-05,20:00:00,P0047,Dongwon Spicy Tuna,Dry Food,4,80.0,0.0,320.0
T2025000804,2025-11-05,20:00:00,P0022,Ottogi Tteokbokki Cup,Dry Food,10,160.0,0.0,1600.0
T2025000804,2025-11-05,20:00:00,P0043,CJ Hetbahn Cooked Barley,Dry Food,9,95.0,0.0,855.0
T2025000804,2025-11-05,20:00:00,P0048,Dongwon Light Tuna,Dry Food,7,75.0,0.0,525.0
T2025000804,2025-11-05,20:00:00,P0019,Haepyo Crispy Seaweed 9Pcs,Dry Food,3,188.0,0.0,564.0
T2025000804,2025-11-05,20:00:00,P0021,Bibigo Kimbab Kim 10Sheets,Dry Food,10,161.0,0.0,1610.0
T2025000805,2025-11-05,19:43:00,P0028,CJ Bibigo Seaweed Soup,Dry Food,2,140.0,0.0,280.0
T2025000805,2025-11-05,19:43:00,P0040,Ottogi Sweet Corn 340g,Dry Food,7,95.0,0.0,665.0
T2025000805,2025-11-05,19:43:00,P0033,CJ Beksul Frying Mix,Dry Food,5,120.0,0.1,540.0
T2025000806,2025-11-05,17:05:00,P0108,Ottogi Honey Citron Tea 1Kg,Liquor/Beverage,3,530.0,0.05,1510.5
T2025000806,2025-11-05,17:05:00,P0105,White Gold Coffee 100Sticks,Liquor/Beverage,8,1150.0,0.0,9200.0
T2025000806,2025-11-05,17:05:00,P0148,Binggrae Strawberry Milk,Liquor/Beverage,6,45.0,0.05,256.5
T2025000806,2025-11-05,17:05:00,P0147,Binggrae Coffee Milk,Liquor/Beverage,1,48.0,0.0,48.0
T2025000806,2025-11-05,17:05:00,P0139,Paldo Pororo Juice,Liquor/Beverage,10,65.0,0.0,650.0
T2025000806,2025-11-05,17:05:00,P0140,Woongjin Yogurt Peach 340mL,Liquor/Beverage,8,60.0,0.0,480.0
T2025000807,2025-11-05,17:41:00,P0140,Woongjin Yogurt Peach 340mL,Liquor/Beverage,1,60.0,0.0,60.0
T2025000808,2025-11-05,20:42:00,P0027,Yopokki Cheese 240g,Dry Food,3,145.0,0.0,435.0
T2025000808,2025-11-05,20:42:00,P0026,Yopokki Sweet & Spicy 280g,Dry Food,6,145.0,0.0,870.0
T2025000808,2025-11-05,20:42:00,P0036,Dongwon  Tuna Light Can 150g,Dry Food,4,110.0,0.0,440.0
T2025000809,2025-11-05,11:13:00,P0103,Daerim  Chaw Stick 100g,Food Frozen,8,73.0,0.0,584.0
T2025000809,2025-11-05,11:13:00,P0084,Assi Vegetable Dumplings 675g,Food Frozen,10,285.0,0.0,2850.0
T2025000809,2025-11-05,11:13:00,P0100,Binggrae Ice Cream Sandwich,Food Frozen,4,80.0,0.0,320.0
T2025000809,2025-11-05,11:13:00,P0098,Daerim  Crabstick 216g,Food Frozen,10,98.0,0.0,980.0
T2025000810,2025-11-05,14:00:00,P0001,Ottogi Sesame Oil 500mL,Condiments,2,590.5,0.05,1121.95
T2025000811,2025-11-05,17:42:00,P0244,Wasabi Almond 190g,Snacks,1,440.0,0.0,440.0
T2025000811,2025-11-05,17:42:00,P0284,Kkokal Sweet Corn Snack,Snacks,6,80.0,0.0,480.0
T2025000812,2025-11-05,19:49:00,P0240,Ottogi Spaghetti Sauce,Seasoned/Sauce/Powder,6,115.0,0.0,690.0
T2025000812,2025-11-05,19:49:00,P0230,CJ Beksul Pancake Sauce,Seasoned/Sauce/Powder,3,145.0,0.0,435.0
T2025000812,2025-11-05,19:49:00,P0228,Sempio Gochujang (500g),Seasoned/Sauce/Powder,3,145.0,0.0,435.0
T2025000813,2025-11-05,08:32:00,P0057,Jongga Pogi Kimchi 500g,Food Fresh/Meat/Sidedish,4,315.0,0.0,1260.0
T2025000813,2025-11-05,08:32:00,P0072,Kongsarang Soft Tofu,Food Fresh/Meat/Sidedish,8,65.0,0.0,520.0
T2025000813,2025-11-05,08:32:00,P0069,Bibigo Beef Bone Soup,Food Fresh/Meat/Sidedish,7,110.0,0.2,616.0
T2025000813,2025-11-05,08:32:00,P0071,Kongsarang Firm Tofu,Food Fresh/Meat/Sidedish,9,65.0,0.0,585.0
T2025000813,2025-11-05,08:32:00,P0064,Kimbab Radish 400g,Food Fresh/Meat/Sidedish,3,185.0,0.0,555.0
T2025000814,2025-11-05,19:09:00,P0009,CJ Beksul Corn Syrup,Condiments,9,95.0,0.0,855.0
T2025000814,2025-11-05,19:09:00,P0005,Ottogi Gold Mayonnaise 300g,Condiments,1,150.0,0.0,150.0
T2025000814,2025-11-05,19:09:00,P0002,Ottogi Gold Mayonnaise 500g,Condiments,6,235.0,0.0,1410.0
T2025000814,2025-11-05,19:09:00,P0006,Chung Jung One Soy Sauce,Condiments,9,140.0,0.0,1260.0
T2025000815,2025-11-05,19:59:00,P0221,CJ  Gochujang 500g,Seasoned/Sauce/Powder,8,220.0,0.0,1760.0
T2025000815,2025-11-05,19:59:00,P0217,Ottogi Roasted Sesame Seeds 200g,Seasoned/Sauce/Powder,4,255.0,0.0,1020.0
T2025000815,2025-11-05,19:59:00,P0229,O'Food Korean BBQ Sauce,Seasoned/Sauce/Powder,3,145.0,0.0,435.0
T2025000815,2025-11-05,19:59:00,P0232,O'Food Tofu Stew Base,Seasoned/Sauce/Powder,7,135.0,0.0,945.0
T2025000816,2025-11-05,13:25:00,P0005,Ottogi Gold Mayonnaise 300g,Condiments,1,150.0,0.0,150.0
T2025000816,2025-11-05,13:25:00,P0004,O'Food Korean Chili Oil,Condiments,2,160.0,0.0,320.0
T2025000816,2025-11-05,13:25:00,P0003,Sempio Sesame Oil,Condiments,10,185.0,0.0,1850.0
T2025000816,2025-11-05,13:25:00,P0001,Ottogi Sesame Oil 500mL,Condiments,3,590.5,0.0,1771.5
T2025000816,2025-11-05,13:25:00,P0002,Ottogi Gold Mayonnaise 500g,Condiments,5,235.0,0.0,1175.0
T2025000817,2025-11-05,18:48:00,P0006,Chung Jung One Soy Sauce,Condiments,5,140.0,0.0,700.0
T2025000817,2025-11-05,18:48:00,P0004,O'Food Korean Chili Oil,Condiments,1,160.0,0.0,160.0
T2025000817,2025-11-05,18:48:00,P0009,CJ Beksul Corn Syrup,Condiments,4,95.0,0.0,380.0
T2025000817,2025-11-05,18:48:00,P0002,Ottogi Gold Mayonnaise 500g,Condiments,9,235.0,0.0,2115.0
T2025000818,2025-11-05,08:28:00,P0018,(Kaya) Korean Rice 1.5Kg,Dry Food,7,190.0,0.0,1330.0
T2025000819,2025-11-05,10:56:00,P0042,CJ Hetbahn Brown Rice,Dry Food,4,95.0,0.0,380.0
T2025000819,2025-11-05,10:56:00,P0028,CJ Bibigo Seaweed Soup,Dry Food,8,140.0,0.0,1120.0
T2025000819,2025-11-05,10:56:00,P0040,Ottogi Sweet Corn 340g,Dry Food,1,95.0,0.1,85.5
T2025000819,2025-11-05,10:56:00,P0039,Ottogi 3Mins Curry,Dry Food,4,99.0,0.0,396.0
T2025000819,2025-11-05,10:56:00,P0020,CJ Beksul Hotteok Mix,Dry Food,9,185.0,0.0,1665.0
T2025000819,2025-11-05,10:56:00,P0038,(Kaya) Korean Rice 1Kg,Dry Food,3,100.0,0.15,255.0
T2025000820,2025-11-05,14:58:00,P0240,Ottogi Spaghetti Sauce,Seasoned/Sauce/Powder,9,115.0,0.0,1035.0
T2025000820,2025-11-05,14:58:00,P0223,Jin Soy Sauce For Soup 860mL,Seasoned/Sauce/Powder,7,205.0,0.25,1076.25
T2025000821,2025-11-05,18:03:00,P0018,(Kaya) Korean Rice 1.5Kg,Dry Food,9,190.0,0.05,1624.5
T2025000821,2025-11-05,18:03:00,P0045,CJ Beksul Wheat Flour,Dry Food,10,90.0,0.0,900.0
T2025000821,2025-11-05,18:03:00,P0047,Dongwon Spicy Tuna,Dry Food,2,80.0,0.0,160.0
T2025000822,2025-11-05,11:33:00,P0183,Samyang Kimchi Ramen Bowl,Noodles,2,65.0,0.0,130.0
T2025000822,2025-11-05,11:33:00,P0197,Nongshim Seafood Ramyun,Noodles,4,52.0,0.0,208.0
T2025000822,2025-11-05,11:33:00,P0177,Ottogi Beef Seaweed Soup Ramen,Noodles,3,70.0,0.0,210.0
T2025000823,2025-11-05,15:04:00,P0097,Daerim  Cheese Vienna Sausage 105g,Food Frozen,1,120.0,0.0,120.0
T2025000823,2025-11-05,15:04:00,P0095,Samlip Fish Cake Sheets,Food Frozen,3,150.0,0.0,450.0
T2025000823,2025-11-05,15:04:00,P0091,CJ Bibigo Japchae,Food Frozen,1,220.0,0.0,220.0
T2025000824,2025-11-05,11:02:00,P0253,Orion Market O Brownie,Snacks,10,170.0,0.0,1700.0
T2025000825,2025-11-05,16:24:00,P0128,Chamiseul Fresh 360mL,Liquor/Beverage,9,120.0,0.0,1080.0
T2025000825,2025-11-05,16:24:00,P0125,Jinro Fresh Soju,Liquor/Beverage,3,170.0,0.0,510.0
T2025000825,2025-11-05,16:24:00,P0110,Mitte Hot Choco Original 300g,Liquor/Beverage,6,370.0,0.0,2220.0
T2025000826,2025-11-05,08:25:00,P0028,CJ Bibigo Seaweed Soup,Dry Food,10,140.0,0.0,1400.0
T2025000826,2025-11-05,08:25:00,P0033,CJ Beksul Frying Mix,Dry Food,9,120.0,0.0,1080.0
T2025000826,2025-11-05,08:25:00,P0046,CJ Beksul Potato Starch,Dry Food,9,85.0,0.0,765.0
T2025000826,2025-11-05,08:25:00,P0021,Bibigo Kimbab Kim 10Sheets,Dry Food,5,161.0,0.0,805.0
T2025000826,2025-11-05,08:25:00,P0038,(Kaya) Korean Rice 1Kg,Dry Food,9,100.0,0.0,900.0
T2025000826,2025-11-05,08:25:00,P0043,CJ Hetbahn Cooked Barley,Dry Food,10,95.0,0.0,950.0
T2025000827,2025-11-05,16:29:00,P0069,Bibigo Beef Bone Soup,Food Fresh/Meat/Sidedish,7,110.0,0.0,770.0
T2025000827,2025-11-05,16:29:00,P0049,Our Home Kimchi 1Kg,Food Fresh/Meat/Sidedish,8,320.5,0.0,2564.0
T2025000827,2025-11-05,16:29:00,P0060,Homemade Spring Onion Kimchi 350g,Food Fresh/Meat/Sidedish,2,250.0,0.0,500.0
T2025000827,2025-11-05,16:29:00,P0057,Jongga Pogi Kimchi 500g,Food Fresh/Meat/Sidedish,1,315.0,0.0,315.0
T2025000827,2025-11-05,16:29:00,P0064,Kimbab Radish 400g,Food Fresh/Meat/Sidedish,9,185.0,0.0,1665.0
T2025000828,2025-11-05,09:26:00,P0011,CJ  Cooked Rice Plain 210g,Dry Food,9,365.0,0.0,3285.0
T2025000828,2025-11-05,09:26:00,P0026,Yopokki Sweet & Spicy 280g,Dry Food,4,145.0,0.0,580.0
T2025000829,2025-11-05,10:22:00,P0031,Yopokki Cheese Cup 120g,Dry Food,3,120.0,0.0,360.0
T2025000829,2025-11-05,10:22:00,P0033,CJ Beksul Frying Mix,Dry Food,1,120.0,0.15,102.0
T2025000829,2025-11-05,10:22:00,P0045,CJ Beksul Wheat Flour,Dry Food,1,90.0,0.0,90.0
T2025000830,2025-11-05,15:12:00,P0048,Dongwon Light Tuna,Dry Food,9,75.0,0.0,675.0
T2025000830,2025-11-05,15:12:00,P0044,Ottogi Vegetable Soup 80g,Dry Food,10,90.0,0.05,855.0
T2025000830,2025-11-05,15:12:00,P0016,Dongwon  Vegetable Tuna Can 150g 2Pcs,Dry Food,6,235.0,0.0,1410.0
T2025000830,2025-11-05,15:12:00,P0022,Ottogi Tteokbokki Cup,Dry Food,1,160.0,0.0,160.0
T2025000830,2025-11-05,15:12:00,P0029,CJ Beksul Pancake Flour,Dry Food,5,125.0,0.0,625.0
T2025000830,2025-11-05,15:12:00,P0035,CJ  Multi-Grains Cooked Rice 210g,Dry Food,3,110.0,0.0,330.0
T2025000831,2025-11-05,11:04:00,P0177,Ottogi Beef Seaweed Soup Ramen,Noodles,9,70.0,0.0,630.0
T2025000831,2025-11-05,11:04:00,P0202,Nongshim Ansung Tangmen,Noodles,3,50.0,0.0,150.0
T2025000832,2025-11-05,09:45:00,P0005,Ottogi Gold Mayonnaise 300g,Condiments,2,150.0,0.0,300.0
T2025000832,2025-11-05,09:45:00,P0006,Chung Jung One Soy Sauce,Condiments,2,140.0,0.0,280.0
T2025000833,2025-11-05,13:44:00,P0186,Ottogi Chachelin Blackbean 145g,Noodles,7,60.0,0.0,420.0
T2025000833,2025-11-05,13:44:00,P0185,Nongshim Shin Non-Frying Ramen 97g,Noodles,8,60.0,0.0,480.0
T2025000834,2025-11-05,12:47:00,P0227,CJ Beksul Beef Bulgogi Sauce 290g,Seasoned/Sauce/Powder,1,150.0,0.0,150.0
T2025000834,2025-11-05,12:47:00,P0230,CJ Beksul Pancake Sauce,Seasoned/Sauce/Powder,5,145.0,0.0,725.0
T2025000835,2025-11-05,12:35:00,P0162,Ottogi Jin Jjampong,Noodles,4,90.0,0.0,360.0
T2025000835,2025-11-05,12:35:00,P0196,Paldo Cheese Ramen,Noodles,3,55.0,0.0,165.0
T2025000835,2025-11-05,12:35:00,P0199,Paldo Koreno Shrimp Noodle,Noodles,3,50.0,0.0,150.0
T2025000835,2025-11-05,12:35:00,P0192,Nongshim Soon Veggie Ramen,Noodles,7,58.0,0.0,406.0
T2025000836,2025-11-05,11:46:00,P0248,Choco Pie Black Sugar 12Pcs,Snacks,2,200.0,0.0,400.0
T2025000837,2025-11-05,16:03:00,P0007,Samyang Spicy Mayo,Condiments,6,130.0,0.0,780.0
T2025000837,2025-11-05,16:03:00,P0001,Ottogi Sesame Oil 500mL,Condiments,6,590.5,0.0,3543.0
T2025000838,2025-11-05,11:03:00,P0190,Nongshim Tempura Udon Cup,Noodles,4,60.0,0.0,240.0
T2025000838,2025-11-05,11:03:00,P0185,Nongshim Shin Non-Frying Ramen 97g,Noodles,4,60.0,0.0,240.0
T2025000838,2025-11-05,11:03:00,P0160,Paldo Wang Cup Kimchi,Noodles,6,90.0,0.0,540.0
T2025000838,2025-11-05,11:03:00,P0186,Ottogi Chachelin Blackbean 145g,Noodles,8,60.0,0.0,480.0
T2025000838,2025-11-05,11:03:00,P0207,Ottogi Yeul Ramen 120g,Noodles,10,40.0,0.05,380.0
T2025000838,2025-11-05,11:03:00,P0195,Ottogi Jin Mild Small Cup,Noodles,10,55.0,0.0,550.0
T2025000839,2025-11-05,11:14:00,P0009,CJ Beksul Corn Syrup,Condiments,10,95.0,0.0,950.0
T2025000839,2025-11-05,11:14:00,P0006,Chung Jung One Soy Sauce,Condiments,7,140.0,0.2,784.0
T2025000839,2025-11-05,11:14:00,P0007,Samyang Spicy Mayo,Condiments,4,130.0,0.0,520.0
T2025000840,2025-11-05,13:55:00,P0239,Ottogi Curry Hot,Seasoned/Sauce/Powder,4,115.0,0.0,460.0
T2025000840,2025-11-05,13:55:00,P0220,CJ  Tteokbokki Sauce 150G 2Pcs,Seasoned/Sauce/Powder,3,235.0,0.0,705.0
T2025000840,2025-11-05,13:55:00,P0221,CJ  Gochujang 500g,Seasoned/Sauce/Powder,1,220.0,0.15,187.0
T2025000840,2025-11-05,13:55:00,P0235,O'Food Kimchi Base Sauce,Seasoned/Sauce/Powder,9,130.0,0.0,1170.0
T2025000840,2025-11-05,13:55:00,P0228,Sempio Gochujang (500g),Seasoned/Sauce/Powder,1,145.0,0.0,145.0
T2025000840,2025-11-05,13:55:00,P0217,Ottogi Roasted Sesame Seeds 200g,Seasoned/Sauce/Powder,4,255.0,0.0,1020.0
T2025000841,2025-11-05,20:10:00,P0054,Chadolbagi Wagyu 500g,Food Fresh/Meat/Sidedish,1,475.0,0.0,475.0
T2025000841,2025-11-05,20:10:00,P0064,Kimbab Radish 400g,Food Fresh/Meat/Sidedish,10,185.0,0.0,1850.0
T2025000841,2025-11-05,20:10:00,P0061,Dried Anchovy Medium 100g,Food Fresh/Meat/Sidedish,3,240.0,0.15,612.0
T2025000841,2025-11-05,20:10:00,P0073,Perilla Leaves 2Packs,Food Fresh/Meat/Sidedish,8,40.0,0.0,320.0
T2025000841,2025-11-05,20:10:00,P0063,Our Home Kimchi 1Kg Jar,Food Fresh/Meat/Sidedish,1,190.0,0.0,190.0
T2025000842,2025-11-05,21:41:00,P0129,Sunhari Grape 360mL,Liquor/Beverage,8,120.0,0.05,912.0
T2025000842,2025-11-05,21:41:00,P0113,Binggre Melon Milk 200mL 6Pcs,Liquor/Beverage,6,290.0,0.0,1740.0
T2025000842,2025-11-05,21:41:00,P0124,Terra Lager Beer 500mL,Liquor/Beverage,10,170.0,0.2,1360.0
T2025000842,2025-11-05,21:41:00,P0132,Sunhari Strawberry 360mL,Liquor/Beverage,4,120.0,0.0,480.0
T2025000842,2025-11-05,21:41:00,P0120,Aloe Vera Juice 1.5L,Liquor/Beverage,1,175.0,0.0,175.0
T2025000842,2025-11-05,21:41:00,P0127,Lets Be Mild Coffee Can 4Pcs,Liquor/Beverage,2,128.0,0.0,256.0
T2025000843,2025-11-05,15:19:00,P0214,Jin Soy Sauce Rich & Savory 860mL,Seasoned/Sauce/Powder,3,315.0,0.2,756.0
T2025000843,2025-11-05,15:19:00,P0227,CJ Beksul Beef Bulgogi Sauce 290g,Seasoned/Sauce/Powder,6,150.0,0.0,900.0
T2025000843,2025-11-05,15:19:00,P0218,CJ Beksul Beef Bulgogi Sauce 500g,Seasoned/Sauce/Powder,2,250.0,0.0,500.0
T2025000844,2025-11-05,16:57:00,P0080,Samyang Buldak Original Spicy Mandu 700g,Food Frozen,2,410.0,0.0,820.0
T2025000844,2025-11-05,16:57:00,P0093,Bibigo Kimchi Fried Rice,Food Frozen,5,190.0,0.1,855.0
T2025000845,2025-11-05,17:45:00,P0001,Ottogi Sesame Oil 500mL,Condiments,3,590.5,0.0,1771.5
T2025000845,2025-11-05,17:45:00,P0003,Sempio Sesame Oil,Condiments,6,185.0,0.05,1054.5
T2025000845,2025-11-05,17:45:00,P0007,Samyang Spicy Mayo,Condiments,5,130.0,0.0,650.0
T2025000846,2025-11-05,11:10:00,P0157,Nongshim Yachae Ramyeon 100g,Noodles,5,93.0,0.0,465.0
T2025000847,2025-11-05,15:05:00,P0140,Woongjin Yogurt Peach 340mL,Liquor/Beverage,3,60.0,0.0,180.0
T2025000847,2025-11-05,15:05:00,P0108,Ottogi Honey Citron Tea 1Kg,Liquor/Beverage,4,530.0,0.0,2120.0
T2025000848,2025-11-05,11:32:00,P0047,Dongwon Spicy Tuna,Dry Food,2,80.0,0.0,160.0
T2025000848,2025-11-05,11:32:00,P0034,CJ  Cooked Rice,Dry Food,1,116.0,0.15,98.6
T2025000848,2025-11-05,11:32:00,P0031,Yopokki Cheese Cup 120g,Dry Food,5,120.0,0.1,540.0
T2025000849,2025-11-05,13:03:00,P0215,Ottogi Wasabi Powder 300g,Seasoned/Sauce/Powder,2,290.0,0.0,580.0
T2025000850,2025-11-05,08:00:00,P0036,Dongwon  Tuna Light Can 150g,Dry Food,6,110.0,0.0,660.0
T2025000850,2025-11-05,08:00:00,P0018,(Kaya) Korean Rice 1.5Kg,Dry Food,6,190.0,0.0,1140.0
T2025000850,2025-11-05,08:00:00,P0037,Ottogi Cup Spaghetti,Dry Food,5,110.0,0.0,550.0
T2025000850,2025-11-05,08:00:00,P0021,Bibigo Kimbab Kim 10Sheets,Dry Food,3,161.0,0.1,434.7
T2025000850,2025-11-05,08:00:00,P0041,CJ Hetbahn Multi-Grain Rice,Dry Food,10,95.0,0.0,950.0
T2025000850,2025-11-05,08:00:00,P0011,CJ  Cooked Rice Plain 210g,Dry Food,9,365.0,0.0,3285.0
T2025000851,2025-11-05,11:15:00,P0248,Choco Pie Black Sugar 12Pcs,Snacks,3,200.0,0.0,600.0
T2025000851,2025-11-05,11:15:00,P0265,Orion Almond Candy,Snacks,3,110.0,0.15,280.5
T2025000851,2025-11-05,11:15:00,P0252,Lotte Banana Choco Pie 12Pcs,Snacks,8,180.0,0.1,1296.0
T2025000851,2025-11-05,11:15:00,P0270,Samlip Custard Cream Cake,Snacks,1,105.0,0.0,105.0
T2025000852,2025-11-05,11:28:00,P0085,Bibigo Bulgogi Mandu,Food Frozen,6,280.0,0.1,1512.0
T2025000852,2025-11-05,11:28:00,P0093,Bibigo Kimchi Fried Rice,Food Frozen,1,190.0,0.15,161.5
T2025000852,2025-11-05,11:28:00,P0100,Binggrae Ice Cream Sandwich,Food Frozen,2,80.0,0.0,160.0
T2025000853,2025-11-05,15:49:00,P0223,Jin Soy Sauce For Soup 860mL,Seasoned/Sauce/Powder,10,205.0,0.0,2050.0
T2025000853,2025-11-05,15:49:00,P0219,CJ Beksul Spicy Pork Sauce 500g,Seasoned/Sauce/Powder,1,240.0,0.0,240.0
T2025000853,2025-11-05,15:49:00,P0231,O'Food Bulgogi Marinade,Seasoned/Sauce/Powder,5,145.0,0.0,725.0
T2025000853,2025-11-05,15:49:00,P0233,O'Food Korean Fried Chicken Sauce,Seasoned/Sauce/Powder,2,135.0,0.0,270.0
T2025000853,2025-11-05,15:49:00,P0242,CJ  Gochujang 200g,Seasoned/Sauce/Powder,9,100.0,0.0,900.0
T2025000853,2025-11-05,15:49:00,P0222,CJ  Soybean Paste 1Kg,Seasoned/Sauce/Powder,5,208.0,0.15,884.0
T2025000854,2025-11-05,11:36:00,P0215,Ottogi Wasabi Powder 300g,Seasoned/Sauce/Powder,5,290.0,0.15,1232.5
T2025000854,2025-11-05,11:36:00,P0224,Seasoned Seaweed 200g,Seasoned/Sauce/Powder,5,190.0,0.0,950.0
T2025000854,2025-11-05,11:36:00,P0235,O'Food Kimchi Base Sauce,Seasoned/Sauce/Powder,3,130.0,0.0,390.0
T2025000854,2025-11-05,11:36:00,P0238,Ottogi Curry Mild,Seasoned/Sauce/Powder,7,115.0,0.0,805.0
T2025000855,2025-11-05,16:14:00,P0132,Sunhari Strawberry 360mL,Liquor/Beverage,5,120.0,0.0,600.0
T2025000855,2025-11-05,16:14:00,P0107,Ottogi Honey Ginger Tea 1Kg,Liquor/Beverage,9,530.0,0.0,4770.0
T2025000855,2025-11-05,16:14:00,P0148,Binggrae Strawberry Milk,Liquor/Beverage,10,45.0,0.0,450.0
T2025000855,2025-11-05,16:14:00,P0124,Terra Lager Beer 500mL,Liquor/Beverage,4,170.0,0.0,680.0
T2025000855,2025-11-05,16:14:00,P0109,(꽃샘) Concentrated Flavored Drink 600g,Liquor/Beverage,8,370.0,0.0,2960.0
T2025000855,2025-11-05,16:14:00,P0118,Brown Rice Green Tea 50Pcs,Liquor/Beverage,1,257.0,0.0,257.0
T2025000856,2025-11-05,11:45:00,P0136,Cass Fresh Beer,Liquor/Beverage,4,85.0,0.0,340.0
T2025000857,2025-11-05,12:31:00,P0063,Our Home Kimchi 1Kg Jar,Food Fresh/Meat/Sidedish,3,190.0,0.25,427.5
T2025000857,2025-11-05,12:31:00,P0069,Bibigo Beef Bone Soup,Food Fresh/Meat/Sidedish,6,110.0,0.0,660.0
T2025000857,2025-11-05,12:31:00,P0054,Chadolbagi Wagyu 500g,Food Fresh/Meat/Sidedish,9,475.0,0.0,4275.0
T2025000858,2025-11-05,15:04:00,P0181,Paldo Bibim Cold Noodles,Noodles,1,65.0,0.0,65.0
T2025000858,2025-11-05,15:04:00,P0180,Samyang Curry Ramen,Noodles,5,68.0,0.0,340.0
T2025000858,2025-11-05,15:04:00,P0206,Nongshim Chapagetti,Noodles,6,45.0,0.0,270.0
T2025000858,2025-11-05,15:04:00,P0170,Ottogi Jin Jjajang,Noodles,4,80.0,0.0,320.0
T2025000859,2025-11-05,13:37:00,P0089,Jongga Rice Cake 1Kg,Food Frozen,3,230.0,0.0,690.0
T2025000859,2025-11-05,13:37:00,P0082,Daerim  Crab Sticks 1Kg,Food Frozen,9,350.0,0.05,2992.5
T2025000859,2025-11-05,13:37:00,P0094,MWC Frank Sausage 5Pcs,Food Frozen,8,173.0,0.0,1384.0
T2025000859,2025-11-05,13:37:00,P0093,Bibigo Kimchi Fried Rice,Food Frozen,5,190.0,0.0,950.0
T2025000859,2025-11-05,13:37:00,P0090,Nongmin Rice Cake 1Kg,Food Frozen,2,220.0,0.0,440.0
T2025000859,2025-11-05,13:37:00,P0096,Daerim  Vienna Sausage 170g,Food Frozen,9,145.0,0.0,1305.0
T2025000860,2025-11-05,19:30:00,P0237,O'Food Tteokbokki Sauce,Seasoned/Sauce/Powder,3,120.0,0.0,360.0
T2025000860,2025-11-05,19:30:00,P0236,CJ  Soybean Paste 500g,Seasoned/Sauce/Powder,4,123.0,0.0,492.0
T2025000861,2025-11-05,18:05:00,P0082,Daerim  Crab Sticks 1Kg,Food Frozen,1,350.0,0.0,350.0
T2025000861,2025-11-05,18:05:00,P0099,Daerim  Chaw Spicy Stick 90g,Food Frozen,2,80.0,0.0,160.0
T2025000861,2025-11-05,18:05:00,P0090,Nongmin Rice Cake 1Kg,Food Frozen,6,220.0,0.0,1320.0
T2025000862,2025-11-05,20:28:00,P0017,Bibigo Seaweed Flakes 50g,Dry Food,3,210.0,0.0,630.0
T2025000862,2025-11-05,20:28:00,P0019,Haepyo Crispy Seaweed 9Pcs,Dry Food,6,188.0,0.0,1128.0
T2025000862,2025-11-05,20:28:00,P0022,Ottogi Tteokbokki Cup,Dry Food,3,160.0,0.0,480.0
T2025000862,2025-11-05,20:28:00,P0035,CJ  Multi-Grains Cooked Rice 210g,Dry Food,10,110.0,0.0,1100.0
T2025000863,2025-11-05,20:44:00,P0072,Kongsarang Soft Tofu,Food Fresh/Meat/Sidedish,7,65.0,0.0,455.0
T2025000863,2025-11-05,20:44:00,P0049,Our Home Kimchi 1Kg,Food Fresh/Meat/Sidedish,5,320.5,0.25,1201.88
T2025000863,2025-11-05,20:44:00,P0058,Homemade Kimchi 850g,Food Fresh/Meat/Sidedish,8,290.0,0.0,2320.0
T2025000863,2025-11-05,20:44:00,P0061,Dried Anchovy Medium 100g,Food Fresh/Meat/Sidedish,1,240.0,0.0,240.0
T2025000863,2025-11-05,20:44:00,P0064,Kimbab Radish 400g,Food Fresh/Meat/Sidedish,5,185.0,0.0,925.0
T2025000864,2025-11-05,16:45:00,P0137,Hite Beer Can,Liquor/Beverage,7,80.0,0.0,560.0
T2025000864,2025-11-05,16:45:00,P0138,Kirin Ichiban Beer 330mL,Liquor/Beverage,3,68.0,0.0,204.0
T2025000864,2025-11-05,16:45:00,P0149,Binggrae Mango Milk,Liquor/Beverage,2,45.0,0.0,90.0
T2025000865,2025-11-05,11:02:00,P0275,Haitai Sweet Potato Snack,Snacks,9,95.0,0.0,855.0
T2025000866,2025-11-05,18:07:00,P0006,Chung Jung One Soy Sauce,Condiments,8,140.0,0.0,1120.0
T2025000866,2025-11-05,18:07:00,P0007,Samyang Spicy Mayo,Condiments,4,130.0,0.0,520.0
T2025000867,2025-11-05,11:43:00,P0079,Daerim  Kimbab Ham 1Kg,Food Frozen,2,480.0,0.0,960.0
T2025000867,2025-11-05,11:43:00,P0090,Nongmin Rice Cake 1Kg,Food Frozen,7,220.0,0.0,1540.0
T2025000867,2025-11-05,11:43:00,P0087,Bibigo Crispy Seaweed Roll,Food Frozen,1,260.0,0.0,260.0
T2025000867,2025-11-05,11:43:00,P0077,Daerim  Vienna Sausage 1Kg,Food Frozen,4,580.0,0.0,2320.0
T2025000867,2025-11-05,11:43:00,P0088,Dongwon  Real Crabs 144g ,Food Frozen,4,259.0,0.05,984.2
T2025000868,2025-11-05,13:43:00,P0049,Our Home Kimchi 1Kg,Food Fresh/Meat/Sidedish,1,320.5,0.0,320.5
T2025000868,2025-11-05,13:43:00,P0055,Beef Enoki Roll 500g,Food Fresh/Meat/Sidedish,5,410.0,0.0,2050.0
T2025000868,2025-11-05,13:43:00,P0073,Perilla Leaves 2Packs,Food Fresh/Meat/Sidedish,7,40.0,0.15,238.0
T2025000868,2025-11-05,13:43:00,P0060,Homemade Spring Onion Kimchi 350g,Food Fresh/Meat/Sidedish,3,250.0,0.0,750.0
T2025000868,2025-11-05,13:43:00,P0064,Kimbab Radish 400g,Food Fresh/Meat/Sidedish,2,185.0,0.1,333.0
T2025000869,2025-11-05,09:05:00,P0094,MWC Frank Sausage 5Pcs,Food Frozen,6,173.0,0.0,1038.0
T2025000869,2025-11-05,09:05:00,P0092,Daerim  Crab Stick 500g,Food Frozen,1,210.0,0.0,210.0
T2025000869,2025-11-05,09:05:00,P0102,MWC Tteok Galbi Bar,Food Frozen,8,75.0,0.0,600.0
T2025000869,2025-11-05,09:05:00,P0076,CJ  Crispy Hotdog,Food Frozen,4,640.0,0.0,2560.0
T2025000870,2025-11-05,13:59:00,P0035,CJ  Multi-Grains Cooked Rice 210g,Dry Food,5,110.0,0.0,550.0
T2025000870,2025-11-05,13:59:00,P0039,Ottogi 3Mins Curry,Dry Food,2,99.0,0.0,198.0
T2025000871,2025-11-05,15:10:00,P0016,Dongwon  Vegetable Tuna Can 150g 2Pcs,Dry Food,7,235.0,0.0,1645.0
T2025000872,2025-11-05,20:10:00,P0166,Samyang Buldak Original,Noodles,7,88.0,0.2,492.8
T2025000872,2025-11-05,20:10:00,P0152,Samyang Buldak Original Cup,Noodles,8,110.0,0.0,880.0
T2025000873,2025-11-05,18:42:00,P0134,KSD Green Grape Rice Wine 750mL,Liquor/Beverage,4,105.0,0.15,357.0
T2025000873,2025-11-05,18:42:00,P0116,Maxim Mocha Gold Coffee Mix 20Pcs,Liquor/Beverage,2,275.0,0.0,550.0
T2025000873,2025-11-05,18:42:00,P0106,Mocha Gold Coffee 100Sticks,Liquor/Beverage,5,1100.0,0.25,4125.0
T2025000873,2025-11-05,18:42:00,P0148,Binggrae Strawberry Milk,Liquor/Beverage,7,45.0,0.0,315.0
T2025000873,2025-11-05,18:42:00,P0127,Lets Be Mild Coffee Can 4Pcs,Liquor/Beverage,6,128.0,0.0,768.0
T2025000874,2025-11-05,19:17:00,P0216,CJ Beksul Chicken Frying Mix 1Kg,Seasoned/Sauce/Powder,6,257.0,0.0,1542.0
T2025000874,2025-11-05,19:17:00,P0223,Jin Soy Sauce For Soup 860mL,Seasoned/Sauce/Powder,2,205.0,0.0,410.0
T2025000874,2025-11-05,19:17:00,P0240,Ottogi Spaghetti Sauce,Seasoned/Sauce/Powder,1,115.0,0.0,115.0
T2025000874,2025-11-05,19:17:00,P0219,CJ Beksul Spicy Pork Sauce 500g,Seasoned/Sauce/Powder,3,240.0,0.0,720.0
T2025000875,2025-11-05,17:32:00,P0108,Ottogi Honey Citron Tea 1Kg,Liquor/Beverage,2,530.0,0.0,1060.0
T2025000875,2025-11-05,17:32:00,P0110,Mitte Hot Choco Original 300g,Liquor/Beverage,6,370.0,0.0,2220.0
T2025000876,2025-11-05,13:09:00,P0066,Imported Kimchi Big Tub 850g,Food Fresh/Meat/Sidedish,9,150.0,0.0,1350.0
T2025000876,2025-11-05,13:09:00,P0062,Dried Anchovy Small 100g,Food Fresh/Meat/Sidedish,8,240.0,0.0,1920.0
T2025000876,2025-11-05,13:09:00,P0069,Bibigo Beef Bone Soup,Food Fresh/Meat/Sidedish,10,110.0,0.0,1100.0
T2025000877,2025-11-05,20:11:00,P0257,Lotte Almond Chocolate,Snacks,1,130.0,0.0,130.0
T2025000877,2025-11-05,20:11:00,P0250,Haitai Honey Butter Almonds,Snacks,4,190.0,0.0,760.0
T2025000877,2025-11-05,20:11:00,P0274,Haitai Matdongsan,Snacks,6,95.0,0.0,570.0
T2025000877,2025-11-05,20:11:00,P0298,Pepero White Cookie,Snacks,3,55.0,0.0,165.0
T2025000877,2025-11-05,20:11:00,P0281,Haitai Ace Crackers,Snacks,5,85.0,0.0,425.0
T2025000878,2025-11-05,14:08:00,P0132,Sunhari Strawberry 360mL,Liquor/Beverage,6,120.0,0.1,648.0
T2025000878,2025-11-05,14:08:00,P0133,Sunhari Blueberry 360mL,Liquor/Beverage,9,120.0,0.0,1080.0
T2025000878,2025-11-05,14:08:00,P0129,Sunhari Grape 360mL,Liquor/Beverage,9,120.0,0.0,1080.0
T2025000878,2025-11-05,14:08:00,P0149,Binggrae Mango Milk,Liquor/Beverage,9,45.0,0.0,405.0
T2025000878,2025-11-05,14:08:00,P0122,Chamisul Original Soju,Liquor/Beverage,9,175.0,0.0,1575.0
T2025000879,2025-11-05,09:44:00,P0231,O'Food Bulgogi Marinade,Seasoned/Sauce/Powder,7,145.0,0.0,1015.0
T2025000879,2025-11-05,09:44:00,P0222,CJ  Soybean Paste 1Kg,Seasoned/Sauce/Powder,10,208.0,0.0,2080.0
T2025000879,2025-11-05,09:44:00,P0216,CJ Beksul Chicken Frying Mix 1Kg,Seasoned/Sauce/Powder,10,257.0,0.0,2570.0
T2025000879,2025-11-05,09:44:00,P0235,O'Food Kimchi Base Sauce,Seasoned/Sauce/Powder,6,130.0,0.0,780.0
T2025000879,2025-11-05,09:44:00,P0218,CJ Beksul Beef Bulgogi Sauce 500g,Seasoned/Sauce/Powder,6,250.0,0.0,1500.0
T2025000879,2025-11-05,09:44:00,P0214,Jin Soy Sauce Rich & Savory 860mL,Seasoned/Sauce/Powder,1,315.0,0.0,315.0
T2025000880,2025-11-05,12:40:00,P0212,Beef Dasida (Soup Stock) 1Kg,Seasoned/Sauce/Powder,8,550.0,0.0,4400.0
T2025000881,2025-11-05,09:24:00,P0002,Ottogi Gold Mayonnaise 500g,Condiments,5,235.0,0.1,1057.5
T2025000881,2025-11-05,09:24:00,P0008,Ottogi Corn Syrup,Condiments,5,98.0,0.0,490.0
T2025000881,2025-11-05,09:24:00,P0004,O'Food Korean Chili Oil,Condiments,5,160.0,0.0,800.0
T2025000881,2025-11-05,09:24:00,P0006,Chung Jung One Soy Sauce,Condiments,6,140.0,0.25,630.0
T2025000881,2025-11-05,09:24:00,P0007,Samyang Spicy Mayo,Condiments,7,130.0,0.0,910.0
T2025000882,2025-11-05,13:10:00,P0222,CJ  Soybean Paste 1Kg,Seasoned/Sauce/Powder,10,208.0,0.0,2080.0
T2025000883,2025-11-05,11:55:00,P0008,Ottogi Corn Syrup,Condiments,5,98.0,0.0,490.0
T2025000883,2025-11-05,11:55:00,P0001,Ottogi Sesame Oil 500mL,Condiments,6,590.5,0.15,3011.55
T2025000883,2025-11-05,11:55:00,P0004,O'Food Korean Chili Oil,Condiments,7,160.0,0.0,1120.0
T2025000883,2025-11-05,11:55:00,P0005,Ottogi Gold Mayonnaise 300g,Condiments,10,150.0,0.0,1500.0
T2025000884,2025-11-05,12:37:00,P0064,Kimbab Radish 400g,Food Fresh/Meat/Sidedish,4,185.0,0.0,740.0
T2025000884,2025-11-05,12:37:00,P0069,Bibigo Beef Bone Soup,Food Fresh/Meat/Sidedish,9,110.0,0.0,990.0
T2025000884,2025-11-05,12:37:00,P0054,Chadolbagi Wagyu 500g,Food Fresh/Meat/Sidedish,2,475.0,0.0,950.0
T2025000884,2025-11-05,12:37:00,P0050,Boneless Rib Eye 250g,Food Fresh/Meat/Sidedish,5,750.0,0.25,2812.5
T2025000885,2025-11-05,17:10:00,P0213,Sempio Yondu 500mL,Seasoned/Sauce/Powder,8,345.0,0.0,2760.0
T2025000885,2025-11-05,17:10:00,P0242,CJ  Gochujang 200g,Seasoned/Sauce/Powder,2,100.0,0.0,200.0
T2025000885,2025-11-05,17:10:00,P0233,O'Food Korean Fried Chicken Sauce,Seasoned/Sauce/Powder,2,135.0,0.0,270.0
T2025000886,2025-11-05,15:17:00,P0100,Binggrae Ice Cream Sandwich,Food Frozen,7,80.0,0.0,560.0
T2025000886,2025-11-05,15:17:00,P0089,Jongga Rice Cake 1Kg,Food Frozen,7,230.0,0.0,1610.0
T2025000887,2025-11-05,15:20:00,P0035,CJ  Multi-Grains Cooked Rice 210g,Dry Food,5,110.0,0.0,550.0
T2025000887,2025-11-05,15:20:00,P0024,O'Food Kimchi Soup Mix,Dry Food,9,150.0,0.05,1282.5
T2025000888,2025-11-05,17:51:00,P0233,O'Food Korean Fried Chicken Sauce,Seasoned/Sauce/Powder,10,135.0,0.1,1215.0
T2025000889,2025-11-05,11:47:00,P0102,MWC Tteok Galbi Bar,Food Frozen,5,75.0,0.0,375.0
T2025000889,2025-11-05,11:47:00,P0093,Bibigo Kimchi Fried Rice,Food Frozen,1,190.0,0.2,152.0
T2025000889,2025-11-05,11:47:00,P0096,Daerim  Vienna Sausage 170g,Food Frozen,8,145.0,0.0,1160.0
T2025000889,2025-11-05,11:47:00,P0074,Bibigo Fried Dumplings 450g,Food Frozen,6,740.0,0.0,4440.0
T2025000889,2025-11-05,11:47:00,P0081,Assi Shrimp Wanton 600g,Food Frozen,1,400.0,0.0,400.0
T2025000890,2025-11-05,18:58:00,P0058,Homemade Kimchi 850g,Food Fresh/Meat/Sidedish,8,290.0,0.0,2320.0
T2025000890,2025-11-05,18:58:00,P0060,Homemade Spring Onion Kimchi 350g,Food Fresh/Meat/Sidedish,3,250.0,0.0,750.0
T2025000890,2025-11-05,18:58:00,P0059,Pork Belly (Samgyupsal) 500g,Food Fresh/Meat/Sidedish,1,275.0,0.0,275.0
T2025000890,2025-11-05,18:58:00,P0057,Jongga Pogi Kimchi 500g,Food Fresh/Meat/Sidedish,9,315.0,0.0,2835.0
T2025000891,2025-11-05,10:49:00,P0300,Can Choco Balls,Snacks,4,45.0,0.0,180.0
T2025000892,2025-11-05,15:59:00,P0047,Dongwon Spicy Tuna,Dry Food,7,80.0,0.0,560.0
T2025000892,2025-11-05,15:59:00,P0018,(Kaya) Korean Rice 1.5Kg,Dry Food,9,190.0,0.0,1710.0
T2025000892,2025-11-05,15:59:00,P0048,Dongwon Light Tuna,Dry Food,3,75.0,0.0,225.0
T2025000892,2025-11-05,15:59:00,P0040,Ottogi Sweet Corn 340g,Dry Food,4,95.0,0.2,304.0
T2025000892,2025-11-05,15:59:00,P0031,Yopokki Cheese Cup 120g,Dry Food,10,120.0,0.25,900.0
T2025000893,2025-11-05,15:30:00,P0112,Teazen Diet Tea Berry 10 Sticks,Liquor/Beverage,1,290.0,0.0,290.0
T2025000893,2025-11-05,15:30:00,P0109,(꽃샘) Concentrated Flavored Drink 600g,Liquor/Beverage,5,370.0,0.0,1850.0
T2025000893,2025-11-05,15:30:00,P0136,Cass Fresh Beer,Liquor/Beverage,3,85.0,0.0,255.0
T2025000893,2025-11-05,15:30:00,P0129,Sunhari Grape 360mL,Liquor/Beverage,9,120.0,0.0,1080.0
T2025000893,2025-11-05,15:30:00,P0107,Ottogi Honey Ginger Tea 1Kg,Liquor/Beverage,2,530.0,0.0,1060.0
T2025000894,2025-11-05,08:05:00,P0230,CJ Beksul Pancake Sauce,Seasoned/Sauce/Powder,5,145.0,0.0,725.0
T2025000895,2025-11-05,11:40:00,P0216,CJ Beksul Chicken Frying Mix 1Kg,Seasoned/Sauce/Powder,3,257.0,0.25,578.25
T2025000895,2025-11-05,11:40:00,P0242,CJ  Gochujang 200g,Seasoned/Sauce/Powder,1,100.0,0.0,100.0
T2025000895,2025-11-05,11:40:00,P0241,CJ Anchovy Sauce 500g,Seasoned/Sauce/Powder,1,105.0,0.0,105.0
T2025000895,2025-11-05,11:40:00,P0212,Beef Dasida (Soup Stock) 1Kg,Seasoned/Sauce/Powder,2,550.0,0.0,1100.0
T2025000896,2025-11-05,08:30:00,P0036,Dongwon  Tuna Light Can 150g,Dry Food,6,110.0,0.0,660.0
T2025000896,2025-11-05,08:30:00,P0044,Ottogi Vegetable Soup 80g,Dry Food,1,90.0,0.0,90.0
T2025000896,2025-11-05,08:30:00,P0023,Dongwon  Luncheon Meat 340g,Dry Food,6,155.0,0.0,930.0
T2025000896,2025-11-05,08:30:00,P0026,Yopokki Sweet & Spicy 280g,Dry Food,6,145.0,0.0,870.0
T2025000896,2025-11-05,08:30:00,P0031,Yopokki Cheese Cup 120g,Dry Food,5,120.0,0.0,600.0
T2025000896,2025-11-05,08:30:00,P0043,CJ Hetbahn Cooked Barley,Dry Food,1,95.0,0.05,90.25
T2025000897,2025-11-05,13:24:00,P0104,Pepero Original,Food Frozen,2,55.0,0.0,110.0
T2025000897,2025-11-05,13:24:00,P0082,Daerim  Crab Sticks 1Kg,Food Frozen,3,350.0,0.1,945.0
T2025000898,2025-11-05,13:14:00,P0002,Ottogi Gold Mayonnaise 500g,Condiments,2,235.0,0.0,470.0
T2025000898,2025-11-05,13:14:00,P0005,Ottogi Gold Mayonnaise 300g,Condiments,2,150.0,0.0,300.0
T2025000898,2025-11-05,13:14:00,P0006,Chung Jung One Soy Sauce,Condiments,9,140.0,0.2,1008.0
T2025000899,2025-11-05,13:18:00,P0059,Pork Belly (Samgyupsal) 500g,Food Fresh/Meat/Sidedish,9,275.0,0.0,2475.0
T2025000899,2025-11-05,13:18:00,P0062,Dried Anchovy Small 100g,Food Fresh/Meat/Sidedish,4,240.0,0.0,960.0
T2025000899,2025-11-05,13:18:00,P0072,Kongsarang Soft Tofu,Food Fresh/Meat/Sidedish,2,65.0,0.0,130.0
T2025000900,2025-11-05,18:23:00,P0075,Bibigo Mul Mandu 370g 2Packs,Food Frozen,6,695.0,0.0,4170.0
T2025000900,2025-11-05,18:23:00,P0095,Samlip Fish Cake Sheets,Food Frozen,8,150.0,0.25,900.0
T2025000901,2025-11-05,21:23:00,P0147,Binggrae Coffee Milk,Liquor/Beverage,3,48.0,0.0,144.0
T2025000901,2025-11-05,21:23:00,P0117,Maxim Kanu Dark Roast 10 Sticks,Liquor/Beverage,6,260.0,0.0,1560.0
T2025000901,2025-11-05,21:23:00,P0121,Lotte Chum Churum Soju,Liquor/Beverage,9,175.0,0.0,1575.0
T2025000901,2025-11-05,21:23:00,P0142,Nongshim Welchs White Grape 355mL,Liquor/Beverage,1,60.0,0.05,57.0
T2025000901,2025-11-05,21:23:00,P0111,Maxim Kanu Ice Latte 10 Sticks,Liquor/Beverage,4,360.0,0.0,1440.0
T2025000901,2025-11-05,21:23:00,P0134,KSD Green Grape Rice Wine 750mL,Liquor/Beverage,4,105.0,0.0,420.0
T2025000902,2025-11-05,16:33:00,P0170,Ottogi Jin Jjajang,Noodles,9,80.0,0.0,720.0
T2025000902,2025-11-05,16:33:00,P0211,Ottogi Jin Ramen Hot,Noodles,3,40.0,0.0,120.0
T2025000903,2025-11-05,18:55:00,P0222,CJ  Soybean Paste 1Kg,Seasoned/Sauce/Powder,7,208.0,0.15,1237.6
T2025000903,2025-11-05,18:55:00,P0231,O'Food Bulgogi Marinade,Seasoned/Sauce/Powder,9,145.0,0.0,1305.0
T2025000903,2025-11-05,18:55:00,P0235,O'Food Kimchi Base Sauce,Seasoned/Sauce/Powder,8,130.0,0.0,1040.0
T2025000904,2025-11-05,17:36:00,P0137,Hite Beer Can,Liquor/Beverage,1,80.0,0.0,80.0
T2025000904,2025-11-05,17:36:00,P0127,Lets Be Mild Coffee Can 4Pcs,Liquor/Beverage,10,128.0,0.0,1280.0
T2025000904,2025-11-05,17:36:00,P0130,Sunhari Apple 360mL,Liquor/Beverage,2,120.0,0.0,240.0
T2025000904,2025-11-05,17:36:00,P0116,Maxim Mocha Gold Coffee Mix 20Pcs,Liquor/Beverage,8,275.0,0.0,2200.0
T2025000904,2025-11-05,17:36:00,P0132,Sunhari Strawberry 360mL,Liquor/Beverage,10,120.0,0.0,1200.0
T2025000905,2025-11-05,17:16:00,P0160,Paldo Wang Cup Kimchi,Noodles,1,90.0,0.0,90.0
T2025000905,2025-11-05,17:16:00,P0184,Nongshim Baehongdong Bibimyeon 137g,Noodles,8,61.0,0.0,488.0
T2025000905,2025-11-05,17:16:00,P0185,Nongshim Shin Non-Frying Ramen 97g,Noodles,8,60.0,0.0,480.0
T2025000905,2025-11-05,17:16:00,P0170,Ottogi Jin Jjajang,Noodles,7,80.0,0.0,560.0
T2025000905,2025-11-05,17:16:00,P0193,Paldo Gomtang Ramen,Noodles,4,56.0,0.0,224.0
T2025000906,2025-11-05,08:42:00,P0078,Spanish Mackerel 340g,Food Frozen,2,500.0,0.0,1000.0
T2025000907,2025-11-05,15:31:00,P0080,Samyang Buldak Original Spicy Mandu 700g,Food Frozen,7,410.0,0.0,2870.0
T2025000907,2025-11-05,15:31:00,P0093,Bibigo Kimchi Fried Rice,Food Frozen,7,190.0,0.0,1330.0
T2025000908,2025-11-05,17:33:00,P0132,Sunhari Strawberry 360mL,Liquor/Beverage,7,120.0,0.2,672.0
T2025000909,2025-11-05,10:22:00,P0288,Nongshim Honey Rice Snack,Snacks,5,80.0,0.0,400.0
T2025000909,2025-11-05,10:22:00,P0262,Orion Custard Pineapple,Snacks,5,120.0,0.0,600.0
T2025000909,2025-11-05,10:22:00,P0251,Oil Fried & Salted Peanuts,Snacks,5,185.0,0.0,925.0
T2025000909,2025-11-05,10:22:00,P0276,Orion Sun Chips Korean BBQ,Snacks,9,90.0,0.0,810.0
T2025000909,2025-11-05,10:22:00,P0294,Pepero Strawberry,Snacks,8,55.0,0.0,440.0
T2025000910,2025-11-05,16:45:00,P0123,Cass Cold Brewed Beer 500mL,Liquor/Beverage,8,170.0,0.0,1360.0
T2025000910,2025-11-05,16:45:00,P0107,Ottogi Honey Ginger Tea 1Kg,Liquor/Beverage,4,530.0,0.0,2120.0
T2025000911,2025-11-05,12:06:00,P0173,Nongshim Jjapageti,Noodles,5,75.0,0.0,375.0
T2025000911,2025-11-05,12:06:00,P0196,Paldo Cheese Ramen,Noodles,8,55.0,0.25,330.0
T2025000911,2025-11-05,12:06:00,P0160,Paldo Wang Cup Kimchi,Noodles,3,90.0,0.0,270.0
T2025000911,2025-11-05,12:06:00,P0154,Nongshim Jjawang,Noodles,6,100.0,0.0,600.0
T2025000912,2025-11-05,11:38:00,P0279,Orion O! Karto Sweet Corn,Snacks,4,88.0,0.0,352.0
T2025000912,2025-11-05,11:38:00,P0258,Orion Custard Choco Cake,Snacks,9,130.0,0.0,1170.0
T2025000912,2025-11-05,11:38:00,P0276,Orion Sun Chips Korean BBQ,Snacks,1,90.0,0.0,90.0
T2025000912,2025-11-05,11:38:00,P0252,Lotte Banana Choco Pie 12Pcs,Snacks,10,180.0,0.0,1800.0
T2025000912,2025-11-05,11:38:00,P0293,Lotte Sand Biscuit,Snacks,7,75.0,0.0,525.0
T2025000913,2025-11-05,08:29:00,P0022,Ottogi Tteokbokki Cup,Dry Food,5,160.0,0.25,600.0
T2025000913,2025-11-05,08:29:00,P0040,Ottogi Sweet Corn 340g,Dry Food,7,95.0,0.0,665.0
T2025000913,2025-11-05,08:29:00,P0013,Dongwon  Whelk In Can 140g,Dry Food,2,280.0,0.0,560.0
T2025000913,2025-11-05,08:29:00,P0020,CJ Beksul Hotteok Mix,Dry Food,2,185.0,0.0,370.0
T2025000913,2025-11-05,08:29:00,P0021,Bibigo Kimbab Kim 10Sheets,Dry Food,2,161.0,0.0,322.0
T2025000913,2025-11-05,08:29:00,P0019,Haepyo Crispy Seaweed 9Pcs,Dry Food,2,188.0,0.0,376.0
T2025000914,2025-11-05,08:22:00,P0046,CJ Beksul Potato Starch,Dry Food,8,85.0,0.0,680.0
T2025000914,2025-11-05,08:22:00,P0039,Ottogi 3Mins Curry,Dry Food,10,99.0,0.0,990.0
T2025000915,2025-11-05,13:36:00,P0259,Nongshim Sengseng U-Dong,Snacks,5,125.0,0.0,625.0
T2025000915,2025-11-05,13:36:00,P0288,Nongshim Honey Rice Snack,Snacks,10,80.0,0.2,640.0
T2025000915,2025-11-05,13:36:00,P0270,Samlip Custard Cream Cake,Snacks,3,105.0,0.0,315.0
T2025000916,2025-11-05,10:40:00,P0251,Oil Fried & Salted Peanuts,Snacks,1,185.0,0.0,185.0
T2025000916,2025-11-05,10:40:00,P0254,Honey Roasted Peanuts,Snacks,8,165.0,0.0,1320.0
T2025000916,2025-11-05,10:40:00,P0273,Haitai  Plumcandy 130g,Snacks,1,95.0,0.0,95.0
T2025000916,2025-11-05,10:40:00,P0261,Lotte Choco Heim,Snacks,6,120.0,0.0,720.0
T2025000917,2025-11-05,11:34:00,P0068,Enoki Mushroom 150G 2Packs,Food Fresh/Meat/Sidedish,8,120.0,0.0,960.0
T2025000917,2025-11-05,11:34:00,P0060,Homemade Spring Onion Kimchi 350g,Food Fresh/Meat/Sidedish,4,250.0,0.2,800.0
T2025000917,2025-11-05,11:34:00,P0069,Bibigo Beef Bone Soup,Food Fresh/Meat/Sidedish,4,110.0,0.05,418.0
T2025000917,2025-11-05,11:34:00,P0070,Skinless Garlic 150G,Food Fresh/Meat/Sidedish,10,65.0,0.05,617.5
T2025000917,2025-11-05,11:34:00,P0054,Chadolbagi Wagyu 500g,Food Fresh/Meat/Sidedish,8,475.0,0.0,3800.0
T2025000917,2025-11-05,11:34:00,P0057,Jongga Pogi Kimchi 500g,Food Fresh/Meat/Sidedish,10,315.0,0.0,3150.0
T2025000918,2025-11-05,09:16:00,P0108,Ottogi Honey Citron Tea 1Kg,Liquor/Beverage,6,530.0,0.0,3180.0
T2025000918,2025-11-05,09:16:00,P0120,Aloe Vera Juice 1.5L,Liquor/Beverage,3,175.0,0.0,525.0
T2025000918,2025-11-05,09:16:00,P0121,Lotte Chum Churum Soju,Liquor/Beverage,2,175.0,0.0,350.0
T2025000918,2025-11-05,09:16:00,P0115,Strawberry Milk 200mL 6Pcs,Liquor/Beverage,4,290.0,0.2,928.0
T2025000918,2025-11-05,09:16:00,P0136,Cass Fresh Beer,Liquor/Beverage,9,85.0,0.0,765.0
T2025000918,2025-11-05,09:16:00,P0118,Brown Rice Green Tea 50Pcs,Liquor/Beverage,5,257.0,0.0,1285.0
T2025000919,2025-11-05,19:23:00,P0062,Dried Anchovy Small 100g,Food Fresh/Meat/Sidedish,10,240.0,0.0,2400.0
T2025000920,2025-11-05,17:15:00,P0103,Daerim  Chaw Stick 100g,Food Frozen,7,73.0,0.0,511.0
T2025000920,2025-11-05,17:15:00,P0086,CJ Bibigo Gyoza Dumplings,Food Frozen,3,270.0,0.0,810.0
T2025000920,2025-11-05,17:15:00,P0094,MWC Frank Sausage 5Pcs,Food Frozen,1,173.0,0.0,173.0
T2025000920,2025-11-05,17:15:00,P0074,Bibigo Fried Dumplings 450g,Food Frozen,10,740.0,0.0,7400.0
T2025000920,2025-11-05,17:15:00,P0077,Daerim  Vienna Sausage 1Kg,Food Frozen,2,580.0,0.0,1160.0
T2025000920,2025-11-05,17:15:00,P0104,Pepero Original,Food Frozen,1,55.0,0.0,55.0
T2025000921,2025-11-05,18:44:00,P0009,CJ Beksul Corn Syrup,Condiments,3,95.0,0.0,285.0
T2025000921,2025-11-05,18:44:00,P0003,Sempio Sesame Oil,Condiments,2,185.0,0.05,351.5
T2025000922,2025-11-05,21:40:00,P0256,Orion Custard Cake,Snacks,10,130.0,0.0,1300.0
T2025000922,2025-11-05,21:40:00,P0290,Doritos Galbi Chicken,Snacks,9,77.0,0.0,693.0
T2025000923,2025-11-05,10:42:00,P0112,Teazen Diet Tea Berry 10 Sticks,Liquor/Beverage,8,290.0,0.15,1972.0
T2025000923,2025-11-05,10:42:00,P0132,Sunhari Strawberry 360mL,Liquor/Beverage,6,120.0,0.0,720.0
T2025000923,2025-11-05,10:42:00,P0122,Chamisul Original Soju,Liquor/Beverage,6,175.0,0.15,892.5
T2025000924,2025-11-05,20:12:00,P0268,Samlip Walnut Pie,Snacks,9,110.0,0.0,990.0
T2025000924,2025-11-05,20:12:00,P0272,Haitai  Sunkist Candy 125g,Snacks,7,95.0,0.0,665.0
T2025000924,2025-11-05,20:12:00,P0260,Binch Biscuit,Snacks,2,120.0,0.0,240.0
T2025000924,2025-11-05,20:12:00,P0262,Orion Custard Pineapple,Snacks,1,120.0,0.05,114.0
T2025000924,2025-11-05,20:12:00,P0270,Samlip Custard Cream Cake,Snacks,4,105.0,0.0,420.0
T2025000925,2025-11-05,18:21:00,P0031,Yopokki Cheese Cup 120g,Dry Food,10,120.0,0.0,1200.0
T2025000925,2025-11-05,18:21:00,P0013,Dongwon  Whelk In Can 140g,Dry Food,10,280.0,0.0,2800.0
T2025000925,2025-11-05,18:21:00,P0028,CJ Bibigo Seaweed Soup,Dry Food,2,140.0,0.05,266.0
T2025000925,2025-11-05,18:21:00,P0042,CJ Hetbahn Brown Rice,Dry Food,1,95.0,0.0,95.0
T2025000925,2025-11-05,18:21:00,P0021,Bibigo Kimbab Kim 10Sheets,Dry Food,5,161.0,0.0,805.0
T2025000925,2025-11-05,18:21:00,P0034,CJ  Cooked Rice,Dry Food,2,116.0,0.0,232.0
T2025000926,2025-11-05,18:14:00,P0230,CJ Beksul Pancake Sauce,Seasoned/Sauce/Powder,7,145.0,0.0,1015.0
T2025000927,2025-11-05,21:27:00,P0213,Sempio Yondu 500mL,Seasoned/Sauce/Powder,1,345.0,0.0,345.0
T2025000927,2025-11-05,21:27:00,P0235,O'Food Kimchi Base Sauce,Seasoned/Sauce/Powder,8,130.0,0.0,1040.0
T2025000927,2025-11-05,21:27:00,P0221,CJ  Gochujang 500g,Seasoned/Sauce/Powder,7,220.0,0.0,1540.0
T2025000927,2025-11-05,21:27:00,P0232,O'Food Tofu Stew Base,Seasoned/Sauce/Powder,5,135.0,0.0,675.0
T2025000927,2025-11-05,21:27:00,P0230,CJ Beksul Pancake Sauce,Seasoned/Sauce/Powder,8,145.0,0.0,1160.0
T2025000928,2025-11-05,14:12:00,P0081,Assi Shrimp Wanton 600g,Food Frozen,9,400.0,0.0,3600.0
T2025000929,2025-11-05,13:08:00,P0003,Sempio Sesame Oil,Condiments,7,185.0,0.0,1295.0
T2025000929,2025-11-05,13:08:00,P0008,Ottogi Corn Syrup,Condiments,3,98.0,0.0,294.0
T2025000929,2025-11-05,13:08:00,P0001,Ottogi Sesame Oil 500mL,Condiments,2,590.5,0.0,1181.0
T2025000930,2025-11-05,19:29:00,P0002,Ottogi Gold Mayonnaise 500g,Condiments,5,235.0,0.0,1175.0
T2025000930,2025-11-05,19:29:00,P0005,Ottogi Gold Mayonnaise 300g,Condiments,4,150.0,0.15,510.0
T2025000931,2025-11-05,16:01:00,P0156,Nongshim Ramyun King Bowl,Noodles,9,95.0,0.0,855.0
T2025000931,2025-11-05,16:01:00,P0171,Tempura Udon Big Cup,Noodles,6,75.0,0.0,450.0
T2025000931,2025-11-05,16:01:00,P0181,Paldo Bibim Cold Noodles,Noodles,2,65.0,0.0,130.0
T2025000932,2025-11-05,14:56:00,P0064,Kimbab Radish 400g,Food Fresh/Meat/Sidedish,1,185.0,0.0,185.0
T2025000933,2025-11-05,08:43:00,P0049,Our Home Kimchi 1Kg,Food Fresh/Meat/Sidedish,6,320.5,0.0,1923.0
T2025000933,2025-11-05,08:43:00,P0067,Wasabi Radish Wrapper 340g,Food Fresh/Meat/Sidedish,9,145.0,0.0,1305.0
T2025000934,2025-11-05,16:16:00,P0008,Ottogi Corn Syrup,Condiments,4,98.0,0.0,392.0
T2025000934,2025-11-05,16:16:00,P0005,Ottogi Gold Mayonnaise 300g,Condiments,5,150.0,0.0,750.0
T2025000934,2025-11-05,16:16:00,P0007,Samyang Spicy Mayo,Condiments,2,130.0,0.0,260.0
T2025000934,2025-11-05,16:16:00,P0002,Ottogi Gold Mayonnaise 500g,Condiments,6,235.0,0.05,1339.5
T2025000935,2025-11-05,15:26:00,P0222,CJ  Soybean Paste 1Kg,Seasoned/Sauce/Powder,4,208.0,0.0,832.0
T2025000936,2025-11-05,19:14:00,P0006,Chung Jung One Soy Sauce,Condiments,8,140.0,0.0,1120.0
T2025000936,2025-11-05,19:14:00,P0003,Sempio Sesame Oil,Condiments,10,185.0,0.0,1850.0
T2025000936,2025-11-05,19:14:00,P0009,CJ Beksul Corn Syrup,Condiments,8,95.0,0.0,760.0
T2025000937,2025-11-05,18:12:00,P0195,Ottogi Jin Mild Small Cup,Noodles,2,55.0,0.05,104.5
T2025000937,2025-11-05,18:12:00,P0188,Nagasaki Jjampong,Noodles,1,60.0,0.0,60.0
T2025000937,2025-11-05,18:12:00,P0161,Paldo Wang Cup,Noodles,8,90.0,0.25,540.0
T2025000937,2025-11-05,18:12:00,P0153,Samyang Buldak Cheese Cup,Noodles,6,110.0,0.0,660.0
T2025000938,2025-11-05,10:48:00,P0225,Chung Jung One Soybean Paste,Seasoned/Sauce/Powder,9,160.0,0.25,1080.0
T2025000938,2025-11-05,10:48:00,P0239,Ottogi Curry Hot,Seasoned/Sauce/Powder,1,115.0,0.0,115.0
T2025000938,2025-11-05,10:48:00,P0223,Jin Soy Sauce For Soup 860mL,Seasoned/Sauce/Powder,3,205.0,0.0,615.0
T2025000938,2025-11-05,10:48:00,P0227,CJ Beksul Beef Bulgogi Sauce 290g,Seasoned/Sauce/Powder,8,150.0,0.0,1200.0
T2025000938,2025-11-05,10:48:00,P0241,CJ Anchovy Sauce 500g,Seasoned/Sauce/Powder,4,105.0,0.0,420.0
T2025000939,2025-11-05,16:30:00,P0160,Paldo Wang Cup Kimchi,Noodles,7,90.0,0.25,472.5
T2025000939,2025-11-05,16:30:00,P0191,Paldo Teumsae Ramen,Noodles,2,60.0,0.0,120.0
T2025000940,2025-11-05,13:04:00,P0228,Sempio Gochujang (500g),Seasoned/Sauce/Powder,8,145.0,0.0,1160.0
T2025000940,2025-11-05,13:04:00,P0215,Ottogi Wasabi Powder 300g,Seasoned/Sauce/Powder,10,290.0,0.05,2755.0
T2025000940,2025-11-05,13:04:00,P0241,CJ Anchovy Sauce 500g,Seasoned/Sauce/Powder,9,105.0,0.0,945.0
T2025000940,2025-11-05,13:04:00,P0231,O'Food Bulgogi Marinade,Seasoned/Sauce/Powder,1,145.0,0.0,145.0
T2025000940,2025-11-05,13:04:00,P0224,Seasoned Seaweed 200g,Seasoned/Sauce/Powder,8,190.0,0.0,1520.0
T2025000941,2025-11-05,17:37:00,P0089,Jongga Rice Cake 1Kg,Food Frozen,3,230.0,0.05,655.5
T2025000941,2025-11-05,17:37:00,P0078,Spanish Mackerel 340g,Food Frozen,6,500.0,0.2,2400.0
T2025000941,2025-11-05,17:37:00,P0074,Bibigo Fried Dumplings 450g,Food Frozen,10,740.0,0.0,7400.0
T2025000942,2025-11-05,11:28:00,P0061,Dried Anchovy Medium 100g,Food Fresh/Meat/Sidedish,7,240.0,0.0,1680.0
T2025000942,2025-11-05,11:28:00,P0057,Jongga Pogi Kimchi 500g,Food Fresh/Meat/Sidedish,4,315.0,0.0,1260.0
T2025000942,2025-11-05,11:28:00,P0066,Imported Kimchi Big Tub 850g,Food Fresh/Meat/Sidedish,3,150.0,0.0,450.0
T2025000943,2025-11-05,09:23:00,P0049,Our Home Kimchi 1Kg,Food Fresh/Meat/Sidedish,3,320.5,0.0,961.5
T2025000943,2025-11-05,09:23:00,P0065,Sempio Spicy Stir-Fried Dried Squid,Food Fresh/Meat/Sidedish,10,175.0,0.0,1750.0
T2025000943,2025-11-05,09:23:00,P0057,Jongga Pogi Kimchi 500g,Food Fresh/Meat/Sidedish,9,315.0,0.0,2835.0
T2025000943,2025-11-05,09:23:00,P0068,Enoki Mushroom 150G 2Packs,Food Fresh/Meat/Sidedish,3,120.0,0.0,360.0
T2025000943,2025-11-05,09:23:00,P0055,Beef Enoki Roll 500g,Food Fresh/Meat/Sidedish,9,410.0,0.0,3690.0
T2025000944,2025-11-05,14:24:00,P0279,Orion O! Karto Sweet Corn,Snacks,2,88.0,0.0,176.0
T2025000944,2025-11-05,14:24:00,P0247,Choco Pie Green Tea 12Pcs,Snacks,5,200.0,0.0,1000.0
T2025000944,2025-11-05,14:24:00,P0287,Nongshim Banana Kick 75g,Snacks,8,80.0,0.0,640.0
T2025000944,2025-11-05,14:24:00,P0252,Lotte Banana Choco Pie 12Pcs,Snacks,8,180.0,0.0,1440.0
T2025000945,2025-11-05,15:59:00,P0070,Skinless Garlic 150G,Food Fresh/Meat/Sidedish,1,65.0,0.0,65.0
T2025000945,2025-11-05,15:59:00,P0054,Chadolbagi Wagyu 500g,Food Fresh/Meat/Sidedish,2,475.0,0.0,950.0
T2025000946,2025-11-05,18:18:00,P0122,Chamisul Original Soju,Liquor/Beverage,4,175.0,0.0,700.0
T2025000946,2025-11-05,18:18:00,P0144,Nongshim Welchs Strawberry 355mL,Liquor/Beverage,4,60.0,0.0,240.0
T2025000946,2025-11-05,18:18:00,P0123,Cass Cold Brewed Beer 500mL,Liquor/Beverage,5,170.0,0.0,850.0
T2025000947,2025-11-05,12:15:00,P0102,MWC Tteok Galbi Bar,Food Frozen,10,75.0,0.0,750.0
T2025000947,2025-11-05,12:15:00,P0086,CJ Bibigo Gyoza Dumplings,Food Frozen,8,270.0,0.0,2160.0
T2025000948,2025-11-05,19:25:00,P0149,Binggrae Mango Milk,Liquor/Beverage,2,45.0,0.0,90.0
T2025000948,2025-11-05,19:25:00,P0118,Brown Rice Green Tea 50Pcs,Liquor/Beverage,10,257.0,0.0,2570.0
T2025000948,2025-11-05,19:25:00,P0124,Terra Lager Beer 500mL,Liquor/Beverage,10,170.0,0.0,1700.0
T2025000948,2025-11-05,19:25:00,P0137,Hite Beer Can,Liquor/Beverage,7,80.0,0.0,560.0
T2025000949,2025-11-05,13:11:00,P0247,Choco Pie Green Tea 12Pcs,Snacks,3,200.0,0.0,600.0
T2025000950,2025-11-05,12:57:00,P0264,Lotte Ghana Dark Chocolate,Snacks,8,115.0,0.0,920.0
T2025000951,2025-11-05,15:25:00,P0184,Nongshim Baehongdong Bibimyeon 137g,Noodles,5,61.0,0.0,305.0
T2025000951,2025-11-05,15:25:00,P0170,Ottogi Jin Jjajang,Noodles,6,80.0,0.0,480.0
T2025000951,2025-11-05,15:25:00,P0207,Ottogi Yeul Ramen 120g,Noodles,7,40.0,0.0,280.0
T2025000952,2025-11-05,08:55:00,P0284,Kkokal Sweet Corn Snack,Snacks,6,80.0,0.0,480.0
T2025000952,2025-11-05,08:55:00,P0280,Nongshim Potato Sticks,Snacks,8,85.0,0.0,680.0
T2025000952,2025-11-05,08:55:00,P0292,Orion Goraebab Crackers,Snacks,3,75.0,0.0,225.0
T2025000952,2025-11-05,08:55:00,P0268,Samlip Walnut Pie,Snacks,2,110.0,0.0,220.0
T2025000952,2025-11-05,08:55:00,P0282,Orion Choco Boy,Snacks,3,85.0,0.0,255.0
T2025000952,2025-11-05,08:55:00,P0299,Lotte Xylitol Green Gum,Snacks,9,55.0,0.05,470.25
T2025000953,2025-11-05,21:33:00,P0098,Daerim  Crabstick 216g,Food Frozen,5,98.0,0.0,490.0
T2025000953,2025-11-05,21:33:00,P0074,Bibigo Fried Dumplings 450g,Food Frozen,5,740.0,0.0,3700.0
T2025000954,2025-11-05,18:48:00,P0262,Orion Custard Pineapple,Snacks,9,120.0,0.0,1080.0
T2025000954,2025-11-05,18:48:00,P0271,Orion Choco Chip Cookies,Snacks,7,100.0,0.0,700.0
T2025000954,2025-11-05,18:48:00,P0258,Orion Custard Choco Cake,Snacks,3,130.0,0.0,390.0
T2025000954,2025-11-05,18:48:00,P0294,Pepero Strawberry,Snacks,10,55.0,0.0,550.0
T2025000955,2025-11-05,17:51:00,P0064,Kimbab Radish 400g,Food Fresh/Meat/Sidedish,5,185.0,0.0,925.0
T2025000955,2025-11-05,17:51:00,P0058,Homemade Kimchi 850g,Food Fresh/Meat/Sidedish,1,290.0,0.0,290.0
T2025000955,2025-11-05,17:51:00,P0066,Imported Kimchi Big Tub 850g,Food Fresh/Meat/Sidedish,10,150.0,0.0,1500.0
T2025000955,2025-11-05,17:51:00,P0055,Beef Enoki Roll 500g,Food Fresh/Meat/Sidedish,5,410.0,0.0,2050.0
T2025000955,2025-11-05,17:51:00,P0062,Dried Anchovy Small 100g,Food Fresh/Meat/Sidedish,5,240.0,0.0,1200.0
T2025000955,2025-11-05,17:51:00,P0057,Jongga Pogi Kimchi 500g,Food Fresh/Meat/Sidedish,5,315.0,0.15,1338.75
T2025000956,2025-11-05,13:57:00,P0248,Choco Pie Black Sugar 12Pcs,Snacks,4,200.0,0.0,800.0
T2025000956,2025-11-05,13:57:00,P0246,Post Almond Flakes,Snacks,6,245.0,0.0,1470.0
T2025000956,2025-11-05,13:57:00,P0268,Samlip Walnut Pie,Snacks,10,110.0,0.0,1100.0
T2025000957,2025-11-05,20:47:00,P0220,CJ  Tteokbokki Sauce 150G 2Pcs,Seasoned/Sauce/Powder,3,235.0,0.0,705.0
T2025000957,2025-11-05,20:47:00,P0212,Beef Dasida (Soup Stock) 1Kg,Seasoned/Sauce/Powder,2,550.0,0.0,1100.0
T2025000957,2025-11-05,20:47:00,P0228,Sempio Gochujang (500g),Seasoned/Sauce/Powder,8,145.0,0.0,1160.0
T2025000957,2025-11-05,20:47:00,P0237,O'Food Tteokbokki Sauce,Seasoned/Sauce/Powder,1,120.0,0.0,120.0
T2025000957,2025-11-05,20:47:00,P0222,CJ  Soybean Paste 1Kg,Seasoned/Sauce/Powder,1,208.0,0.0,208.0
T2025000958,2025-11-05,12:16:00,P0292,Orion Goraebab Crackers,Snacks,10,75.0,0.0,750.0
T2025000958,2025-11-05,12:16:00,P0289,Crown Corn Chips,Snacks,10,80.0,0.0,800.0
T2025000958,2025-11-05,12:16:00,P0296,Lotte Cereal Choco,Snacks,1,55.0,0.1,49.5
T2025000958,2025-11-05,12:16:00,P0297,Pepero Choco Filled,Snacks,2,55.0,0.0,110.0
T2025000958,2025-11-05,12:16:00,P0272,Haitai  Sunkist Candy 125g,Snacks,1,95.0,0.0,95.0
T2025000958,2025-11-05,12:16:00,P0261,Lotte Choco Heim,Snacks,7,120.0,0.0,840.0
T2025000959,2025-11-05,20:51:00,P0291,Crown Sando Biscuit,Snacks,6,75.0,0.0,450.0
T2025000959,2025-11-05,20:51:00,P0252,Lotte Banana Choco Pie 12Pcs,Snacks,10,180.0,0.0,1800.0
T2025000959,2025-11-05,20:51:00,P0297,Pepero Choco Filled,Snacks,9,55.0,0.0,495.0
T2025000959,2025-11-05,20:51:00,P0290,Doritos Galbi Chicken,Snacks,4,77.0,0.0,308.0
T2025000959,2025-11-05,20:51:00,P0293,Lotte Sand Biscuit,Snacks,6,75.0,0.0,450.0
T2025000959,2025-11-05,20:51:00,P0273,Haitai  Plumcandy 130g,Snacks,10,95.0,0.0,950.0
T2025000960,2025-11-05,17:44:00,P0140,Woongjin Yogurt Peach 340mL,Liquor/Beverage,5,60.0,0.0,300.0
T2025000960,2025-11-05,17:44:00,P0121,Lotte Chum Churum Soju,Liquor/Beverage,8,175.0,0.0,1400.0
T2025000960,2025-11-05,17:44:00,P0129,Sunhari Grape 360mL,Liquor/Beverage,7,120.0,0.0,840.0
T2025000961,2025-11-05,21:45:00,P0049,Our Home Kimchi 1Kg,Food Fresh/Meat/Sidedish,7,320.5,0.0,2243.5
T2025000961,2025-11-05,21:45:00,P0054,Chadolbagi Wagyu 500g,Food Fresh/Meat/Sidedish,2,475.0,0.0,950.0
T2025000961,2025-11-05,21:45:00,P0065,Sempio Spicy Stir-Fried Dried Squid,Food Fresh/Meat/Sidedish,7,175.0,0.0,1225.0
T2025000961,2025-11-05,21:45:00,P0052,Shine Beef Bulgogi Pack,Food Fresh/Meat/Sidedish,6,550.0,0.0,3300.0
T2025000961,2025-11-05,21:45:00,P0060,Homemade Spring Onion Kimchi 350g,Food Fresh/Meat/Sidedish,7,250.0,0.0,1750.0
T2025000962,2025-11-05,19:31:00,P0232,O'Food Tofu Stew Base,Seasoned/Sauce/Powder,4,135.0,0.0,540.0
T2025000962,2025-11-05,19:31:00,P0229,O'Food Korean BBQ Sauce,Seasoned/Sauce/Powder,1,145.0,0.0,145.0
T2025000962,2025-11-05,19:31:00,P0212,Beef Dasida (Soup Stock) 1Kg,Seasoned/Sauce/Powder,2,550.0,0.0,1100.0
T2025000962,2025-11-05,19:31:00,P0223,Jin Soy Sauce For Soup 860mL,Seasoned/Sauce/Powder,10,205.0,0.05,1947.5
T2025000963,2025-11-05,19:22:00,P0040,Ottogi Sweet Corn 340g,Dry Food,4,95.0,0.0,380.0
T2025000963,2025-11-05,19:22:00,P0046,CJ Beksul Potato Starch,Dry Food,10,85.0,0.0,850.0
T2025000964,2025-11-05,15:19:00,P0247,Choco Pie Green Tea 12Pcs,Snacks,3,200.0,0.0,600.0
T2025000964,2025-11-05,15:19:00,P0294,Pepero Strawberry,Snacks,6,55.0,0.0,330.0
T2025000964,2025-11-05,15:19:00,P0244,Wasabi Almond 190g,Snacks,6,440.0,0.0,2640.0
T2025000964,2025-11-05,15:19:00,P0293,Lotte Sand Biscuit,Snacks,2,75.0,0.0,150.0
T2025000965,2025-11-05,09:29:00,P0138,Kirin Ichiban Beer 330mL,Liquor/Beverage,9,68.0,0.15,520.2
T2025000966,2025-11-05,19:12:00,P0044,Ottogi Vegetable Soup 80g,Dry Food,6,90.0,0.0,540.0
T2025000966,2025-11-05,19:12:00,P0024,O'Food Kimchi Soup Mix,Dry Food,6,150.0,0.1,810.0
T2025000966,2025-11-05,19:12:00,P0037,Ottogi Cup Spaghetti,Dry Food,10,110.0,0.0,1100.0
T2025000966,2025-11-05,19:12:00,P0014,Bibigo Beef Seaweed Soup,Dry Food,4,264.0,0.0,1056.0
T2025000967,2025-11-05,15:45:00,P0127,Lets Be Mild Coffee Can 4Pcs,Liquor/Beverage,9,128.0,0.0,1152.0
T2025000968,2025-11-05,13:48:00,P0071,Kongsarang Firm Tofu,Food Fresh/Meat/Sidedish,4,65.0,0.0,260.0
T2025000968,2025-11-05,13:48:00,P0068,Enoki Mushroom 150G 2Packs,Food Fresh/Meat/Sidedish,3,120.0,0.25,270.0
T2025000968,2025-11-05,13:48:00,P0073,Perilla Leaves 2Packs,Food Fresh/Meat/Sidedish,7,40.0,0.15,238.0
T2025000968,2025-11-05,13:48:00,P0056,Us Beef Strips 500g,Food Fresh/Meat/Sidedish,6,375.0,0.0,2250.0
T2025000968,2025-11-05,13:48:00,P0066,Imported Kimchi Big Tub 850g,Food Fresh/Meat/Sidedish,4,150.0,0.0,600.0
T2025000969,2025-11-05,19:14:00,P0215,Ottogi Wasabi Powder 300g,Seasoned/Sauce/Powder,3,290.0,0.0,870.0
T2025000969,2025-11-05,19:14:00,P0228,Sempio Gochujang (500g),Seasoned/Sauce/Powder,7,145.0,0.0,1015.0
T2025000969,2025-11-05,19:14:00,P0241,CJ Anchovy Sauce 500g,Seasoned/Sauce/Powder,5,105.0,0.0,525.0
T2025000969,2025-11-05,19:14:00,P0240,Ottogi Spaghetti Sauce,Seasoned/Sauce/Powder,6,115.0,0.0,690.0
T2025000969,2025-11-05,19:14:00,P0226,CJ Beksul Sweet Korean Pancake Mix 400g,Seasoned/Sauce/Powder,6,155.0,0.15,790.5
T2025000970,2025-11-05,14:33:00,P0124,Terra Lager Beer 500mL,Liquor/Beverage,8,170.0,0.0,1360.0
T2025000971,2025-11-05,11:56:00,P0148,Binggrae Strawberry Milk,Liquor/Beverage,5,45.0,0.0,225.0
T2025000971,2025-11-05,11:56:00,P0136,Cass Fresh Beer,Liquor/Beverage,4,85.0,0.0,340.0
T2025000971,2025-11-05,11:56:00,P0123,Cass Cold Brewed Beer 500mL,Liquor/Beverage,9,170.0,0.0,1530.0
T2025000972,2025-11-05,16:00:00,P0257,Lotte Almond Chocolate,Snacks,10,130.0,0.0,1300.0
T2025000972,2025-11-05,16:00:00,P0284,Kkokal Sweet Corn Snack,Snacks,9,80.0,0.05,684.0
T2025000972,2025-11-05,16:00:00,P0248,Choco Pie Black Sugar 12Pcs,Snacks,9,200.0,0.0,1800.0
T2025000972,2025-11-05,16:00:00,P0264,Lotte Ghana Dark Chocolate,Snacks,7,115.0,0.0,805.0
T2025000972,2025-11-05,16:00:00,P0255,Bibigo Crispy Seaweed Snack,Snacks,5,140.0,0.0,700.0
T2025000973,2025-11-05,15:22:00,P0221,CJ  Gochujang 500g,Seasoned/Sauce/Powder,5,220.0,0.0,1100.0
T2025000973,2025-11-05,15:22:00,P0222,CJ  Soybean Paste 1Kg,Seasoned/Sauce/Powder,2,208.0,0.0,416.0
T2025000973,2025-11-05,15:22:00,P0233,O'Food Korean Fried Chicken Sauce,Seasoned/Sauce/Powder,10,135.0,0.0,1350.0
T2025000973,2025-11-05,15:22:00,P0228,Sempio Gochujang (500g),Seasoned/Sauce/Powder,7,145.0,0.0,1015.0
T2025000973,2025-11-05,15:22:00,P0219,CJ Beksul Spicy Pork Sauce 500g,Seasoned/Sauce/Powder,7,240.0,0.0,1680.0
T2025000973,2025-11-05,15:22:00,P0230,CJ Beksul Pancake Sauce,Seasoned/Sauce/Powder,4,145.0,0.2,464.0
T2025000974,2025-11-05,14:57:00,P0241,CJ Anchovy Sauce 500g,Seasoned/Sauce/Powder,5,105.0,0.0,525.0
T2025000974,2025-11-05,14:57:00,P0227,CJ Beksul Beef Bulgogi Sauce 290g,Seasoned/Sauce/Powder,7,150.0,0.0,1050.0
T2025000974,2025-11-05,14:57:00,P0218,CJ Beksul Beef Bulgogi Sauce 500g,Seasoned/Sauce/Powder,2,250.0,0.0,500.0
T2025000974,2025-11-05,14:57:00,P0215,Ottogi Wasabi Powder 300g,Seasoned/Sauce/Powder,2,290.0,0.0,580.0
T2025000974,2025-11-05,14:57:00,P0230,CJ Beksul Pancake Sauce,Seasoned/Sauce/Powder,8,145.0,0.0,1160.0
T2025000975,2025-11-05,09:22:00,P0152,Samyang Buldak Original Cup,Noodles,7,110.0,0.0,770.0
T2025000975,2025-11-05,09:22:00,P0175,Samyang Jjajang Hot Chicken,Noodles,9,75.0,0.25,506.25
T2025000975,2025-11-05,09:22:00,P0164,Samyang Buldak 4 Cheese 145g,Noodles,5,88.0,0.0,440.0
T2025000975,2025-11-05,09:22:00,P0211,Ottogi Jin Ramen Hot,Noodles,10,40.0,0.25,300.0
T2025000976,2025-11-05,18:50:00,P0009,CJ Beksul Corn Syrup,Condiments,3,95.0,0.0,285.0
T2025000976,2025-11-05,18:50:00,P0003,Sempio Sesame Oil,Condiments,5,185.0,0.0,925.0
T2025000976,2025-11-05,18:50:00,P0008,Ottogi Corn Syrup,Condiments,9,98.0,0.0,882.0
T2025000977,2025-11-05,10:14:00,P0084,Assi Vegetable Dumplings 675g,Food Frozen,2,285.0,0.0,570.0
T2025000977,2025-11-05,10:14:00,P0097,Daerim  Cheese Vienna Sausage 105g,Food Frozen,9,120.0,0.0,1080.0
T2025000977,2025-11-05,10:14:00,P0083,Moguchon Smoked Bacon 200g,Food Frozen,5,320.0,0.0,1600.0
T2025000977,2025-11-05,10:14:00,P0077,Daerim  Vienna Sausage 1Kg,Food Frozen,5,580.0,0.0,2900.0
T2025000977,2025-11-05,10:14:00,P0090,Nongmin Rice Cake 1Kg,Food Frozen,5,220.0,0.0,1100.0
T2025000978,2025-11-05,15:54:00,P0222,CJ  Soybean Paste 1Kg,Seasoned/Sauce/Powder,7,208.0,0.0,1456.0
T2025000978,2025-11-05,15:54:00,P0241,CJ Anchovy Sauce 500g,Seasoned/Sauce/Powder,5,105.0,0.0,525.0
T2025000978,2025-11-05,15:54:00,P0237,O'Food Tteokbokki Sauce,Seasoned/Sauce/Powder,7,120.0,0.0,840.0
T2025000979,2025-11-05,10:52:00,P0005,Ottogi Gold Mayonnaise 300g,Condiments,4,150.0,0.25,450.0
T2025000979,2025-11-05,10:52:00,P0007,Samyang Spicy Mayo,Condiments,5,130.0,0.0,650.0
T2025000980,2025-11-05,21:18:00,P0097,Daerim  Cheese Vienna Sausage 105g,Food Frozen,8,120.0,0.0,960.0
T2025000980,2025-11-05,21:18:00,P0082,Daerim  Crab Sticks 1Kg,Food Frozen,5,350.0,0.05,1662.5
T2025000980,2025-11-05,21:18:00,P0090,Nongmin Rice Cake 1Kg,Food Frozen,9,220.0,0.0,1980.0
T2025000980,2025-11-05,21:18:00,P0098,Daerim  Crabstick 216g,Food Frozen,5,98.0,0.0,490.0
T2025000981,2025-11-05,09:48:00,P0004,O'Food Korean Chili Oil,Condiments,1,160.0,0.0,160.0
T2025000981,2025-11-05,09:48:00,P0001,Ottogi Sesame Oil 500mL,Condiments,3,590.5,0.0,1771.5
T2025000981,2025-11-05,09:48:00,P0002,Ottogi Gold Mayonnaise 500g,Condiments,2,235.0,0.0,470.0
T2025000982,2025-11-05,14:25:00,P0027,Yopokki Cheese 240g,Dry Food,3,145.0,0.0,435.0
T2025000983,2025-11-05,10:27:00,P0047,Dongwon Spicy Tuna,Dry Food,2,80.0,0.0,160.0
T2025000984,2025-11-05,12:29:00,P0046,CJ Beksul Potato Starch,Dry Food,4,85.0,0.25,255.0
T2025000984,2025-11-05,12:29:00,P0010,Daerim  Big Smoke Ham 1Kg,Dry Food,3,480.0,0.0,1440.0
T2025000984,2025-11-05,12:29:00,P0015,(Dae Joo) Gochugaru 500g,Dry Food,8,255.0,0.0,2040.0
T2025000984,2025-11-05,12:29:00,P0016,Dongwon  Vegetable Tuna Can 150g 2Pcs,Dry Food,6,235.0,0.2,1128.0
T2025000984,2025-11-05,12:29:00,P0034,CJ  Cooked Rice,Dry Food,4,116.0,0.0,464.0
T2025000985,2025-11-05,10:03:00,P0027,Yopokki Cheese 240g,Dry Food,9,145.0,0.0,1305.0
T2025000985,2025-11-05,10:03:00,P0036,Dongwon  Tuna Light Can 150g,Dry Food,2,110.0,0.0,220.0
T2025000985,2025-11-05,10:03:00,P0026,Yopokki Sweet & Spicy 280g,Dry Food,4,145.0,0.0,580.0
T2025000985,2025-11-05,10:03:00,P0035,CJ  Multi-Grains Cooked Rice 210g,Dry Food,2,110.0,0.0,220.0
T2025000985,2025-11-05,10:03:00,P0029,CJ Beksul Pancake Flour,Dry Food,2,125.0,0.0,250.0
T2025000985,2025-11-05,10:03:00,P0046,CJ Beksul Potato Starch,Dry Food,6,85.0,0.0,510.0
T2025000986,2025-11-05,21:52:00,P0039,Ottogi 3Mins Curry,Dry Food,5,99.0,0.0,495.0
T2025000986,2025-11-05,21:52:00,P0046,CJ Beksul Potato Starch,Dry Food,8,85.0,0.0,680.0
T2025000986,2025-11-05,21:52:00,P0022,Ottogi Tteokbokki Cup,Dry Food,4,160.0,0.0,640.0
T2025000986,2025-11-05,21:52:00,P0021,Bibigo Kimbab Kim 10Sheets,Dry Food,2,161.0,0.0,322.0
T2025000987,2025-11-05,15:47:00,P0111,Maxim Kanu Ice Latte 10 Sticks,Liquor/Beverage,7,360.0,0.0,2520.0
T2025000987,2025-11-05,15:47:00,P0135,KSD Peach Rice Wine 750mL,Liquor/Beverage,3,105.0,0.05,299.25
T2025000987,2025-11-05,15:47:00,P0115,Strawberry Milk 200mL 6Pcs,Liquor/Beverage,10,290.0,0.0,2900.0
T2025000987,2025-11-05,15:47:00,P0142,Nongshim Welchs White Grape 355mL,Liquor/Beverage,9,60.0,0.0,540.0
T2025000988,2025-11-05,08:34:00,P0131,Sunhari Yogurt 360mL,Liquor/Beverage,3,120.0,0.0,360.0
T2025000988,2025-11-05,08:34:00,P0145,Binggrae Melon Soda,Liquor/Beverage,7,60.0,0.0,420.0
T2025000988,2025-11-05,08:34:00,P0127,Lets Be Mild Coffee Can 4Pcs,Liquor/Beverage,7,128.0,0.0,896.0
T2025000988,2025-11-05,08:34:00,P0118,Brown Rice Green Tea 50Pcs,Liquor/Beverage,8,257.0,0.0,2056.0
T2025000988,2025-11-05,08:34:00,P0137,Hite Beer Can,Liquor/Beverage,10,80.0,0.0,800.0
T2025000989,2025-11-05,16:12:00,P0007,Samyang Spicy Mayo,Condiments,7,130.0,0.0,910.0
T2025000990,2025-11-05,10:55:00,P0070,Skinless Garlic 150G,Food Fresh/Meat/Sidedish,6,65.0,0.0,390.0
T2025000990,2025-11-05,10:55:00,P0056,Us Beef Strips 500g,Food Fresh/Meat/Sidedish,8,375.0,0.0,3000.0
T2025000990,2025-11-05,10:55:00,P0065,Sempio Spicy Stir-Fried Dried Squid,Food Fresh/Meat/Sidedish,2,175.0,0.0,350.0
T2025000991,2025-11-05,15:30:00,P0007,Samyang Spicy Mayo,Condiments,2,130.0,0.0,260.0
T2025000991,2025-11-05,15:30:00,P0001,Ottogi Sesame Oil 500mL,Condiments,5,590.5,0.0,2952.5
T2025000991,2025-11-05,15:30:00,P0006,Chung Jung One Soy Sauce,Condiments,10,140.0,0.0,1400.0
T2025000992,2025-11-05,21:06:00,P0103,Daerim  Chaw Stick 100g,Food Frozen,8,73.0,0.0,584.0
T2025000992,2025-11-05,21:06:00,P0093,Bibigo Kimchi Fried Rice,Food Frozen,5,190.0,0.2,760.0
T2025000993,2025-11-05,10:40:00,P0274,Haitai Matdongsan,Snacks,8,95.0,0.0,760.0
T2025000993,2025-11-05,10:40:00,P0281,Haitai Ace Crackers,Snacks,8,85.0,0.0,680.0
T2025000993,2025-11-05,10:40:00,P0287,Nongshim Banana Kick 75g,Snacks,9,80.0,0.0,720.0
T2025000993,2025-11-05,10:40:00,P0266,Bibigo Seaweed Crisps,Snacks,4,110.0,0.0,440.0
T2025000993,2025-11-05,10:40:00,P0292,Orion Goraebab Crackers,Snacks,4,75.0,0.0,300.0
T2025000994,2025-11-05,11:02:00,P0127,Lets Be Mild Coffee Can 4Pcs,Liquor/Beverage,7,128.0,0.0,896.0
T2025000994,2025-11-05,11:02:00,P0145,Binggrae Melon Soda,Liquor/Beverage,7,60.0,0.0,420.0
T2025000994,2025-11-05,11:02:00,P0146,Binggrae Yogurt Drink,Liquor/Beverage,7,55.0,0.0,385.0
T2025000994,2025-11-05,11:02:00,P0119,Sempio Yuzu Tea,Liquor/Beverage,1,250.0,0.0,250.0
T2025000995,2025-11-05,11:36:00,P0284,Kkokal Sweet Corn Snack,Snacks,7,80.0,0.0,560.0
T2025000995,2025-11-05,11:36:00,P0271,Orion Choco Chip Cookies,Snacks,4,100.0,0.0,400.0
T2025000995,2025-11-05,11:36:00,P0244,Wasabi Almond 190g,Snacks,4,440.0,0.0,1760.0
T2025000995,2025-11-05,11:36:00,P0297,Pepero Choco Filled,Snacks,1,55.0,0.1,49.5
T2025000995,2025-11-05,11:36:00,P0283,Orion Ogingo Ttangkong,Snacks,4,83.0,0.0,332.0
T2025000996,2025-11-05,11:39:00,P0284,Kkokal Sweet Corn Snack,Snacks,6,80.0,0.0,480.0
T2025000996,2025-11-05,11:39:00,P0286,Crown Caramel Maple Corn,Snacks,7,80.0,0.0,560.0
T2025000996,2025-11-05,11:39:00,P0293,Lotte Sand Biscuit,Snacks,4,75.0,0.0,300.0
T2025000996,2025-11-05,11:39:00,P0251,Oil Fried & Salted Peanuts,Snacks,3,185.0,0.0,555.0
T2025000996,2025-11-05,11:39:00,P0297,Pepero Choco Filled,Snacks,3,55.0,0.0,165.0
T2025000996,2025-11-05,11:39:00,P0289,Crown Corn Chips,Snacks,1,80.0,0.0,80.0
T2025000997,2025-11-05,15:49:00,P0228,Sempio Gochujang (500g),Seasoned/Sauce/Powder,3,145.0,0.0,435.0
T2025000997,2025-11-05,15:49:00,P0217,Ottogi Roasted Sesame Seeds 200g,Seasoned/Sauce/Powder,1,255.0,0.25,191.25
T2025000997,2025-11-05,15:49:00,P0241,CJ Anchovy Sauce 500g,Seasoned/Sauce/Powder,4,105.0,0.0,420.0
T2025000997,2025-11-05,15:49:00,P0219,CJ Beksul Spicy Pork Sauce 500g,Seasoned/Sauce/Powder,10,240.0,0.0,2400.0
T2025000997,2025-11-05,15:49:00,P0240,Ottogi Spaghetti Sauce,Seasoned/Sauce/Powder,7,115.0,0.0,805.0
T2025000998,2025-11-05,20:23:00,P0007,Samyang Spicy Mayo,Condiments,7,130.0,0.0,910.0
T2025000999,2025-11-05,20:27:00,P0032,Samlip Mini Kimbap,Dry Food,4,120.0,0.0,480.0
T2025001000,2025-11-05,12:18:00,P0009,CJ Beksul Corn Syrup,Condiments,10,95.0,0.0,950.0
T2025001000,2025-11-05,12:18:00,P0007,Samyang Spicy Mayo,Condiments,4,130.0,0.0,520.0
T2025001001,2025-11-05,08:34:00,P0129,Sunhari Grape 360mL,Liquor/Beverage,5,120.0,0.0,600.0
T2025001001,2025-11-05,08:34:00,P0121,Lotte Chum Churum Soju,Liquor/Beverage,1,175.0,0.0,175.0
T2025001001,2025-11-05,08:34:00,P0143,Nongshim Welchs Grape 355mL,Liquor/Beverage,1,60.0,0.0,60.0
T2025001001,2025-11-05,08:34:00,P0105,White Gold Coffee 100Sticks,Liquor/Beverage,2,1150.0,0.0,2300.0
T2025001001,2025-11-05,08:34:00,P0147,Binggrae Coffee Milk,Liquor/Beverage,5,48.0,0.1,216.0
T2025001001,2025-11-05,08:34:00,P0145,Binggrae Melon Soda,Liquor/Beverage,2,60.0,0.0,120.0
T2025001002,2025-11-05,14:28:00,P0106,Mocha Gold Coffee 100Sticks,Liquor/Beverage,6,1100.0,0.0,6600.0
T2025001002,2025-11-05,14:28:00,P0125,Jinro Fresh Soju,Liquor/Beverage,5,170.0,0.0,850.0
T2025001002,2025-11-05,14:28:00,P0139,Paldo Pororo Juice,Liquor/Beverage,5,65.0,0.0,325.0
T2025001002,2025-11-05,14:28:00,P0135,KSD Peach Rice Wine 750mL,Liquor/Beverage,6,105.0,0.0,630.0
T2025001002,2025-11-05,14:28:00,P0107,Ottogi Honey Ginger Tea 1Kg,Liquor/Beverage,4,530.0,0.0,2120.0
T2025001002,2025-11-05,14:28:00,P0108,Ottogi Honey Citron Tea 1Kg,Liquor/Beverage,7,530.0,0.0,3710.0
T2025001003,2025-11-05,09:31:00,P0023,Dongwon  Luncheon Meat 340g,Dry Food,3,155.0,0.0,465.0
T2025001003,2025-11-05,09:31:00,P0039,Ottogi 3Mins Curry,Dry Food,7,99.0,0.0,693.0
T2025001004,2025-11-05,18:41:00,P0098,Daerim  Crabstick 216g,Food Frozen,3,98.0,0.15,249.9
T2025001005,2025-11-05,15:24:00,P0226,CJ Beksul Sweet Korean Pancake Mix 400g,Seasoned/Sauce/Powder,2,155.0,0.0,310.0
T2025001005,2025-11-05,15:24:00,P0233,O'Food Korean Fried Chicken Sauce,Seasoned/Sauce/Powder,9,135.0,0.0,1215.0
T2025001005,2025-11-05,15:24:00,P0231,O'Food Bulgogi Marinade,Seasoned/Sauce/Powder,3,145.0,0.0,435.0
T2025001005,2025-11-05,15:24:00,P0215,Ottogi Wasabi Powder 300g,Seasoned/Sauce/Powder,10,290.0,0.0,2900.0
T2025001005,2025-11-05,15:24:00,P0228,Sempio Gochujang (500g),Seasoned/Sauce/Powder,2,145.0,0.1,261.0
T2025001005,2025-11-05,15:24:00,P0213,Sempio Yondu 500mL,Seasoned/Sauce/Powder,5,345.0,0.05,1638.75
T2025001006,2025-11-05,19:50:00,P0211,Ottogi Jin Ramen Hot,Noodles,3,40.0,0.0,120.0
T2025001007,2025-11-05,16:55:00,P0175,Samyang Jjajang Hot Chicken,Noodles,9,75.0,0.0,675.0
T2025001007,2025-11-05,16:55:00,P0169,Samyang Buldak Stew Type 145g,Noodles,6,80.0,0.15,408.0
T2025001008,2025-11-05,15:42:00,P0267,Lotte Pepero White Cookie,Snacks,6,110.0,0.0,660.0
T2025001008,2025-11-05,15:42:00,P0272,Haitai  Sunkist Candy 125g,Snacks,1,95.0,0.0,95.0
T2025001008,2025-11-05,15:42:00,P0297,Pepero Choco Filled,Snacks,2,55.0,0.15,93.5
T2025001008,2025-11-05,15:42:00,P0256,Orion Custard Cake,Snacks,6,130.0,0.0,780.0
T2025001008,2025-11-05,15:42:00,P0248,Choco Pie Black Sugar 12Pcs,Snacks,7,200.0,0.0,1400.0
T2025001009,2025-11-05,15:53:00,P0116,Maxim Mocha Gold Coffee Mix 20Pcs,Liquor/Beverage,7,275.0,0.0,1925.0
T2025001010,2025-11-05,13:15:00,P0015,(Dae Joo) Gochugaru 500g,Dry Food,6,255.0,0.0,1530.0
T2025001010,2025-11-05,13:15:00,P0030,Yopokki Onion Butter 120g Cup,Dry Food,9,120.0,0.0,1080.0
T2025001010,2025-11-05,13:15:00,P0020,CJ Beksul Hotteok Mix,Dry Food,3,185.0,0.0,555.0
T2025001010,2025-11-05,13:15:00,P0012,Ottogi Glass Noodle 1Kg,Dry Food,10,300.0,0.0,3000.0
T2025001011,2025-11-05,09:48:00,P0038,(Kaya) Korean Rice 1Kg,Dry Food,2,100.0,0.0,200.0
T2025001011,2025-11-05,09:48:00,P0047,Dongwon Spicy Tuna,Dry Food,8,80.0,0.0,640.0
T2025001011,2025-11-05,09:48:00,P0029,CJ Beksul Pancake Flour,Dry Food,8,125.0,0.15,850.0
T2025001011,2025-11-05,09:48:00,P0014,Bibigo Beef Seaweed Soup,Dry Food,7,264.0,0.0,1848.0
T2025001012,2025-11-05,08:43:00,P0207,Ottogi Yeul Ramen 120g,Noodles,2,40.0,0.0,80.0
T2025001012,2025-11-05,08:43:00,P0198,Paldo Koreno Beef Noodle 100g,Noodles,8,50.0,0.0,400.0
T2025001012,2025-11-05,08:43:00,P0187,Paldo Bibim Men,Noodles,2,60.0,0.0,120.0
T2025001012,2025-11-05,08:43:00,P0164,Samyang Buldak 4 Cheese 145g,Noodles,6,88.0,0.0,528.0
T2025001012,2025-11-05,08:43:00,P0184,Nongshim Baehongdong Bibimyeon 137g,Noodles,2,61.0,0.0,122.0
T2025001013,2025-11-05,16:02:00,P0094,MWC Frank Sausage 5Pcs,Food Frozen,3,173.0,0.05,493.05
T2025001013,2025-11-05,16:02:00,P0096,Daerim  Vienna Sausage 170g,Food Frozen,6,145.0,0.0,870.0
T2025001013,2025-11-05,16:02:00,P0076,CJ  Crispy Hotdog,Food Frozen,1,640.0,0.0,640.0
T2025001013,2025-11-05,16:02:00,P0074,Bibigo Fried Dumplings 450g,Food Frozen,10,740.0,0.0,7400.0
T2025001013,2025-11-05,16:02:00,P0086,CJ Bibigo Gyoza Dumplings,Food Frozen,1,270.0,0.0,270.0
T2025001014,2025-11-05,21:58:00,P0061,Dried Anchovy Medium 100g,Food Fresh/Meat/Sidedish,1,240.0,0.0,240.0
T2025001014,2025-11-05,21:58:00,P0063,Our Home Kimchi 1Kg Jar,Food Fresh/Meat/Sidedish,4,190.0,0.0,760.0
T2025001015,2025-11-05,16:49:00,P0006,Chung Jung One Soy Sauce,Condiments,5,140.0,0.0,700.0
T2025001015,2025-11-05,16:49:00,P0009,CJ Beksul Corn Syrup,Condiments,7,95.0,0.0,665.0
T2025001015,2025-11-05,16:49:00,P0001,Ottogi Sesame Oil 500mL,Condiments,3,590.5,0.0,1771.5
T2025001015,2025-11-05,16:49:00,P0005,Ottogi Gold Mayonnaise 300g,Condiments,6,150.0,0.0,900.0
T2025001016,2025-11-05,14:45:00,P0088,Dongwon  Real Crabs 144g ,Food Frozen,3,259.0,0.0,777.0
T2025001016,2025-11-05,14:45:00,P0082,Daerim  Crab Sticks 1Kg,Food Frozen,1,350.0,0.0,350.0
T2025001016,2025-11-05,14:45:00,P0095,Samlip Fish Cake Sheets,Food Frozen,4,150.0,0.0,600.0
T2025001016,2025-11-05,14:45:00,P0077,Daerim  Vienna Sausage 1Kg,Food Frozen,6,580.0,0.0,3480.0
T2025001017,2025-11-05,10:37:00,P0126,Woongjin Yogurt Pineapple 1.5L,Liquor/Beverage,10,135.0,0.0,1350.0
T2025001017,2025-11-05,10:37:00,P0127,Lets Be Mild Coffee Can 4Pcs,Liquor/Beverage,5,128.0,0.0,640.0
T2025001017,2025-11-05,10:37:00,P0145,Binggrae Melon Soda,Liquor/Beverage,1,60.0,0.0,60.0
T2025001017,2025-11-05,10:37:00,P0140,Woongjin Yogurt Peach 340mL,Liquor/Beverage,3,60.0,0.2,144.0
T2025001017,2025-11-05,10:37:00,P0135,KSD Peach Rice Wine 750mL,Liquor/Beverage,4,105.0,0.0,420.0
T2025001018,2025-11-05,11:15:00,P0135,KSD Peach Rice Wine 750mL,Liquor/Beverage,10,105.0,0.0,1050.0
T2025001018,2025-11-05,11:15:00,P0129,Sunhari Grape 360mL,Liquor/Beverage,9,120.0,0.0,1080.0
T2025001018,2025-11-05,11:15:00,P0130,Sunhari Apple 360mL,Liquor/Beverage,8,120.0,0.2,768.0
T2025001018,2025-11-05,11:15:00,P0111,Maxim Kanu Ice Latte 10 Sticks,Liquor/Beverage,7,360.0,0.05,2394.0
T2025001018,2025-11-05,11:15:00,P0134,KSD Green Grape Rice Wine 750mL,Liquor/Beverage,8,105.0,0.0,840.0
T2025001018,2025-11-05,11:15:00,P0126,Woongjin Yogurt Pineapple 1.5L,Liquor/Beverage,10,135.0,0.0,1350.0
T2025001019,2025-11-05,18:39:00,P0092,Daerim  Crab Stick 500g,Food Frozen,3,210.0,0.25,472.5
T2025001019,2025-11-05,18:39:00,P0090,Nongmin Rice Cake 1Kg,Food Frozen,1,220.0,0.05,209.0
T2025001019,2025-11-05,18:39:00,P0093,Bibigo Kimchi Fried Rice,Food Frozen,2,190.0,0.0,380.0
T2025001020,2025-11-05,15:39:00,P0074,Bibigo Fried Dumplings 450g,Food Frozen,3,740.0,0.0,2220.0
T2025001020,2025-11-05,15:39:00,P0089,Jongga Rice Cake 1Kg,Food Frozen,3,230.0,0.0,690.0
T2025001020,2025-11-05,15:39:00,P0085,Bibigo Bulgogi Mandu,Food Frozen,3,280.0,0.0,840.0
T2025001020,2025-11-05,15:39:00,P0102,MWC Tteok Galbi Bar,Food Frozen,4,75.0,0.0,300.0
T2025001020,2025-11-05,15:39:00,P0088,Dongwon  Real Crabs 144g ,Food Frozen,9,259.0,0.0,2331.0
T2025001020,2025-11-05,15:39:00,P0082,Daerim  Crab Sticks 1Kg,Food Frozen,6,350.0,0.0,2100.0
T2025001021,2025-11-05,20:03:00,P0097,Daerim  Cheese Vienna Sausage 105g,Food Frozen,1,120.0,0.0,120.0
T2025001022,2025-11-05,21:31:00,P0054,Chadolbagi Wagyu 500g,Food Fresh/Meat/Sidedish,3,475.0,0.0,1425.0
T2025001022,2025-11-05,21:31:00,P0060,Homemade Spring Onion Kimchi 350g,Food Fresh/Meat/Sidedish,4,250.0,0.0,1000.0
T2025001022,2025-11-05,21:31:00,P0056,Us Beef Strips 500g,Food Fresh/Meat/Sidedish,5,375.0,0.0,1875.0
T2025001023,2025-11-05,16:15:00,P0238,Ottogi Curry Mild,Seasoned/Sauce/Powder,8,115.0,0.0,920.0
T2025001023,2025-11-05,16:15:00,P0228,Sempio Gochujang (500g),Seasoned/Sauce/Powder,10,145.0,0.0,1450.0
T2025001024,2025-11-05,12:47:00,P0003,Sempio Sesame Oil,Condiments,3,185.0,0.0,555.0
T2025001024,2025-11-05,12:47:00,P0006,Chung Jung One Soy Sauce,Condiments,5,140.0,0.0,700.0
T2025001024,2025-11-05,12:47:00,P0005,Ottogi Gold Mayonnaise 300g,Condiments,7,150.0,0.0,1050.0
T2025001024,2025-11-05,12:47:00,P0001,Ottogi Sesame Oil 500mL,Condiments,3,590.5,0.0,1771.5
T2025001025,2025-11-05,12:03:00,P0150,Samyang Buldak Rosã Ramen 105g,Noodles,1,110.0,0.0,110.0
T2025001026,2025-11-05,08:51:00,P0103,Daerim  Chaw Stick 100g,Food Frozen,6,73.0,0.0,438.0
T2025001026,2025-11-05,08:51:00,P0074,Bibigo Fried Dumplings 450g,Food Frozen,3,740.0,0.0,2220.0
T2025001026,2025-11-05,08:51:00,P0093,Bibigo Kimchi Fried Rice,Food Frozen,9,190.0,0.0,1710.0
T2025001026,2025-11-05,08:51:00,P0097,Daerim  Cheese Vienna Sausage 105g,Food Frozen,9,120.0,0.2,864.0
T2025001027,2025-11-05,16:44:00,P0011,CJ  Cooked Rice Plain 210g,Dry Food,2,365.0,0.2,584.0
T2025001027,2025-11-05,16:44:00,P0035,CJ  Multi-Grains Cooked Rice 210g,Dry Food,6,110.0,0.0,660.0
T2025001028,2025-11-05,08:27:00,P0289,Crown Corn Chips,Snacks,3,80.0,0.25,180.0
T2025001028,2025-11-05,08:27:00,P0288,Nongshim Honey Rice Snack,Snacks,7,80.0,0.0,560.0
T2025001028,2025-11-05,08:27:00,P0251,Oil Fried & Salted Peanuts,Snacks,10,185.0,0.0,1850.0
T2025001028,2025-11-05,08:27:00,P0253,Orion Market O Brownie,Snacks,2,170.0,0.05,323.0
T2025001028,2025-11-05,08:27:00,P0250,Haitai Honey Butter Almonds,Snacks,8,190.0,0.0,1520.0
T2025001028,2025-11-05,08:27:00,P0268,Samlip Walnut Pie,Snacks,4,110.0,0.0,440.0
T2025001029,2025-11-05,13:55:00,P0095,Samlip Fish Cake Sheets,Food Frozen,7,150.0,0.05,997.5
T2025001030,2025-11-05,15:07:00,P0114,Banana Milk 200mL 6Pcs,Liquor/Beverage,4,290.0,0.0,1160.0
T2025001030,2025-11-05,15:07:00,P0149,Binggrae Mango Milk,Liquor/Beverage,7,45.0,0.1,283.5
T2025001030,2025-11-05,15:07:00,P0134,KSD Green Grape Rice Wine 750mL,Liquor/Beverage,10,105.0,0.0,1050.0
T2025001030,2025-11-05,15:07:00,P0136,Cass Fresh Beer,Liquor/Beverage,9,85.0,0.0,765.0
T2025001030,2025-11-05,15:07:00,P0141,Woongjin Yogurt Apple 340mL,Liquor/Beverage,2,60.0,0.1,108.0
T2025001031,2025-11-05,21:04:00,P0016,Dongwon  Vegetable Tuna Can 150g 2Pcs,Dry Food,8,235.0,0.1,1692.0
T2025001031,2025-11-05,21:04:00,P0033,CJ Beksul Frying Mix,Dry Food,1,120.0,0.0,120.0
T2025001031,2025-11-05,21:04:00,P0010,Daerim  Big Smoke Ham 1Kg,Dry Food,2,480.0,0.0,960.0
T2025001032,2025-11-05,15:25:00,P0077,Daerim  Vienna Sausage 1Kg,Food Frozen,2,580.0,0.0,1160.0
T2025001032,2025-11-05,15:25:00,P0091,CJ Bibigo Japchae,Food Frozen,10,220.0,0.0,2200.0
T2025001033,2025-11-05,08:21:00,P0118,Brown Rice Green Tea 50Pcs,Liquor/Beverage,7,257.0,0.0,1799.0
T2025001033,2025-11-05,08:21:00,P0141,Woongjin Yogurt Apple 340mL,Liquor/Beverage,4,60.0,0.0,240.0
T2025001033,2025-11-05,08:21:00,P0143,Nongshim Welchs Grape 355mL,Liquor/Beverage,4,60.0,0.0,240.0
T2025001033,2025-11-05,08:21:00,P0108,Ottogi Honey Citron Tea 1Kg,Liquor/Beverage,6,530.0,0.15,2703.0
T2025001034,2025-11-05,12:18:00,P0268,Samlip Walnut Pie,Snacks,7,110.0,0.0,770.0
T2025001034,2025-11-05,12:18:00,P0276,Orion Sun Chips Korean BBQ,Snacks,8,90.0,0.0,720.0
T2025001034,2025-11-05,12:18:00,P0247,Choco Pie Green Tea 12Pcs,Snacks,5,200.0,0.0,1000.0
T2025001034,2025-11-05,12:18:00,P0286,Crown Caramel Maple Corn,Snacks,10,80.0,0.0,800.0
T2025001035,2025-11-05,10:23:00,P0089,Jongga Rice Cake 1Kg,Food Frozen,1,230.0,0.0,230.0
T2025001036,2025-11-05,13:32:00,P0154,Nongshim Jjawang,Noodles,10,100.0,0.0,1000.0
T2025001036,2025-11-05,13:32:00,P0190,Nongshim Tempura Udon Cup,Noodles,6,60.0,0.0,360.0
T2025001036,2025-11-05,13:32:00,P0176,Ottogi Cheese Bokki Cup,Noodles,9,72.0,0.0,648.0
T2025001037,2025-11-05,10:14:00,P0066,Imported Kimchi Big Tub 850g,Food Fresh/Meat/Sidedish,6,150.0,0.0,900.0
T2025001037,2025-11-05,10:14:00,P0073,Perilla Leaves 2Packs,Food Fresh/Meat/Sidedish,7,40.0,0.0,280.0
T2025001038,2025-11-05,11:26:00,P0004,O'Food Korean Chili Oil,Condiments,1,160.0,0.0,160.0
T2025001039,2025-11-05,15:49:00,P0254,Honey Roasted Peanuts,Snacks,9,165.0,0.0,1485.0
T2025001039,2025-11-05,15:49:00,P0272,Haitai  Sunkist Candy 125g,Snacks,10,95.0,0.0,950.0
T2025001039,2025-11-05,15:49:00,P0263,Samlip Honey Castella,Snacks,5,120.0,0.0,600.0
T2025001040,2025-11-05,11:35:00,P0094,MWC Frank Sausage 5Pcs,Food Frozen,6,173.0,0.0,1038.0
T2025001040,2025-11-05,11:35:00,P0088,Dongwon  Real Crabs 144g ,Food Frozen,9,259.0,0.0,2331.0
T2025001040,2025-11-05,11:35:00,P0089,Jongga Rice Cake 1Kg,Food Frozen,5,230.0,0.0,1150.0
T2025001040,2025-11-05,11:35:00,P0081,Assi Shrimp Wanton 600g,Food Frozen,6,400.0,0.2,1920.0
T2025001041,2025-11-05,21:33:00,P0112,Teazen Diet Tea Berry 10 Sticks,Liquor/Beverage,2,290.0,0.0,580.0
T2025001041,2025-11-05,21:33:00,P0126,Woongjin Yogurt Pineapple 1.5L,Liquor/Beverage,9,135.0,0.0,1215.0
T2025001041,2025-11-05,21:33:00,P0136,Cass Fresh Beer,Liquor/Beverage,8,85.0,0.0,680.0
T2025001041,2025-11-05,21:33:00,P0106,Mocha Gold Coffee 100Sticks,Liquor/Beverage,2,1100.0,0.0,2200.0
T2025001042,2025-11-05,08:03:00,P0150,Samyang Buldak Rosã Ramen 105g,Noodles,10,110.0,0.0,1100.0
T2025001042,2025-11-05,08:03:00,P0194,Shin Ramen Kimchi,Noodles,1,55.0,0.0,55.0
T2025001042,2025-11-05,08:03:00,P0211,Ottogi Jin Ramen Hot,Noodles,2,40.0,0.0,80.0
T2025001042,2025-11-05,08:03:00,P0163,Samyang Buldak Rose 140g,Noodles,2,88.0,0.05,167.2
T2025001042,2025-11-05,08:03:00,P0206,Nongshim Chapagetti,Noodles,7,45.0,0.0,315.0
T2025001043,2025-11-05,15:25:00,P0264,Lotte Ghana Dark Chocolate,Snacks,4,115.0,0.0,460.0
T2025001043,2025-11-05,15:25:00,P0275,Haitai Sweet Potato Snack,Snacks,7,95.0,0.0,665.0
T2025001043,2025-11-05,15:25:00,P0295,Pepero Almond,Snacks,5,55.0,0.0,275.0
T2025001043,2025-11-05,15:25:00,P0278,Haitai O! Karto Chips,Snacks,5,88.0,0.0,440.0
T2025001044,2025-11-05,08:00:00,P0144,Nongshim Welchs Strawberry 355mL,Liquor/Beverage,2,60.0,0.0,120.0
T2025001044,2025-11-05,08:00:00,P0127,Lets Be Mild Coffee Can 4Pcs,Liquor/Beverage,3,128.0,0.0,384.0
T2025001044,2025-11-05,08:00:00,P0109,(꽃샘) Concentrated Flavored Drink 600g,Liquor/Beverage,10,370.0,0.0,3700.0
T2025001044,2025-11-05,08:00:00,P0117,Maxim Kanu Dark Roast 10 Sticks,Liquor/Beverage,4,260.0,0.1,936.0
T2025001045,2025-11-05,10:53:00,P0053,Shine Spicy Pork Bulgogi Pack,Food Fresh/Meat/Sidedish,1,500.0,0.0,500.0
T2025001045,2025-11-05,10:53:00,P0066,Imported Kimchi Big Tub 850g,Food Fresh/Meat/Sidedish,2,150.0,0.1,270.0
T2025001045,2025-11-05,10:53:00,P0067,Wasabi Radish Wrapper 340g,Food Fresh/Meat/Sidedish,4,145.0,0.0,580.0
T2025001045,2025-11-05,10:53:00,P0061,Dried Anchovy Medium 100g,Food Fresh/Meat/Sidedish,2,240.0,0.0,480.0
T2025001045,2025-11-05,10:53:00,P0060,Homemade Spring Onion Kimchi 350g,Food Fresh/Meat/Sidedish,4,250.0,0.0,1000.0
T2025001046,2025-11-05,09:17:00,P0227,CJ Beksul Beef Bulgogi Sauce 290g,Seasoned/Sauce/Powder,4,150.0,0.2,480.0
T2025001046,2025-11-05,09:17:00,P0218,CJ Beksul Beef Bulgogi Sauce 500g,Seasoned/Sauce/Powder,8,250.0,0.0,2000.0
T2025001046,2025-11-05,09:17:00,P0216,CJ Beksul Chicken Frying Mix 1Kg,Seasoned/Sauce/Powder,4,257.0,0.0,1028.0
T2025001046,2025-11-05,09:17:00,P0230,CJ Beksul Pancake Sauce,Seasoned/Sauce/Powder,9,145.0,0.0,1305.0
T2025001047,2025-11-05,13:45:00,P0045,CJ Beksul Wheat Flour,Dry Food,3,90.0,0.0,270.0
T2025001047,2025-11-05,13:45:00,P0029,CJ Beksul Pancake Flour,Dry Food,2,125.0,0.0,250.0
T2025001047,2025-11-05,13:45:00,P0030,Yopokki Onion Butter 120g Cup,Dry Food,6,120.0,0.0,720.0
T2025001047,2025-11-05,13:45:00,P0047,Dongwon Spicy Tuna,Dry Food,5,80.0,0.1,360.0
T2025001047,2025-11-05,13:45:00,P0028,CJ Bibigo Seaweed Soup,Dry Food,2,140.0,0.0,280.0
T2025001047,2025-11-05,13:45:00,P0010,Daerim  Big Smoke Ham 1Kg,Dry Food,6,480.0,0.0,2880.0
T2025001048,2025-11-05,18:25:00,P0132,Sunhari Strawberry 360mL,Liquor/Beverage,5,120.0,0.0,600.0
T2025001048,2025-11-05,18:25:00,P0143,Nongshim Welchs Grape 355mL,Liquor/Beverage,1,60.0,0.0,60.0
T2025001048,2025-11-05,18:25:00,P0117,Maxim Kanu Dark Roast 10 Sticks,Liquor/Beverage,10,260.0,0.0,2600.0
T2025001048,2025-11-05,18:25:00,P0106,Mocha Gold Coffee 100Sticks,Liquor/Beverage,6,1100.0,0.0,6600.0
T2025001049,2025-11-05,17:06:00,P0061,Dried Anchovy Medium 100g,Food Fresh/Meat/Sidedish,5,240.0,0.0,1200.0
T2025001049,2025-11-05,17:06:00,P0072,Kongsarang Soft Tofu,Food Fresh/Meat/Sidedish,1,65.0,0.0,65.0
T2025001049,2025-11-05,17:06:00,P0066,Imported Kimchi Big Tub 850g,Food Fresh/Meat/Sidedish,6,150.0,0.0,900.0
T2025001049,2025-11-05,17:06:00,P0055,Beef Enoki Roll 500g,Food Fresh/Meat/Sidedish,2,410.0,0.0,820.0
T2025001049,2025-11-05,17:06:00,P0068,Enoki Mushroom 150G 2Packs,Food Fresh/Meat/Sidedish,7,120.0,0.0,840.0
T2025001050,2025-11-05,18:53:00,P0003,Sempio Sesame Oil,Condiments,2,185.0,0.2,296.0
T2025001050,2025-11-05,18:53:00,P0006,Chung Jung One Soy Sauce,Condiments,3,140.0,0.0,420.0
T2025001050,2025-11-05,18:53:00,P0007,Samyang Spicy Mayo,Condiments,10,130.0,0.0,1300.0
T2025001050,2025-11-05,18:53:00,P0004,O'Food Korean Chili Oil,Condiments,5,160.0,0.0,800.0
T2025001051,2025-11-05,21:36:00,P0049,Our Home Kimchi 1Kg,Food Fresh/Meat/Sidedish,10,320.5,0.0,3205.0
T2025001051,2025-11-05,21:36:00,P0054,Chadolbagi Wagyu 500g,Food Fresh/Meat/Sidedish,6,475.0,0.0,2850.0
T2025001051,2025-11-05,21:36:00,P0065,Sempio Spicy Stir-Fried Dried Squid,Food Fresh/Meat/Sidedish,5,175.0,0.15,743.75
T2025001051,2025-11-05,21:36:00,P0060,Homemade Spring Onion Kimchi 350g,Food Fresh/Meat/Sidedish,6,250.0,0.0,1500.0
T2025001051,2025-11-05,21:36:00,P0072,Kongsarang Soft Tofu,Food Fresh/Meat/Sidedish,2,65.0,0.0,130.0
T2025001052,2025-11-05,09:06:00,P0045,CJ Beksul Wheat Flour,Dry Food,3,90.0,0.0,270.0
T2025001052,2025-11-05,09:06:00,P0013,Dongwon  Whelk In Can 140g,Dry Food,5,280.0,0.2,1120.0
T2025001052,2025-11-05,09:06:00,P0048,Dongwon Light Tuna,Dry Food,1,75.0,0.0,75.0
T2025001053,2025-11-05,08:44:00,P0088,Dongwon  Real Crabs 144g ,Food Frozen,7,259.0,0.0,1813.0
T2025001054,2025-11-05,17:44:00,P0268,Samlip Walnut Pie,Snacks,4,110.0,0.0,440.0
T2025001054,2025-11-05,17:44:00,P0253,Orion Market O Brownie,Snacks,8,170.0,0.0,1360.0
T2025001054,2025-11-05,17:44:00,P0256,Orion Custard Cake,Snacks,6,130.0,0.0,780.0
T2025001054,2025-11-05,17:44:00,P0260,Binch Biscuit,Snacks,3,120.0,0.0,360.0
T2025001054,2025-11-05,17:44:00,P0245,Honey Butter Almond 190g,Snacks,7,420.0,0.0,2940.0
T2025001054,2025-11-05,17:44:00,P0266,Bibigo Seaweed Crisps,Snacks,2,110.0,0.0,220.0
T2025001055,2025-11-05,11:04:00,P0133,Sunhari Blueberry 360mL,Liquor/Beverage,4,120.0,0.0,480.0
T2025001056,2025-11-06,09:05:00,P0116,Maxim Mocha Gold Coffee Mix 20Pcs,Liquor/Beverage,7,275.0,0.0,1925.0
T2025001057,2025-11-06,18:06:00,P0119,Sempio Yuzu Tea,Liquor/Beverage,1,250.0,0.0,250.0
T2025001057,2025-11-06,18:06:00,P0116,Maxim Mocha Gold Coffee Mix 20Pcs,Liquor/Beverage,5,275.0,0.0,1375.0
T2025001058,2025-11-06,18:24:00,P0060,Homemade Spring Onion Kimchi 350g,Food Fresh/Meat/Sidedish,4,250.0,0.0,1000.0
T2025001058,2025-11-06,18:24:00,P0070,Skinless Garlic 150G,Food Fresh/Meat/Sidedish,7,65.0,0.0,455.0
T2025001059,2025-11-06,13:10:00,P0108,Ottogi Honey Citron Tea 1Kg,Liquor/Beverage,5,530.0,0.0,2650.0
T2025001059,2025-11-06,13:10:00,P0138,Kirin Ichiban Beer 330mL,Liquor/Beverage,7,68.0,0.0,476.0
T2025001059,2025-11-06,13:10:00,P0140,Woongjin Yogurt Peach 340mL,Liquor/Beverage,5,60.0,0.0,300.0
T2025001059,2025-11-06,13:10:00,P0133,Sunhari Blueberry 360mL,Liquor/Beverage,5,120.0,0.0,600.0
T2025001059,2025-11-06,13:10:00,P0145,Binggrae Melon Soda,Liquor/Beverage,9,60.0,0.0,540.0
T2025001060,2025-11-06,17:45:00,P0286,Crown Caramel Maple Corn,Snacks,1,80.0,0.0,80.0
T2025001061,2025-11-06,16:54:00,P0232,O'Food Tofu Stew Base,Seasoned/Sauce/Powder,4,135.0,0.0,540.0
T2025001062,2025-11-06,17:54:00,P0123,Cass Cold Brewed Beer 500mL,Liquor/Beverage,10,170.0,0.0,1700.0
T2025001062,2025-11-06,17:54:00,P0146,Binggrae Yogurt Drink,Liquor/Beverage,6,55.0,0.0,330.0
T2025001062,2025-11-06,17:54:00,P0129,Sunhari Grape 360mL,Liquor/Beverage,10,120.0,0.0,1200.0
T2025001062,2025-11-06,17:54:00,P0109,(꽃샘) Concentrated Flavored Drink 600g,Liquor/Beverage,6,370.0,0.15,1887.0
T2025001062,2025-11-06,17:54:00,P0124,Terra Lager Beer 500mL,Liquor/Beverage,9,170.0,0.0,1530.0
T2025001063,2025-11-06,15:30:00,P0181,Paldo Bibim Cold Noodles,Noodles,9,65.0,0.0,585.0
T2025001063,2025-11-06,15:30:00,P0188,Nagasaki Jjampong,Noodles,1,60.0,0.0,60.0
T2025001063,2025-11-06,15:30:00,P0197,Nongshim Seafood Ramyun,Noodles,10,52.0,0.0,520.0
T2025001064,2025-11-06,17:33:00,P0072,Kongsarang Soft Tofu,Food Fresh/Meat/Sidedish,5,65.0,0.0,325.0
T2025001064,2025-11-06,17:33:00,P0063,Our Home Kimchi 1Kg Jar,Food Fresh/Meat/Sidedish,2,190.0,0.0,380.0
T2025001065,2025-11-06,13:51:00,P0267,Lotte Pepero White Cookie,Snacks,7,110.0,0.0,770.0
T2025001066,2025-11-06,08:31:00,P0231,O'Food Bulgogi Marinade,Seasoned/Sauce/Powder,9,145.0,0.2,1044.0
T2025001067,2025-11-06,10:01:00,P0006,Chung Jung One Soy Sauce,Condiments,8,140.0,0.0,1120.0
T2025001067,2025-11-06,10:01:00,P0004,O'Food Korean Chili Oil,Condiments,8,160.0,0.1,1152.0
T2025001067,2025-11-06,10:01:00,P0008,Ottogi Corn Syrup,Condiments,9,98.0,0.1,793.8
T2025001068,2025-11-06,17:25:00,P0143,Nongshim Welchs Grape 355mL,Liquor/Beverage,2,60.0,0.0,120.0
T2025001068,2025-11-06,17:25:00,P0105,White Gold Coffee 100Sticks,Liquor/Beverage,8,1150.0,0.15,7820.0
T2025001069,2025-11-06,13:38:00,P0258,Orion Custard Choco Cake,Snacks,6,130.0,0.0,780.0
T2025001069,2025-11-06,13:38:00,P0251,Oil Fried & Salted Peanuts,Snacks,6,185.0,0.0,1110.0
T2025001069,2025-11-06,13:38:00,P0288,Nongshim Honey Rice Snack,Snacks,4,80.0,0.0,320.0
T2025001070,2025-11-06,17:29:00,P0299,Lotte Xylitol Green Gum,Snacks,3,55.0,0.0,165.0
T2025001070,2025-11-06,17:29:00,P0297,Pepero Choco Filled,Snacks,7,55.0,0.0,385.0
T2025001070,2025-11-06,17:29:00,P0287,Nongshim Banana Kick 75g,Snacks,4,80.0,0.0,320.0
T2025001070,2025-11-06,17:29:00,P0285,Corn Choco,Snacks,2,80.0,0.05,152.0
T2025001070,2025-11-06,17:29:00,P0278,Haitai O! Karto Chips,Snacks,9,88.0,0.0,792.0
T2025001070,2025-11-06,17:29:00,P0255,Bibigo Crispy Seaweed Snack,Snacks,4,140.0,0.0,560.0
T2025001071,2025-11-06,10:07:00,P0243,CJ  Ssamjang 170g,Seasoned/Sauce/Powder,10,88.0,0.0,880.0
T2025001071,2025-11-06,10:07:00,P0225,Chung Jung One Soybean Paste,Seasoned/Sauce/Powder,8,160.0,0.0,1280.0
T2025001071,2025-11-06,10:07:00,P0240,Ottogi Spaghetti Sauce,Seasoned/Sauce/Powder,10,115.0,0.25,862.5
T2025001071,2025-11-06,10:07:00,P0234,CJ Beksul Spicy Pork Sauce 290g,Seasoned/Sauce/Powder,5,130.0,0.0,650.0
T2025001072,2025-11-06,08:55:00,P0266,Bibigo Seaweed Crisps,Snacks,5,110.0,0.0,550.0
T2025001073,2025-11-06,11:56:00,P0069,Bibigo Beef Bone Soup,Food Fresh/Meat/Sidedish,2,110.0,0.0,220.0
T2025001073,2025-11-06,11:56:00,P0050,Boneless Rib Eye 250g,Food Fresh/Meat/Sidedish,7,750.0,0.0,5250.0
T2025001073,2025-11-06,11:56:00,P0068,Enoki Mushroom 150G 2Packs,Food Fresh/Meat/Sidedish,8,120.0,0.0,960.0
T2025001073,2025-11-06,11:56:00,P0052,Shine Beef Bulgogi Pack,Food Fresh/Meat/Sidedish,7,550.0,0.0,3850.0
T2025001073,2025-11-06,11:56:00,P0053,Shine Spicy Pork Bulgogi Pack,Food Fresh/Meat/Sidedish,5,500.0,0.1,2250.0
T2025001074,2025-11-06,15:46:00,P0007,Samyang Spicy Mayo,Condiments,1,130.0,0.0,130.0
T2025001074,2025-11-06,15:46:00,P0006,Chung Jung One Soy Sauce,Condiments,6,140.0,0.0,840.0
T2025001074,2025-11-06,15:46:00,P0008,Ottogi Corn Syrup,Condiments,7,98.0,0.0,686.0
T2025001074,2025-11-06,15:46:00,P0009,CJ Beksul Corn Syrup,Condiments,10,95.0,0.0,950.0
T2025001075,2025-11-06,09:10:00,P0107,Ottogi Honey Ginger Tea 1Kg,Liquor/Beverage,4,530.0,0.0,2120.0
T2025001075,2025-11-06,09:10:00,P0117,Maxim Kanu Dark Roast 10 Sticks,Liquor/Beverage,3,260.0,0.0,780.0
T2025001075,2025-11-06,09:10:00,P0123,Cass Cold Brewed Beer 500mL,Liquor/Beverage,5,170.0,0.0,850.0
T2025001075,2025-11-06,09:10:00,P0144,Nongshim Welchs Strawberry 355mL,Liquor/Beverage,2,60.0,0.0,120.0
T2025001075,2025-11-06,09:10:00,P0139,Paldo Pororo Juice,Liquor/Beverage,9,65.0,0.0,585.0
T2025001076,2025-11-06,15:16:00,P0007,Samyang Spicy Mayo,Condiments,2,130.0,0.0,260.0
T2025001076,2025-11-06,15:16:00,P0004,O'Food Korean Chili Oil,Condiments,2,160.0,0.0,320.0
T2025001077,2025-11-06,11:14:00,P0009,CJ Beksul Corn Syrup,Condiments,3,95.0,0.0,285.0
T2025001077,2025-11-06,11:14:00,P0006,Chung Jung One Soy Sauce,Condiments,3,140.0,0.0,420.0
T2025001077,2025-11-06,11:14:00,P0004,O'Food Korean Chili Oil,Condiments,4,160.0,0.0,640.0
T2025001078,2025-11-06,10:04:00,P0058,Homemade Kimchi 850g,Food Fresh/Meat/Sidedish,8,290.0,0.0,2320.0
T2025001078,2025-11-06,10:04:00,P0067,Wasabi Radish Wrapper 340g,Food Fresh/Meat/Sidedish,5,145.0,0.0,725.0
T2025001078,2025-11-06,10:04:00,P0069,Bibigo Beef Bone Soup,Food Fresh/Meat/Sidedish,7,110.0,0.1,693.0
T2025001078,2025-11-06,10:04:00,P0060,Homemade Spring Onion Kimchi 350g,Food Fresh/Meat/Sidedish,5,250.0,0.0,1250.0
T2025001079,2025-11-06,09:20:00,P0269,Lotte Soft Strawberry Milk Candy 79g,Snacks,10,105.0,0.0,1050.0
T2025001079,2025-11-06,09:20:00,P0277,Orion Turtle Chips Sweet Corn,Snacks,9,89.0,0.2,640.8
T2025001079,2025-11-06,09:20:00,P0251,Oil Fried & Salted Peanuts,Snacks,8,185.0,0.0,1480.0
T2025001079,2025-11-06,09:20:00,P0258,Orion Custard Choco Cake,Snacks,5,130.0,0.2,520.0
T2025001079,2025-11-06,09:20:00,P0279,Orion O! Karto Sweet Corn,Snacks,2,88.0,0.0,176.0
T2025001080,2025-11-06,12:36:00,P0240,Ottogi Spaghetti Sauce,Seasoned/Sauce/Powder,4,115.0,0.0,460.0
T2025001081,2025-11-06,20:34:00,P0043,CJ Hetbahn Cooked Barley,Dry Food,2,95.0,0.0,190.0
T2025001081,2025-11-06,20:34:00,P0046,CJ Beksul Potato Starch,Dry Food,8,85.0,0.0,680.0
T2025001081,2025-11-06,20:34:00,P0036,Dongwon  Tuna Light Can 150g,Dry Food,9,110.0,0.0,990.0
T2025001081,2025-11-06,20:34:00,P0031,Yopokki Cheese Cup 120g,Dry Food,8,120.0,0.0,960.0
T2025001081,2025-11-06,20:34:00,P0040,Ottogi Sweet Corn 340g,Dry Food,9,95.0,0.0,855.0
T2025001082,2025-11-06,14:24:00,P0008,Ottogi Corn Syrup,Condiments,4,98.0,0.0,392.0
T2025001082,2025-11-06,14:24:00,P0004,O'Food Korean Chili Oil,Condiments,5,160.0,0.0,800.0
T2025001082,2025-11-06,14:24:00,P0005,Ottogi Gold Mayonnaise 300g,Condiments,3,150.0,0.1,405.0
T2025001082,2025-11-06,14:24:00,P0007,Samyang Spicy Mayo,Condiments,6,130.0,0.0,780.0
T2025001082,2025-11-06,14:24:00,P0009,CJ Beksul Corn Syrup,Condiments,5,95.0,0.15,403.75
T2025001083,2025-11-06,18:55:00,P0007,Samyang Spicy Mayo,Condiments,3,130.0,0.2,312.0
T2025001084,2025-11-06,18:08:00,P0284,Kkokal Sweet Corn Snack,Snacks,3,80.0,0.0,240.0
T2025001084,2025-11-06,18:08:00,P0279,Orion O! Karto Sweet Corn,Snacks,2,88.0,0.2,140.8
T2025001084,2025-11-06,18:08:00,P0257,Lotte Almond Chocolate,Snacks,7,130.0,0.0,910.0
T2025001084,2025-11-06,18:08:00,P0267,Lotte Pepero White Cookie,Snacks,2,110.0,0.2,176.0
T2025001084,2025-11-06,18:08:00,P0261,Lotte Choco Heim,Snacks,5,120.0,0.0,600.0
T2025001085,2025-11-06,18:06:00,P0212,Beef Dasida (Soup Stock) 1Kg,Seasoned/Sauce/Powder,5,550.0,0.0,2750.0
T2025001085,2025-11-06,18:06:00,P0222,CJ  Soybean Paste 1Kg,Seasoned/Sauce/Powder,7,208.0,0.05,1383.2
T2025001085,2025-11-06,18:06:00,P0241,CJ Anchovy Sauce 500g,Seasoned/Sauce/Powder,3,105.0,0.0,315.0
T2025001085,2025-11-06,18:06:00,P0242,CJ  Gochujang 200g,Seasoned/Sauce/Powder,7,100.0,0.0,700.0
T2025001085,2025-11-06,18:06:00,P0237,O'Food Tteokbokki Sauce,Seasoned/Sauce/Powder,4,120.0,0.0,480.0
T2025001085,2025-11-06,18:06:00,P0225,Chung Jung One Soybean Paste,Seasoned/Sauce/Powder,8,160.0,0.15,1088.0
T2025001086,2025-11-06,21:42:00,P0150,Samyang Buldak Rosã Ramen 105g,Noodles,3,110.0,0.0,330.0
T2025001086,2025-11-06,21:42:00,P0200,Paldo Koreno Kimchi Noodle,Noodles,10,50.0,0.0,500.0
T2025001086,2025-11-06,21:42:00,P0202,Nongshim Ansung Tangmen,Noodles,10,50.0,0.0,500.0
T2025001086,2025-11-06,21:42:00,P0154,Nongshim Jjawang,Noodles,1,100.0,0.0,100.0
T2025001087,2025-11-06,10:54:00,P0065,Sempio Spicy Stir-Fried Dried Squid,Food Fresh/Meat/Sidedish,2,175.0,0.0,350.0
T2025001087,2025-11-06,10:54:00,P0064,Kimbab Radish 400g,Food Fresh/Meat/Sidedish,8,185.0,0.0,1480.0
T2025001087,2025-11-06,10:54:00,P0051,Us Premium Rib Eye 500g,Food Fresh/Meat/Sidedish,8,725.0,0.0,5800.0
T2025001088,2025-11-06,09:29:00,P0091,CJ Bibigo Japchae,Food Frozen,4,220.0,0.0,880.0
T2025001089,2025-11-06,08:57:00,P0060,Homemade Spring Onion Kimchi 350g,Food Fresh/Meat/Sidedish,9,250.0,0.0,2250.0
T2025001089,2025-11-06,08:57:00,P0053,Shine Spicy Pork Bulgogi Pack,Food Fresh/Meat/Sidedish,2,500.0,0.2,800.0
T2025001089,2025-11-06,08:57:00,P0063,Our Home Kimchi 1Kg Jar,Food Fresh/Meat/Sidedish,5,190.0,0.0,950.0
T2025001090,2025-11-06,08:04:00,P0028,CJ Bibigo Seaweed Soup,Dry Food,9,140.0,0.0,1260.0
T2025001090,2025-11-06,08:04:00,P0010,Daerim  Big Smoke Ham 1Kg,Dry Food,8,480.0,0.0,3840.0
T2025001090,2025-11-06,08:04:00,P0041,CJ Hetbahn Multi-Grain Rice,Dry Food,10,95.0,0.0,950.0
T2025001091,2025-11-06,19:21:00,P0055,Beef Enoki Roll 500g,Food Fresh/Meat/Sidedish,1,410.0,0.0,410.0
T2025001092,2025-11-06,08:14:00,P0089,Jongga Rice Cake 1Kg,Food Frozen,6,230.0,0.0,1380.0
T2025001093,2025-11-06,15:11:00,P0241,CJ Anchovy Sauce 500g,Seasoned/Sauce/Powder,7,105.0,0.0,735.0
T2025001093,2025-11-06,15:11:00,P0236,CJ  Soybean Paste 500g,Seasoned/Sauce/Powder,7,123.0,0.0,861.0
T2025001093,2025-11-06,15:11:00,P0213,Sempio Yondu 500mL,Seasoned/Sauce/Powder,3,345.0,0.0,1035.0
T2025001093,2025-11-06,15:11:00,P0229,O'Food Korean BBQ Sauce,Seasoned/Sauce/Powder,5,145.0,0.0,725.0
T2025001094,2025-11-06,08:42:00,P0039,Ottogi 3Mins Curry,Dry Food,6,99.0,0.0,594.0
T2025001095,2025-11-06,14:24:00,P0129,Sunhari Grape 360mL,Liquor/Beverage,1,120.0,0.0,120.0
T2025001095,2025-11-06,14:24:00,P0120,Aloe Vera Juice 1.5L,Liquor/Beverage,2,175.0,0.0,350.0
T2025001095,2025-11-06,14:24:00,P0113,Binggre Melon Milk 200mL 6Pcs,Liquor/Beverage,3,290.0,0.0,870.0
T2025001095,2025-11-06,14:24:00,P0144,Nongshim Welchs Strawberry 355mL,Liquor/Beverage,9,60.0,0.0,540.0
T2025001095,2025-11-06,14:24:00,P0141,Woongjin Yogurt Apple 340mL,Liquor/Beverage,9,60.0,0.0,540.0
T2025001095,2025-11-06,14:24:00,P0130,Sunhari Apple 360mL,Liquor/Beverage,1,120.0,0.0,120.0
T2025001096,2025-11-06,08:18:00,P0057,Jongga Pogi Kimchi 500g,Food Fresh/Meat/Sidedish,1,315.0,0.0,315.0
T2025001096,2025-11-06,08:18:00,P0058,Homemade Kimchi 850g,Food Fresh/Meat/Sidedish,7,290.0,0.0,2030.0
T2025001096,2025-11-06,08:18:00,P0067,Wasabi Radish Wrapper 340g,Food Fresh/Meat/Sidedish,6,145.0,0.0,870.0
T2025001097,2025-11-06,19:29:00,P0131,Sunhari Yogurt 360mL,Liquor/Beverage,3,120.0,0.0,360.0
T2025001098,2025-11-06,13:08:00,P0141,Woongjin Yogurt Apple 340mL,Liquor/Beverage,5,60.0,0.0,300.0
T2025001098,2025-11-06,13:08:00,P0125,Jinro Fresh Soju,Liquor/Beverage,4,170.0,0.0,680.0
T2025001098,2025-11-06,13:08:00,P0121,Lotte Chum Churum Soju,Liquor/Beverage,5,175.0,0.0,875.0
T2025001098,2025-11-06,13:08:00,P0132,Sunhari Strawberry 360mL,Liquor/Beverage,9,120.0,0.25,810.0
T2025001099,2025-11-06,14:30:00,P0033,CJ Beksul Frying Mix,Dry Food,7,120.0,0.0,840.0
T2025001100,2025-11-06,20:19:00,P0008,Ottogi Corn Syrup,Condiments,2,98.0,0.0,196.0
T2025001100,2025-11-06,20:19:00,P0007,Samyang Spicy Mayo,Condiments,2,130.0,0.0,260.0
T2025001100,2025-11-06,20:19:00,P0005,Ottogi Gold Mayonnaise 300g,Condiments,4,150.0,0.0,600.0
T2025001100,2025-11-06,20:19:00,P0002,Ottogi Gold Mayonnaise 500g,Condiments,7,235.0,0.0,1645.0
T2025001100,2025-11-06,20:19:00,P0001,Ottogi Sesame Oil 500mL,Condiments,5,590.5,0.0,2952.5
T2025001101,2025-11-06,19:09:00,P0231,O'Food Bulgogi Marinade,Seasoned/Sauce/Powder,1,145.0,0.0,145.0
T2025001101,2025-11-06,19:09:00,P0232,O'Food Tofu Stew Base,Seasoned/Sauce/Powder,1,135.0,0.0,135.0
T2025001102,2025-11-06,18:55:00,P0262,Orion Custard Pineapple,Snacks,2,120.0,0.0,240.0
T2025001102,2025-11-06,18:55:00,P0298,Pepero White Cookie,Snacks,10,55.0,0.0,550.0
T2025001102,2025-11-06,18:55:00,P0287,Nongshim Banana Kick 75g,Snacks,8,80.0,0.0,640.0
T2025001102,2025-11-06,18:55:00,P0296,Lotte Cereal Choco,Snacks,2,55.0,0.1,99.0
T2025001103,2025-11-06,19:00:00,P0084,Assi Vegetable Dumplings 675g,Food Frozen,10,285.0,0.0,2850.0
T2025001103,2025-11-06,19:00:00,P0094,MWC Frank Sausage 5Pcs,Food Frozen,6,173.0,0.2,830.4
T2025001104,2025-11-06,09:58:00,P0142,Nongshim Welchs White Grape 355mL,Liquor/Beverage,7,60.0,0.0,420.0
T2025001104,2025-11-06,09:58:00,P0118,Brown Rice Green Tea 50Pcs,Liquor/Beverage,1,257.0,0.15,218.45
T2025001104,2025-11-06,09:58:00,P0145,Binggrae Melon Soda,Liquor/Beverage,1,60.0,0.0,60.0
T2025001104,2025-11-06,09:58:00,P0114,Banana Milk 200mL 6Pcs,Liquor/Beverage,6,290.0,0.0,1740.0
T2025001104,2025-11-06,09:58:00,P0121,Lotte Chum Churum Soju,Liquor/Beverage,8,175.0,0.0,1400.0
T2025001105,2025-11-06,16:16:00,P0101,Daerim  Fish Cake Stick,Food Frozen,1,77.0,0.0,77.0
T2025001105,2025-11-06,16:16:00,P0075,Bibigo Mul Mandu 370g 2Packs,Food Frozen,8,695.0,0.0,5560.0
T2025001105,2025-11-06,16:16:00,P0081,Assi Shrimp Wanton 600g,Food Frozen,3,400.0,0.0,1200.0
T2025001105,2025-11-06,16:16:00,P0097,Daerim  Cheese Vienna Sausage 105g,Food Frozen,10,120.0,0.0,1200.0
T2025001105,2025-11-06,16:16:00,P0088,Dongwon  Real Crabs 144g ,Food Frozen,4,259.0,0.2,828.8
T2025001105,2025-11-06,16:16:00,P0074,Bibigo Fried Dumplings 450g,Food Frozen,5,740.0,0.0,3700.0
T2025001106,2025-11-06,12:35:00,P0138,Kirin Ichiban Beer 330mL,Liquor/Beverage,3,68.0,0.0,204.0
T2025001106,2025-11-06,12:35:00,P0121,Lotte Chum Churum Soju,Liquor/Beverage,8,175.0,0.0,1400.0
T2025001106,2025-11-06,12:35:00,P0111,Maxim Kanu Ice Latte 10 Sticks,Liquor/Beverage,7,360.0,0.1,2268.0
T2025001106,2025-11-06,12:35:00,P0114,Banana Milk 200mL 6Pcs,Liquor/Beverage,6,290.0,0.0,1740.0
T2025001106,2025-11-06,12:35:00,P0132,Sunhari Strawberry 360mL,Liquor/Beverage,4,120.0,0.0,480.0
T2025001106,2025-11-06,12:35:00,P0117,Maxim Kanu Dark Roast 10 Sticks,Liquor/Beverage,8,260.0,0.0,2080.0
T2025001107,2025-11-06,10:21:00,P0021,Bibigo Kimbab Kim 10Sheets,Dry Food,3,161.0,0.0,483.0
T2025001108,2025-11-06,18:04:00,P0134,KSD Green Grape Rice Wine 750mL,Liquor/Beverage,6,105.0,0.0,630.0
T2025001108,2025-11-06,18:04:00,P0120,Aloe Vera Juice 1.5L,Liquor/Beverage,5,175.0,0.0,875.0
T2025001108,2025-11-06,18:04:00,P0131,Sunhari Yogurt 360mL,Liquor/Beverage,8,120.0,0.0,960.0
T2025001108,2025-11-06,18:04:00,P0124,Terra Lager Beer 500mL,Liquor/Beverage,3,170.0,0.0,510.0
T2025001108,2025-11-06,18:04:00,P0132,Sunhari Strawberry 360mL,Liquor/Beverage,6,120.0,0.0,720.0
T2025001108,2025-11-06,18:04:00,P0142,Nongshim Welchs White Grape 355mL,Liquor/Beverage,4,60.0,0.0,240.0
T2025001109,2025-11-06,17:18:00,P0245,Honey Butter Almond 190g,Snacks,9,420.0,0.0,3780.0
T2025001109,2025-11-06,17:18:00,P0251,Oil Fried & Salted Peanuts,Snacks,6,185.0,0.0,1110.0
T2025001109,2025-11-06,17:18:00,P0285,Corn Choco,Snacks,10,80.0,0.1,720.0
T2025001109,2025-11-06,17:18:00,P0271,Orion Choco Chip Cookies,Snacks,3,100.0,0.0,300.0
T2025001109,2025-11-06,17:18:00,P0258,Orion Custard Choco Cake,Snacks,10,130.0,0.0,1300.0
T2025001110,2025-11-06,20:41:00,P0098,Daerim  Crabstick 216g,Food Frozen,5,98.0,0.05,465.5
T2025001111,2025-11-06,15:55:00,P0269,Lotte Soft Strawberry Milk Candy 79g,Snacks,3,105.0,0.0,315.0
T2025001111,2025-11-06,15:55:00,P0293,Lotte Sand Biscuit,Snacks,3,75.0,0.0,225.0
T2025001111,2025-11-06,15:55:00,P0261,Lotte Choco Heim,Snacks,9,120.0,0.0,1080.0
T2025001111,2025-11-06,15:55:00,P0286,Crown Caramel Maple Corn,Snacks,2,80.0,0.0,160.0
T2025001111,2025-11-06,15:55:00,P0247,Choco Pie Green Tea 12Pcs,Snacks,6,200.0,0.0,1200.0
T2025001112,2025-11-06,15:01:00,P0114,Banana Milk 200mL 6Pcs,Liquor/Beverage,4,290.0,0.0,1160.0
T2025001113,2025-11-06,21:24:00,P0011,CJ  Cooked Rice Plain 210g,Dry Food,7,365.0,0.05,2427.25
T2025001114,2025-11-06,13:13:00,P0112,Teazen Diet Tea Berry 10 Sticks,Liquor/Beverage,3,290.0,0.0,870.0
T2025001114,2025-11-06,13:13:00,P0141,Woongjin Yogurt Apple 340mL,Liquor/Beverage,1,60.0,0.0,60.0
T2025001115,2025-11-06,16:18:00,P0004,O'Food Korean Chili Oil,Condiments,6,160.0,0.0,960.0
T2025001115,2025-11-06,16:18:00,P0008,Ottogi Corn Syrup,Condiments,4,98.0,0.0,392.0
T2025001115,2025-11-06,16:18:00,P0007,Samyang Spicy Mayo,Condiments,3,130.0,0.0,390.0
T2025001116,2025-11-06,12:00:00,P0141,Woongjin Yogurt Apple 340mL,Liquor/Beverage,5,60.0,0.0,300.0
T2025001116,2025-11-06,12:00:00,P0130,Sunhari Apple 360mL,Liquor/Beverage,1,120.0,0.0,120.0
T2025001116,2025-11-06,12:00:00,P0106,Mocha Gold Coffee 100Sticks,Liquor/Beverage,4,1100.0,0.0,4400.0
T2025001117,2025-11-06,18:58:00,P0194,Shin Ramen Kimchi,Noodles,5,55.0,0.25,206.25
T2025001117,2025-11-06,18:58:00,P0183,Samyang Kimchi Ramen Bowl,Noodles,10,65.0,0.0,650.0
T2025001117,2025-11-06,18:58:00,P0177,Ottogi Beef Seaweed Soup Ramen,Noodles,5,70.0,0.0,350.0
T2025001118,2025-11-06,17:18:00,P0065,Sempio Spicy Stir-Fried Dried Squid,Food Fresh/Meat/Sidedish,10,175.0,0.0,1750.0
T2025001118,2025-11-06,17:18:00,P0060,Homemade Spring Onion Kimchi 350g,Food Fresh/Meat/Sidedish,8,250.0,0.0,2000.0
T2025001118,2025-11-06,17:18:00,P0049,Our Home Kimchi 1Kg,Food Fresh/Meat/Sidedish,1,320.5,0.0,320.5
T2025001119,2025-11-06,11:42:00,P0058,Homemade Kimchi 850g,Food Fresh/Meat/Sidedish,3,290.0,0.0,870.0
T2025001119,2025-11-06,11:42:00,P0060,Homemade Spring Onion Kimchi 350g,Food Fresh/Meat/Sidedish,3,250.0,0.25,562.5
T2025001119,2025-11-06,11:42:00,P0056,Us Beef Strips 500g,Food Fresh/Meat/Sidedish,1,375.0,0.0,375.0
T2025001119,2025-11-06,11:42:00,P0073,Perilla Leaves 2Packs,Food Fresh/Meat/Sidedish,9,40.0,0.0,360.0
T2025001120,2025-11-06,09:30:00,P0260,Binch Biscuit,Snacks,1,120.0,0.0,120.0
T2025001120,2025-11-06,09:30:00,P0261,Lotte Choco Heim,Snacks,6,120.0,0.0,720.0
T2025001120,2025-11-06,09:30:00,P0252,Lotte Banana Choco Pie 12Pcs,Snacks,6,180.0,0.0,1080.0
T2025001120,2025-11-06,09:30:00,P0273,Haitai  Plumcandy 130g,Snacks,3,95.0,0.2,228.0
T2025001120,2025-11-06,09:30:00,P0244,Wasabi Almond 190g,Snacks,2,440.0,0.0,880.0
T2025001121,2025-11-06,15:12:00,P0233,O'Food Korean Fried Chicken Sauce,Seasoned/Sauce/Powder,1,135.0,0.0,135.0
T2025001121,2025-11-06,15:12:00,P0232,O'Food Tofu Stew Base,Seasoned/Sauce/Powder,2,135.0,0.0,270.0
T2025001122,2025-11-06,13:16:00,P0064,Kimbab Radish 400g,Food Fresh/Meat/Sidedish,1,185.0,0.0,185.0
T2025001122,2025-11-06,13:16:00,P0068,Enoki Mushroom 150G 2Packs,Food Fresh/Meat/Sidedish,7,120.0,0.0,840.0
T2025001122,2025-11-06,13:16:00,P0070,Skinless Garlic 150G,Food Fresh/Meat/Sidedish,7,65.0,0.15,386.75
T2025001122,2025-11-06,13:16:00,P0057,Jongga Pogi Kimchi 500g,Food Fresh/Meat/Sidedish,6,315.0,0.0,1890.0
T2025001122,2025-11-06,13:16:00,P0055,Beef Enoki Roll 500g,Food Fresh/Meat/Sidedish,3,410.0,0.0,1230.0
T2025001122,2025-11-06,13:16:00,P0056,Us Beef Strips 500g,Food Fresh/Meat/Sidedish,2,375.0,0.0,750.0
T2025001123,2025-11-06,09:27:00,P0040,Ottogi Sweet Corn 340g,Dry Food,1,95.0,0.0,95.0
T2025001124,2025-11-06,15:39:00,P0299,Lotte Xylitol Green Gum,Snacks,4,55.0,0.0,220.0
T2025001124,2025-11-06,15:39:00,P0259,Nongshim Sengseng U-Dong,Snacks,9,125.0,0.0,1125.0
T2025001124,2025-11-06,15:39:00,P0249,Lotte Chocopie 12Pcs,Snacks,2,200.0,0.0,400.0
T2025001124,2025-11-06,15:39:00,P0277,Orion Turtle Chips Sweet Corn,Snacks,2,89.0,0.0,178.0
T2025001125,2025-11-06,09:40:00,P0061,Dried Anchovy Medium 100g,Food Fresh/Meat/Sidedish,4,240.0,0.0,960.0
T2025001125,2025-11-06,09:40:00,P0065,Sempio Spicy Stir-Fried Dried Squid,Food Fresh/Meat/Sidedish,8,175.0,0.0,1400.0
T2025001125,2025-11-06,09:40:00,P0062,Dried Anchovy Small 100g,Food Fresh/Meat/Sidedish,9,240.0,0.0,2160.0
T2025001125,2025-11-06,09:40:00,P0058,Homemade Kimchi 850g,Food Fresh/Meat/Sidedish,5,290.0,0.0,1450.0
T2025001125,2025-11-06,09:40:00,P0060,Homemade Spring Onion Kimchi 350g,Food Fresh/Meat/Sidedish,2,250.0,0.05,475.0
T2025001125,2025-11-06,09:40:00,P0059,Pork Belly (Samgyupsal) 500g,Food Fresh/Meat/Sidedish,6,275.0,0.0,1650.0
T2025001126,2025-11-06,18:22:00,P0138,Kirin Ichiban Beer 330mL,Liquor/Beverage,9,68.0,0.0,612.0
T2025001126,2025-11-06,18:22:00,P0106,Mocha Gold Coffee 100Sticks,Liquor/Beverage,3,1100.0,0.0,3300.0
T2025001126,2025-11-06,18:22:00,P0143,Nongshim Welchs Grape 355mL,Liquor/Beverage,1,60.0,0.0,60.0
T2025001126,2025-11-06,18:22:00,P0132,Sunhari Strawberry 360mL,Liquor/Beverage,6,120.0,0.1,648.0
T2025001127,2025-11-06,19:18:00,P0212,Beef Dasida (Soup Stock) 1Kg,Seasoned/Sauce/Powder,4,550.0,0.0,2200.0
T2025001128,2025-11-06,14:25:00,P0091,CJ Bibigo Japchae,Food Frozen,2,220.0,0.0,440.0
T2025001128,2025-11-06,14:25:00,P0089,Jongga Rice Cake 1Kg,Food Frozen,3,230.0,0.0,690.0
T2025001128,2025-11-06,14:25:00,P0095,Samlip Fish Cake Sheets,Food Frozen,6,150.0,0.0,900.0
T2025001128,2025-11-06,14:25:00,P0098,Daerim  Crabstick 216g,Food Frozen,8,98.0,0.0,784.0
T2025001128,2025-11-06,14:25:00,P0084,Assi Vegetable Dumplings 675g,Food Frozen,5,285.0,0.0,1425.0
T2025001129,2025-11-06,15:58:00,P0006,Chung Jung One Soy Sauce,Condiments,8,140.0,0.0,1120.0
T2025001129,2025-11-06,15:58:00,P0001,Ottogi Sesame Oil 500mL,Condiments,2,590.5,0.0,1181.0
T2025001129,2025-11-06,15:58:00,P0004,O'Food Korean Chili Oil,Condiments,3,160.0,0.0,480.0
T2025001129,2025-11-06,15:58:00,P0009,CJ Beksul Corn Syrup,Condiments,3,95.0,0.0,285.0
T2025001130,2025-11-06,20:47:00,P0242,CJ  Gochujang 200g,Seasoned/Sauce/Powder,4,100.0,0.0,400.0
T2025001130,2025-11-06,20:47:00,P0243,CJ  Ssamjang 170g,Seasoned/Sauce/Powder,6,88.0,0.0,528.0
T2025001130,2025-11-06,20:47:00,P0219,CJ Beksul Spicy Pork Sauce 500g,Seasoned/Sauce/Powder,9,240.0,0.0,2160.0
T2025001130,2025-11-06,20:47:00,P0218,CJ Beksul Beef Bulgogi Sauce 500g,Seasoned/Sauce/Powder,1,250.0,0.0,250.0
T2025001130,2025-11-06,20:47:00,P0236,CJ  Soybean Paste 500g,Seasoned/Sauce/Powder,8,123.0,0.0,984.0
T2025001131,2025-11-06,13:19:00,P0037,Ottogi Cup Spaghetti,Dry Food,2,110.0,0.0,220.0
T2025001131,2025-11-06,13:19:00,P0041,CJ Hetbahn Multi-Grain Rice,Dry Food,4,95.0,0.0,380.0
T2025001131,2025-11-06,13:19:00,P0034,CJ  Cooked Rice,Dry Food,10,116.0,0.0,1160.0
T2025001131,2025-11-06,13:19:00,P0039,Ottogi 3Mins Curry,Dry Food,8,99.0,0.0,792.0
T2025001131,2025-11-06,13:19:00,P0031,Yopokki Cheese Cup 120g,Dry Food,3,120.0,0.0,360.0
T2025001132,2025-11-06,12:48:00,P0005,Ottogi Gold Mayonnaise 300g,Condiments,10,150.0,0.0,1500.0
T2025001132,2025-11-06,12:48:00,P0006,Chung Jung One Soy Sauce,Condiments,8,140.0,0.0,1120.0
T2025001133,2025-11-06,20:07:00,P0217,Ottogi Roasted Sesame Seeds 200g,Seasoned/Sauce/Powder,9,255.0,0.0,2295.0
T2025001133,2025-11-06,20:07:00,P0239,Ottogi Curry Hot,Seasoned/Sauce/Powder,3,115.0,0.0,345.0
T2025001133,2025-11-06,20:07:00,P0230,CJ Beksul Pancake Sauce,Seasoned/Sauce/Powder,10,145.0,0.0,1450.0
T2025001133,2025-11-06,20:07:00,P0240,Ottogi Spaghetti Sauce,Seasoned/Sauce/Powder,5,115.0,0.0,575.0
T2025001133,2025-11-06,20:07:00,P0228,Sempio Gochujang (500g),Seasoned/Sauce/Powder,7,145.0,0.25,761.25
T2025001133,2025-11-06,20:07:00,P0237,O'Food Tteokbokki Sauce,Seasoned/Sauce/Powder,4,120.0,0.0,480.0
T2025001134,2025-11-06,18:45:00,P0084,Assi Vegetable Dumplings 675g,Food Frozen,6,285.0,0.25,1282.5
T2025001134,2025-11-06,18:45:00,P0091,CJ Bibigo Japchae,Food Frozen,4,220.0,0.0,880.0
T2025001134,2025-11-06,18:45:00,P0082,Daerim  Crab Sticks 1Kg,Food Frozen,5,350.0,0.0,1750.0
T2025001134,2025-11-06,18:45:00,P0086,CJ Bibigo Gyoza Dumplings,Food Frozen,2,270.0,0.0,540.0
T2025001134,2025-11-06,18:45:00,P0077,Daerim  Vienna Sausage 1Kg,Food Frozen,2,580.0,0.0,1160.0
T2025001135,2025-11-06,11:06:00,P0288,Nongshim Honey Rice Snack,Snacks,6,80.0,0.0,480.0
T2025001135,2025-11-06,11:06:00,P0289,Crown Corn Chips,Snacks,9,80.0,0.0,720.0
T2025001135,2025-11-06,11:06:00,P0276,Orion Sun Chips Korean BBQ,Snacks,10,90.0,0.0,900.0
T2025001136,2025-11-06,09:48:00,P0143,Nongshim Welchs Grape 355mL,Liquor/Beverage,1,60.0,0.0,60.0
T2025001136,2025-11-06,09:48:00,P0124,Terra Lager Beer 500mL,Liquor/Beverage,3,170.0,0.0,510.0
T2025001136,2025-11-06,09:48:00,P0138,Kirin Ichiban Beer 330mL,Liquor/Beverage,5,68.0,0.0,340.0
T2025001136,2025-11-06,09:48:00,P0121,Lotte Chum Churum Soju,Liquor/Beverage,6,175.0,0.0,1050.0
T2025001136,2025-11-06,09:48:00,P0149,Binggrae Mango Milk,Liquor/Beverage,9,45.0,0.0,405.0
T2025001136,2025-11-06,09:48:00,P0128,Chamiseul Fresh 360mL,Liquor/Beverage,2,120.0,0.0,240.0
T2025001137,2025-11-06,08:03:00,P0227,CJ Beksul Beef Bulgogi Sauce 290g,Seasoned/Sauce/Powder,1,150.0,0.0,150.0
T2025001137,2025-11-06,08:03:00,P0224,Seasoned Seaweed 200g,Seasoned/Sauce/Powder,6,190.0,0.0,1140.0
T2025001137,2025-11-06,08:03:00,P0234,CJ Beksul Spicy Pork Sauce 290g,Seasoned/Sauce/Powder,3,130.0,0.0,390.0
T2025001137,2025-11-06,08:03:00,P0236,CJ  Soybean Paste 500g,Seasoned/Sauce/Powder,1,123.0,0.0,123.0
T2025001138,2025-11-06,19:43:00,P0098,Daerim  Crabstick 216g,Food Frozen,3,98.0,0.0,294.0
T2025001138,2025-11-06,19:43:00,P0076,CJ  Crispy Hotdog,Food Frozen,2,640.0,0.0,1280.0
T2025001138,2025-11-06,19:43:00,P0079,Daerim  Kimbab Ham 1Kg,Food Frozen,10,480.0,0.0,4800.0
T2025001139,2025-11-06,20:41:00,P0164,Samyang Buldak 4 Cheese 145g,Noodles,10,88.0,0.0,880.0
T2025001139,2025-11-06,20:41:00,P0208,Ottogi Jin Ramen Mild,Noodles,3,40.0,0.0,120.0
T2025001139,2025-11-06,20:41:00,P0196,Paldo Cheese Ramen,Noodles,7,55.0,0.0,385.0
T2025001139,2025-11-06,20:41:00,P0183,Samyang Kimchi Ramen Bowl,Noodles,5,65.0,0.0,325.0
T2025001139,2025-11-06,20:41:00,P0179,Ottogi Ramen Bokki Cup,Noodles,2,69.0,0.0,138.0
T2025001140,2025-11-06,08:15:00,P0002,Ottogi Gold Mayonnaise 500g,Condiments,3,235.0,0.0,705.0
T2025001141,2025-11-06,10:20:00,P0146,Binggrae Yogurt Drink,Liquor/Beverage,3,55.0,0.0,165.0
T2025001142,2025-11-06,12:01:00,P0290,Doritos Galbi Chicken,Snacks,10,77.0,0.0,770.0
T2025001142,2025-11-06,12:01:00,P0280,Nongshim Potato Sticks,Snacks,5,85.0,0.0,425.0
T2025001142,2025-11-06,12:01:00,P0254,Honey Roasted Peanuts,Snacks,5,165.0,0.0,825.0
T2025001142,2025-11-06,12:01:00,P0257,Lotte Almond Chocolate,Snacks,3,130.0,0.0,390.0
T2025001142,2025-11-06,12:01:00,P0265,Orion Almond Candy,Snacks,5,110.0,0.0,550.0
T2025001142,2025-11-06,12:01:00,P0272,Haitai  Sunkist Candy 125g,Snacks,3,95.0,0.0,285.0
T2025001143,2025-11-06,14:26:00,P0125,Jinro Fresh Soju,Liquor/Beverage,6,170.0,0.0,1020.0
T2025001143,2025-11-06,14:26:00,P0123,Cass Cold Brewed Beer 500mL,Liquor/Beverage,6,170.0,0.0,1020.0
T2025001144,2025-11-06,09:53:00,P0299,Lotte Xylitol Green Gum,Snacks,7,55.0,0.2,308.0
T2025001144,2025-11-06,09:53:00,P0258,Orion Custard Choco Cake,Snacks,1,130.0,0.0,130.0
T2025001144,2025-11-06,09:53:00,P0262,Orion Custard Pineapple,Snacks,8,120.0,0.25,720.0
T2025001145,2025-11-06,08:10:00,P0231,O'Food Bulgogi Marinade,Seasoned/Sauce/Powder,5,145.0,0.0,725.0
T2025001145,2025-11-06,08:10:00,P0221,CJ  Gochujang 500g,Seasoned/Sauce/Powder,2,220.0,0.05,418.0
T2025001146,2025-11-06,14:00:00,P0178,Samyang Mala Buldak,Noodles,1,70.0,0.0,70.0
T2025001147,2025-11-06,20:01:00,P0266,Bibigo Seaweed Crisps,Snacks,10,110.0,0.0,1100.0
T2025001147,2025-11-06,20:01:00,P0244,Wasabi Almond 190g,Snacks,8,440.0,0.0,3520.0
T2025001147,2025-11-06,20:01:00,P0248,Choco Pie Black Sugar 12Pcs,Snacks,5,200.0,0.0,1000.0
T2025001148,2025-11-06,10:34:00,P0175,Samyang Jjajang Hot Chicken,Noodles,1,75.0,0.0,75.0
T2025001149,2025-11-06,18:24:00,P0065,Sempio Spicy Stir-Fried Dried Squid,Food Fresh/Meat/Sidedish,10,175.0,0.25,1312.5
T2025001149,2025-11-06,18:24:00,P0056,Us Beef Strips 500g,Food Fresh/Meat/Sidedish,4,375.0,0.0,1500.0
T2025001149,2025-11-06,18:24:00,P0049,Our Home Kimchi 1Kg,Food Fresh/Meat/Sidedish,4,320.5,0.0,1282.0
T2025001149,2025-11-06,18:24:00,P0071,Kongsarang Firm Tofu,Food Fresh/Meat/Sidedish,10,65.0,0.05,617.5
T2025001149,2025-11-06,18:24:00,P0073,Perilla Leaves 2Packs,Food Fresh/Meat/Sidedish,2,40.0,0.25,60.0
T2025001150,2025-11-06,16:05:00,P0244,Wasabi Almond 190g,Snacks,5,440.0,0.0,2200.0
T2025001150,2025-11-06,16:05:00,P0300,Can Choco Balls,Snacks,4,45.0,0.25,135.0
T2025001150,2025-11-06,16:05:00,P0272,Haitai  Sunkist Candy 125g,Snacks,8,95.0,0.0,760.0
T2025001150,2025-11-06,16:05:00,P0299,Lotte Xylitol Green Gum,Snacks,2,55.0,0.0,110.0
T2025001150,2025-11-06,16:05:00,P0274,Haitai Matdongsan,Snacks,3,95.0,0.0,285.0
T2025001151,2025-11-06,13:16:00,P0230,CJ Beksul Pancake Sauce,Seasoned/Sauce/Powder,10,145.0,0.0,1450.0
T2025001151,2025-11-06,13:16:00,P0238,Ottogi Curry Mild,Seasoned/Sauce/Powder,3,115.0,0.0,345.0
T2025001151,2025-11-06,13:16:00,P0227,CJ Beksul Beef Bulgogi Sauce 290g,Seasoned/Sauce/Powder,6,150.0,0.0,900.0
T2025001151,2025-11-06,13:16:00,P0213,Sempio Yondu 500mL,Seasoned/Sauce/Powder,7,345.0,0.0,2415.0
T2025001152,2025-11-06,11:02:00,P0132,Sunhari Strawberry 360mL,Liquor/Beverage,10,120.0,0.0,1200.0
T2025001152,2025-11-06,11:02:00,P0137,Hite Beer Can,Liquor/Beverage,10,80.0,0.0,800.0
T2025001152,2025-11-06,11:02:00,P0121,Lotte Chum Churum Soju,Liquor/Beverage,1,175.0,0.0,175.0
T2025001152,2025-11-06,11:02:00,P0120,Aloe Vera Juice 1.5L,Liquor/Beverage,5,175.0,0.0,875.0
T2025001152,2025-11-06,11:02:00,P0118,Brown Rice Green Tea 50Pcs,Liquor/Beverage,10,257.0,0.0,2570.0
T2025001152,2025-11-06,11:02:00,P0145,Binggrae Melon Soda,Liquor/Beverage,2,60.0,0.0,120.0
T2025001153,2025-11-06,21:22:00,P0112,Teazen Diet Tea Berry 10 Sticks,Liquor/Beverage,4,290.0,0.0,1160.0
T2025001153,2025-11-06,21:22:00,P0140,Woongjin Yogurt Peach 340mL,Liquor/Beverage,10,60.0,0.0,600.0
T2025001153,2025-11-06,21:22:00,P0109,(꽃샘) Concentrated Flavored Drink 600g,Liquor/Beverage,4,370.0,0.0,1480.0
T2025001154,2025-11-06,20:12:00,P0082,Daerim  Crab Sticks 1Kg,Food Frozen,7,350.0,0.0,2450.0
T2025001155,2025-11-06,08:58:00,P0008,Ottogi Corn Syrup,Condiments,7,98.0,0.0,686.0
T2025001155,2025-11-06,08:58:00,P0003,Sempio Sesame Oil,Condiments,9,185.0,0.0,1665.0
T2025001155,2025-11-06,08:58:00,P0006,Chung Jung One Soy Sauce,Condiments,7,140.0,0.0,980.0
T2025001155,2025-11-06,08:58:00,P0007,Samyang Spicy Mayo,Condiments,5,130.0,0.0,650.0
T2025001156,2025-11-06,13:09:00,P0096,Daerim  Vienna Sausage 170g,Food Frozen,10,145.0,0.0,1450.0
T2025001156,2025-11-06,13:09:00,P0101,Daerim  Fish Cake Stick,Food Frozen,9,77.0,0.0,693.0
T2025001156,2025-11-06,13:09:00,P0100,Binggrae Ice Cream Sandwich,Food Frozen,6,80.0,0.15,408.0
T2025001156,2025-11-06,13:09:00,P0098,Daerim  Crabstick 216g,Food Frozen,8,98.0,0.0,784.0
T2025001156,2025-11-06,13:09:00,P0094,MWC Frank Sausage 5Pcs,Food Frozen,2,173.0,0.0,346.0
T2025001156,2025-11-06,13:09:00,P0078,Spanish Mackerel 340g,Food Frozen,7,500.0,0.1,3150.0
T2025001157,2025-11-06,10:28:00,P0019,Haepyo Crispy Seaweed 9Pcs,Dry Food,9,188.0,0.0,1692.0
T2025001157,2025-11-06,10:28:00,P0040,Ottogi Sweet Corn 340g,Dry Food,8,95.0,0.0,760.0
T2025001157,2025-11-06,10:28:00,P0037,Ottogi Cup Spaghetti,Dry Food,8,110.0,0.0,880.0
T2025001158,2025-11-06,17:56:00,P0243,CJ  Ssamjang 170g,Seasoned/Sauce/Powder,10,88.0,0.0,880.0
T2025001158,2025-11-06,17:56:00,P0228,Sempio Gochujang (500g),Seasoned/Sauce/Powder,8,145.0,0.0,1160.0
T2025001158,2025-11-06,17:56:00,P0221,CJ  Gochujang 500g,Seasoned/Sauce/Powder,9,220.0,0.0,1980.0
T2025001159,2025-11-06,19:50:00,P0095,Samlip Fish Cake Sheets,Food Frozen,9,150.0,0.0,1350.0
T2025001159,2025-11-06,19:50:00,P0094,MWC Frank Sausage 5Pcs,Food Frozen,9,173.0,0.0,1557.0
T2025001159,2025-11-06,19:50:00,P0090,Nongmin Rice Cake 1Kg,Food Frozen,6,220.0,0.0,1320.0
T2025001159,2025-11-06,19:50:00,P0099,Daerim  Chaw Spicy Stick 90g,Food Frozen,2,80.0,0.0,160.0
T2025001159,2025-11-06,19:50:00,P0091,CJ Bibigo Japchae,Food Frozen,4,220.0,0.0,880.0
T2025001159,2025-11-06,19:50:00,P0100,Binggrae Ice Cream Sandwich,Food Frozen,2,80.0,0.0,160.0
T2025001160,2025-11-06,12:59:00,P0226,CJ Beksul Sweet Korean Pancake Mix 400g,Seasoned/Sauce/Powder,5,155.0,0.0,775.0
T2025001160,2025-11-06,12:59:00,P0217,Ottogi Roasted Sesame Seeds 200g,Seasoned/Sauce/Powder,9,255.0,0.0,2295.0
T2025001161,2025-11-06,19:10:00,P0053,Shine Spicy Pork Bulgogi Pack,Food Fresh/Meat/Sidedish,1,500.0,0.0,500.0
T2025001161,2025-11-06,19:10:00,P0065,Sempio Spicy Stir-Fried Dried Squid,Food Fresh/Meat/Sidedish,3,175.0,0.0,525.0
T2025001162,2025-11-06,17:19:00,P0052,Shine Beef Bulgogi Pack,Food Fresh/Meat/Sidedish,4,550.0,0.0,2200.0
T2025001162,2025-11-06,17:19:00,P0061,Dried Anchovy Medium 100g,Food Fresh/Meat/Sidedish,2,240.0,0.0,480.0
T2025001162,2025-11-06,17:19:00,P0057,Jongga Pogi Kimchi 500g,Food Fresh/Meat/Sidedish,10,315.0,0.0,3150.0
T2025001162,2025-11-06,17:19:00,P0065,Sempio Spicy Stir-Fried Dried Squid,Food Fresh/Meat/Sidedish,1,175.0,0.0,175.0
T2025001162,2025-11-06,17:19:00,P0055,Beef Enoki Roll 500g,Food Fresh/Meat/Sidedish,8,410.0,0.0,3280.0
T2025001162,2025-11-06,17:19:00,P0054,Chadolbagi Wagyu 500g,Food Fresh/Meat/Sidedish,1,475.0,0.0,475.0
T2025001163,2025-11-06,13:05:00,P0098,Daerim  Crabstick 216g,Food Frozen,4,98.0,0.0,392.0
T2025001163,2025-11-06,13:05:00,P0099,Daerim  Chaw Spicy Stick 90g,Food Frozen,2,80.0,0.0,160.0
T2025001163,2025-11-06,13:05:00,P0084,Assi Vegetable Dumplings 675g,Food Frozen,9,285.0,0.0,2565.0
T2025001164,2025-11-06,16:19:00,P0274,Haitai Matdongsan,Snacks,1,95.0,0.0,95.0
T2025001164,2025-11-06,16:19:00,P0257,Lotte Almond Chocolate,Snacks,5,130.0,0.0,650.0
T2025001164,2025-11-06,16:19:00,P0266,Bibigo Seaweed Crisps,Snacks,1,110.0,0.0,110.0
T2025001164,2025-11-06,16:19:00,P0288,Nongshim Honey Rice Snack,Snacks,8,80.0,0.0,640.0
T2025001164,2025-11-06,16:19:00,P0292,Orion Goraebab Crackers,Snacks,6,75.0,0.0,450.0
T2025001164,2025-11-06,16:19:00,P0290,Doritos Galbi Chicken,Snacks,1,77.0,0.0,77.0
T2025001165,2025-11-06,10:24:00,P0052,Shine Beef Bulgogi Pack,Food Fresh/Meat/Sidedish,4,550.0,0.0,2200.0
T2025001165,2025-11-06,10:24:00,P0050,Boneless Rib Eye 250g,Food Fresh/Meat/Sidedish,10,750.0,0.25,5625.0
T2025001166,2025-11-06,18:30:00,P0052,Shine Beef Bulgogi Pack,Food Fresh/Meat/Sidedish,8,550.0,0.15,3740.0
T2025001167,2025-11-06,19:06:00,P0291,Crown Sando Biscuit,Snacks,3,75.0,0.0,225.0
T2025001167,2025-11-06,19:06:00,P0294,Pepero Strawberry,Snacks,3,55.0,0.0,165.0
T2025001168,2025-11-06,09:26:00,P0001,Ottogi Sesame Oil 500mL,Condiments,2,590.5,0.0,1181.0
T2025001168,2025-11-06,09:26:00,P0002,Ottogi Gold Mayonnaise 500g,Condiments,2,235.0,0.0,470.0
T2025001168,2025-11-06,09:26:00,P0007,Samyang Spicy Mayo,Condiments,8,130.0,0.0,1040.0
T2025001168,2025-11-06,09:26:00,P0004,O'Food Korean Chili Oil,Condiments,10,160.0,0.0,1600.0
T2025001169,2025-11-06,20:44:00,P0065,Sempio Spicy Stir-Fried Dried Squid,Food Fresh/Meat/Sidedish,7,175.0,0.0,1225.0
T2025001169,2025-11-06,20:44:00,P0056,Us Beef Strips 500g,Food Fresh/Meat/Sidedish,3,375.0,0.0,1125.0
T2025001169,2025-11-06,20:44:00,P0055,Beef Enoki Roll 500g,Food Fresh/Meat/Sidedish,9,410.0,0.0,3690.0
T2025001169,2025-11-06,20:44:00,P0071,Kongsarang Firm Tofu,Food Fresh/Meat/Sidedish,9,65.0,0.0,585.0
T2025001170,2025-11-06,19:51:00,P0024,O'Food Kimchi Soup Mix,Dry Food,3,150.0,0.0,450.0
T2025001170,2025-11-06,19:51:00,P0039,Ottogi 3Mins Curry,Dry Food,3,99.0,0.0,297.0
T2025001170,2025-11-06,19:51:00,P0014,Bibigo Beef Seaweed Soup,Dry Food,8,264.0,0.05,2006.4
T2025001170,2025-11-06,19:51:00,P0010,Daerim  Big Smoke Ham 1Kg,Dry Food,3,480.0,0.0,1440.0
T2025001170,2025-11-06,19:51:00,P0034,CJ  Cooked Rice,Dry Food,1,116.0,0.0,116.0
T2025001170,2025-11-06,19:51:00,P0035,CJ  Multi-Grains Cooked Rice 210g,Dry Food,4,110.0,0.0,440.0
T2025001171,2025-11-06,12:09:00,P0204,Ottogi Cup Ramen Kimchi,Noodles,2,50.0,0.0,100.0
T2025001171,2025-11-06,12:09:00,P0208,Ottogi Jin Ramen Mild,Noodles,3,40.0,0.1,108.0
T2025001171,2025-11-06,12:09:00,P0174,Ottogi Cheese Bokki Cup,Noodles,5,75.0,0.0,375.0
T2025001172,2025-11-06,08:59:00,P0092,Daerim  Crab Stick 500g,Food Frozen,3,210.0,0.0,630.0
T2025001172,2025-11-06,08:59:00,P0084,Assi Vegetable Dumplings 675g,Food Frozen,3,285.0,0.0,855.0
T2025001172,2025-11-06,08:59:00,P0074,Bibigo Fried Dumplings 450g,Food Frozen,4,740.0,0.05,2812.0
T2025001172,2025-11-06,08:59:00,P0088,Dongwon  Real Crabs 144g ,Food Frozen,10,259.0,0.0,2590.0
T2025001172,2025-11-06,08:59:00,P0086,CJ Bibigo Gyoza Dumplings,Food Frozen,1,270.0,0.0,270.0
T2025001173,2025-11-06,12:57:00,P0026,Yopokki Sweet & Spicy 280g,Dry Food,4,145.0,0.0,580.0
T2025001173,2025-11-06,12:57:00,P0035,CJ  Multi-Grains Cooked Rice 210g,Dry Food,10,110.0,0.0,1100.0
T2025001173,2025-11-06,12:57:00,P0016,Dongwon  Vegetable Tuna Can 150g 2Pcs,Dry Food,6,235.0,0.0,1410.0
T2025001173,2025-11-06,12:57:00,P0014,Bibigo Beef Seaweed Soup,Dry Food,1,264.0,0.0,264.0
T2025001174,2025-11-06,11:57:00,P0217,Ottogi Roasted Sesame Seeds 200g,Seasoned/Sauce/Powder,10,255.0,0.0,2550.0
T2025001174,2025-11-06,11:57:00,P0226,CJ Beksul Sweet Korean Pancake Mix 400g,Seasoned/Sauce/Powder,2,155.0,0.0,310.0
T2025001174,2025-11-06,11:57:00,P0233,O'Food Korean Fried Chicken Sauce,Seasoned/Sauce/Powder,1,135.0,0.0,135.0
T2025001174,2025-11-06,11:57:00,P0242,CJ  Gochujang 200g,Seasoned/Sauce/Powder,9,100.0,0.0,900.0
T2025001174,2025-11-06,11:57:00,P0223,Jin Soy Sauce For Soup 860mL,Seasoned/Sauce/Powder,2,205.0,0.0,410.0
T2025001175,2025-11-06,09:01:00,P0080,Samyang Buldak Original Spicy Mandu 700g,Food Frozen,1,410.0,0.0,410.0
T2025001175,2025-11-06,09:01:00,P0077,Daerim  Vienna Sausage 1Kg,Food Frozen,3,580.0,0.0,1740.0
T2025001175,2025-11-06,09:01:00,P0085,Bibigo Bulgogi Mandu,Food Frozen,7,280.0,0.0,1960.0
T2025001176,2025-11-06,17:43:00,P0128,Chamiseul Fresh 360mL,Liquor/Beverage,10,120.0,0.25,900.0
T2025001176,2025-11-06,17:43:00,P0116,Maxim Mocha Gold Coffee Mix 20Pcs,Liquor/Beverage,6,275.0,0.0,1650.0
T2025001177,2025-11-06,14:02:00,P0005,Ottogi Gold Mayonnaise 300g,Condiments,6,150.0,0.0,900.0
T2025001177,2025-11-06,14:02:00,P0007,Samyang Spicy Mayo,Condiments,4,130.0,0.0,520.0
T2025001177,2025-11-06,14:02:00,P0001,Ottogi Sesame Oil 500mL,Condiments,5,590.5,0.0,2952.5
T2025001178,2025-11-06,18:47:00,P0279,Orion O! Karto Sweet Corn,Snacks,4,88.0,0.0,352.0
T2025001178,2025-11-06,18:47:00,P0267,Lotte Pepero White Cookie,Snacks,10,110.0,0.0,1100.0
T2025001178,2025-11-06,18:47:00,P0299,Lotte Xylitol Green Gum,Snacks,8,55.0,0.0,440.0
T2025001178,2025-11-06,18:47:00,P0284,Kkokal Sweet Corn Snack,Snacks,5,80.0,0.0,400.0
T2025001178,2025-11-06,18:47:00,P0258,Orion Custard Choco Cake,Snacks,4,130.0,0.0,520.0
T2025001178,2025-11-06,18:47:00,P0286,Crown Caramel Maple Corn,Snacks,9,80.0,0.0,720.0
T2025001179,2025-11-06,20:34:00,P0023,Dongwon  Luncheon Meat 340g,Dry Food,6,155.0,0.0,930.0
T2025001179,2025-11-06,20:34:00,P0038,(Kaya) Korean Rice 1Kg,Dry Food,1,100.0,0.0,100.0
T2025001179,2025-11-06,20:34:00,P0018,(Kaya) Korean Rice 1.5Kg,Dry Food,1,190.0,0.0,190.0
T2025001179,2025-11-06,20:34:00,P0011,CJ  Cooked Rice Plain 210g,Dry Food,4,365.0,0.0,1460.0
T2025001180,2025-11-06,10:21:00,P0252,Lotte Banana Choco Pie 12Pcs,Snacks,7,180.0,0.0,1260.0
T2025001180,2025-11-06,10:21:00,P0287,Nongshim Banana Kick 75g,Snacks,10,80.0,0.0,800.0
T2025001180,2025-11-06,10:21:00,P0289,Crown Corn Chips,Snacks,6,80.0,0.0,480.0
T2025001180,2025-11-06,10:21:00,P0273,Haitai  Plumcandy 130g,Snacks,6,95.0,0.0,570.0
T2025001180,2025-11-06,10:21:00,P0255,Bibigo Crispy Seaweed Snack,Snacks,3,140.0,0.2,336.0
T2025001180,2025-11-06,10:21:00,P0268,Samlip Walnut Pie,Snacks,2,110.0,0.0,220.0
T2025001181,2025-11-06,13:18:00,P0152,Samyang Buldak Original Cup,Noodles,2,110.0,0.0,220.0
T2025001181,2025-11-06,13:18:00,P0188,Nagasaki Jjampong,Noodles,7,60.0,0.0,420.0
T2025001181,2025-11-06,13:18:00,P0201,Sewoo Tang Small Cup,Noodles,3,50.0,0.0,150.0
T2025001181,2025-11-06,13:18:00,P0196,Paldo Cheese Ramen,Noodles,6,55.0,0.0,330.0
T2025001182,2025-11-06,10:45:00,P0149,Binggrae Mango Milk,Liquor/Beverage,9,45.0,0.0,405.0
T2025001182,2025-11-06,10:45:00,P0110,Mitte Hot Choco Original 300g,Liquor/Beverage,3,370.0,0.0,1110.0
T2025001182,2025-11-06,10:45:00,P0107,Ottogi Honey Ginger Tea 1Kg,Liquor/Beverage,1,530.0,0.0,530.0
T2025001182,2025-11-06,10:45:00,P0114,Banana Milk 200mL 6Pcs,Liquor/Beverage,1,290.0,0.0,290.0
T2025001183,2025-11-06,12:40:00,P0126,Woongjin Yogurt Pineapple 1.5L,Liquor/Beverage,1,135.0,0.2,108.0
T2025001183,2025-11-06,12:40:00,P0113,Binggre Melon Milk 200mL 6Pcs,Liquor/Beverage,8,290.0,0.0,2320.0
T2025001184,2025-11-06,18:58:00,P0004,O'Food Korean Chili Oil,Condiments,9,160.0,0.0,1440.0
T2025001184,2025-11-06,18:58:00,P0002,Ottogi Gold Mayonnaise 500g,Condiments,2,235.0,0.05,446.5
T2025001184,2025-11-06,18:58:00,P0003,Sempio Sesame Oil,Condiments,10,185.0,0.0,1850.0
T2025001184,2025-11-06,18:58:00,P0008,Ottogi Corn Syrup,Condiments,6,98.0,0.1,529.2
T2025001185,2025-11-06,21:38:00,P0007,Samyang Spicy Mayo,Condiments,9,130.0,0.0,1170.0
T2025001185,2025-11-06,21:38:00,P0001,Ottogi Sesame Oil 500mL,Condiments,9,590.5,0.0,5314.5
T2025001186,2025-11-06,12:03:00,P0102,MWC Tteok Galbi Bar,Food Frozen,8,75.0,0.0,600.0
T2025001186,2025-11-06,12:03:00,P0092,Daerim  Crab Stick 500g,Food Frozen,9,210.0,0.0,1890.0
T2025001186,2025-11-06,12:03:00,P0087,Bibigo Crispy Seaweed Roll,Food Frozen,9,260.0,0.0,2340.0
T2025001186,2025-11-06,12:03:00,P0088,Dongwon  Real Crabs 144g ,Food Frozen,3,259.0,0.0,777.0
T2025001187,2025-11-06,16:39:00,P0240,Ottogi Spaghetti Sauce,Seasoned/Sauce/Powder,8,115.0,0.2,736.0
T2025001187,2025-11-06,16:39:00,P0212,Beef Dasida (Soup Stock) 1Kg,Seasoned/Sauce/Powder,5,550.0,0.0,2750.0
T2025001187,2025-11-06,16:39:00,P0237,O'Food Tteokbokki Sauce,Seasoned/Sauce/Powder,2,120.0,0.0,240.0
T2025001188,2025-11-06,20:34:00,P0240,Ottogi Spaghetti Sauce,Seasoned/Sauce/Powder,6,115.0,0.0,690.0
T2025001188,2025-11-06,20:34:00,P0220,CJ  Tteokbokki Sauce 150G 2Pcs,Seasoned/Sauce/Powder,2,235.0,0.0,470.0
T2025001188,2025-11-06,20:34:00,P0243,CJ  Ssamjang 170g,Seasoned/Sauce/Powder,5,88.0,0.0,440.0
T2025001188,2025-11-06,20:34:00,P0228,Sempio Gochujang (500g),Seasoned/Sauce/Powder,4,145.0,0.1,522.0
T2025001188,2025-11-06,20:34:00,P0218,CJ Beksul Beef Bulgogi Sauce 500g,Seasoned/Sauce/Powder,2,250.0,0.0,500.0
T2025001188,2025-11-06,20:34:00,P0241,CJ Anchovy Sauce 500g,Seasoned/Sauce/Powder,6,105.0,0.0,630.0
T2025001189,2025-11-06,09:04:00,P0078,Spanish Mackerel 340g,Food Frozen,8,500.0,0.05,3800.0
T2025001190,2025-11-06,10:00:00,P0091,CJ Bibigo Japchae,Food Frozen,8,220.0,0.0,1760.0
T2025001190,2025-11-06,10:00:00,P0098,Daerim  Crabstick 216g,Food Frozen,1,98.0,0.0,98.0
T2025001190,2025-11-06,10:00:00,P0099,Daerim  Chaw Spicy Stick 90g,Food Frozen,2,80.0,0.0,160.0
T2025001190,2025-11-06,10:00:00,P0077,Daerim  Vienna Sausage 1Kg,Food Frozen,8,580.0,0.0,4640.0
T2025001190,2025-11-06,10:00:00,P0094,MWC Frank Sausage 5Pcs,Food Frozen,3,173.0,0.0,519.0
T2025001191,2025-11-06,08:05:00,P0097,Daerim  Cheese Vienna Sausage 105g,Food Frozen,9,120.0,0.0,1080.0
T2025001191,2025-11-06,08:05:00,P0091,CJ Bibigo Japchae,Food Frozen,3,220.0,0.0,660.0
T2025001192,2025-11-06,13:41:00,P0002,Ottogi Gold Mayonnaise 500g,Condiments,7,235.0,0.0,1645.0
T2025001192,2025-11-06,13:41:00,P0003,Sempio Sesame Oil,Condiments,4,185.0,0.0,740.0
T2025001192,2025-11-06,13:41:00,P0006,Chung Jung One Soy Sauce,Condiments,7,140.0,0.0,980.0
T2025001193,2025-11-06,11:16:00,P0019,Haepyo Crispy Seaweed 9Pcs,Dry Food,10,188.0,0.0,1880.0
T2025001193,2025-11-06,11:16:00,P0032,Samlip Mini Kimbap,Dry Food,8,120.0,0.0,960.0
T2025001193,2025-11-06,11:16:00,P0011,CJ  Cooked Rice Plain 210g,Dry Food,7,365.0,0.0,2555.0
T2025001193,2025-11-06,11:16:00,P0038,(Kaya) Korean Rice 1Kg,Dry Food,10,100.0,0.0,1000.0
T2025001193,2025-11-06,11:16:00,P0040,Ottogi Sweet Corn 340g,Dry Food,1,95.0,0.0,95.0
T2025001194,2025-11-06,10:40:00,P0070,Skinless Garlic 150G,Food Fresh/Meat/Sidedish,6,65.0,0.0,390.0
T2025001195,2025-11-06,12:46:00,P0104,Pepero Original,Food Frozen,9,55.0,0.0,495.0
T2025001195,2025-11-06,12:46:00,P0080,Samyang Buldak Original Spicy Mandu 700g,Food Frozen,3,410.0,0.05,1168.5
T2025001195,2025-11-06,12:46:00,P0081,Assi Shrimp Wanton 600g,Food Frozen,2,400.0,0.0,800.0
T2025001195,2025-11-06,12:46:00,P0092,Daerim  Crab Stick 500g,Food Frozen,3,210.0,0.05,598.5
T2025001196,2025-11-06,12:44:00,P0089,Jongga Rice Cake 1Kg,Food Frozen,7,230.0,0.0,1610.0
T2025001196,2025-11-06,12:44:00,P0086,CJ Bibigo Gyoza Dumplings,Food Frozen,8,270.0,0.0,2160.0
T2025001196,2025-11-06,12:44:00,P0080,Samyang Buldak Original Spicy Mandu 700g,Food Frozen,9,410.0,0.0,3690.0
T2025001197,2025-11-06,18:19:00,P0061,Dried Anchovy Medium 100g,Food Fresh/Meat/Sidedish,9,240.0,0.0,2160.0
T2025001197,2025-11-06,18:19:00,P0055,Beef Enoki Roll 500g,Food Fresh/Meat/Sidedish,6,410.0,0.0,2460.0
T2025001197,2025-11-06,18:19:00,P0057,Jongga Pogi Kimchi 500g,Food Fresh/Meat/Sidedish,1,315.0,0.05,299.25
T2025001197,2025-11-06,18:19:00,P0062,Dried Anchovy Small 100g,Food Fresh/Meat/Sidedish,10,240.0,0.0,2400.0
T2025001198,2025-11-06,16:34:00,P0243,CJ  Ssamjang 170g,Seasoned/Sauce/Powder,9,88.0,0.0,792.0
T2025001198,2025-11-06,16:34:00,P0212,Beef Dasida (Soup Stock) 1Kg,Seasoned/Sauce/Powder,10,550.0,0.0,5500.0
T2025001198,2025-11-06,16:34:00,P0231,O'Food Bulgogi Marinade,Seasoned/Sauce/Powder,2,145.0,0.15,246.5
T2025001198,2025-11-06,16:34:00,P0227,CJ Beksul Beef Bulgogi Sauce 290g,Seasoned/Sauce/Powder,9,150.0,0.0,1350.0
T2025001198,2025-11-06,16:34:00,P0223,Jin Soy Sauce For Soup 860mL,Seasoned/Sauce/Powder,9,205.0,0.05,1752.75
T2025001198,2025-11-06,16:34:00,P0242,CJ  Gochujang 200g,Seasoned/Sauce/Powder,9,100.0,0.0,900.0
T2025001199,2025-11-06,18:37:00,P0283,Orion Ogingo Ttangkong,Snacks,3,83.0,0.0,249.0
T2025001199,2025-11-06,18:37:00,P0288,Nongshim Honey Rice Snack,Snacks,2,80.0,0.0,160.0
T2025001200,2025-11-06,18:30:00,P0090,Nongmin Rice Cake 1Kg,Food Frozen,8,220.0,0.0,1760.0
T2025001200,2025-11-06,18:30:00,P0089,Jongga Rice Cake 1Kg,Food Frozen,4,230.0,0.0,920.0
T2025001200,2025-11-06,18:30:00,P0081,Assi Shrimp Wanton 600g,Food Frozen,7,400.0,0.0,2800.0
T2025001200,2025-11-06,18:30:00,P0103,Daerim  Chaw Stick 100g,Food Frozen,9,73.0,0.0,657.0
T2025001201,2025-11-06,13:25:00,P0166,Samyang Buldak Original,Noodles,9,88.0,0.0,792.0
T2025001202,2025-11-06,11:28:00,P0027,Yopokki Cheese 240g,Dry Food,9,145.0,0.0,1305.0
T2025001202,2025-11-06,11:28:00,P0020,CJ Beksul Hotteok Mix,Dry Food,8,185.0,0.25,1110.0
T2025001202,2025-11-06,11:28:00,P0047,Dongwon Spicy Tuna,Dry Food,4,80.0,0.0,320.0
T2025001202,2025-11-06,11:28:00,P0018,(Kaya) Korean Rice 1.5Kg,Dry Food,1,190.0,0.0,190.0
T2025001203,2025-11-06,11:16:00,P0021,Bibigo Kimbab Kim 10Sheets,Dry Food,6,161.0,0.0,966.0
T2025001203,2025-11-06,11:16:00,P0035,CJ  Multi-Grains Cooked Rice 210g,Dry Food,6,110.0,0.0,660.0
T2025001203,2025-11-06,11:16:00,P0044,Ottogi Vegetable Soup 80g,Dry Food,3,90.0,0.0,270.0
T2025001203,2025-11-06,11:16:00,P0020,CJ Beksul Hotteok Mix,Dry Food,5,185.0,0.2,740.0
T2025001204,2025-11-06,17:27:00,P0148,Binggrae Strawberry Milk,Liquor/Beverage,6,45.0,0.0,270.0
T2025001204,2025-11-06,17:27:00,P0127,Lets Be Mild Coffee Can 4Pcs,Liquor/Beverage,3,128.0,0.0,384.0
T2025001204,2025-11-06,17:27:00,P0132,Sunhari Strawberry 360mL,Liquor/Beverage,4,120.0,0.0,480.0
T2025001204,2025-11-06,17:27:00,P0114,Banana Milk 200mL 6Pcs,Liquor/Beverage,6,290.0,0.0,1740.0
T2025001205,2025-11-06,17:21:00,P0115,Strawberry Milk 200mL 6Pcs,Liquor/Beverage,6,290.0,0.15,1479.0
T2025001205,2025-11-06,17:21:00,P0127,Lets Be Mild Coffee Can 4Pcs,Liquor/Beverage,3,128.0,0.0,384.0
T2025001206,2025-11-06,08:33:00,P0009,CJ Beksul Corn Syrup,Condiments,1,95.0,0.0,95.0
T2025001206,2025-11-06,08:33:00,P0005,Ottogi Gold Mayonnaise 300g,Condiments,10,150.0,0.0,1500.0
T2025001206,2025-11-06,08:33:00,P0006,Chung Jung One Soy Sauce,Condiments,1,140.0,0.0,140.0
T2025001206,2025-11-06,08:33:00,P0003,Sempio Sesame Oil,Condiments,5,185.0,0.25,693.75
T2025001206,2025-11-06,08:33:00,P0002,Ottogi Gold Mayonnaise 500g,Condiments,6,235.0,0.0,1410.0
T2025001207,2025-11-06,18:24:00,P0071,Kongsarang Firm Tofu,Food Fresh/Meat/Sidedish,3,65.0,0.0,195.0
T2025001207,2025-11-06,18:24:00,P0073,Perilla Leaves 2Packs,Food Fresh/Meat/Sidedish,5,40.0,0.0,200.0
T2025001207,2025-11-06,18:24:00,P0053,Shine Spicy Pork Bulgogi Pack,Food Fresh/Meat/Sidedish,1,500.0,0.0,500.0
T2025001207,2025-11-06,18:24:00,P0060,Homemade Spring Onion Kimchi 350g,Food Fresh/Meat/Sidedish,3,250.0,0.25,562.5
T2025001208,2025-11-06,21:54:00,P0137,Hite Beer Can,Liquor/Beverage,7,80.0,0.0,560.0
T2025001208,2025-11-06,21:54:00,P0143,Nongshim Welchs Grape 355mL,Liquor/Beverage,9,60.0,0.0,540.0
T2025001208,2025-11-06,21:54:00,P0132,Sunhari Strawberry 360mL,Liquor/Beverage,1,120.0,0.05,114.0
T2025001208,2025-11-06,21:54:00,P0106,Mocha Gold Coffee 100Sticks,Liquor/Beverage,9,1100.0,0.0,9900.0
T2025001208,2025-11-06,21:54:00,P0142,Nongshim Welchs White Grape 355mL,Liquor/Beverage,1,60.0,0.15,51.0
T2025001208,2025-11-06,21:54:00,P0112,Teazen Diet Tea Berry 10 Sticks,Liquor/Beverage,5,290.0,0.0,1450.0
T2025001209,2025-11-06,12:32:00,P0260,Binch Biscuit,Snacks,1,120.0,0.0,120.0
T2025001210,2025-11-06,09:51:00,P0049,Our Home Kimchi 1Kg,Food Fresh/Meat/Sidedish,4,320.5,0.0,1282.0
T2025001210,2025-11-06,09:51:00,P0054,Chadolbagi Wagyu 500g,Food Fresh/Meat/Sidedish,7,475.0,0.0,3325.0
T2025001210,2025-11-06,09:51:00,P0052,Shine Beef Bulgogi Pack,Food Fresh/Meat/Sidedish,8,550.0,0.0,4400.0
T2025001210,2025-11-06,09:51:00,P0059,Pork Belly (Samgyupsal) 500g,Food Fresh/Meat/Sidedish,3,275.0,0.0,825.0
T2025001210,2025-11-06,09:51:00,P0058,Homemade Kimchi 850g,Food Fresh/Meat/Sidedish,3,290.0,0.0,870.0
T2025001211,2025-11-06,18:06:00,P0253,Orion Market O Brownie,Snacks,2,170.0,0.0,340.0
T2025001211,2025-11-06,18:06:00,P0262,Orion Custard Pineapple,Snacks,2,120.0,0.05,228.0
T2025001211,2025-11-06,18:06:00,P0275,Haitai Sweet Potato Snack,Snacks,5,95.0,0.0,475.0
T2025001212,2025-11-06,14:13:00,P0192,Nongshim Soon Veggie Ramen,Noodles,7,58.0,0.0,406.0
T2025001212,2025-11-06,14:13:00,P0195,Ottogi Jin Mild Small Cup,Noodles,2,55.0,0.15,93.5
T2025001212,2025-11-06,14:13:00,P0162,Ottogi Jin Jjampong,Noodles,2,90.0,0.0,180.0
T2025001213,2025-11-06,15:53:00,P0003,Sempio Sesame Oil,Condiments,1,185.0,0.0,185.0
T2025001213,2025-11-06,15:53:00,P0008,Ottogi Corn Syrup,Condiments,7,98.0,0.0,686.0
T2025001214,2025-11-06,17:57:00,P0093,Bibigo Kimchi Fried Rice,Food Frozen,4,190.0,0.0,760.0
T2025001215,2025-11-06,14:35:00,P0240,Ottogi Spaghetti Sauce,Seasoned/Sauce/Powder,1,115.0,0.0,115.0
T2025001215,2025-11-06,14:35:00,P0242,CJ  Gochujang 200g,Seasoned/Sauce/Powder,5,100.0,0.0,500.0
T2025001216,2025-11-06,21:05:00,P0002,Ottogi Gold Mayonnaise 500g,Condiments,9,235.0,0.0,2115.0
T2025001216,2025-11-06,21:05:00,P0006,Chung Jung One Soy Sauce,Condiments,10,140.0,0.0,1400.0
T2025001216,2025-11-06,21:05:00,P0004,O'Food Korean Chili Oil,Condiments,1,160.0,0.0,160.0
T2025001216,2025-11-06,21:05:00,P0009,CJ Beksul Corn Syrup,Condiments,7,95.0,0.0,665.0
T2025001217,2025-11-06,20:22:00,P0066,Imported Kimchi Big Tub 850g,Food Fresh/Meat/Sidedish,3,150.0,0.0,450.0
T2025001217,2025-11-06,20:22:00,P0056,Us Beef Strips 500g,Food Fresh/Meat/Sidedish,6,375.0,0.0,2250.0
T2025001217,2025-11-06,20:22:00,P0061,Dried Anchovy Medium 100g,Food Fresh/Meat/Sidedish,3,240.0,0.0,720.0
T2025001218,2025-11-06,17:22:00,P0073,Perilla Leaves 2Packs,Food Fresh/Meat/Sidedish,9,40.0,0.0,360.0
T2025001218,2025-11-06,17:22:00,P0062,Dried Anchovy Small 100g,Food Fresh/Meat/Sidedish,8,240.0,0.0,1920.0
T2025001218,2025-11-06,17:22:00,P0056,Us Beef Strips 500g,Food Fresh/Meat/Sidedish,9,375.0,0.0,3375.0
T2025001219,2025-11-06,16:51:00,P0281,Haitai Ace Crackers,Snacks,5,85.0,0.0,425.0
T2025001219,2025-11-06,16:51:00,P0248,Choco Pie Black Sugar 12Pcs,Snacks,8,200.0,0.0,1600.0
T2025001219,2025-11-06,16:51:00,P0289,Crown Corn Chips,Snacks,4,80.0,0.0,320.0
T2025001220,2025-11-06,17:04:00,P0207,Ottogi Yeul Ramen 120g,Noodles,4,40.0,0.2,128.0
T2025001220,2025-11-06,17:04:00,P0195,Ottogi Jin Mild Small Cup,Noodles,1,55.0,0.05,52.25
T2025001221,2025-11-06,21:16:00,P0063,Our Home Kimchi 1Kg Jar,Food Fresh/Meat/Sidedish,1,190.0,0.1,171.0
T2025001221,2025-11-06,21:16:00,P0069,Bibigo Beef Bone Soup,Food Fresh/Meat/Sidedish,7,110.0,0.0,770.0
T2025001222,2025-11-06,20:50:00,P0293,Lotte Sand Biscuit,Snacks,4,75.0,0.0,300.0
T2025001222,2025-11-06,20:50:00,P0272,Haitai  Sunkist Candy 125g,Snacks,3,95.0,0.0,285.0
T2025001222,2025-11-06,20:50:00,P0296,Lotte Cereal Choco,Snacks,3,55.0,0.25,123.75
T2025001222,2025-11-06,20:50:00,P0281,Haitai Ace Crackers,Snacks,8,85.0,0.0,680.0
T2025001223,2025-11-06,12:51:00,P0176,Ottogi Cheese Bokki Cup,Noodles,2,72.0,0.0,144.0
T2025001223,2025-11-06,12:51:00,P0197,Nongshim Seafood Ramyun,Noodles,10,52.0,0.15,442.0
T2025001223,2025-11-06,12:51:00,P0156,Nongshim Ramyun King Bowl,Noodles,8,95.0,0.0,760.0
T2025001224,2025-11-06,08:03:00,P0241,CJ Anchovy Sauce 500g,Seasoned/Sauce/Powder,1,105.0,0.0,105.0
T2025001224,2025-11-06,08:03:00,P0227,CJ Beksul Beef Bulgogi Sauce 290g,Seasoned/Sauce/Powder,2,150.0,0.0,300.0
T2025001224,2025-11-06,08:03:00,P0228,Sempio Gochujang (500g),Seasoned/Sauce/Powder,10,145.0,0.0,1450.0
T2025001225,2025-11-06,19:43:00,P0154,Nongshim Jjawang,Noodles,6,100.0,0.0,600.0
T2025001225,2025-11-06,19:43:00,P0190,Nongshim Tempura Udon Cup,Noodles,3,60.0,0.0,180.0
T2025001225,2025-11-06,19:43:00,P0211,Ottogi Jin Ramen Hot,Noodles,3,40.0,0.0,120.0
T2025001225,2025-11-06,19:43:00,P0182,Paldo Ilpoom Jjajang,Noodles,3,65.0,0.0,195.0
T2025001226,2025-11-06,19:48:00,P0287,Nongshim Banana Kick 75g,Snacks,3,80.0,0.0,240.0
T2025001226,2025-11-06,19:48:00,P0282,Orion Choco Boy,Snacks,3,85.0,0.0,255.0
T2025001227,2025-11-06,19:51:00,P0051,Us Premium Rib Eye 500g,Food Fresh/Meat/Sidedish,10,725.0,0.0,7250.0
T2025001228,2025-11-06,18:46:00,P0069,Bibigo Beef Bone Soup,Food Fresh/Meat/Sidedish,10,110.0,0.0,1100.0
T2025001228,2025-11-06,18:46:00,P0060,Homemade Spring Onion Kimchi 350g,Food Fresh/Meat/Sidedish,10,250.0,0.0,2500.0
T2025001228,2025-11-06,18:46:00,P0058,Homemade Kimchi 850g,Food Fresh/Meat/Sidedish,7,290.0,0.0,2030.0
T2025001229,2025-11-06,12:19:00,P0213,Sempio Yondu 500mL,Seasoned/Sauce/Powder,2,345.0,0.25,517.5
T2025001229,2025-11-06,12:19:00,P0238,Ottogi Curry Mild,Seasoned/Sauce/Powder,8,115.0,0.0,920.0
T2025001229,2025-11-06,12:19:00,P0227,CJ Beksul Beef Bulgogi Sauce 290g,Seasoned/Sauce/Powder,4,150.0,0.0,600.0
T2025001229,2025-11-06,12:19:00,P0214,Jin Soy Sauce Rich & Savory 860mL,Seasoned/Sauce/Powder,8,315.0,0.0,2520.0
T2025001229,2025-11-06,12:19:00,P0233,O'Food Korean Fried Chicken Sauce,Seasoned/Sauce/Powder,4,135.0,0.0,540.0
T2025001229,2025-11-06,12:19:00,P0215,Ottogi Wasabi Powder 300g,Seasoned/Sauce/Powder,6,290.0,0.0,1740.0
T2025001230,2025-11-06,18:33:00,P0014,Bibigo Beef Seaweed Soup,Dry Food,4,264.0,0.0,1056.0
T2025001230,2025-11-06,18:33:00,P0015,(Dae Joo) Gochugaru 500g,Dry Food,4,255.0,0.0,1020.0
T2025001231,2025-11-06,10:13:00,P0030,Yopokki Onion Butter 120g Cup,Dry Food,6,120.0,0.0,720.0
T2025001231,2025-11-06,10:13:00,P0039,Ottogi 3Mins Curry,Dry Food,4,99.0,0.15,336.6
T2025001231,2025-11-06,10:13:00,P0018,(Kaya) Korean Rice 1.5Kg,Dry Food,4,190.0,0.0,760.0
T2025001231,2025-11-06,10:13:00,P0029,CJ Beksul Pancake Flour,Dry Food,8,125.0,0.0,1000.0
T2025001231,2025-11-06,10:13:00,P0047,Dongwon Spicy Tuna,Dry Food,8,80.0,0.0,640.0
T2025001232,2025-11-06,13:00:00,P0038,(Kaya) Korean Rice 1Kg,Dry Food,2,100.0,0.2,160.0
T2025001232,2025-11-06,13:00:00,P0048,Dongwon Light Tuna,Dry Food,5,75.0,0.25,281.25
T2025001232,2025-11-06,13:00:00,P0035,CJ  Multi-Grains Cooked Rice 210g,Dry Food,3,110.0,0.0,330.0
T2025001232,2025-11-06,13:00:00,P0020,CJ Beksul Hotteok Mix,Dry Food,3,185.0,0.0,555.0
T2025001233,2025-11-06,11:27:00,P0213,Sempio Yondu 500mL,Seasoned/Sauce/Powder,8,345.0,0.0,2760.0
T2025001233,2025-11-06,11:27:00,P0220,CJ  Tteokbokki Sauce 150G 2Pcs,Seasoned/Sauce/Powder,3,235.0,0.0,705.0
T2025001233,2025-11-06,11:27:00,P0224,Seasoned Seaweed 200g,Seasoned/Sauce/Powder,3,190.0,0.0,570.0
T2025001233,2025-11-06,11:27:00,P0231,O'Food Bulgogi Marinade,Seasoned/Sauce/Powder,9,145.0,0.0,1305.0
T2025001233,2025-11-06,11:27:00,P0212,Beef Dasida (Soup Stock) 1Kg,Seasoned/Sauce/Powder,8,550.0,0.0,4400.0
T2025001234,2025-11-06,09:26:00,P0061,Dried Anchovy Medium 100g,Food Fresh/Meat/Sidedish,7,240.0,0.25,1260.0
T2025001234,2025-11-06,09:26:00,P0053,Shine Spicy Pork Bulgogi Pack,Food Fresh/Meat/Sidedish,8,500.0,0.0,4000.0
T2025001234,2025-11-06,09:26:00,P0059,Pork Belly (Samgyupsal) 500g,Food Fresh/Meat/Sidedish,7,275.0,0.0,1925.0
T2025001235,2025-11-06,16:13:00,P0146,Binggrae Yogurt Drink,Liquor/Beverage,1,55.0,0.0,55.0
T2025001235,2025-11-06,16:13:00,P0108,Ottogi Honey Citron Tea 1Kg,Liquor/Beverage,7,530.0,0.0,3710.0
T2025001235,2025-11-06,16:13:00,P0120,Aloe Vera Juice 1.5L,Liquor/Beverage,4,175.0,0.0,700.0
T2025001235,2025-11-06,16:13:00,P0132,Sunhari Strawberry 360mL,Liquor/Beverage,4,120.0,0.05,456.0
T2025001235,2025-11-06,16:13:00,P0110,Mitte Hot Choco Original 300g,Liquor/Beverage,4,370.0,0.0,1480.0
T2025001236,2025-11-06,21:28:00,P0106,Mocha Gold Coffee 100Sticks,Liquor/Beverage,8,1100.0,0.25,6600.0
T2025001237,2025-11-06,18:03:00,P0133,Sunhari Blueberry 360mL,Liquor/Beverage,9,120.0,0.0,1080.0
T2025001237,2025-11-06,18:03:00,P0123,Cass Cold Brewed Beer 500mL,Liquor/Beverage,10,170.0,0.0,1700.0
T2025001238,2025-11-06,16:58:00,P0089,Jongga Rice Cake 1Kg,Food Frozen,9,230.0,0.0,2070.0
T2025001238,2025-11-06,16:58:00,P0076,CJ  Crispy Hotdog,Food Frozen,1,640.0,0.0,640.0
T2025001238,2025-11-06,16:58:00,P0079,Daerim  Kimbab Ham 1Kg,Food Frozen,7,480.0,0.0,3360.0
T2025001238,2025-11-06,16:58:00,P0075,Bibigo Mul Mandu 370g 2Packs,Food Frozen,9,695.0,0.0,6255.0
T2025001238,2025-11-06,16:58:00,P0080,Samyang Buldak Original Spicy Mandu 700g,Food Frozen,2,410.0,0.25,615.0
T2025001238,2025-11-06,16:58:00,P0102,MWC Tteok Galbi Bar,Food Frozen,8,75.0,0.0,600.0
T2025001239,2025-11-06,10:29:00,P0190,Nongshim Tempura Udon Cup,Noodles,4,60.0,0.0,240.0
T2025001239,2025-11-06,10:29:00,P0199,Paldo Koreno Shrimp Noodle,Noodles,1,50.0,0.05,47.5
T2025001240,2025-11-06,08:57:00,P0239,Ottogi Curry Hot,Seasoned/Sauce/Powder,6,115.0,0.0,690.0
T2025001240,2025-11-06,08:57:00,P0229,O'Food Korean BBQ Sauce,Seasoned/Sauce/Powder,9,145.0,0.0,1305.0
T2025001240,2025-11-06,08:57:00,P0241,CJ Anchovy Sauce 500g,Seasoned/Sauce/Powder,10,105.0,0.25,787.5
T2025001241,2025-11-06,12:32:00,P0045,CJ Beksul Wheat Flour,Dry Food,8,90.0,0.0,720.0
T2025001242,2025-11-06,16:20:00,P0003,Sempio Sesame Oil,Condiments,8,185.0,0.0,1480.0
T2025001242,2025-11-06,16:20:00,P0006,Chung Jung One Soy Sauce,Condiments,1,140.0,0.0,140.0
T2025001243,2025-11-06,10:44:00,P0058,Homemade Kimchi 850g,Food Fresh/Meat/Sidedish,3,290.0,0.0,870.0
T2025001243,2025-11-06,10:44:00,P0068,Enoki Mushroom 150G 2Packs,Food Fresh/Meat/Sidedish,3,120.0,0.0,360.0
T2025001243,2025-11-06,10:44:00,P0060,Homemade Spring Onion Kimchi 350g,Food Fresh/Meat/Sidedish,1,250.0,0.0,250.0
T2025001244,2025-11-06,10:33:00,P0003,Sempio Sesame Oil,Condiments,3,185.0,0.0,555.0
T2025001244,2025-11-06,10:33:00,P0002,Ottogi Gold Mayonnaise 500g,Condiments,9,235.0,0.0,2115.0
T2025001244,2025-11-06,10:33:00,P0007,Samyang Spicy Mayo,Condiments,3,130.0,0.0,390.0
T2025001244,2025-11-06,10:33:00,P0005,Ottogi Gold Mayonnaise 300g,Condiments,6,150.0,0.0,900.0
T2025001245,2025-11-06,13:23:00,P0249,Lotte Chocopie 12Pcs,Snacks,2,200.0,0.15,340.0
T2025001246,2025-11-06,15:14:00,P0114,Banana Milk 200mL 6Pcs,Liquor/Beverage,4,290.0,0.0,1160.0
T2025001246,2025-11-06,15:14:00,P0117,Maxim Kanu Dark Roast 10 Sticks,Liquor/Beverage,8,260.0,0.2,1664.0
T2025001246,2025-11-06,15:14:00,P0142,Nongshim Welchs White Grape 355mL,Liquor/Beverage,9,60.0,0.0,540.0
T2025001246,2025-11-06,15:14:00,P0134,KSD Green Grape Rice Wine 750mL,Liquor/Beverage,8,105.0,0.0,840.0
T2025001246,2025-11-06,15:14:00,P0122,Chamisul Original Soju,Liquor/Beverage,2,175.0,0.0,350.0
T2025001246,2025-11-06,15:14:00,P0133,Sunhari Blueberry 360mL,Liquor/Beverage,6,120.0,0.0,720.0
T2025001247,2025-11-06,10:30:00,P0077,Daerim  Vienna Sausage 1Kg,Food Frozen,1,580.0,0.0,580.0
T2025001248,2025-11-06,20:47:00,P0134,KSD Green Grape Rice Wine 750mL,Liquor/Beverage,4,105.0,0.0,420.0
T2025001249,2025-11-06,14:32:00,P0102,MWC Tteok Galbi Bar,Food Frozen,1,75.0,0.0,75.0
T2025001249,2025-11-06,14:32:00,P0093,Bibigo Kimchi Fried Rice,Food Frozen,6,190.0,0.0,1140.0
T2025001249,2025-11-06,14:32:00,P0075,Bibigo Mul Mandu 370g 2Packs,Food Frozen,4,695.0,0.05,2641.0
T2025001250,2025-11-06,10:08:00,P0079,Daerim  Kimbab Ham 1Kg,Food Frozen,9,480.0,0.0,4320.0
T2025001250,2025-11-06,10:08:00,P0092,Daerim  Crab Stick 500g,Food Frozen,6,210.0,0.2,1008.0
T2025001251,2025-11-06,08:05:00,P0086,CJ Bibigo Gyoza Dumplings,Food Frozen,7,270.0,0.0,1890.0
T2025001251,2025-11-06,08:05:00,P0077,Daerim  Vienna Sausage 1Kg,Food Frozen,2,580.0,0.0,1160.0
T2025001251,2025-11-06,08:05:00,P0083,Moguchon Smoked Bacon 200g,Food Frozen,7,320.0,0.0,2240.0
T2025001251,2025-11-06,08:05:00,P0103,Daerim  Chaw Stick 100g,Food Frozen,4,73.0,0.0,292.0
T2025001252,2025-11-06,21:58:00,P0205,Ottogi Yeul Ramen,Noodles,2,48.0,0.0,96.0
T2025001252,2025-11-06,21:58:00,P0171,Tempura Udon Big Cup,Noodles,10,75.0,0.05,712.5
T2025001252,2025-11-06,21:58:00,P0155,Nongshim Dungji Mul Nengmyeon (Cold Noodle),Noodles,8,95.0,0.0,760.0
T2025001252,2025-11-06,21:58:00,P0150,Samyang Buldak Rosã Ramen 105g,Noodles,5,110.0,0.0,550.0
T2025001252,2025-11-06,21:58:00,P0165,Samyang Cream Carbo Buldak 140g,Noodles,2,88.0,0.0,176.0
T2025001253,2025-11-06,17:05:00,P0212,Beef Dasida (Soup Stock) 1Kg,Seasoned/Sauce/Powder,5,550.0,0.0,2750.0
T2025001253,2025-11-06,17:05:00,P0230,CJ Beksul Pancake Sauce,Seasoned/Sauce/Powder,2,145.0,0.0,290.0
T2025001253,2025-11-06,17:05:00,P0227,CJ Beksul Beef Bulgogi Sauce 290g,Seasoned/Sauce/Powder,1,150.0,0.1,135.0
T2025001254,2025-11-06,15:41:00,P0032,Samlip Mini Kimbap,Dry Food,6,120.0,0.2,576.0
T2025001254,2025-11-06,15:41:00,P0038,(Kaya) Korean Rice 1Kg,Dry Food,7,100.0,0.0,700.0
T2025001254,2025-11-06,15:41:00,P0030,Yopokki Onion Butter 120g Cup,Dry Food,8,120.0,0.0,960.0
T2025001255,2025-11-06,08:02:00,P0196,Paldo Cheese Ramen,Noodles,10,55.0,0.05,522.5
T2025001255,2025-11-06,08:02:00,P0163,Samyang Buldak Rose 140g,Noodles,5,88.0,0.0,440.0
T2025001255,2025-11-06,08:02:00,P0201,Sewoo Tang Small Cup,Noodles,7,50.0,0.0,350.0
T2025001256,2025-11-06,09:57:00,P0144,Nongshim Welchs Strawberry 355mL,Liquor/Beverage,2,60.0,0.0,120.0
T2025001256,2025-11-06,09:57:00,P0148,Binggrae Strawberry Milk,Liquor/Beverage,3,45.0,0.0,135.0
T2025001256,2025-11-06,09:57:00,P0146,Binggrae Yogurt Drink,Liquor/Beverage,3,55.0,0.0,165.0
T2025001256,2025-11-06,09:57:00,P0136,Cass Fresh Beer,Liquor/Beverage,8,85.0,0.0,680.0
T2025001256,2025-11-06,09:57:00,P0131,Sunhari Yogurt 360mL,Liquor/Beverage,9,120.0,0.0,1080.0
T2025001256,2025-11-06,09:57:00,P0109,(꽃샘) Concentrated Flavored Drink 600g,Liquor/Beverage,7,370.0,0.0,2590.0
T2025001257,2025-11-06,14:14:00,P0222,CJ  Soybean Paste 1Kg,Seasoned/Sauce/Powder,8,208.0,0.0,1664.0
T2025001257,2025-11-06,14:14:00,P0241,CJ Anchovy Sauce 500g,Seasoned/Sauce/Powder,1,105.0,0.05,99.75
T2025001258,2025-11-06,17:26:00,P0136,Cass Fresh Beer,Liquor/Beverage,8,85.0,0.0,680.0
T2025001258,2025-11-06,17:26:00,P0122,Chamisul Original Soju,Liquor/Beverage,9,175.0,0.2,1260.0
T2025001259,2025-11-06,10:20:00,P0097,Daerim  Cheese Vienna Sausage 105g,Food Frozen,9,120.0,0.0,1080.0
T2025001259,2025-11-06,10:20:00,P0075,Bibigo Mul Mandu 370g 2Packs,Food Frozen,6,695.0,0.0,4170.0
T2025001259,2025-11-06,10:20:00,P0087,Bibigo Crispy Seaweed Roll,Food Frozen,3,260.0,0.0,780.0
T2025001260,2025-11-06,19:13:00,P0231,O'Food Bulgogi Marinade,Seasoned/Sauce/Powder,7,145.0,0.0,1015.0
T2025001260,2025-11-06,19:13:00,P0218,CJ Beksul Beef Bulgogi Sauce 500g,Seasoned/Sauce/Powder,2,250.0,0.0,500.0
T2025001260,2025-11-06,19:13:00,P0240,Ottogi Spaghetti Sauce,Seasoned/Sauce/Powder,1,115.0,0.0,115.0
T2025001260,2025-11-06,19:13:00,P0226,CJ Beksul Sweet Korean Pancake Mix 400g,Seasoned/Sauce/Powder,1,155.0,0.0,155.0
T2025001261,2025-11-06,08:15:00,P0126,Woongjin Yogurt Pineapple 1.5L,Liquor/Beverage,9,135.0,0.0,1215.0
T2025001261,2025-11-06,08:15:00,P0149,Binggrae Mango Milk,Liquor/Beverage,8,45.0,0.0,360.0
T2025001261,2025-11-06,08:15:00,P0147,Binggrae Coffee Milk,Liquor/Beverage,1,48.0,0.0,48.0
T2025001261,2025-11-06,08:15:00,P0123,Cass Cold Brewed Beer 500mL,Liquor/Beverage,6,170.0,0.0,1020.0
T2025001262,2025-11-06,20:07:00,P0046,CJ Beksul Potato Starch,Dry Food,5,85.0,0.0,425.0
T2025001262,2025-11-06,20:07:00,P0029,CJ Beksul Pancake Flour,Dry Food,4,125.0,0.0,500.0
T2025001263,2025-11-06,13:28:00,P0293,Lotte Sand Biscuit,Snacks,2,75.0,0.2,120.0
T2025001263,2025-11-06,13:28:00,P0297,Pepero Choco Filled,Snacks,8,55.0,0.0,440.0
T2025001264,2025-11-06,10:25:00,P0276,Orion Sun Chips Korean BBQ,Snacks,4,90.0,0.0,360.0
T2025001264,2025-11-06,10:25:00,P0279,Orion O! Karto Sweet Corn,Snacks,2,88.0,0.0,176.0
T2025001265,2025-11-06,18:36:00,P0233,O'Food Korean Fried Chicken Sauce,Seasoned/Sauce/Powder,1,135.0,0.0,135.0
T2025001265,2025-11-06,18:36:00,P0242,CJ  Gochujang 200g,Seasoned/Sauce/Powder,9,100.0,0.0,900.0
T2025001266,2025-11-06,20:42:00,P0115,Strawberry Milk 200mL 6Pcs,Liquor/Beverage,5,290.0,0.15,1232.5
T2025001266,2025-11-06,20:42:00,P0119,Sempio Yuzu Tea,Liquor/Beverage,3,250.0,0.05,712.5
T2025001267,2025-11-06,10:25:00,P0110,Mitte Hot Choco Original 300g,Liquor/Beverage,9,370.0,0.0,3330.0
T2025001268,2025-11-06,21:23:00,P0227,CJ Beksul Beef Bulgogi Sauce 290g,Seasoned/Sauce/Powder,6,150.0,0.0,900.0
T2025001268,2025-11-06,21:23:00,P0234,CJ Beksul Spicy Pork Sauce 290g,Seasoned/Sauce/Powder,5,130.0,0.0,650.0
T2025001268,2025-11-06,21:23:00,P0223,Jin Soy Sauce For Soup 860mL,Seasoned/Sauce/Powder,8,205.0,0.0,1640.0
T2025001268,2025-11-06,21:23:00,P0242,CJ  Gochujang 200g,Seasoned/Sauce/Powder,7,100.0,0.0,700.0
T2025001268,2025-11-06,21:23:00,P0239,Ottogi Curry Hot,Seasoned/Sauce/Powder,10,115.0,0.0,1150.0
T2025001268,2025-11-06,21:23:00,P0219,CJ Beksul Spicy Pork Sauce 500g,Seasoned/Sauce/Powder,4,240.0,0.0,960.0
T2025001269,2025-11-06,13:07:00,P0114,Banana Milk 200mL 6Pcs,Liquor/Beverage,10,290.0,0.0,2900.0
T2025001269,2025-11-06,13:07:00,P0131,Sunhari Yogurt 360mL,Liquor/Beverage,10,120.0,0.0,1200.0
T2025001269,2025-11-06,13:07:00,P0132,Sunhari Strawberry 360mL,Liquor/Beverage,6,120.0,0.2,576.0
T2025001270,2025-11-06,17:33:00,P0006,Chung Jung One Soy Sauce,Condiments,7,140.0,0.0,980.0
T2025001270,2025-11-06,17:33:00,P0005,Ottogi Gold Mayonnaise 300g,Condiments,2,150.0,0.2,240.0
T2025001270,2025-11-06,17:33:00,P0008,Ottogi Corn Syrup,Condiments,10,98.0,0.0,980.0
T2025001270,2025-11-06,17:33:00,P0002,Ottogi Gold Mayonnaise 500g,Condiments,3,235.0,0.0,705.0
T2025001270,2025-11-06,17:33:00,P0007,Samyang Spicy Mayo,Condiments,9,130.0,0.05,1111.5
T2025001271,2025-11-06,15:08:00,P0292,Orion Goraebab Crackers,Snacks,7,75.0,0.0,525.0
T2025001271,2025-11-06,15:08:00,P0251,Oil Fried & Salted Peanuts,Snacks,7,185.0,0.1,1165.5
T2025001271,2025-11-06,15:08:00,P0284,Kkokal Sweet Corn Snack,Snacks,9,80.0,0.0,720.0
T2025001271,2025-11-06,15:08:00,P0287,Nongshim Banana Kick 75g,Snacks,10,80.0,0.0,800.0
T2025001271,2025-11-06,15:08:00,P0282,Orion Choco Boy,Snacks,5,85.0,0.0,425.0
T2025001272,2025-11-06,11:17:00,P0016,Dongwon  Vegetable Tuna Can 150g 2Pcs,Dry Food,5,235.0,0.0,1175.0
T2025001272,2025-11-06,11:17:00,P0048,Dongwon Light Tuna,Dry Food,4,75.0,0.0,300.0
T2025001272,2025-11-06,11:17:00,P0032,Samlip Mini Kimbap,Dry Food,3,120.0,0.0,360.0
T2025001272,2025-11-06,11:17:00,P0038,(Kaya) Korean Rice 1Kg,Dry Food,3,100.0,0.2,240.0
T2025001272,2025-11-06,11:17:00,P0037,Ottogi Cup Spaghetti,Dry Food,10,110.0,0.1,990.0
T2025001273,2025-11-06,14:48:00,P0072,Kongsarang Soft Tofu,Food Fresh/Meat/Sidedish,8,65.0,0.0,520.0
T2025001273,2025-11-06,14:48:00,P0051,Us Premium Rib Eye 500g,Food Fresh/Meat/Sidedish,2,725.0,0.0,1450.0
T2025001273,2025-11-06,14:48:00,P0055,Beef Enoki Roll 500g,Food Fresh/Meat/Sidedish,7,410.0,0.0,2870.0
T2025001273,2025-11-06,14:48:00,P0057,Jongga Pogi Kimchi 500g,Food Fresh/Meat/Sidedish,3,315.0,0.0,945.0
T2025001273,2025-11-06,14:48:00,P0071,Kongsarang Firm Tofu,Food Fresh/Meat/Sidedish,8,65.0,0.15,442.0
T2025001273,2025-11-06,14:48:00,P0050,Boneless Rib Eye 250g,Food Fresh/Meat/Sidedish,8,750.0,0.0,6000.0
T2025001274,2025-11-06,10:19:00,P0244,Wasabi Almond 190g,Snacks,1,440.0,0.0,440.0
T2025001275,2025-11-06,17:51:00,P0090,Nongmin Rice Cake 1Kg,Food Frozen,7,220.0,0.0,1540.0
T2025001276,2025-11-06,08:50:00,P0184,Nongshim Baehongdong Bibimyeon 137g,Noodles,4,61.0,0.0,244.0
T2025001276,2025-11-06,08:50:00,P0151,Samyang Buldak 4 Cheese Ramen 110g,Noodles,5,110.0,0.0,550.0
T2025001276,2025-11-06,08:50:00,P0208,Ottogi Jin Ramen Mild,Noodles,5,40.0,0.0,200.0
T2025001277,2025-11-06,12:31:00,P0251,Oil Fried & Salted Peanuts,Snacks,3,185.0,0.1,499.5
T2025001277,2025-11-06,12:31:00,P0298,Pepero White Cookie,Snacks,5,55.0,0.0,275.0
T2025001277,2025-11-06,12:31:00,P0294,Pepero Strawberry,Snacks,5,55.0,0.0,275.0
T2025001277,2025-11-06,12:31:00,P0277,Orion Turtle Chips Sweet Corn,Snacks,9,89.0,0.0,801.0
T2025001278,2025-11-06,13:04:00,P0100,Binggrae Ice Cream Sandwich,Food Frozen,4,80.0,0.2,256.0
T2025001279,2025-11-06,20:08:00,P0211,Ottogi Jin Ramen Hot,Noodles,3,40.0,0.0,120.0
T2025001279,2025-11-06,20:08:00,P0193,Paldo Gomtang Ramen,Noodles,7,56.0,0.0,392.0
T2025001279,2025-11-06,20:08:00,P0165,Samyang Cream Carbo Buldak 140g,Noodles,1,88.0,0.0,88.0
T2025001279,2025-11-06,20:08:00,P0204,Ottogi Cup Ramen Kimchi,Noodles,5,50.0,0.0,250.0
T2025001280,2025-11-06,21:24:00,P0071,Kongsarang Firm Tofu,Food Fresh/Meat/Sidedish,10,65.0,0.0,650.0
T2025001280,2025-11-06,21:24:00,P0063,Our Home Kimchi 1Kg Jar,Food Fresh/Meat/Sidedish,2,190.0,0.0,380.0
T2025001280,2025-11-06,21:24:00,P0055,Beef Enoki Roll 500g,Food Fresh/Meat/Sidedish,10,410.0,0.0,4100.0
T2025001280,2025-11-06,21:24:00,P0054,Chadolbagi Wagyu 500g,Food Fresh/Meat/Sidedish,4,475.0,0.1,1710.0
T2025001280,2025-11-06,21:24:00,P0073,Perilla Leaves 2Packs,Food Fresh/Meat/Sidedish,6,40.0,0.0,240.0
T2025001281,2025-11-06,14:43:00,P0057,Jongga Pogi Kimchi 500g,Food Fresh/Meat/Sidedish,4,315.0,0.0,1260.0
T2025001282,2025-11-06,12:06:00,P0240,Ottogi Spaghetti Sauce,Seasoned/Sauce/Powder,6,115.0,0.0,690.0
T2025001283,2025-11-06,18:02:00,P0239,Ottogi Curry Hot,Seasoned/Sauce/Powder,7,115.0,0.0,805.0
T2025001283,2025-11-06,18:02:00,P0238,Ottogi Curry Mild,Seasoned/Sauce/Powder,9,115.0,0.0,1035.0
T2025001283,2025-11-06,18:02:00,P0229,O'Food Korean BBQ Sauce,Seasoned/Sauce/Powder,4,145.0,0.0,580.0
T2025001284,2025-11-06,13:12:00,P0195,Ottogi Jin Mild Small Cup,Noodles,5,55.0,0.0,275.0
T2025001284,2025-11-06,13:12:00,P0191,Paldo Teumsae Ramen,Noodles,3,60.0,0.1,162.0
T2025001284,2025-11-06,13:12:00,P0182,Paldo Ilpoom Jjajang,Noodles,1,65.0,0.0,65.0
T2025001284,2025-11-06,13:12:00,P0175,Samyang Jjajang Hot Chicken,Noodles,4,75.0,0.0,300.0
T2025001284,2025-11-06,13:12:00,P0185,Nongshim Shin Non-Frying Ramen 97g,Noodles,2,60.0,0.0,120.0
T2025001285,2025-11-06,18:13:00,P0132,Sunhari Strawberry 360mL,Liquor/Beverage,9,120.0,0.0,1080.0
T2025001285,2025-11-06,18:13:00,P0146,Binggrae Yogurt Drink,Liquor/Beverage,5,55.0,0.0,275.0
T2025001286,2025-11-06,21:43:00,P0007,Samyang Spicy Mayo,Condiments,7,130.0,0.0,910.0
T2025001286,2025-11-06,21:43:00,P0004,O'Food Korean Chili Oil,Condiments,4,160.0,0.0,640.0
T2025001287,2025-11-06,12:02:00,P0160,Paldo Wang Cup Kimchi,Noodles,9,90.0,0.0,810.0
T2025001288,2025-11-06,10:25:00,P0162,Ottogi Jin Jjampong,Noodles,9,90.0,0.0,810.0
T2025001288,2025-11-06,10:25:00,P0180,Samyang Curry Ramen,Noodles,9,68.0,0.0,612.0
T2025001288,2025-11-06,10:25:00,P0172,Ottogi Jin Hot Big Cup,Noodles,5,75.0,0.0,375.0
T2025001288,2025-11-06,10:25:00,P0150,Samyang Buldak Rosã Ramen 105g,Noodles,5,110.0,0.0,550.0
T2025001288,2025-11-06,10:25:00,P0176,Ottogi Cheese Bokki Cup,Noodles,7,72.0,0.0,504.0
T2025001288,2025-11-06,10:25:00,P0186,Ottogi Chachelin Blackbean 145g,Noodles,6,60.0,0.25,270.0
T2025001289,2025-11-06,12:37:00,P0195,Ottogi Jin Mild Small Cup,Noodles,10,55.0,0.0,550.0
T2025001289,2025-11-06,12:37:00,P0207,Ottogi Yeul Ramen 120g,Noodles,4,40.0,0.0,160.0
T2025001290,2025-11-06,10:46:00,P0244,Wasabi Almond 190g,Snacks,2,440.0,0.0,880.0
T2025001290,2025-11-06,10:46:00,P0295,Pepero Almond,Snacks,1,55.0,0.1,49.5
T2025001290,2025-11-06,10:46:00,P0291,Crown Sando Biscuit,Snacks,5,75.0,0.0,375.0
T2025001290,2025-11-06,10:46:00,P0294,Pepero Strawberry,Snacks,9,55.0,0.0,495.0
T2025001290,2025-11-06,10:46:00,P0290,Doritos Galbi Chicken,Snacks,1,77.0,0.1,69.3
T2025001290,2025-11-06,10:46:00,P0275,Haitai Sweet Potato Snack,Snacks,2,95.0,0.0,190.0
T2025001291,2025-11-06,21:00:00,P0023,Dongwon  Luncheon Meat 340g,Dry Food,3,155.0,0.0,465.0
T2025001292,2025-11-06,08:40:00,P0005,Ottogi Gold Mayonnaise 300g,Condiments,9,150.0,0.0,1350.0
T2025001292,2025-11-06,08:40:00,P0009,CJ Beksul Corn Syrup,Condiments,9,95.0,0.0,855.0
T2025001292,2025-11-06,08:40:00,P0008,Ottogi Corn Syrup,Condiments,10,98.0,0.0,980.0
T2025001293,2025-11-06,10:25:00,P0194,Shin Ramen Kimchi,Noodles,7,55.0,0.0,385.0
T2025001293,2025-11-06,10:25:00,P0197,Nongshim Seafood Ramyun,Noodles,2,52.0,0.0,104.0
T2025001293,2025-11-06,10:25:00,P0178,Samyang Mala Buldak,Noodles,6,70.0,0.0,420.0
T2025001293,2025-11-06,10:25:00,P0166,Samyang Buldak Original,Noodles,10,88.0,0.0,880.0
T2025001293,2025-11-06,10:25:00,P0168,Samyang Carbo Buldak,Noodles,5,88.0,0.0,440.0
T2025001293,2025-11-06,10:25:00,P0173,Nongshim Jjapageti,Noodles,9,75.0,0.0,675.0
T2025001294,2025-11-06,18:19:00,P0132,Sunhari Strawberry 360mL,Liquor/Beverage,6,120.0,0.05,684.0
T2025001294,2025-11-06,18:19:00,P0123,Cass Cold Brewed Beer 500mL,Liquor/Beverage,10,170.0,0.15,1445.0
T2025001294,2025-11-06,18:19:00,P0145,Binggrae Melon Soda,Liquor/Beverage,1,60.0,0.0,60.0
T2025001294,2025-11-06,18:19:00,P0112,Teazen Diet Tea Berry 10 Sticks,Liquor/Beverage,2,290.0,0.1,522.0
T2025001295,2025-11-06,17:22:00,P0002,Ottogi Gold Mayonnaise 500g,Condiments,2,235.0,0.0,470.0
T2025001295,2025-11-06,17:22:00,P0009,CJ Beksul Corn Syrup,Condiments,9,95.0,0.0,855.0
T2025001295,2025-11-06,17:22:00,P0003,Sempio Sesame Oil,Condiments,4,185.0,0.0,740.0
T2025001295,2025-11-06,17:22:00,P0005,Ottogi Gold Mayonnaise 300g,Condiments,8,150.0,0.0,1200.0
T2025001295,2025-11-06,17:22:00,P0001,Ottogi Sesame Oil 500mL,Condiments,7,590.5,0.0,4133.5
T2025001296,2025-11-06,21:24:00,P0110,Mitte Hot Choco Original 300g,Liquor/Beverage,7,370.0,0.0,2590.0
T2025001296,2025-11-06,21:24:00,P0123,Cass Cold Brewed Beer 500mL,Liquor/Beverage,2,170.0,0.0,340.0
T2025001296,2025-11-06,21:24:00,P0121,Lotte Chum Churum Soju,Liquor/Beverage,2,175.0,0.25,262.5
T2025001296,2025-11-06,21:24:00,P0133,Sunhari Blueberry 360mL,Liquor/Beverage,1,120.0,0.0,120.0
T2025001296,2025-11-06,21:24:00,P0131,Sunhari Yogurt 360mL,Liquor/Beverage,4,120.0,0.0,480.0
T2025001296,2025-11-06,21:24:00,P0111,Maxim Kanu Ice Latte 10 Sticks,Liquor/Beverage,8,360.0,0.0,2880.0
T2025001297,2025-11-06,19:29:00,P0002,Ottogi Gold Mayonnaise 500g,Condiments,2,235.0,0.0,470.0
T2025001297,2025-11-06,19:29:00,P0006,Chung Jung One Soy Sauce,Condiments,1,140.0,0.0,140.0
T2025001298,2025-11-06,19:52:00,P0157,Nongshim Yachae Ramyeon 100g,Noodles,4,93.0,0.0,372.0
T2025001299,2025-11-06,17:11:00,P0141,Woongjin Yogurt Apple 340mL,Liquor/Beverage,1,60.0,0.0,60.0
T2025001299,2025-11-06,17:11:00,P0116,Maxim Mocha Gold Coffee Mix 20Pcs,Liquor/Beverage,8,275.0,0.25,1650.0
T2025001299,2025-11-06,17:11:00,P0111,Maxim Kanu Ice Latte 10 Sticks,Liquor/Beverage,10,360.0,0.0,3600.0
T2025001300,2025-11-06,12:32:00,P0025,Sempio Yellow Peach In Can 400g,Dry Food,7,145.0,0.0,1015.0
T2025001301,2025-11-06,16:31:00,P0010,Daerim  Big Smoke Ham 1Kg,Dry Food,5,480.0,0.0,2400.0
T2025001301,2025-11-06,16:31:00,P0032,Samlip Mini Kimbap,Dry Food,1,120.0,0.0,120.0
T2025001301,2025-11-06,16:31:00,P0014,Bibigo Beef Seaweed Soup,Dry Food,9,264.0,0.0,2376.0
T2025001301,2025-11-06,16:31:00,P0022,Ottogi Tteokbokki Cup,Dry Food,7,160.0,0.2,896.0
T2025001302,2025-11-06,16:02:00,P0300,Can Choco Balls,Snacks,7,45.0,0.0,315.0
T2025001302,2025-11-06,16:02:00,P0278,Haitai O! Karto Chips,Snacks,8,88.0,0.0,704.0
T2025001303,2025-11-06,19:57:00,P0280,Nongshim Potato Sticks,Snacks,4,85.0,0.0,340.0
T2025001304,2025-11-06,09:26:00,P0175,Samyang Jjajang Hot Chicken,Noodles,9,75.0,0.0,675.0
T2025001304,2025-11-06,09:26:00,P0195,Ottogi Jin Mild Small Cup,Noodles,7,55.0,0.0,385.0
T2025001304,2025-11-06,09:26:00,P0183,Samyang Kimchi Ramen Bowl,Noodles,7,65.0,0.0,455.0
T2025001304,2025-11-06,09:26:00,P0190,Nongshim Tempura Udon Cup,Noodles,7,60.0,0.2,336.0
T2025001304,2025-11-06,09:26:00,P0187,Paldo Bibim Men,Noodles,5,60.0,0.0,300.0
T2025001305,2025-11-06,20:45:00,P0186,Ottogi Chachelin Blackbean 145g,Noodles,6,60.0,0.0,360.0
T2025001305,2025-11-06,20:45:00,P0206,Nongshim Chapagetti,Noodles,8,45.0,0.0,360.0
T2025001306,2025-11-06,14:20:00,P0262,Orion Custard Pineapple,Snacks,1,120.0,0.0,120.0
T2025001306,2025-11-06,14:20:00,P0254,Honey Roasted Peanuts,Snacks,6,165.0,0.0,990.0
T2025001306,2025-11-06,14:20:00,P0246,Post Almond Flakes,Snacks,6,245.0,0.0,1470.0
T2025001307,2025-11-06,16:53:00,P0060,Homemade Spring Onion Kimchi 350g,Food Fresh/Meat/Sidedish,8,250.0,0.25,1500.0
T2025001307,2025-11-06,16:53:00,P0073,Perilla Leaves 2Packs,Food Fresh/Meat/Sidedish,3,40.0,0.0,120.0
T2025001307,2025-11-06,16:53:00,P0055,Beef Enoki Roll 500g,Food Fresh/Meat/Sidedish,1,410.0,0.0,410.0
T2025001307,2025-11-06,16:53:00,P0066,Imported Kimchi Big Tub 850g,Food Fresh/Meat/Sidedish,8,150.0,0.0,1200.0
T2025001307,2025-11-06,16:53:00,P0057,Jongga Pogi Kimchi 500g,Food Fresh/Meat/Sidedish,3,315.0,0.0,945.0
T2025001308,2025-11-06,15:33:00,P0169,Samyang Buldak Stew Type 145g,Noodles,9,80.0,0.0,720.0
T2025001308,2025-11-06,15:33:00,P0170,Ottogi Jin Jjajang,Noodles,6,80.0,0.0,480.0
T2025001308,2025-11-06,15:33:00,P0152,Samyang Buldak Original Cup,Noodles,2,110.0,0.0,220.0
T2025001308,2025-11-06,15:33:00,P0190,Nongshim Tempura Udon Cup,Noodles,10,60.0,0.0,600.0
T2025001309,2025-11-06,14:04:00,P0191,Paldo Teumsae Ramen,Noodles,9,60.0,0.0,540.0
T2025001309,2025-11-06,14:04:00,P0173,Nongshim Jjapageti,Noodles,3,75.0,0.0,225.0
T2025001310,2025-11-06,10:40:00,P0077,Daerim  Vienna Sausage 1Kg,Food Frozen,7,580.0,0.0,4060.0
T2025001310,2025-11-06,10:40:00,P0085,Bibigo Bulgogi Mandu,Food Frozen,6,280.0,0.0,1680.0
T2025001310,2025-11-06,10:40:00,P0100,Binggrae Ice Cream Sandwich,Food Frozen,9,80.0,0.0,720.0
T2025001310,2025-11-06,10:40:00,P0075,Bibigo Mul Mandu 370g 2Packs,Food Frozen,5,695.0,0.25,2606.25
T2025001310,2025-11-06,10:40:00,P0102,MWC Tteok Galbi Bar,Food Frozen,2,75.0,0.0,150.0
T2025001311,2025-11-06,14:47:00,P0169,Samyang Buldak Stew Type 145g,Noodles,8,80.0,0.0,640.0
T2025001311,2025-11-06,14:47:00,P0151,Samyang Buldak 4 Cheese Ramen 110g,Noodles,10,110.0,0.0,1100.0
T2025001311,2025-11-06,14:47:00,P0162,Ottogi Jin Jjampong,Noodles,10,90.0,0.0,900.0
T2025001311,2025-11-06,14:47:00,P0178,Samyang Mala Buldak,Noodles,5,70.0,0.25,262.5
T2025001311,2025-11-06,14:47:00,P0171,Tempura Udon Big Cup,Noodles,9,75.0,0.0,675.0
T2025001311,2025-11-06,14:47:00,P0152,Samyang Buldak Original Cup,Noodles,3,110.0,0.0,330.0
T2025001312,2025-11-06,18:24:00,P0005,Ottogi Gold Mayonnaise 300g,Condiments,4,150.0,0.25,450.0
T2025001312,2025-11-06,18:24:00,P0003,Sempio Sesame Oil,Condiments,3,185.0,0.0,555.0
T2025001312,2025-11-06,18:24:00,P0007,Samyang Spicy Mayo,Condiments,6,130.0,0.0,780.0
T2025001312,2025-11-06,18:24:00,P0001,Ottogi Sesame Oil 500mL,Condiments,10,590.5,0.0,5905.0
T2025001312,2025-11-06,18:24:00,P0006,Chung Jung One Soy Sauce,Condiments,4,140.0,0.0,560.0
T2025001313,2025-11-06,16:40:00,P0089,Jongga Rice Cake 1Kg,Food Frozen,3,230.0,0.0,690.0
T2025001313,2025-11-06,16:40:00,P0093,Bibigo Kimchi Fried Rice,Food Frozen,6,190.0,0.0,1140.0
T2025001313,2025-11-06,16:40:00,P0091,CJ Bibigo Japchae,Food Frozen,2,220.0,0.0,440.0
T2025001313,2025-11-06,16:40:00,P0097,Daerim  Cheese Vienna Sausage 105g,Food Frozen,5,120.0,0.2,480.0
T2025001313,2025-11-06,16:40:00,P0074,Bibigo Fried Dumplings 450g,Food Frozen,8,740.0,0.0,5920.0
T2025001313,2025-11-06,16:40:00,P0099,Daerim  Chaw Spicy Stick 90g,Food Frozen,4,80.0,0.0,320.0
T2025001314,2025-11-06,14:36:00,P0264,Lotte Ghana Dark Chocolate,Snacks,4,115.0,0.0,460.0
T2025001314,2025-11-06,14:36:00,P0269,Lotte Soft Strawberry Milk Candy 79g,Snacks,8,105.0,0.2,672.0
T2025001314,2025-11-06,14:36:00,P0271,Orion Choco Chip Cookies,Snacks,4,100.0,0.1,360.0
T2025001314,2025-11-06,14:36:00,P0244,Wasabi Almond 190g,Snacks,1,440.0,0.0,440.0
T2025001314,2025-11-06,14:36:00,P0248,Choco Pie Black Sugar 12Pcs,Snacks,9,200.0,0.0,1800.0
T2025001315,2025-11-06,14:56:00,P0293,Lotte Sand Biscuit,Snacks,6,75.0,0.0,450.0
T2025001315,2025-11-06,14:56:00,P0263,Samlip Honey Castella,Snacks,7,120.0,0.0,840.0
T2025001315,2025-11-06,14:56:00,P0264,Lotte Ghana Dark Chocolate,Snacks,2,115.0,0.0,230.0
T2025001316,2025-11-06,09:22:00,P0103,Daerim  Chaw Stick 100g,Food Frozen,1,73.0,0.0,73.0
T2025001316,2025-11-06,09:22:00,P0084,Assi Vegetable Dumplings 675g,Food Frozen,9,285.0,0.0,2565.0
T2025001317,2025-11-06,10:48:00,P0011,CJ  Cooked Rice Plain 210g,Dry Food,4,365.0,0.0,1460.0
T2025001317,2025-11-06,10:48:00,P0038,(Kaya) Korean Rice 1Kg,Dry Food,8,100.0,0.0,800.0
T2025001317,2025-11-06,10:48:00,P0042,CJ Hetbahn Brown Rice,Dry Food,8,95.0,0.0,760.0
T2025001317,2025-11-06,10:48:00,P0048,Dongwon Light Tuna,Dry Food,1,75.0,0.05,71.25
T2025001317,2025-11-06,10:48:00,P0036,Dongwon  Tuna Light Can 150g,Dry Food,5,110.0,0.0,550.0
T2025001317,2025-11-06,10:48:00,P0045,CJ Beksul Wheat Flour,Dry Food,2,90.0,0.0,180.0
T2025001318,2025-11-06,16:52:00,P0005,Ottogi Gold Mayonnaise 300g,Condiments,1,150.0,0.0,150.0
T2025001318,2025-11-06,16:52:00,P0007,Samyang Spicy Mayo,Condiments,7,130.0,0.0,910.0
T2025001319,2025-11-06,21:21:00,P0046,CJ Beksul Potato Starch,Dry Food,7,85.0,0.0,595.0
T2025001319,2025-11-06,21:21:00,P0012,Ottogi Glass Noodle 1Kg,Dry Food,3,300.0,0.0,900.0
T2025001320,2025-11-06,08:48:00,P0285,Corn Choco,Snacks,6,80.0,0.0,480.0
T2025001320,2025-11-06,08:48:00,P0279,Orion O! Karto Sweet Corn,Snacks,5,88.0,0.0,440.0
T2025001320,2025-11-06,08:48:00,P0253,Orion Market O Brownie,Snacks,8,170.0,0.0,1360.0
T2025001320,2025-11-06,08:48:00,P0276,Orion Sun Chips Korean BBQ,Snacks,1,90.0,0.0,90.0
T2025001321,2025-11-06,13:05:00,P0117,Maxim Kanu Dark Roast 10 Sticks,Liquor/Beverage,9,260.0,0.0,2340.0
T2025001321,2025-11-06,13:05:00,P0107,Ottogi Honey Ginger Tea 1Kg,Liquor/Beverage,6,530.0,0.0,3180.0
T2025001321,2025-11-06,13:05:00,P0149,Binggrae Mango Milk,Liquor/Beverage,2,45.0,0.0,90.0
T2025001322,2025-11-06,10:46:00,P0049,Our Home Kimchi 1Kg,Food Fresh/Meat/Sidedish,6,320.5,0.0,1923.0
T2025001322,2025-11-06,10:46:00,P0054,Chadolbagi Wagyu 500g,Food Fresh/Meat/Sidedish,3,475.0,0.0,1425.0
T2025001322,2025-11-06,10:46:00,P0066,Imported Kimchi Big Tub 850g,Food Fresh/Meat/Sidedish,9,150.0,0.0,1350.0
T2025001322,2025-11-06,10:46:00,P0058,Homemade Kimchi 850g,Food Fresh/Meat/Sidedish,10,290.0,0.0,2900.0
T2025001322,2025-11-06,10:46:00,P0070,Skinless Garlic 150G,Food Fresh/Meat/Sidedish,9,65.0,0.0,585.0
T2025001323,2025-11-06,14:43:00,P0132,Sunhari Strawberry 360mL,Liquor/Beverage,7,120.0,0.0,840.0
T2025001323,2025-11-06,14:43:00,P0122,Chamisul Original Soju,Liquor/Beverage,8,175.0,0.0,1400.0
T2025001324,2025-11-06,11:28:00,P0002,Ottogi Gold Mayonnaise 500g,Condiments,5,235.0,0.0,1175.0
T2025001325,2025-11-06,10:56:00,P0141,Woongjin Yogurt Apple 340mL,Liquor/Beverage,9,60.0,0.0,540.0
T2025001325,2025-11-06,10:56:00,P0125,Jinro Fresh Soju,Liquor/Beverage,4,170.0,0.0,680.0
T2025001325,2025-11-06,10:56:00,P0124,Terra Lager Beer 500mL,Liquor/Beverage,4,170.0,0.0,680.0
T2025001325,2025-11-06,10:56:00,P0135,KSD Peach Rice Wine 750mL,Liquor/Beverage,4,105.0,0.0,420.0
T2025001325,2025-11-06,10:56:00,P0106,Mocha Gold Coffee 100Sticks,Liquor/Beverage,6,1100.0,0.0,6600.0
T2025001326,2025-11-06,15:48:00,P0230,CJ Beksul Pancake Sauce,Seasoned/Sauce/Powder,8,145.0,0.0,1160.0
T2025001326,2025-11-06,15:48:00,P0233,O'Food Korean Fried Chicken Sauce,Seasoned/Sauce/Powder,9,135.0,0.0,1215.0
T2025001327,2025-11-06,15:18:00,P0120,Aloe Vera Juice 1.5L,Liquor/Beverage,4,175.0,0.0,700.0
T2025001327,2025-11-06,15:18:00,P0110,Mitte Hot Choco Original 300g,Liquor/Beverage,10,370.0,0.0,3700.0
T2025001328,2025-11-06,11:08:00,P0055,Beef Enoki Roll 500g,Food Fresh/Meat/Sidedish,7,410.0,0.0,2870.0
T2025001328,2025-11-06,11:08:00,P0066,Imported Kimchi Big Tub 850g,Food Fresh/Meat/Sidedish,4,150.0,0.2,480.0
T2025001329,2025-11-06,12:23:00,P0064,Kimbab Radish 400g,Food Fresh/Meat/Sidedish,7,185.0,0.0,1295.0
T2025001329,2025-11-06,12:23:00,P0057,Jongga Pogi Kimchi 500g,Food Fresh/Meat/Sidedish,7,315.0,0.15,1874.25
T2025001329,2025-11-06,12:23:00,P0067,Wasabi Radish Wrapper 340g,Food Fresh/Meat/Sidedish,7,145.0,0.0,1015.0
T2025001330,2025-11-06,11:41:00,P0099,Daerim  Chaw Spicy Stick 90g,Food Frozen,6,80.0,0.0,480.0
T2025001330,2025-11-06,11:41:00,P0079,Daerim  Kimbab Ham 1Kg,Food Frozen,8,480.0,0.0,3840.0
T2025001330,2025-11-06,11:41:00,P0085,Bibigo Bulgogi Mandu,Food Frozen,7,280.0,0.0,1960.0
T2025001331,2025-11-06,15:43:00,P0027,Yopokki Cheese 240g,Dry Food,5,145.0,0.0,725.0
T2025001331,2025-11-06,15:43:00,P0029,CJ Beksul Pancake Flour,Dry Food,2,125.0,0.0,250.0
T2025001331,2025-11-06,15:43:00,P0020,CJ Beksul Hotteok Mix,Dry Food,7,185.0,0.15,1100.75
T2025001331,2025-11-06,15:43:00,P0016,Dongwon  Vegetable Tuna Can 150g 2Pcs,Dry Food,5,235.0,0.0,1175.0
T2025001332,2025-11-06,19:12:00,P0038,(Kaya) Korean Rice 1Kg,Dry Food,8,100.0,0.1,720.0
T2025001332,2025-11-06,19:12:00,P0047,Dongwon Spicy Tuna,Dry Food,3,80.0,0.0,240.0
T2025001332,2025-11-06,19:12:00,P0043,CJ Hetbahn Cooked Barley,Dry Food,5,95.0,0.0,475.0
T2025001332,2025-11-06,19:12:00,P0039,Ottogi 3Mins Curry,Dry Food,3,99.0,0.0,297.0
T2025001332,2025-11-06,19:12:00,P0032,Samlip Mini Kimbap,Dry Food,3,120.0,0.15,306.0
T2025001332,2025-11-06,19:12:00,P0028,CJ Bibigo Seaweed Soup,Dry Food,2,140.0,0.0,280.0
T2025001333,2025-11-06,16:55:00,P0062,Dried Anchovy Small 100g,Food Fresh/Meat/Sidedish,5,240.0,0.0,1200.0
T2025001333,2025-11-06,16:55:00,P0061,Dried Anchovy Medium 100g,Food Fresh/Meat/Sidedish,3,240.0,0.0,720.0
T2025001333,2025-11-06,16:55:00,P0050,Boneless Rib Eye 250g,Food Fresh/Meat/Sidedish,3,750.0,0.0,2250.0
T2025001333,2025-11-06,16:55:00,P0052,Shine Beef Bulgogi Pack,Food Fresh/Meat/Sidedish,10,550.0,0.0,5500.0
T2025001333,2025-11-06,16:55:00,P0049,Our Home Kimchi 1Kg,Food Fresh/Meat/Sidedish,5,320.5,0.1,1442.25
T2025001334,2025-11-06,17:22:00,P0035,CJ  Multi-Grains Cooked Rice 210g,Dry Food,1,110.0,0.0,110.0
T2025001335,2025-11-06,09:53:00,P0118,Brown Rice Green Tea 50Pcs,Liquor/Beverage,2,257.0,0.25,385.5
T2025001335,2025-11-06,09:53:00,P0105,White Gold Coffee 100Sticks,Liquor/Beverage,9,1150.0,0.0,10350.0
T2025001335,2025-11-06,09:53:00,P0143,Nongshim Welchs Grape 355mL,Liquor/Beverage,9,60.0,0.0,540.0
T2025001335,2025-11-06,09:53:00,P0111,Maxim Kanu Ice Latte 10 Sticks,Liquor/Beverage,1,360.0,0.0,360.0
T2025001336,2025-11-06,11:30:00,P0100,Binggrae Ice Cream Sandwich,Food Frozen,7,80.0,0.25,420.0
T2025001337,2025-11-06,09:57:00,P0080,Samyang Buldak Original Spicy Mandu 700g,Food Frozen,2,410.0,0.0,820.0
T2025001337,2025-11-06,09:57:00,P0103,Daerim  Chaw Stick 100g,Food Frozen,10,73.0,0.0,730.0
T2025001337,2025-11-06,09:57:00,P0087,Bibigo Crispy Seaweed Roll,Food Frozen,3,260.0,0.0,780.0
T2025001337,2025-11-06,09:57:00,P0093,Bibigo Kimchi Fried Rice,Food Frozen,6,190.0,0.0,1140.0
T2025001337,2025-11-06,09:57:00,P0079,Daerim  Kimbab Ham 1Kg,Food Frozen,1,480.0,0.0,480.0
T2025001337,2025-11-06,09:57:00,P0092,Daerim  Crab Stick 500g,Food Frozen,6,210.0,0.0,1260.0
T2025001338,2025-11-06,19:06:00,P0075,Bibigo Mul Mandu 370g 2Packs,Food Frozen,9,695.0,0.05,5942.25
T2025001338,2025-11-06,19:06:00,P0089,Jongga Rice Cake 1Kg,Food Frozen,7,230.0,0.0,1610.0
T2025001338,2025-11-06,19:06:00,P0076,CJ  Crispy Hotdog,Food Frozen,3,640.0,0.0,1920.0
T2025001338,2025-11-06,19:06:00,P0102,MWC Tteok Galbi Bar,Food Frozen,6,75.0,0.0,450.0
T2025001339,2025-11-06,10:55:00,P0006,Chung Jung One Soy Sauce,Condiments,5,140.0,0.25,525.0
T2025001340,2025-11-06,18:19:00,P0082,Daerim  Crab Sticks 1Kg,Food Frozen,9,350.0,0.0,3150.0
T2025001340,2025-11-06,18:19:00,P0087,Bibigo Crispy Seaweed Roll,Food Frozen,8,260.0,0.0,2080.0
T2025001340,2025-11-06,18:19:00,P0092,Daerim  Crab Stick 500g,Food Frozen,9,210.0,0.0,1890.0
T2025001341,2025-11-06,18:58:00,P0090,Nongmin Rice Cake 1Kg,Food Frozen,8,220.0,0.0,1760.0
T2025001341,2025-11-06,18:58:00,P0089,Jongga Rice Cake 1Kg,Food Frozen,6,230.0,0.0,1380.0
T2025001341,2025-11-06,18:58:00,P0098,Daerim  Crabstick 216g,Food Frozen,9,98.0,0.0,882.0
T2025001341,2025-11-06,18:58:00,P0101,Daerim  Fish Cake Stick,Food Frozen,10,77.0,0.0,770.0
T2025001341,2025-11-06,18:58:00,P0083,Moguchon Smoked Bacon 200g,Food Frozen,7,320.0,0.0,2240.0
T2025001341,2025-11-06,18:58:00,P0086,CJ Bibigo Gyoza Dumplings,Food Frozen,8,270.0,0.0,2160.0
T2025001342,2025-11-06,16:43:00,P0087,Bibigo Crispy Seaweed Roll,Food Frozen,10,260.0,0.25,1950.0
T2025001342,2025-11-06,16:43:00,P0074,Bibigo Fried Dumplings 450g,Food Frozen,5,740.0,0.05,3515.0
T2025001343,2025-11-06,09:15:00,P0009,CJ Beksul Corn Syrup,Condiments,9,95.0,0.0,855.0
T2025001343,2025-11-06,09:15:00,P0007,Samyang Spicy Mayo,Condiments,8,130.0,0.0,1040.0
T2025001343,2025-11-06,09:15:00,P0005,Ottogi Gold Mayonnaise 300g,Condiments,3,150.0,0.0,450.0
T2025001343,2025-11-06,09:15:00,P0001,Ottogi Sesame Oil 500mL,Condiments,9,590.5,0.1,4783.05
T2025001344,2025-11-06,15:18:00,P0060,Homemade Spring Onion Kimchi 350g,Food Fresh/Meat/Sidedish,7,250.0,0.0,1750.0
T2025001345,2025-11-06,14:01:00,P0061,Dried Anchovy Medium 100g,Food Fresh/Meat/Sidedish,1,240.0,0.0,240.0
T2025001345,2025-11-06,14:01:00,P0056,Us Beef Strips 500g,Food Fresh/Meat/Sidedish,4,375.0,0.0,1500.0
T2025001346,2025-11-06,20:30:00,P0286,Crown Caramel Maple Corn,Snacks,4,80.0,0.0,320.0
T2025001346,2025-11-06,20:30:00,P0247,Choco Pie Green Tea 12Pcs,Snacks,5,200.0,0.15,850.0
T2025001346,2025-11-06,20:30:00,P0244,Wasabi Almond 190g,Snacks,1,440.0,0.0,440.0
T2025001346,2025-11-06,20:30:00,P0256,Orion Custard Cake,Snacks,5,130.0,0.2,520.0
T2025001347,2025-11-06,13:36:00,P0071,Kongsarang Firm Tofu,Food Fresh/Meat/Sidedish,3,65.0,0.0,195.0
T2025001348,2025-11-06,09:31:00,P0010,Daerim  Big Smoke Ham 1Kg,Dry Food,6,480.0,0.0,2880.0
T2025001349,2025-11-06,14:35:00,P0012,Ottogi Glass Noodle 1Kg,Dry Food,4,300.0,0.0,1200.0
T2025001349,2025-11-06,14:35:00,P0031,Yopokki Cheese Cup 120g,Dry Food,8,120.0,0.0,960.0
T2025001350,2025-11-06,11:39:00,P0049,Our Home Kimchi 1Kg,Food Fresh/Meat/Sidedish,5,320.5,0.15,1362.12
T2025001350,2025-11-06,11:39:00,P0073,Perilla Leaves 2Packs,Food Fresh/Meat/Sidedish,1,40.0,0.0,40.0
T2025001350,2025-11-06,11:39:00,P0058,Homemade Kimchi 850g,Food Fresh/Meat/Sidedish,1,290.0,0.25,217.5
T2025001351,2025-11-06,21:53:00,P0055,Beef Enoki Roll 500g,Food Fresh/Meat/Sidedish,4,410.0,0.25,1230.0
T2025001351,2025-11-06,21:53:00,P0059,Pork Belly (Samgyupsal) 500g,Food Fresh/Meat/Sidedish,1,275.0,0.15,233.75
T2025001351,2025-11-06,21:53:00,P0058,Homemade Kimchi 850g,Food Fresh/Meat/Sidedish,8,290.0,0.15,1972.0
T2025001351,2025-11-06,21:53:00,P0052,Shine Beef Bulgogi Pack,Food Fresh/Meat/Sidedish,7,550.0,0.0,3850.0
T2025001352,2025-11-06,21:25:00,P0135,KSD Peach Rice Wine 750mL,Liquor/Beverage,10,105.0,0.0,1050.0
T2025001352,2025-11-06,21:25:00,P0140,Woongjin Yogurt Peach 340mL,Liquor/Beverage,4,60.0,0.0,240.0
T2025001352,2025-11-06,21:25:00,P0110,Mitte Hot Choco Original 300g,Liquor/Beverage,9,370.0,0.0,3330.0
T2025001352,2025-11-06,21:25:00,P0143,Nongshim Welchs Grape 355mL,Liquor/Beverage,9,60.0,0.0,540.0
T2025001352,2025-11-06,21:25:00,P0139,Paldo Pororo Juice,Liquor/Beverage,8,65.0,0.2,416.0
T2025001353,2025-11-06,19:09:00,P0002,Ottogi Gold Mayonnaise 500g,Condiments,3,235.0,0.0,705.0
T2025001353,2025-11-06,19:09:00,P0007,Samyang Spicy Mayo,Condiments,9,130.0,0.0,1170.0
T2025001353,2025-11-06,19:09:00,P0005,Ottogi Gold Mayonnaise 300g,Condiments,8,150.0,0.0,1200.0
T2025001354,2025-11-06,21:53:00,P0280,Nongshim Potato Sticks,Snacks,2,85.0,0.0,170.0
T2025001354,2025-11-06,21:53:00,P0268,Samlip Walnut Pie,Snacks,9,110.0,0.0,990.0
T2025001355,2025-11-06,11:17:00,P0214,Jin Soy Sauce Rich & Savory 860mL,Seasoned/Sauce/Powder,4,315.0,0.0,1260.0
T2025001356,2025-11-06,20:19:00,P0125,Jinro Fresh Soju,Liquor/Beverage,6,170.0,0.0,1020.0
T2025001356,2025-11-06,20:19:00,P0138,Kirin Ichiban Beer 330mL,Liquor/Beverage,10,68.0,0.0,680.0
T2025001356,2025-11-06,20:19:00,P0107,Ottogi Honey Ginger Tea 1Kg,Liquor/Beverage,2,530.0,0.0,1060.0
T2025001356,2025-11-06,20:19:00,P0130,Sunhari Apple 360mL,Liquor/Beverage,2,120.0,0.0,240.0
T2025001356,2025-11-06,20:19:00,P0134,KSD Green Grape Rice Wine 750mL,Liquor/Beverage,8,105.0,0.0,840.0
T2025001357,2025-11-06,19:29:00,P0046,CJ Beksul Potato Starch,Dry Food,3,85.0,0.0,255.0
T2025001357,2025-11-06,19:29:00,P0024,O'Food Kimchi Soup Mix,Dry Food,6,150.0,0.0,900.0
T2025001357,2025-11-06,19:29:00,P0028,CJ Bibigo Seaweed Soup,Dry Food,6,140.0,0.0,840.0
T2025001357,2025-11-06,19:29:00,P0047,Dongwon Spicy Tuna,Dry Food,10,80.0,0.0,800.0
T2025001357,2025-11-06,19:29:00,P0042,CJ Hetbahn Brown Rice,Dry Food,4,95.0,0.25,285.0
T2025001358,2025-11-06,08:03:00,P0013,Dongwon  Whelk In Can 140g,Dry Food,2,280.0,0.0,560.0
T2025001358,2025-11-06,08:03:00,P0043,CJ Hetbahn Cooked Barley,Dry Food,6,95.0,0.0,570.0
T2025001358,2025-11-06,08:03:00,P0040,Ottogi Sweet Corn 340g,Dry Food,1,95.0,0.0,95.0
T2025001358,2025-11-06,08:03:00,P0039,Ottogi 3Mins Curry,Dry Food,7,99.0,0.15,589.05
T2025001359,2025-11-06,16:55:00,P0007,Samyang Spicy Mayo,Condiments,6,130.0,0.0,780.0
T2025001359,2025-11-06,16:55:00,P0001,Ottogi Sesame Oil 500mL,Condiments,2,590.5,0.0,1181.0
T2025001359,2025-11-06,16:55:00,P0002,Ottogi Gold Mayonnaise 500g,Condiments,7,235.0,0.0,1645.0
T2025001359,2025-11-06,16:55:00,P0008,Ottogi Corn Syrup,Condiments,9,98.0,0.0,882.0
T2025001360,2025-11-06,10:07:00,P0240,Ottogi Spaghetti Sauce,Seasoned/Sauce/Powder,1,115.0,0.0,115.0
T2025001360,2025-11-06,10:07:00,P0215,Ottogi Wasabi Powder 300g,Seasoned/Sauce/Powder,4,290.0,0.0,1160.0
T2025001361,2025-11-06,14:20:00,P0073,Perilla Leaves 2Packs,Food Fresh/Meat/Sidedish,2,40.0,0.0,80.0
T2025001361,2025-11-06,14:20:00,P0068,Enoki Mushroom 150G 2Packs,Food Fresh/Meat/Sidedish,5,120.0,0.0,600.0
T2025001361,2025-11-06,14:20:00,P0050,Boneless Rib Eye 250g,Food Fresh/Meat/Sidedish,5,750.0,0.0,3750.0
T2025001362,2025-11-06,12:09:00,P0095,Samlip Fish Cake Sheets,Food Frozen,8,150.0,0.0,1200.0
T2025001362,2025-11-06,12:09:00,P0091,CJ Bibigo Japchae,Food Frozen,7,220.0,0.0,1540.0
T2025001363,2025-11-06,13:38:00,P0196,Paldo Cheese Ramen,Noodles,10,55.0,0.0,550.0
T2025001364,2025-11-06,19:52:00,P0246,Post Almond Flakes,Snacks,9,245.0,0.0,2205.0
T2025001364,2025-11-06,19:52:00,P0300,Can Choco Balls,Snacks,1,45.0,0.0,45.0
T2025001364,2025-11-06,19:52:00,P0262,Orion Custard Pineapple,Snacks,1,120.0,0.0,120.0
T2025001364,2025-11-06,19:52:00,P0249,Lotte Chocopie 12Pcs,Snacks,2,200.0,0.0,400.0
T2025001365,2025-11-06,08:00:00,P0218,CJ Beksul Beef Bulgogi Sauce 500g,Seasoned/Sauce/Powder,1,250.0,0.0,250.0
T2025001365,2025-11-06,08:00:00,P0222,CJ  Soybean Paste 1Kg,Seasoned/Sauce/Powder,7,208.0,0.0,1456.0
T2025001365,2025-11-06,08:00:00,P0228,Sempio Gochujang (500g),Seasoned/Sauce/Powder,1,145.0,0.0,145.0
T2025001365,2025-11-06,08:00:00,P0225,Chung Jung One Soybean Paste,Seasoned/Sauce/Powder,2,160.0,0.0,320.0
T2025001366,2025-11-06,12:36:00,P0067,Wasabi Radish Wrapper 340g,Food Fresh/Meat/Sidedish,9,145.0,0.0,1305.0
T2025001366,2025-11-06,12:36:00,P0054,Chadolbagi Wagyu 500g,Food Fresh/Meat/Sidedish,10,475.0,0.0,4750.0
T2025001366,2025-11-06,12:36:00,P0051,Us Premium Rib Eye 500g,Food Fresh/Meat/Sidedish,9,725.0,0.0,6525.0
T2025001366,2025-11-06,12:36:00,P0060,Homemade Spring Onion Kimchi 350g,Food Fresh/Meat/Sidedish,7,250.0,0.0,1750.0
T2025001366,2025-11-06,12:36:00,P0073,Perilla Leaves 2Packs,Food Fresh/Meat/Sidedish,2,40.0,0.0,80.0
T2025001366,2025-11-06,12:36:00,P0071,Kongsarang Firm Tofu,Food Fresh/Meat/Sidedish,7,65.0,0.0,455.0
T2025001367,2025-11-06,09:45:00,P0219,CJ Beksul Spicy Pork Sauce 500g,Seasoned/Sauce/Powder,4,240.0,0.1,864.0
T2025001367,2025-11-06,09:45:00,P0218,CJ Beksul Beef Bulgogi Sauce 500g,Seasoned/Sauce/Powder,7,250.0,0.0,1750.0
T2025001367,2025-11-06,09:45:00,P0216,CJ Beksul Chicken Frying Mix 1Kg,Seasoned/Sauce/Powder,8,257.0,0.0,2056.0
T2025001367,2025-11-06,09:45:00,P0221,CJ  Gochujang 500g,Seasoned/Sauce/Powder,3,220.0,0.0,660.0
T2025001367,2025-11-06,09:45:00,P0238,Ottogi Curry Mild,Seasoned/Sauce/Powder,5,115.0,0.0,575.0
T2025001367,2025-11-06,09:45:00,P0243,CJ  Ssamjang 170g,Seasoned/Sauce/Powder,5,88.0,0.0,440.0
T2025001368,2025-11-06,19:10:00,P0137,Hite Beer Can,Liquor/Beverage,3,80.0,0.0,240.0
T2025001368,2025-11-06,19:10:00,P0141,Woongjin Yogurt Apple 340mL,Liquor/Beverage,1,60.0,0.0,60.0
T2025001368,2025-11-06,19:10:00,P0142,Nongshim Welchs White Grape 355mL,Liquor/Beverage,4,60.0,0.0,240.0
T2025001369,2025-11-06,13:17:00,P0139,Paldo Pororo Juice,Liquor/Beverage,7,65.0,0.0,455.0
T2025001369,2025-11-06,13:17:00,P0124,Terra Lager Beer 500mL,Liquor/Beverage,8,170.0,0.0,1360.0
T2025001370,2025-11-06,11:11:00,P0260,Binch Biscuit,Snacks,6,120.0,0.15,612.0
T2025001370,2025-11-06,11:11:00,P0244,Wasabi Almond 190g,Snacks,3,440.0,0.0,1320.0
T2025001370,2025-11-06,11:11:00,P0277,Orion Turtle Chips Sweet Corn,Snacks,3,89.0,0.0,267.0
T2025001370,2025-11-06,11:11:00,P0280,Nongshim Potato Sticks,Snacks,6,85.0,0.0,510.0
T2025001370,2025-11-06,11:11:00,P0286,Crown Caramel Maple Corn,Snacks,4,80.0,0.0,320.0
T2025001371,2025-11-06,12:33:00,P0110,Mitte Hot Choco Original 300g,Liquor/Beverage,9,370.0,0.0,3330.0
T2025001372,2025-11-06,19:20:00,P0210,2Mins Snack Men,Noodles,3,40.0,0.0,120.0
T2025001372,2025-11-06,19:20:00,P0164,Samyang Buldak 4 Cheese 145g,Noodles,1,88.0,0.0,88.0
T2025001372,2025-11-06,19:20:00,P0203,Jin Ramen Spicy Cup,Noodles,7,50.0,0.0,350.0
T2025001373,2025-11-06,09:31:00,P0055,Beef Enoki Roll 500g,Food Fresh/Meat/Sidedish,10,410.0,0.0,4100.0
T2025001373,2025-11-06,09:31:00,P0049,Our Home Kimchi 1Kg,Food Fresh/Meat/Sidedish,4,320.5,0.0,1282.0
T2025001373,2025-11-06,09:31:00,P0068,Enoki Mushroom 150G 2Packs,Food Fresh/Meat/Sidedish,3,120.0,0.1,324.0
T2025001373,2025-11-06,09:31:00,P0053,Shine Spicy Pork Bulgogi Pack,Food Fresh/Meat/Sidedish,6,500.0,0.0,3000.0
T2025001374,2025-11-06,18:13:00,P0095,Samlip Fish Cake Sheets,Food Frozen,3,150.0,0.0,450.0
T2025001374,2025-11-06,18:13:00,P0098,Daerim  Crabstick 216g,Food Frozen,5,98.0,0.0,490.0
T2025001374,2025-11-06,18:13:00,P0087,Bibigo Crispy Seaweed Roll,Food Frozen,1,260.0,0.0,260.0
T2025001374,2025-11-06,18:13:00,P0088,Dongwon  Real Crabs 144g ,Food Frozen,3,259.0,0.0,777.0
T2025001375,2025-11-06,16:04:00,P0033,CJ Beksul Frying Mix,Dry Food,5,120.0,0.0,600.0
T2025001375,2025-11-06,16:04:00,P0020,CJ Beksul Hotteok Mix,Dry Food,6,185.0,0.0,1110.0
T2025001375,2025-11-06,16:04:00,P0022,Ottogi Tteokbokki Cup,Dry Food,4,160.0,0.0,640.0
T2025001375,2025-11-06,16:04:00,P0023,Dongwon  Luncheon Meat 340g,Dry Food,7,155.0,0.0,1085.0
T2025001376,2025-11-06,13:02:00,P0116,Maxim Mocha Gold Coffee Mix 20Pcs,Liquor/Beverage,8,275.0,0.0,2200.0
T2025001376,2025-11-06,13:02:00,P0118,Brown Rice Green Tea 50Pcs,Liquor/Beverage,8,257.0,0.0,2056.0
T2025001377,2025-11-06,11:27:00,P0276,Orion Sun Chips Korean BBQ,Snacks,3,90.0,0.0,270.0
T2025001377,2025-11-06,11:27:00,P0248,Choco Pie Black Sugar 12Pcs,Snacks,8,200.0,0.0,1600.0
T2025001377,2025-11-06,11:27:00,P0253,Orion Market O Brownie,Snacks,1,170.0,0.0,170.0
T2025001378,2025-11-06,16:00:00,P0212,Beef Dasida (Soup Stock) 1Kg,Seasoned/Sauce/Powder,6,550.0,0.0,3300.0
T2025001378,2025-11-06,16:00:00,P0234,CJ Beksul Spicy Pork Sauce 290g,Seasoned/Sauce/Powder,7,130.0,0.0,910.0
T2025001378,2025-11-06,16:00:00,P0221,CJ  Gochujang 500g,Seasoned/Sauce/Powder,7,220.0,0.1,1386.0
T2025001378,2025-11-06,16:00:00,P0240,Ottogi Spaghetti Sauce,Seasoned/Sauce/Powder,8,115.0,0.0,920.0
T2025001379,2025-11-06,18:27:00,P0056,Us Beef Strips 500g,Food Fresh/Meat/Sidedish,7,375.0,0.0,2625.0
T2025001379,2025-11-06,18:27:00,P0054,Chadolbagi Wagyu 500g,Food Fresh/Meat/Sidedish,6,475.0,0.15,2422.5
T2025001379,2025-11-06,18:27:00,P0063,Our Home Kimchi 1Kg Jar,Food Fresh/Meat/Sidedish,7,190.0,0.0,1330.0
T2025001379,2025-11-06,18:27:00,P0049,Our Home Kimchi 1Kg,Food Fresh/Meat/Sidedish,8,320.5,0.0,2564.0
T2025001380,2025-11-06,18:26:00,P0256,Orion Custard Cake,Snacks,10,130.0,0.15,1105.0
T2025001380,2025-11-06,18:26:00,P0274,Haitai Matdongsan,Snacks,3,95.0,0.0,285.0
T2025001380,2025-11-06,18:26:00,P0282,Orion Choco Boy,Snacks,6,85.0,0.1,459.0
T2025001380,2025-11-06,18:26:00,P0283,Orion Ogingo Ttangkong,Snacks,10,83.0,0.0,830.0
T2025001380,2025-11-06,18:26:00,P0284,Kkokal Sweet Corn Snack,Snacks,7,80.0,0.0,560.0
T2025001381,2025-11-06,18:09:00,P0079,Daerim  Kimbab Ham 1Kg,Food Frozen,3,480.0,0.15,1224.0
T2025001381,2025-11-06,18:09:00,P0094,MWC Frank Sausage 5Pcs,Food Frozen,3,173.0,0.0,519.0
T2025001381,2025-11-06,18:09:00,P0103,Daerim  Chaw Stick 100g,Food Frozen,1,73.0,0.0,73.0
T2025001381,2025-11-06,18:09:00,P0104,Pepero Original,Food Frozen,3,55.0,0.0,165.0
T2025001382,2025-11-06,20:07:00,P0008,Ottogi Corn Syrup,Condiments,8,98.0,0.0,784.0
T2025001383,2025-11-06,18:16:00,P0241,CJ Anchovy Sauce 500g,Seasoned/Sauce/Powder,8,105.0,0.0,840.0
T2025001383,2025-11-06,18:16:00,P0231,O'Food Bulgogi Marinade,Seasoned/Sauce/Powder,8,145.0,0.0,1160.0
T2025001384,2025-11-06,16:35:00,P0024,O'Food Kimchi Soup Mix,Dry Food,10,150.0,0.05,1425.0
T2025001384,2025-11-06,16:35:00,P0034,CJ  Cooked Rice,Dry Food,4,116.0,0.15,394.4
T2025001384,2025-11-06,16:35:00,P0017,Bibigo Seaweed Flakes 50g,Dry Food,6,210.0,0.0,1260.0
T2025001384,2025-11-06,16:35:00,P0031,Yopokki Cheese Cup 120g,Dry Food,6,120.0,0.1,648.0
T2025001384,2025-11-06,16:35:00,P0022,Ottogi Tteokbokki Cup,Dry Food,9,160.0,0.0,1440.0
T2025001384,2025-11-06,16:35:00,P0013,Dongwon  Whelk In Can 140g,Dry Food,5,280.0,0.0,1400.0
T2025001385,2025-11-06,19:01:00,P0144,Nongshim Welchs Strawberry 355mL,Liquor/Beverage,9,60.0,0.0,540.0
T2025001385,2025-11-06,19:01:00,P0148,Binggrae Strawberry Milk,Liquor/Beverage,10,45.0,0.0,450.0
T2025001385,2025-11-06,19:01:00,P0112,Teazen Diet Tea Berry 10 Sticks,Liquor/Beverage,1,290.0,0.0,290.0
T2025001386,2025-11-06,14:56:00,P0134,KSD Green Grape Rice Wine 750mL,Liquor/Beverage,10,105.0,0.0,1050.0
T2025001386,2025-11-06,14:56:00,P0130,Sunhari Apple 360mL,Liquor/Beverage,6,120.0,0.0,720.0
T2025001386,2025-11-06,14:56:00,P0110,Mitte Hot Choco Original 300g,Liquor/Beverage,2,370.0,0.0,740.0
T2025001386,2025-11-06,14:56:00,P0111,Maxim Kanu Ice Latte 10 Sticks,Liquor/Beverage,9,360.0,0.0,3240.0
T2025001386,2025-11-06,14:56:00,P0119,Sempio Yuzu Tea,Liquor/Beverage,5,250.0,0.0,1250.0
T2025001386,2025-11-06,14:56:00,P0129,Sunhari Grape 360mL,Liquor/Beverage,4,120.0,0.0,480.0
T2025001387,2025-11-06,11:33:00,P0140,Woongjin Yogurt Peach 340mL,Liquor/Beverage,10,60.0,0.0,600.0
T2025001387,2025-11-06,11:33:00,P0116,Maxim Mocha Gold Coffee Mix 20Pcs,Liquor/Beverage,10,275.0,0.0,2750.0
T2025001387,2025-11-06,11:33:00,P0133,Sunhari Blueberry 360mL,Liquor/Beverage,10,120.0,0.0,1200.0
T2025001387,2025-11-06,11:33:00,P0139,Paldo Pororo Juice,Liquor/Beverage,2,65.0,0.0,130.0
T2025001387,2025-11-06,11:33:00,P0111,Maxim Kanu Ice Latte 10 Sticks,Liquor/Beverage,4,360.0,0.25,1080.0
T2025001388,2025-11-06,19:13:00,P0058,Homemade Kimchi 850g,Food Fresh/Meat/Sidedish,5,290.0,0.0,1450.0
T2025001389,2025-11-06,19:33:00,P0004,O'Food Korean Chili Oil,Condiments,1,160.0,0.0,160.0
T2025001389,2025-11-06,19:33:00,P0009,CJ Beksul Corn Syrup,Condiments,3,95.0,0.0,285.0
T2025001389,2025-11-06,19:33:00,P0005,Ottogi Gold Mayonnaise 300g,Condiments,3,150.0,0.0,450.0
T2025001389,2025-11-06,19:33:00,P0001,Ottogi Sesame Oil 500mL,Condiments,7,590.5,0.15,3513.47
T2025001389,2025-11-06,19:33:00,P0002,Ottogi Gold Mayonnaise 500g,Condiments,8,235.0,0.0,1880.0
T2025001390,2025-11-06,17:06:00,P0104,Pepero Original,Food Frozen,6,55.0,0.0,330.0
T2025001390,2025-11-06,17:06:00,P0093,Bibigo Kimchi Fried Rice,Food Frozen,8,190.0,0.0,1520.0
T2025001391,2025-11-06,14:32:00,P0074,Bibigo Fried Dumplings 450g,Food Frozen,2,740.0,0.0,1480.0
T2025001391,2025-11-06,14:32:00,P0078,Spanish Mackerel 340g,Food Frozen,9,500.0,0.0,4500.0
T2025001392,2025-11-06,10:44:00,P0073,Perilla Leaves 2Packs,Food Fresh/Meat/Sidedish,3,40.0,0.0,120.0
T2025001392,2025-11-06,10:44:00,P0061,Dried Anchovy Medium 100g,Food Fresh/Meat/Sidedish,3,240.0,0.1,648.0
T2025001392,2025-11-06,10:44:00,P0063,Our Home Kimchi 1Kg Jar,Food Fresh/Meat/Sidedish,8,190.0,0.0,1520.0
T2025001393,2025-11-06,20:18:00,P0299,Lotte Xylitol Green Gum,Snacks,1,55.0,0.15,46.75
T2025001393,2025-11-06,20:18:00,P0295,Pepero Almond,Snacks,10,55.0,0.0,550.0
T2025001394,2025-11-06,19:19:00,P0230,CJ Beksul Pancake Sauce,Seasoned/Sauce/Powder,10,145.0,0.0,1450.0
T2025001394,2025-11-06,19:19:00,P0213,Sempio Yondu 500mL,Seasoned/Sauce/Powder,1,345.0,0.0,345.0
T2025001394,2025-11-06,19:19:00,P0216,CJ Beksul Chicken Frying Mix 1Kg,Seasoned/Sauce/Powder,4,257.0,0.0,1028.0
T2025001395,2025-11-06,13:39:00,P0194,Shin Ramen Kimchi,Noodles,1,55.0,0.0,55.0
T2025001395,2025-11-06,13:39:00,P0155,Nongshim Dungji Mul Nengmyeon (Cold Noodle),Noodles,3,95.0,0.0,285.0
T2025001395,2025-11-06,13:39:00,P0157,Nongshim Yachae Ramyeon 100g,Noodles,6,93.0,0.0,558.0
T2025001396,2025-11-06,13:32:00,P0056,Us Beef Strips 500g,Food Fresh/Meat/Sidedish,10,375.0,0.0,3750.0
T2025001396,2025-11-06,13:32:00,P0051,Us Premium Rib Eye 500g,Food Fresh/Meat/Sidedish,8,725.0,0.0,5800.0
T2025001396,2025-11-06,13:32:00,P0060,Homemade Spring Onion Kimchi 350g,Food Fresh/Meat/Sidedish,2,250.0,0.0,500.0
T2025001396,2025-11-06,13:32:00,P0062,Dried Anchovy Small 100g,Food Fresh/Meat/Sidedish,4,240.0,0.0,960.0
T2025001396,2025-11-06,13:32:00,P0068,Enoki Mushroom 150G 2Packs,Food Fresh/Meat/Sidedish,1,120.0,0.0,120.0
T2025001397,2025-11-06,09:06:00,P0096,Daerim  Vienna Sausage 170g,Food Frozen,7,145.0,0.05,964.25
T2025001397,2025-11-06,09:06:00,P0078,Spanish Mackerel 340g,Food Frozen,10,500.0,0.0,5000.0
T2025001398,2025-11-06,12:23:00,P0123,Cass Cold Brewed Beer 500mL,Liquor/Beverage,9,170.0,0.0,1530.0
T2025001398,2025-11-06,12:23:00,P0130,Sunhari Apple 360mL,Liquor/Beverage,5,120.0,0.0,600.0
T2025001399,2025-11-06,10:59:00,P0116,Maxim Mocha Gold Coffee Mix 20Pcs,Liquor/Beverage,2,275.0,0.0,550.0
T2025001399,2025-11-06,10:59:00,P0137,Hite Beer Can,Liquor/Beverage,10,80.0,0.0,800.0
T2025001399,2025-11-06,10:59:00,P0106,Mocha Gold Coffee 100Sticks,Liquor/Beverage,3,1100.0,0.0,3300.0
T2025001400,2025-11-06,14:56:00,P0088,Dongwon  Real Crabs 144g ,Food Frozen,2,259.0,0.0,518.0
T2025001400,2025-11-06,14:56:00,P0086,CJ Bibigo Gyoza Dumplings,Food Frozen,1,270.0,0.0,270.0
T2025001400,2025-11-06,14:56:00,P0085,Bibigo Bulgogi Mandu,Food Frozen,2,280.0,0.0,560.0
T2025001400,2025-11-06,14:56:00,P0092,Daerim  Crab Stick 500g,Food Frozen,10,210.0,0.0,2100.0
T2025001400,2025-11-06,14:56:00,P0099,Daerim  Chaw Spicy Stick 90g,Food Frozen,5,80.0,0.0,400.0
T2025001400,2025-11-06,14:56:00,P0096,Daerim  Vienna Sausage 170g,Food Frozen,8,145.0,0.0,1160.0
T2025001401,2025-11-06,15:59:00,P0082,Daerim  Crab Sticks 1Kg,Food Frozen,3,350.0,0.1,945.0
T2025001401,2025-11-06,15:59:00,P0104,Pepero Original,Food Frozen,8,55.0,0.0,440.0
T2025001401,2025-11-06,15:59:00,P0103,Daerim  Chaw Stick 100g,Food Frozen,7,73.0,0.0,511.0
T2025001401,2025-11-06,15:59:00,P0086,CJ Bibigo Gyoza Dumplings,Food Frozen,2,270.0,0.0,540.0
T2025001401,2025-11-06,15:59:00,P0087,Bibigo Crispy Seaweed Roll,Food Frozen,2,260.0,0.0,520.0
T2025001402,2025-11-06,10:16:00,P0013,Dongwon  Whelk In Can 140g,Dry Food,9,280.0,0.0,2520.0
T2025001402,2025-11-06,10:16:00,P0027,Yopokki Cheese 240g,Dry Food,6,145.0,0.0,870.0
T2025001402,2025-11-06,10:16:00,P0019,Haepyo Crispy Seaweed 9Pcs,Dry Food,9,188.0,0.0,1692.0
T2025001402,2025-11-06,10:16:00,P0022,Ottogi Tteokbokki Cup,Dry Food,1,160.0,0.0,160.0
T2025001402,2025-11-06,10:16:00,P0034,CJ  Cooked Rice,Dry Food,3,116.0,0.0,348.0
T2025001402,2025-11-06,10:16:00,P0040,Ottogi Sweet Corn 340g,Dry Food,9,95.0,0.0,855.0
T2025001403,2025-11-06,15:38:00,P0064,Kimbab Radish 400g,Food Fresh/Meat/Sidedish,5,185.0,0.0,925.0
T2025001403,2025-11-06,15:38:00,P0059,Pork Belly (Samgyupsal) 500g,Food Fresh/Meat/Sidedish,8,275.0,0.15,1870.0
T2025001403,2025-11-06,15:38:00,P0070,Skinless Garlic 150G,Food Fresh/Meat/Sidedish,10,65.0,0.0,650.0
T2025001404,2025-11-06,11:12:00,P0226,CJ Beksul Sweet Korean Pancake Mix 400g,Seasoned/Sauce/Powder,3,155.0,0.0,465.0
T2025001405,2025-11-06,21:10:00,P0221,CJ  Gochujang 500g,Seasoned/Sauce/Powder,4,220.0,0.0,880.0
T2025001405,2025-11-06,21:10:00,P0220,CJ  Tteokbokki Sauce 150G 2Pcs,Seasoned/Sauce/Powder,8,235.0,0.0,1880.0
T2025001405,2025-11-06,21:10:00,P0228,Sempio Gochujang (500g),Seasoned/Sauce/Powder,4,145.0,0.0,580.0
T2025001405,2025-11-06,21:10:00,P0232,O'Food Tofu Stew Base,Seasoned/Sauce/Powder,1,135.0,0.0,135.0
T2025001405,2025-11-06,21:10:00,P0234,CJ Beksul Spicy Pork Sauce 290g,Seasoned/Sauce/Powder,5,130.0,0.0,650.0
T2025001405,2025-11-06,21:10:00,P0225,Chung Jung One Soybean Paste,Seasoned/Sauce/Powder,6,160.0,0.0,960.0
T2025001406,2025-11-06,17:22:00,P0114,Banana Milk 200mL 6Pcs,Liquor/Beverage,6,290.0,0.0,1740.0
T2025001406,2025-11-06,17:22:00,P0109,(꽃샘) Concentrated Flavored Drink 600g,Liquor/Beverage,2,370.0,0.15,629.0
T2025001406,2025-11-06,17:22:00,P0133,Sunhari Blueberry 360mL,Liquor/Beverage,4,120.0,0.0,480.0
T2025001406,2025-11-06,17:22:00,P0142,Nongshim Welchs White Grape 355mL,Liquor/Beverage,1,60.0,0.0,60.0
T2025001406,2025-11-06,17:22:00,P0107,Ottogi Honey Ginger Tea 1Kg,Liquor/Beverage,9,530.0,0.0,4770.0
T2025001407,2025-11-06,14:41:00,P0051,Us Premium Rib Eye 500g,Food Fresh/Meat/Sidedish,4,725.0,0.0,2900.0
T2025001408,2025-11-06,16:19:00,P0007,Samyang Spicy Mayo,Condiments,1,130.0,0.0,130.0
T2025001409,2025-11-06,13:09:00,P0049,Our Home Kimchi 1Kg,Food Fresh/Meat/Sidedish,5,320.5,0.0,1602.5
T2025001409,2025-11-06,13:09:00,P0062,Dried Anchovy Small 100g,Food Fresh/Meat/Sidedish,6,240.0,0.2,1152.0
T2025001409,2025-11-06,13:09:00,P0061,Dried Anchovy Medium 100g,Food Fresh/Meat/Sidedish,4,240.0,0.0,960.0
T2025001410,2025-11-06,12:31:00,P0191,Paldo Teumsae Ramen,Noodles,3,60.0,0.0,180.0
T2025001410,2025-11-06,12:31:00,P0181,Paldo Bibim Cold Noodles,Noodles,9,65.0,0.0,585.0
T2025001410,2025-11-06,12:31:00,P0188,Nagasaki Jjampong,Noodles,1,60.0,0.0,60.0
T2025001410,2025-11-06,12:31:00,P0192,Nongshim Soon Veggie Ramen,Noodles,7,58.0,0.0,406.0
T2025001410,2025-11-06,12:31:00,P0180,Samyang Curry Ramen,Noodles,8,68.0,0.0,544.0
T2025001410,2025-11-06,12:31:00,P0153,Samyang Buldak Cheese Cup,Noodles,5,110.0,0.0,550.0
T2025001411,2025-11-06,11:13:00,P0183,Samyang Kimchi Ramen Bowl,Noodles,8,65.0,0.0,520.0
T2025001412,2025-11-06,20:28:00,P0098,Daerim  Crabstick 216g,Food Frozen,3,98.0,0.0,294.0
T2025001412,2025-11-06,20:28:00,P0104,Pepero Original,Food Frozen,8,55.0,0.0,440.0
T2025001412,2025-11-06,20:28:00,P0102,MWC Tteok Galbi Bar,Food Frozen,7,75.0,0.0,525.0
T2025001413,2025-11-06,10:01:00,P0102,MWC Tteok Galbi Bar,Food Frozen,3,75.0,0.0,225.0
T2025001413,2025-11-06,10:01:00,P0076,CJ  Crispy Hotdog,Food Frozen,3,640.0,0.0,1920.0
T2025001413,2025-11-06,10:01:00,P0085,Bibigo Bulgogi Mandu,Food Frozen,8,280.0,0.05,2128.0
T2025001413,2025-11-06,10:01:00,P0079,Daerim  Kimbab Ham 1Kg,Food Frozen,4,480.0,0.15,1632.0
T2025001414,2025-11-06,14:49:00,P0226,CJ Beksul Sweet Korean Pancake Mix 400g,Seasoned/Sauce/Powder,8,155.0,0.0,1240.0
T2025001415,2025-11-06,12:20:00,P0143,Nongshim Welchs Grape 355mL,Liquor/Beverage,4,60.0,0.0,240.0
T2025001415,2025-11-06,12:20:00,P0145,Binggrae Melon Soda,Liquor/Beverage,8,60.0,0.0,480.0
T2025001415,2025-11-06,12:20:00,P0141,Woongjin Yogurt Apple 340mL,Liquor/Beverage,8,60.0,0.0,480.0
T2025001416,2025-11-06,09:32:00,P0117,Maxim Kanu Dark Roast 10 Sticks,Liquor/Beverage,1,260.0,0.0,260.0
T2025001417,2025-11-06,15:48:00,P0204,Ottogi Cup Ramen Kimchi,Noodles,7,50.0,0.0,350.0
T2025001417,2025-11-06,15:48:00,P0177,Ottogi Beef Seaweed Soup Ramen,Noodles,10,70.0,0.25,525.0
T2025001417,2025-11-06,15:48:00,P0178,Samyang Mala Buldak,Noodles,6,70.0,0.15,357.0
T2025001418,2025-11-06,13:47:00,P0056,Us Beef Strips 500g,Food Fresh/Meat/Sidedish,4,375.0,0.25,1125.0
T2025001418,2025-11-06,13:47:00,P0055,Beef Enoki Roll 500g,Food Fresh/Meat/Sidedish,10,410.0,0.0,4100.0
T2025001418,2025-11-06,13:47:00,P0066,Imported Kimchi Big Tub 850g,Food Fresh/Meat/Sidedish,9,150.0,0.0,1350.0
T2025001419,2025-11-06,15:54:00,P0157,Nongshim Yachae Ramyeon 100g,Noodles,8,93.0,0.0,744.0
T2025001419,2025-11-06,15:54:00,P0159,Nongshim Neuguri Cup 111g,Noodles,5,90.0,0.2,360.0
T2025001419,2025-11-06,15:54:00,P0178,Samyang Mala Buldak,Noodles,2,70.0,0.2,112.0
T2025001420,2025-11-06,12:29:00,P0116,Maxim Mocha Gold Coffee Mix 20Pcs,Liquor/Beverage,3,275.0,0.0,825.0
T2025001420,2025-11-06,12:29:00,P0148,Binggrae Strawberry Milk,Liquor/Beverage,6,45.0,0.0,270.0
T2025001420,2025-11-06,12:29:00,P0134,KSD Green Grape Rice Wine 750mL,Liquor/Beverage,5,105.0,0.0,525.0
T2025001421,2025-11-06,13:58:00,P0103,Daerim  Chaw Stick 100g,Food Frozen,7,73.0,0.0,511.0
T2025001422,2025-11-06,08:24:00,P0231,O'Food Bulgogi Marinade,Seasoned/Sauce/Powder,2,145.0,0.0,290.0
T2025001422,2025-11-06,08:24:00,P0226,CJ Beksul Sweet Korean Pancake Mix 400g,Seasoned/Sauce/Powder,10,155.0,0.2,1240.0
T2025001423,2025-11-06,19:59:00,P0063,Our Home Kimchi 1Kg Jar,Food Fresh/Meat/Sidedish,2,190.0,0.0,380.0
T2025001423,2025-11-06,19:59:00,P0071,Kongsarang Firm Tofu,Food Fresh/Meat/Sidedish,4,65.0,0.0,260.0
T2025001423,2025-11-06,19:59:00,P0064,Kimbab Radish 400g,Food Fresh/Meat/Sidedish,7,185.0,0.1,1165.5
T2025001423,2025-11-06,19:59:00,P0058,Homemade Kimchi 850g,Food Fresh/Meat/Sidedish,8,290.0,0.0,2320.0
T2025001423,2025-11-06,19:59:00,P0067,Wasabi Radish Wrapper 340g,Food Fresh/Meat/Sidedish,4,145.0,0.0,580.0
T2025001423,2025-11-06,19:59:00,P0053,Shine Spicy Pork Bulgogi Pack,Food Fresh/Meat/Sidedish,3,500.0,0.0,1500.0
T2025001424,2025-11-06,17:38:00,P0008,Ottogi Corn Syrup,Condiments,10,98.0,0.0,980.0
T2025001424,2025-11-06,17:38:00,P0006,Chung Jung One Soy Sauce,Condiments,3,140.0,0.0,420.0
T2025001424,2025-11-06,17:38:00,P0001,Ottogi Sesame Oil 500mL,Condiments,2,590.5,0.0,1181.0
T2025001425,2025-11-06,19:46:00,P0112,Teazen Diet Tea Berry 10 Sticks,Liquor/Beverage,4,290.0,0.1,1044.0
T2025001425,2025-11-06,19:46:00,P0132,Sunhari Strawberry 360mL,Liquor/Beverage,6,120.0,0.0,720.0
T2025001425,2025-11-06,19:46:00,P0139,Paldo Pororo Juice,Liquor/Beverage,2,65.0,0.0,130.0
T2025001425,2025-11-06,19:46:00,P0105,White Gold Coffee 100Sticks,Liquor/Beverage,4,1150.0,0.0,4600.0
T2025001425,2025-11-06,19:46:00,P0119,Sempio Yuzu Tea,Liquor/Beverage,1,250.0,0.0,250.0
T2025001425,2025-11-06,19:46:00,P0138,Kirin Ichiban Beer 330mL,Liquor/Beverage,4,68.0,0.0,272.0
T2025001426,2025-11-06,14:33:00,P0278,Haitai O! Karto Chips,Snacks,9,88.0,0.0,792.0
T2025001426,2025-11-06,14:33:00,P0286,Crown Caramel Maple Corn,Snacks,1,80.0,0.0,80.0
T2025001426,2025-11-06,14:33:00,P0270,Samlip Custard Cream Cake,Snacks,7,105.0,0.0,735.0
T2025001426,2025-11-06,14:33:00,P0258,Orion Custard Choco Cake,Snacks,2,130.0,0.0,260.0
T2025001426,2025-11-06,14:33:00,P0276,Orion Sun Chips Korean BBQ,Snacks,2,90.0,0.0,180.0
T2025001426,2025-11-06,14:33:00,P0261,Lotte Choco Heim,Snacks,10,120.0,0.0,1200.0
T2025001427,2025-11-06,18:35:00,P0132,Sunhari Strawberry 360mL,Liquor/Beverage,3,120.0,0.0,360.0
T2025001427,2025-11-06,18:35:00,P0148,Binggrae Strawberry Milk,Liquor/Beverage,10,45.0,0.15,382.5
T2025001427,2025-11-06,18:35:00,P0149,Binggrae Mango Milk,Liquor/Beverage,10,45.0,0.0,450.0
T2025001427,2025-11-06,18:35:00,P0117,Maxim Kanu Dark Roast 10 Sticks,Liquor/Beverage,8,260.0,0.0,2080.0
T2025001428,2025-11-06,19:18:00,P0210,2Mins Snack Men,Noodles,4,40.0,0.1,144.0
T2025001429,2025-11-06,13:37:00,P0229,O'Food Korean BBQ Sauce,Seasoned/Sauce/Powder,4,145.0,0.0,580.0
T2025001430,2025-11-06,12:22:00,P0108,Ottogi Honey Citron Tea 1Kg,Liquor/Beverage,6,530.0,0.0,3180.0
T2025001430,2025-11-06,12:22:00,P0122,Chamisul Original Soju,Liquor/Beverage,2,175.0,0.0,350.0
T2025001430,2025-11-06,12:22:00,P0138,Kirin Ichiban Beer 330mL,Liquor/Beverage,9,68.0,0.0,612.0
T2025001430,2025-11-06,12:22:00,P0131,Sunhari Yogurt 360mL,Liquor/Beverage,4,120.0,0.0,480.0
T2025001430,2025-11-06,12:22:00,P0124,Terra Lager Beer 500mL,Liquor/Beverage,8,170.0,0.0,1360.0
T2025001431,2025-11-06,13:28:00,P0008,Ottogi Corn Syrup,Condiments,6,98.0,0.0,588.0
T2025001431,2025-11-06,13:28:00,P0001,Ottogi Sesame Oil 500mL,Condiments,2,590.5,0.0,1181.0
T2025001431,2025-11-06,13:28:00,P0004,O'Food Korean Chili Oil,Condiments,1,160.0,0.0,160.0
T2025001432,2025-11-06,09:02:00,P0125,Jinro Fresh Soju,Liquor/Beverage,6,170.0,0.0,1020.0
T2025001432,2025-11-06,09:02:00,P0116,Maxim Mocha Gold Coffee Mix 20Pcs,Liquor/Beverage,2,275.0,0.0,550.0
T2025001433,2025-11-06,10:55:00,P0254,Honey Roasted Peanuts,Snacks,1,165.0,0.0,165.0
T2025001433,2025-11-06,10:55:00,P0257,Lotte Almond Chocolate,Snacks,9,130.0,0.0,1170.0
T2025001434,2025-11-06,19:34:00,P0228,Sempio Gochujang (500g),Seasoned/Sauce/Powder,7,145.0,0.0,1015.0
T2025001434,2025-11-06,19:34:00,P0231,O'Food Bulgogi Marinade,Seasoned/Sauce/Powder,2,145.0,0.0,290.0
T2025001434,2025-11-06,19:34:00,P0226,CJ Beksul Sweet Korean Pancake Mix 400g,Seasoned/Sauce/Powder,3,155.0,0.0,465.0
T2025001434,2025-11-06,19:34:00,P0233,O'Food Korean Fried Chicken Sauce,Seasoned/Sauce/Powder,3,135.0,0.0,405.0
T2025001434,2025-11-06,19:34:00,P0227,CJ Beksul Beef Bulgogi Sauce 290g,Seasoned/Sauce/Powder,5,150.0,0.0,750.0
T2025001435,2025-11-06,12:10:00,P0158,Nongshim Shin Ramen Black,Noodles,3,92.0,0.0,276.0
T2025001435,2025-11-06,12:10:00,P0193,Paldo Gomtang Ramen,Noodles,5,56.0,0.05,266.0
T2025001435,2025-11-06,12:10:00,P0176,Ottogi Cheese Bokki Cup,Noodles,2,72.0,0.0,144.0
T2025001435,2025-11-06,12:10:00,P0155,Nongshim Dungji Mul Nengmyeon (Cold Noodle),Noodles,7,95.0,0.1,598.5
T2025001435,2025-11-06,12:10:00,P0166,Samyang Buldak Original,Noodles,8,88.0,0.0,704.0
T2025001435,2025-11-06,12:10:00,P0163,Samyang Buldak Rose 140g,Noodles,6,88.0,0.0,528.0
T2025001436,2025-11-06,19:57:00,P0238,Ottogi Curry Mild,Seasoned/Sauce/Powder,5,115.0,0.0,575.0
T2025001436,2025-11-06,19:57:00,P0235,O'Food Kimchi Base Sauce,Seasoned/Sauce/Powder,10,130.0,0.05,1235.0
T2025001436,2025-11-06,19:57:00,P0236,CJ  Soybean Paste 500g,Seasoned/Sauce/Powder,10,123.0,0.0,1230.0
T2025001436,2025-11-06,19:57:00,P0234,CJ Beksul Spicy Pork Sauce 290g,Seasoned/Sauce/Powder,7,130.0,0.0,910.0
T2025001437,2025-11-06,18:38:00,P0229,O'Food Korean BBQ Sauce,Seasoned/Sauce/Powder,10,145.0,0.0,1450.0
T2025001438,2025-11-06,10:49:00,P0262,Orion Custard Pineapple,Snacks,10,120.0,0.0,1200.0
T2025001438,2025-11-06,10:49:00,P0254,Honey Roasted Peanuts,Snacks,3,165.0,0.1,445.5
T2025001438,2025-11-06,10:49:00,P0292,Orion Goraebab Crackers,Snacks,1,75.0,0.0,75.0
T2025001439,2025-11-06,10:01:00,P0291,Crown Sando Biscuit,Snacks,2,75.0,0.0,150.0
T2025001439,2025-11-06,10:01:00,P0294,Pepero Strawberry,Snacks,3,55.0,0.0,165.0
T2025001440,2025-11-06,16:59:00,P0064,Kimbab Radish 400g,Food Fresh/Meat/Sidedish,4,185.0,0.0,740.0
T2025001440,2025-11-06,16:59:00,P0055,Beef Enoki Roll 500g,Food Fresh/Meat/Sidedish,8,410.0,0.15,2788.0
T2025001440,2025-11-06,16:59:00,P0058,Homemade Kimchi 850g,Food Fresh/Meat/Sidedish,4,290.0,0.0,1160.0
T2025001440,2025-11-06,16:59:00,P0061,Dried Anchovy Medium 100g,Food Fresh/Meat/Sidedish,2,240.0,0.0,480.0
T2025001440,2025-11-06,16:59:00,P0057,Jongga Pogi Kimchi 500g,Food Fresh/Meat/Sidedish,1,315.0,0.25,236.25
T2025001441,2025-11-06,21:07:00,P0032,Samlip Mini Kimbap,Dry Food,6,120.0,0.0,720.0
T2025001441,2025-11-06,21:07:00,P0045,CJ Beksul Wheat Flour,Dry Food,2,90.0,0.0,180.0
T2025001441,2025-11-06,21:07:00,P0021,Bibigo Kimbab Kim 10Sheets,Dry Food,2,161.0,0.0,322.0
T2025001441,2025-11-06,21:07:00,P0010,Daerim  Big Smoke Ham 1Kg,Dry Food,4,480.0,0.0,1920.0
T2025001441,2025-11-06,21:07:00,P0039,Ottogi 3Mins Curry,Dry Food,3,99.0,0.0,297.0
T2025001441,2025-11-06,21:07:00,P0013,Dongwon  Whelk In Can 140g,Dry Food,1,280.0,0.0,280.0
T2025001442,2025-11-06,19:44:00,P0103,Daerim  Chaw Stick 100g,Food Frozen,1,73.0,0.0,73.0
T2025001442,2025-11-06,19:44:00,P0079,Daerim  Kimbab Ham 1Kg,Food Frozen,2,480.0,0.0,960.0
T2025001442,2025-11-06,19:44:00,P0097,Daerim  Cheese Vienna Sausage 105g,Food Frozen,5,120.0,0.1,540.0
T2025001442,2025-11-06,19:44:00,P0078,Spanish Mackerel 340g,Food Frozen,2,500.0,0.0,1000.0
T2025001442,2025-11-06,19:44:00,P0099,Daerim  Chaw Spicy Stick 90g,Food Frozen,2,80.0,0.0,160.0
T2025001443,2025-11-06,17:23:00,P0223,Jin Soy Sauce For Soup 860mL,Seasoned/Sauce/Powder,4,205.0,0.0,820.0
T2025001443,2025-11-06,17:23:00,P0225,Chung Jung One Soybean Paste,Seasoned/Sauce/Powder,8,160.0,0.15,1088.0
T2025001443,2025-11-06,17:23:00,P0215,Ottogi Wasabi Powder 300g,Seasoned/Sauce/Powder,9,290.0,0.0,2610.0
T2025001443,2025-11-06,17:23:00,P0243,CJ  Ssamjang 170g,Seasoned/Sauce/Powder,9,88.0,0.15,673.2
T2025001444,2025-11-06,19:57:00,P0106,Mocha Gold Coffee 100Sticks,Liquor/Beverage,1,1100.0,0.0,1100.0
T2025001444,2025-11-06,19:57:00,P0143,Nongshim Welchs Grape 355mL,Liquor/Beverage,5,60.0,0.0,300.0
T2025001444,2025-11-06,19:57:00,P0145,Binggrae Melon Soda,Liquor/Beverage,9,60.0,0.0,540.0
T2025001444,2025-11-06,19:57:00,P0129,Sunhari Grape 360mL,Liquor/Beverage,3,120.0,0.1,324.0
T2025001444,2025-11-06,19:57:00,P0147,Binggrae Coffee Milk,Liquor/Beverage,6,48.0,0.15,244.8
T2025001445,2025-11-06,15:24:00,P0060,Homemade Spring Onion Kimchi 350g,Food Fresh/Meat/Sidedish,10,250.0,0.2,2000.0
T2025001445,2025-11-06,15:24:00,P0051,Us Premium Rib Eye 500g,Food Fresh/Meat/Sidedish,2,725.0,0.0,1450.0
T2025001446,2025-11-06,11:08:00,P0172,Ottogi Jin Hot Big Cup,Noodles,6,75.0,0.0,450.0
T2025001446,2025-11-06,11:08:00,P0164,Samyang Buldak 4 Cheese 145g,Noodles,10,88.0,0.0,880.0
T2025001446,2025-11-06,11:08:00,P0204,Ottogi Cup Ramen Kimchi,Noodles,7,50.0,0.0,350.0
T2025001446,2025-11-06,11:08:00,P0189,Ottogi Bodle Cheese Ramen,Noodles,10,60.0,0.0,600.0
T2025001446,2025-11-06,11:08:00,P0198,Paldo Koreno Beef Noodle 100g,Noodles,2,50.0,0.25,75.0
T2025001446,2025-11-06,11:08:00,P0182,Paldo Ilpoom Jjajang,Noodles,9,65.0,0.0,585.0
T2025001447,2025-11-06,21:27:00,P0251,Oil Fried & Salted Peanuts,Snacks,7,185.0,0.0,1295.0
T2025001447,2025-11-06,21:27:00,P0260,Binch Biscuit,Snacks,6,120.0,0.0,720.0
T2025001447,2025-11-06,21:27:00,P0288,Nongshim Honey Rice Snack,Snacks,2,80.0,0.0,160.0
T2025001447,2025-11-06,21:27:00,P0282,Orion Choco Boy,Snacks,6,85.0,0.0,510.0
T2025001447,2025-11-06,21:27:00,P0252,Lotte Banana Choco Pie 12Pcs,Snacks,3,180.0,0.0,540.0
T2025001448,2025-11-06,17:14:00,P0038,(Kaya) Korean Rice 1Kg,Dry Food,2,100.0,0.0,200.0
T2025001448,2025-11-06,17:14:00,P0046,CJ Beksul Potato Starch,Dry Food,4,85.0,0.0,340.0
T2025001448,2025-11-06,17:14:00,P0035,CJ  Multi-Grains Cooked Rice 210g,Dry Food,5,110.0,0.0,550.0
T2025001448,2025-11-06,17:14:00,P0018,(Kaya) Korean Rice 1.5Kg,Dry Food,7,190.0,0.0,1330.0
T2025001449,2025-11-06,14:30:00,P0112,Teazen Diet Tea Berry 10 Sticks,Liquor/Beverage,6,290.0,0.0,1740.0
T2025001450,2025-11-06,12:55:00,P0159,Nongshim Neuguri Cup 111g,Noodles,6,90.0,0.0,540.0
T2025001450,2025-11-06,12:55:00,P0179,Ottogi Ramen Bokki Cup,Noodles,5,69.0,0.0,345.0
T2025001450,2025-11-06,12:55:00,P0186,Ottogi Chachelin Blackbean 145g,Noodles,5,60.0,0.0,300.0
T2025001450,2025-11-06,12:55:00,P0194,Shin Ramen Kimchi,Noodles,10,55.0,0.0,550.0
T2025001451,2025-11-06,11:48:00,P0087,Bibigo Crispy Seaweed Roll,Food Frozen,5,260.0,0.0,1300.0
T2025001451,2025-11-06,11:48:00,P0080,Samyang Buldak Original Spicy Mandu 700g,Food Frozen,5,410.0,0.25,1537.5
T2025001451,2025-11-06,11:48:00,P0089,Jongga Rice Cake 1Kg,Food Frozen,1,230.0,0.0,230.0
T2025001451,2025-11-06,11:48:00,P0099,Daerim  Chaw Spicy Stick 90g,Food Frozen,1,80.0,0.0,80.0
T2025001451,2025-11-06,11:48:00,P0095,Samlip Fish Cake Sheets,Food Frozen,6,150.0,0.0,900.0
T2025001452,2025-11-06,13:39:00,P0103,Daerim  Chaw Stick 100g,Food Frozen,8,73.0,0.0,584.0
T2025001452,2025-11-06,13:39:00,P0089,Jongga Rice Cake 1Kg,Food Frozen,7,230.0,0.0,1610.0
T2025001452,2025-11-06,13:39:00,P0096,Daerim  Vienna Sausage 170g,Food Frozen,7,145.0,0.0,1015.0
T2025001452,2025-11-06,13:39:00,P0099,Daerim  Chaw Spicy Stick 90g,Food Frozen,1,80.0,0.0,80.0
T2025001453,2025-11-06,08:17:00,P0112,Teazen Diet Tea Berry 10 Sticks,Liquor/Beverage,7,290.0,0.0,2030.0
T2025001453,2025-11-06,08:17:00,P0111,Maxim Kanu Ice Latte 10 Sticks,Liquor/Beverage,9,360.0,0.0,3240.0
T2025001453,2025-11-06,08:17:00,P0132,Sunhari Strawberry 360mL,Liquor/Beverage,5,120.0,0.0,600.0
T2025001454,2025-11-06,19:00:00,P0200,Paldo Koreno Kimchi Noodle,Noodles,5,50.0,0.0,250.0
T2025001454,2025-11-06,19:00:00,P0167,Samyang Cheese Buldak,Noodles,2,88.0,0.05,167.2
T2025001454,2025-11-06,19:00:00,P0198,Paldo Koreno Beef Noodle 100g,Noodles,5,50.0,0.0,250.0
T2025001454,2025-11-06,19:00:00,P0193,Paldo Gomtang Ramen,Noodles,1,56.0,0.05,53.2
T2025001454,2025-11-06,19:00:00,P0208,Ottogi Jin Ramen Mild,Noodles,3,40.0,0.2,96.0
T2025001455,2025-11-06,09:27:00,P0004,O'Food Korean Chili Oil,Condiments,6,160.0,0.05,912.0
T2025001456,2025-11-06,10:12:00,P0059,Pork Belly (Samgyupsal) 500g,Food Fresh/Meat/Sidedish,6,275.0,0.0,1650.0
T2025001456,2025-11-06,10:12:00,P0063,Our Home Kimchi 1Kg Jar,Food Fresh/Meat/Sidedish,3,190.0,0.0,570.0
T2025001456,2025-11-06,10:12:00,P0055,Beef Enoki Roll 500g,Food Fresh/Meat/Sidedish,4,410.0,0.0,1640.0
T2025001456,2025-11-06,10:12:00,P0067,Wasabi Radish Wrapper 340g,Food Fresh/Meat/Sidedish,4,145.0,0.0,580.0
T2025001456,2025-11-06,10:12:00,P0058,Homemade Kimchi 850g,Food Fresh/Meat/Sidedish,1,290.0,0.0,290.0
T2025001457,2025-11-06,18:05:00,P0039,Ottogi 3Mins Curry,Dry Food,7,99.0,0.0,693.0
T2025001457,2025-11-06,18:05:00,P0028,CJ Bibigo Seaweed Soup,Dry Food,3,140.0,0.0,420.0
T2025001458,2025-11-06,18:37:00,P0018,(Kaya) Korean Rice 1.5Kg,Dry Food,9,190.0,0.0,1710.0
T2025001458,2025-11-06,18:37:00,P0011,CJ  Cooked Rice Plain 210g,Dry Food,3,365.0,0.0,1095.0
T2025001458,2025-11-06,18:37:00,P0025,Sempio Yellow Peach In Can 400g,Dry Food,4,145.0,0.15,493.0
T2025001458,2025-11-06,18:37:00,P0022,Ottogi Tteokbokki Cup,Dry Food,6,160.0,0.0,960.0
T2025001459,2025-11-06,18:38:00,P0002,Ottogi Gold Mayonnaise 500g,Condiments,8,235.0,0.1,1692.0
T2025001459,2025-11-06,18:38:00,P0008,Ottogi Corn Syrup,Condiments,8,98.0,0.0,784.0
T2025001459,2025-11-06,18:38:00,P0001,Ottogi Sesame Oil 500mL,Condiments,6,590.5,0.0,3543.0
T2025001459,2025-11-06,18:38:00,P0004,O'Food Korean Chili Oil,Condiments,4,160.0,0.0,640.0
T2025001459,2025-11-06,18:38:00,P0005,Ottogi Gold Mayonnaise 300g,Condiments,6,150.0,0.25,675.0
T2025001460,2025-11-06,20:57:00,P0290,Doritos Galbi Chicken,Snacks,5,77.0,0.0,385.0
T2025001460,2025-11-06,20:57:00,P0282,Orion Choco Boy,Snacks,8,85.0,0.0,680.0
T2025001460,2025-11-06,20:57:00,P0265,Orion Almond Candy,Snacks,6,110.0,0.0,660.0
T2025001461,2025-11-06,17:51:00,P0231,O'Food Bulgogi Marinade,Seasoned/Sauce/Powder,7,145.0,0.0,1015.0
T2025001461,2025-11-06,17:51:00,P0229,O'Food Korean BBQ Sauce,Seasoned/Sauce/Powder,10,145.0,0.1,1305.0
T2025001461,2025-11-06,17:51:00,P0223,Jin Soy Sauce For Soup 860mL,Seasoned/Sauce/Powder,6,205.0,0.0,1230.0
T2025001461,2025-11-06,17:51:00,P0213,Sempio Yondu 500mL,Seasoned/Sauce/Powder,3,345.0,0.0,1035.0
T2025001462,2025-11-06,17:43:00,P0076,CJ  Crispy Hotdog,Food Frozen,6,640.0,0.0,3840.0
T2025001462,2025-11-06,17:43:00,P0086,CJ Bibigo Gyoza Dumplings,Food Frozen,6,270.0,0.0,1620.0
T2025001462,2025-11-06,17:43:00,P0080,Samyang Buldak Original Spicy Mandu 700g,Food Frozen,3,410.0,0.0,1230.0
T2025001462,2025-11-06,17:43:00,P0079,Daerim  Kimbab Ham 1Kg,Food Frozen,9,480.0,0.0,4320.0
T2025001462,2025-11-06,17:43:00,P0099,Daerim  Chaw Spicy Stick 90g,Food Frozen,6,80.0,0.0,480.0
T2025001463,2025-11-06,16:11:00,P0241,CJ Anchovy Sauce 500g,Seasoned/Sauce/Powder,3,105.0,0.0,315.0
T2025001464,2025-11-06,19:22:00,P0231,O'Food Bulgogi Marinade,Seasoned/Sauce/Powder,5,145.0,0.0,725.0
T2025001464,2025-11-06,19:22:00,P0216,CJ Beksul Chicken Frying Mix 1Kg,Seasoned/Sauce/Powder,1,257.0,0.0,257.0
T2025001465,2025-11-06,16:10:00,P0178,Samyang Mala Buldak,Noodles,4,70.0,0.0,280.0
T2025001465,2025-11-06,16:10:00,P0152,Samyang Buldak Original Cup,Noodles,7,110.0,0.0,770.0
T2025001465,2025-11-06,16:10:00,P0201,Sewoo Tang Small Cup,Noodles,4,50.0,0.0,200.0
T2025001465,2025-11-06,16:10:00,P0174,Ottogi Cheese Bokki Cup,Noodles,3,75.0,0.0,225.0
T2025001466,2025-11-06,15:23:00,P0074,Bibigo Fried Dumplings 450g,Food Frozen,2,740.0,0.0,1480.0
T2025001466,2025-11-06,15:23:00,P0079,Daerim  Kimbab Ham 1Kg,Food Frozen,6,480.0,0.25,2160.0
T2025001466,2025-11-06,15:23:00,P0082,Daerim  Crab Sticks 1Kg,Food Frozen,6,350.0,0.0,2100.0
T2025001467,2025-11-06,10:39:00,P0288,Nongshim Honey Rice Snack,Snacks,8,80.0,0.0,640.0
T2025001468,2025-11-06,15:23:00,P0043,CJ Hetbahn Cooked Barley,Dry Food,4,95.0,0.0,380.0
T2025001468,2025-11-06,15:23:00,P0036,Dongwon  Tuna Light Can 150g,Dry Food,9,110.0,0.1,891.0
T2025001468,2025-11-06,15:23:00,P0014,Bibigo Beef Seaweed Soup,Dry Food,8,264.0,0.0,2112.0
T2025001468,2025-11-06,15:23:00,P0038,(Kaya) Korean Rice 1Kg,Dry Food,4,100.0,0.0,400.0
T2025001469,2025-11-06,11:17:00,P0119,Sempio Yuzu Tea,Liquor/Beverage,8,250.0,0.0,2000.0
T2025001469,2025-11-06,11:17:00,P0130,Sunhari Apple 360mL,Liquor/Beverage,6,120.0,0.0,720.0
T2025001469,2025-11-06,11:17:00,P0134,KSD Green Grape Rice Wine 750mL,Liquor/Beverage,3,105.0,0.15,267.75
T2025001469,2025-11-06,11:17:00,P0128,Chamiseul Fresh 360mL,Liquor/Beverage,6,120.0,0.0,720.0
T2025001469,2025-11-06,11:17:00,P0114,Banana Milk 200mL 6Pcs,Liquor/Beverage,10,290.0,0.0,2900.0
T2025001470,2025-11-06,14:11:00,P0251,Oil Fried & Salted Peanuts,Snacks,10,185.0,0.0,1850.0
T2025001470,2025-11-06,14:11:00,P0244,Wasabi Almond 190g,Snacks,8,440.0,0.0,3520.0
T2025001470,2025-11-06,14:11:00,P0299,Lotte Xylitol Green Gum,Snacks,3,55.0,0.0,165.0
T2025001470,2025-11-06,14:11:00,P0246,Post Almond Flakes,Snacks,9,245.0,0.0,2205.0
T2025001471,2025-11-06,10:37:00,P0002,Ottogi Gold Mayonnaise 500g,Condiments,2,235.0,0.0,470.0
T2025001471,2025-11-06,10:37:00,P0005,Ottogi Gold Mayonnaise 300g,Condiments,9,150.0,0.0,1350.0
T2025001471,2025-11-06,10:37:00,P0004,O'Food Korean Chili Oil,Condiments,6,160.0,0.0,960.0
T2025001471,2025-11-06,10:37:00,P0006,Chung Jung One Soy Sauce,Condiments,7,140.0,0.0,980.0
T2025001472,2025-11-06,19:53:00,P0261,Lotte Choco Heim,Snacks,1,120.0,0.0,120.0
T2025001472,2025-11-06,19:53:00,P0244,Wasabi Almond 190g,Snacks,4,440.0,0.0,1760.0
T2025001472,2025-11-06,19:53:00,P0258,Orion Custard Choco Cake,Snacks,5,130.0,0.0,650.0
T2025001472,2025-11-06,19:53:00,P0289,Crown Corn Chips,Snacks,2,80.0,0.0,160.0
T2025001472,2025-11-06,19:53:00,P0259,Nongshim Sengseng U-Dong,Snacks,5,125.0,0.0,625.0
T2025001473,2025-11-06,15:33:00,P0009,CJ Beksul Corn Syrup,Condiments,6,95.0,0.0,570.0
T2025001473,2025-11-06,15:33:00,P0008,Ottogi Corn Syrup,Condiments,7,98.0,0.0,686.0
T2025001473,2025-11-06,15:33:00,P0003,Sempio Sesame Oil,Condiments,9,185.0,0.0,1665.0
T2025001474,2025-11-06,19:07:00,P0172,Ottogi Jin Hot Big Cup,Noodles,9,75.0,0.0,675.0
T2025001474,2025-11-06,19:07:00,P0151,Samyang Buldak 4 Cheese Ramen 110g,Noodles,8,110.0,0.2,704.0
T2025001474,2025-11-06,19:07:00,P0159,Nongshim Neuguri Cup 111g,Noodles,6,90.0,0.0,540.0
T2025001474,2025-11-06,19:07:00,P0174,Ottogi Cheese Bokki Cup,Noodles,4,75.0,0.0,300.0
T2025001475,2025-11-06,18:38:00,P0273,Haitai  Plumcandy 130g,Snacks,9,95.0,0.0,855.0
T2025001475,2025-11-06,18:38:00,P0248,Choco Pie Black Sugar 12Pcs,Snacks,3,200.0,0.0,600.0
T2025001475,2025-11-06,18:38:00,P0259,Nongshim Sengseng U-Dong,Snacks,7,125.0,0.05,831.25
T2025001475,2025-11-06,18:38:00,P0283,Orion Ogingo Ttangkong,Snacks,6,83.0,0.0,498.0
T2025001475,2025-11-06,18:38:00,P0275,Haitai Sweet Potato Snack,Snacks,7,95.0,0.0,665.0
T2025001476,2025-11-06,17:06:00,P0230,CJ Beksul Pancake Sauce,Seasoned/Sauce/Powder,4,145.0,0.0,580.0
T2025001476,2025-11-06,17:06:00,P0234,CJ Beksul Spicy Pork Sauce 290g,Seasoned/Sauce/Powder,8,130.0,0.0,1040.0
T2025001476,2025-11-06,17:06:00,P0229,O'Food Korean BBQ Sauce,Seasoned/Sauce/Powder,5,145.0,0.0,725.0
T2025001476,2025-11-06,17:06:00,P0227,CJ Beksul Beef Bulgogi Sauce 290g,Seasoned/Sauce/Powder,7,150.0,0.0,1050.0
T2025001477,2025-11-06,15:05:00,P0050,Boneless Rib Eye 250g,Food Fresh/Meat/Sidedish,2,750.0,0.0,1500.0
T2025001477,2025-11-06,15:05:00,P0055,Beef Enoki Roll 500g,Food Fresh/Meat/Sidedish,8,410.0,0.0,3280.0
T2025001477,2025-11-06,15:05:00,P0056,Us Beef Strips 500g,Food Fresh/Meat/Sidedish,7,375.0,0.0,2625.0
T2025001478,2025-11-06,20:12:00,P0094,MWC Frank Sausage 5Pcs,Food Frozen,5,173.0,0.0,865.0
T2025001478,2025-11-06,20:12:00,P0075,Bibigo Mul Mandu 370g 2Packs,Food Frozen,1,695.0,0.15,590.75
T2025001479,2025-11-06,14:59:00,P0071,Kongsarang Firm Tofu,Food Fresh/Meat/Sidedish,3,65.0,0.0,195.0
T2025001479,2025-11-06,14:59:00,P0065,Sempio Spicy Stir-Fried Dried Squid,Food Fresh/Meat/Sidedish,1,175.0,0.0,175.0
T2025001479,2025-11-06,14:59:00,P0062,Dried Anchovy Small 100g,Food Fresh/Meat/Sidedish,1,240.0,0.0,240.0
T2025001479,2025-11-06,14:59:00,P0058,Homemade Kimchi 850g,Food Fresh/Meat/Sidedish,10,290.0,0.0,2900.0
T2025001479,2025-11-06,14:59:00,P0063,Our Home Kimchi 1Kg Jar,Food Fresh/Meat/Sidedish,10,190.0,0.0,1900.0
T2025001479,2025-11-06,14:59:00,P0064,Kimbab Radish 400g,Food Fresh/Meat/Sidedish,5,185.0,0.0,925.0
T2025001480,2025-11-06,19:21:00,P0061,Dried Anchovy Medium 100g,Food Fresh/Meat/Sidedish,10,240.0,0.0,2400.0
T2025001480,2025-11-06,19:21:00,P0073,Perilla Leaves 2Packs,Food Fresh/Meat/Sidedish,6,40.0,0.0,240.0
T2025001480,2025-11-06,19:21:00,P0069,Bibigo Beef Bone Soup,Food Fresh/Meat/Sidedish,4,110.0,0.0,440.0
T2025001481,2025-11-06,08:16:00,P0005,Ottogi Gold Mayonnaise 300g,Condiments,1,150.0,0.0,150.0
T2025001481,2025-11-06,08:16:00,P0009,CJ Beksul Corn Syrup,Condiments,1,95.0,0.0,95.0
T2025001482,2025-11-06,18:25:00,P0076,CJ  Crispy Hotdog,Food Frozen,4,640.0,0.0,2560.0
T2025001482,2025-11-06,18:25:00,P0085,Bibigo Bulgogi Mandu,Food Frozen,5,280.0,0.0,1400.0
T2025001482,2025-11-06,18:25:00,P0095,Samlip Fish Cake Sheets,Food Frozen,5,150.0,0.05,712.5
T2025001483,2025-11-06,12:55:00,P0229,O'Food Korean BBQ Sauce,Seasoned/Sauce/Powder,9,145.0,0.0,1305.0
T2025001483,2025-11-06,12:55:00,P0214,Jin Soy Sauce Rich & Savory 860mL,Seasoned/Sauce/Powder,6,315.0,0.0,1890.0
T2025001484,2025-11-06,18:46:00,P0200,Paldo Koreno Kimchi Noodle,Noodles,6,50.0,0.0,300.0
T2025001485,2025-11-06,14:33:00,P0064,Kimbab Radish 400g,Food Fresh/Meat/Sidedish,6,185.0,0.0,1110.0
T2025001486,2025-11-06,09:42:00,P0031,Yopokki Cheese Cup 120g,Dry Food,5,120.0,0.0,600.0
T2025001486,2025-11-06,09:42:00,P0015,(Dae Joo) Gochugaru 500g,Dry Food,1,255.0,0.0,255.0
T2025001486,2025-11-06,09:42:00,P0028,CJ Bibigo Seaweed Soup,Dry Food,3,140.0,0.0,420.0
T2025001486,2025-11-06,09:42:00,P0034,CJ  Cooked Rice,Dry Food,5,116.0,0.0,580.0
T2025001487,2025-11-06,14:07:00,P0006,Chung Jung One Soy Sauce,Condiments,3,140.0,0.25,315.0
T2025001487,2025-11-06,14:07:00,P0005,Ottogi Gold Mayonnaise 300g,Condiments,1,150.0,0.05,142.5
T2025001487,2025-11-06,14:07:00,P0007,Samyang Spicy Mayo,Condiments,4,130.0,0.05,494.0
T2025001487,2025-11-06,14:07:00,P0009,CJ Beksul Corn Syrup,Condiments,3,95.0,0.0,285.0
T2025001487,2025-11-06,14:07:00,P0004,O'Food Korean Chili Oil,Condiments,10,160.0,0.0,1600.0
T2025001488,2025-11-06,21:30:00,P0008,Ottogi Corn Syrup,Condiments,3,98.0,0.0,294.0
T2025001488,2025-11-06,21:30:00,P0004,O'Food Korean Chili Oil,Condiments,4,160.0,0.0,640.0
T2025001488,2025-11-06,21:30:00,P0006,Chung Jung One Soy Sauce,Condiments,5,140.0,0.0,700.0
T2025001488,2025-11-06,21:30:00,P0007,Samyang Spicy Mayo,Condiments,7,130.0,0.0,910.0
T2025001489,2025-11-06,08:52:00,P0181,Paldo Bibim Cold Noodles,Noodles,1,65.0,0.0,65.0
T2025001489,2025-11-06,08:52:00,P0165,Samyang Cream Carbo Buldak 140g,Noodles,5,88.0,0.0,440.0
T2025001489,2025-11-06,08:52:00,P0180,Samyang Curry Ramen,Noodles,3,68.0,0.0,204.0
T2025001489,2025-11-06,08:52:00,P0202,Nongshim Ansung Tangmen,Noodles,10,50.0,0.2,400.0
T2025001489,2025-11-06,08:52:00,P0176,Ottogi Cheese Bokki Cup,Noodles,2,72.0,0.15,122.4
T2025001490,2025-11-06,19:29:00,P0141,Woongjin Yogurt Apple 340mL,Liquor/Beverage,8,60.0,0.0,480.0
T2025001490,2025-11-06,19:29:00,P0133,Sunhari Blueberry 360mL,Liquor/Beverage,1,120.0,0.0,120.0
T2025001490,2025-11-06,19:29:00,P0144,Nongshim Welchs Strawberry 355mL,Liquor/Beverage,1,60.0,0.2,48.0
T2025001490,2025-11-06,19:29:00,P0127,Lets Be Mild Coffee Can 4Pcs,Liquor/Beverage,2,128.0,0.0,256.0
T2025001490,2025-11-06,19:29:00,P0147,Binggrae Coffee Milk,Liquor/Beverage,10,48.0,0.0,480.0
T2025001491,2025-11-06,08:17:00,P0006,Chung Jung One Soy Sauce,Condiments,1,140.0,0.0,140.0
T2025001492,2025-11-06,14:17:00,P0250,Haitai Honey Butter Almonds,Snacks,7,190.0,0.0,1330.0
T2025001492,2025-11-06,14:17:00,P0300,Can Choco Balls,Snacks,2,45.0,0.0,90.0
T2025001492,2025-11-06,14:17:00,P0290,Doritos Galbi Chicken,Snacks,3,77.0,0.0,231.0
T2025001492,2025-11-06,14:17:00,P0292,Orion Goraebab Crackers,Snacks,8,75.0,0.0,600.0
T2025001493,2025-11-06,12:00:00,P0007,Samyang Spicy Mayo,Condiments,3,130.0,0.0,390.0
T2025001493,2025-11-06,12:00:00,P0005,Ottogi Gold Mayonnaise 300g,Condiments,9,150.0,0.0,1350.0
T2025001494,2025-11-06,16:16:00,P0120,Aloe Vera Juice 1.5L,Liquor/Beverage,9,175.0,0.0,1575.0
T2025001494,2025-11-06,16:16:00,P0127,Lets Be Mild Coffee Can 4Pcs,Liquor/Beverage,4,128.0,0.0,512.0
T2025001495,2025-11-06,20:41:00,P0054,Chadolbagi Wagyu 500g,Food Fresh/Meat/Sidedish,1,475.0,0.25,356.25
T2025001496,2025-11-06,20:34:00,P0174,Ottogi Cheese Bokki Cup,Noodles,1,75.0,0.25,56.25
T2025001496,2025-11-06,20:34:00,P0178,Samyang Mala Buldak,Noodles,1,70.0,0.0,70.0
T2025001496,2025-11-06,20:34:00,P0210,2Mins Snack Men,Noodles,4,40.0,0.0,160.0
T2025001497,2025-11-06,21:06:00,P0096,Daerim  Vienna Sausage 170g,Food Frozen,10,145.0,0.0,1450.0
T2025001497,2025-11-06,21:06:00,P0098,Daerim  Crabstick 216g,Food Frozen,4,98.0,0.0,392.0
T2025001497,2025-11-06,21:06:00,P0092,Daerim  Crab Stick 500g,Food Frozen,9,210.0,0.0,1890.0
T2025001497,2025-11-06,21:06:00,P0094,MWC Frank Sausage 5Pcs,Food Frozen,5,173.0,0.0,865.0
T2025001497,2025-11-06,21:06:00,P0074,Bibigo Fried Dumplings 450g,Food Frozen,10,740.0,0.0,7400.0
T2025001497,2025-11-06,21:06:00,P0078,Spanish Mackerel 340g,Food Frozen,1,500.0,0.0,500.0
T2025001498,2025-11-06,12:27:00,P0063,Our Home Kimchi 1Kg Jar,Food Fresh/Meat/Sidedish,1,190.0,0.0,190.0
T2025001499,2025-11-06,18:26:00,P0107,Ottogi Honey Ginger Tea 1Kg,Liquor/Beverage,7,530.0,0.0,3710.0
T2025001499,2025-11-06,18:26:00,P0139,Paldo Pororo Juice,Liquor/Beverage,7,65.0,0.0,455.0
T2025001499,2025-11-06,18:26:00,P0131,Sunhari Yogurt 360mL,Liquor/Beverage,7,120.0,0.0,840.0
T2025001499,2025-11-06,18:26:00,P0121,Lotte Chum Churum Soju,Liquor/Beverage,9,175.0,0.0,1575.0
T2025001499,2025-11-06,18:26:00,P0124,Terra Lager Beer 500mL,Liquor/Beverage,10,170.0,0.0,1700.0
T2025001499,2025-11-06,18:26:00,P0128,Chamiseul Fresh 360mL,Liquor/Beverage,7,120.0,0.0,840.0
T2025001500,2025-11-06,15:31:00,P0277,Orion Turtle Chips Sweet Corn,Snacks,8,89.0,0.0,712.0
T2025001501,2025-11-06,09:04:00,P0276,Orion Sun Chips Korean BBQ,Snacks,7,90.0,0.0,630.0
T2025001502,2025-11-06,08:05:00,P0085,Bibigo Bulgogi Mandu,Food Frozen,4,280.0,0.0,1120.0
T2025001502,2025-11-06,08:05:00,P0086,CJ Bibigo Gyoza Dumplings,Food Frozen,9,270.0,0.0,2430.0
T2025001503,2025-11-06,20:05:00,P0070,Skinless Garlic 150G,Food Fresh/Meat/Sidedish,2,65.0,0.05,123.5
T2025001503,2025-11-06,20:05:00,P0066,Imported Kimchi Big Tub 850g,Food Fresh/Meat/Sidedish,7,150.0,0.0,1050.0
T2025001503,2025-11-06,20:05:00,P0073,Perilla Leaves 2Packs,Food Fresh/Meat/Sidedish,1,40.0,0.0,40.0
T2025001503,2025-11-06,20:05:00,P0071,Kongsarang Firm Tofu,Food Fresh/Meat/Sidedish,4,65.0,0.0,260.0
T2025001504,2025-11-06,14:31:00,P0215,Ottogi Wasabi Powder 300g,Seasoned/Sauce/Powder,9,290.0,0.05,2479.5
T2025001504,2025-11-06,14:31:00,P0219,CJ Beksul Spicy Pork Sauce 500g,Seasoned/Sauce/Powder,3,240.0,0.0,720.0
T2025001504,2025-11-06,14:31:00,P0214,Jin Soy Sauce Rich & Savory 860mL,Seasoned/Sauce/Powder,10,315.0,0.0,3150.0
T2025001504,2025-11-06,14:31:00,P0235,O'Food Kimchi Base Sauce,Seasoned/Sauce/Powder,1,130.0,0.0,130.0
T2025001504,2025-11-06,14:31:00,P0213,Sempio Yondu 500mL,Seasoned/Sauce/Powder,2,345.0,0.0,690.0
T2025001504,2025-11-06,14:31:00,P0218,CJ Beksul Beef Bulgogi Sauce 500g,Seasoned/Sauce/Powder,1,250.0,0.0,250.0
T2025001505,2025-11-06,10:38:00,P0025,Sempio Yellow Peach In Can 400g,Dry Food,2,145.0,0.25,217.5
T2025001505,2025-11-06,10:38:00,P0042,CJ Hetbahn Brown Rice,Dry Food,6,95.0,0.0,570.0
T2025001506,2025-11-06,08:35:00,P0030,Yopokki Onion Butter 120g Cup,Dry Food,1,120.0,0.0,120.0
T2025001506,2025-11-06,08:35:00,P0034,CJ  Cooked Rice,Dry Food,1,116.0,0.15,98.6
T2025001507,2025-11-06,11:37:00,P0092,Daerim  Crab Stick 500g,Food Frozen,9,210.0,0.0,1890.0
T2025001507,2025-11-06,11:37:00,P0087,Bibigo Crispy Seaweed Roll,Food Frozen,7,260.0,0.0,1820.0
T2025001508,2025-11-06,14:48:00,P0224,Seasoned Seaweed 200g,Seasoned/Sauce/Powder,3,190.0,0.0,570.0
T2025001508,2025-11-06,14:48:00,P0229,O'Food Korean BBQ Sauce,Seasoned/Sauce/Powder,3,145.0,0.0,435.0
T2025001508,2025-11-06,14:48:00,P0222,CJ  Soybean Paste 1Kg,Seasoned/Sauce/Powder,1,208.0,0.0,208.0
T2025001508,2025-11-06,14:48:00,P0232,O'Food Tofu Stew Base,Seasoned/Sauce/Powder,3,135.0,0.0,405.0
T2025001508,2025-11-06,14:48:00,P0228,Sempio Gochujang (500g),Seasoned/Sauce/Powder,6,145.0,0.0,870.0
T2025001508,2025-11-06,14:48:00,P0220,CJ  Tteokbokki Sauce 150G 2Pcs,Seasoned/Sauce/Powder,2,235.0,0.0,470.0
T2025001509,2025-11-06,16:40:00,P0076,CJ  Crispy Hotdog,Food Frozen,5,640.0,0.0,3200.0
T2025001509,2025-11-06,16:40:00,P0095,Samlip Fish Cake Sheets,Food Frozen,5,150.0,0.0,750.0
T2025001510,2025-11-06,09:54:00,P0004,O'Food Korean Chili Oil,Condiments,8,160.0,0.1,1152.0
T2025001510,2025-11-06,09:54:00,P0005,Ottogi Gold Mayonnaise 300g,Condiments,2,150.0,0.05,285.0
T2025001510,2025-11-06,09:54:00,P0009,CJ Beksul Corn Syrup,Condiments,10,95.0,0.05,902.5
T2025001510,2025-11-06,09:54:00,P0003,Sempio Sesame Oil,Condiments,2,185.0,0.0,370.0
T2025001511,2025-11-06,15:23:00,P0072,Kongsarang Soft Tofu,Food Fresh/Meat/Sidedish,1,65.0,0.0,65.0
T2025001511,2025-11-06,15:23:00,P0049,Our Home Kimchi 1Kg,Food Fresh/Meat/Sidedish,3,320.5,0.0,961.5
T2025001511,2025-11-06,15:23:00,P0073,Perilla Leaves 2Packs,Food Fresh/Meat/Sidedish,6,40.0,0.0,240.0
T2025001511,2025-11-06,15:23:00,P0051,Us Premium Rib Eye 500g,Food Fresh/Meat/Sidedish,7,725.0,0.05,4821.25
T2025001512,2025-11-06,15:18:00,P0037,Ottogi Cup Spaghetti,Dry Food,3,110.0,0.0,330.0
T2025001512,2025-11-06,15:18:00,P0016,Dongwon  Vegetable Tuna Can 150g 2Pcs,Dry Food,1,235.0,0.0,235.0
T2025001512,2025-11-06,15:18:00,P0026,Yopokki Sweet & Spicy 280g,Dry Food,9,145.0,0.0,1305.0
T2025001513,2025-11-06,14:41:00,P0076,CJ  Crispy Hotdog,Food Frozen,3,640.0,0.0,1920.0
T2025001513,2025-11-06,14:41:00,P0074,Bibigo Fried Dumplings 450g,Food Frozen,8,740.0,0.1,5328.0
T2025001513,2025-11-06,14:41:00,P0089,Jongga Rice Cake 1Kg,Food Frozen,5,230.0,0.0,1150.0
T2025001513,2025-11-06,14:41:00,P0095,Samlip Fish Cake Sheets,Food Frozen,6,150.0,0.0,900.0
T2025001513,2025-11-06,14:41:00,P0099,Daerim  Chaw Spicy Stick 90g,Food Frozen,4,80.0,0.0,320.0
T2025001513,2025-11-06,14:41:00,P0081,Assi Shrimp Wanton 600g,Food Frozen,8,400.0,0.0,3200.0
T2025001514,2025-11-06,13:50:00,P0020,CJ Beksul Hotteok Mix,Dry Food,5,185.0,0.0,925.0
T2025001514,2025-11-06,13:50:00,P0033,CJ Beksul Frying Mix,Dry Food,8,120.0,0.0,960.0
T2025001514,2025-11-06,13:50:00,P0010,Daerim  Big Smoke Ham 1Kg,Dry Food,9,480.0,0.0,4320.0
T2025001514,2025-11-06,13:50:00,P0023,Dongwon  Luncheon Meat 340g,Dry Food,5,155.0,0.0,775.0
T2025001514,2025-11-06,13:50:00,P0038,(Kaya) Korean Rice 1Kg,Dry Food,3,100.0,0.0,300.0
T2025001515,2025-11-06,20:49:00,P0061,Dried Anchovy Medium 100g,Food Fresh/Meat/Sidedish,3,240.0,0.0,720.0
T2025001515,2025-11-06,20:49:00,P0049,Our Home Kimchi 1Kg,Food Fresh/Meat/Sidedish,1,320.5,0.0,320.5
T2025001515,2025-11-06,20:49:00,P0073,Perilla Leaves 2Packs,Food Fresh/Meat/Sidedish,2,40.0,0.0,80.0
T2025001516,2025-11-06,11:58:00,P0214,Jin Soy Sauce Rich & Savory 860mL,Seasoned/Sauce/Powder,4,315.0,0.0,1260.0
T2025001516,2025-11-06,11:58:00,P0235,O'Food Kimchi Base Sauce,Seasoned/Sauce/Powder,2,130.0,0.1,234.0
T2025001516,2025-11-06,11:58:00,P0217,Ottogi Roasted Sesame Seeds 200g,Seasoned/Sauce/Powder,6,255.0,0.0,1530.0
T2025001516,2025-11-06,11:58:00,P0236,CJ  Soybean Paste 500g,Seasoned/Sauce/Powder,3,123.0,0.05,350.55
T2025001517,2025-11-06,17:49:00,P0083,Moguchon Smoked Bacon 200g,Food Frozen,4,320.0,0.2,1024.0
T2025001517,2025-11-06,17:49:00,P0100,Binggrae Ice Cream Sandwich,Food Frozen,5,80.0,0.0,400.0
T2025001517,2025-11-06,17:49:00,P0104,Pepero Original,Food Frozen,6,55.0,0.2,264.0
T2025001518,2025-11-06,08:21:00,P0073,Perilla Leaves 2Packs,Food Fresh/Meat/Sidedish,10,40.0,0.0,400.0
T2025001518,2025-11-06,08:21:00,P0067,Wasabi Radish Wrapper 340g,Food Fresh/Meat/Sidedish,5,145.0,0.15,616.25
T2025001519,2025-11-06,19:52:00,P0111,Maxim Kanu Ice Latte 10 Sticks,Liquor/Beverage,7,360.0,0.0,2520.0
T2025001519,2025-11-06,19:52:00,P0125,Jinro Fresh Soju,Liquor/Beverage,3,170.0,0.0,510.0
T2025001519,2025-11-06,19:52:00,P0132,Sunhari Strawberry 360mL,Liquor/Beverage,3,120.0,0.25,270.0
T2025001519,2025-11-06,19:52:00,P0129,Sunhari Grape 360mL,Liquor/Beverage,2,120.0,0.0,240.0
T2025001519,2025-11-06,19:52:00,P0107,Ottogi Honey Ginger Tea 1Kg,Liquor/Beverage,2,530.0,0.0,1060.0
T2025001520,2025-11-06,09:04:00,P0284,Kkokal Sweet Corn Snack,Snacks,1,80.0,0.0,80.0
T2025001520,2025-11-06,09:04:00,P0292,Orion Goraebab Crackers,Snacks,7,75.0,0.0,525.0
T2025001520,2025-11-06,09:04:00,P0252,Lotte Banana Choco Pie 12Pcs,Snacks,10,180.0,0.25,1350.0
T2025001521,2025-11-06,21:37:00,P0196,Paldo Cheese Ramen,Noodles,4,55.0,0.0,220.0
T2025001521,2025-11-06,21:37:00,P0175,Samyang Jjajang Hot Chicken,Noodles,3,75.0,0.0,225.0
T2025001521,2025-11-06,21:37:00,P0163,Samyang Buldak Rose 140g,Noodles,2,88.0,0.0,176.0
T2025001521,2025-11-06,21:37:00,P0195,Ottogi Jin Mild Small Cup,Noodles,8,55.0,0.0,440.0
T2025001522,2025-11-06,20:03:00,P0086,CJ Bibigo Gyoza Dumplings,Food Frozen,4,270.0,0.0,1080.0
T2025001522,2025-11-06,20:03:00,P0083,Moguchon Smoked Bacon 200g,Food Frozen,5,320.0,0.05,1520.0
T2025001522,2025-11-06,20:03:00,P0079,Daerim  Kimbab Ham 1Kg,Food Frozen,8,480.0,0.0,3840.0
T2025001522,2025-11-06,20:03:00,P0094,MWC Frank Sausage 5Pcs,Food Frozen,9,173.0,0.0,1557.0
T2025001522,2025-11-06,20:03:00,P0100,Binggrae Ice Cream Sandwich,Food Frozen,10,80.0,0.0,800.0
T2025001522,2025-11-06,20:03:00,P0082,Daerim  Crab Sticks 1Kg,Food Frozen,10,350.0,0.05,3325.0
T2025001523,2025-11-06,14:24:00,P0222,CJ  Soybean Paste 1Kg,Seasoned/Sauce/Powder,7,208.0,0.0,1456.0
T2025001523,2025-11-06,14:24:00,P0215,Ottogi Wasabi Powder 300g,Seasoned/Sauce/Powder,10,290.0,0.0,2900.0
T2025001523,2025-11-06,14:24:00,P0213,Sempio Yondu 500mL,Seasoned/Sauce/Powder,3,345.0,0.0,1035.0
T2025001523,2025-11-06,14:24:00,P0238,Ottogi Curry Mild,Seasoned/Sauce/Powder,4,115.0,0.0,460.0
T2025001523,2025-11-06,14:24:00,P0227,CJ Beksul Beef Bulgogi Sauce 290g,Seasoned/Sauce/Powder,7,150.0,0.0,1050.0
T2025001524,2025-11-06,16:35:00,P0128,Chamiseul Fresh 360mL,Liquor/Beverage,3,120.0,0.0,360.0
T2025001525,2025-11-06,13:01:00,P0207,Ottogi Yeul Ramen 120g,Noodles,3,40.0,0.0,120.0
T2025001526,2025-11-06,18:34:00,P0165,Samyang Cream Carbo Buldak 140g,Noodles,8,88.0,0.0,704.0
T2025001526,2025-11-06,18:34:00,P0168,Samyang Carbo Buldak,Noodles,1,88.0,0.15,74.8
T2025001526,2025-11-06,18:34:00,P0177,Ottogi Beef Seaweed Soup Ramen,Noodles,5,70.0,0.0,350.0
T2025001527,2025-11-06,11:49:00,P0173,Nongshim Jjapageti,Noodles,8,75.0,0.0,600.0
T2025001527,2025-11-06,11:49:00,P0153,Samyang Buldak Cheese Cup,Noodles,5,110.0,0.0,550.0
T2025001527,2025-11-06,11:49:00,P0187,Paldo Bibim Men,Noodles,4,60.0,0.0,240.0
T2025001527,2025-11-06,11:49:00,P0164,Samyang Buldak 4 Cheese 145g,Noodles,8,88.0,0.0,704.0
T2025001527,2025-11-06,11:49:00,P0193,Paldo Gomtang Ramen,Noodles,1,56.0,0.0,56.0
T2025001527,2025-11-06,11:49:00,P0197,Nongshim Seafood Ramyun,Noodles,8,52.0,0.0,416.0
T2025001528,2025-11-06,12:42:00,P0235,O'Food Kimchi Base Sauce,Seasoned/Sauce/Powder,9,130.0,0.0,1170.0
T2025001528,2025-11-06,12:42:00,P0239,Ottogi Curry Hot,Seasoned/Sauce/Powder,2,115.0,0.0,230.0
T2025001528,2025-11-06,12:42:00,P0241,CJ Anchovy Sauce 500g,Seasoned/Sauce/Powder,8,105.0,0.0,840.0
T2025001528,2025-11-06,12:42:00,P0238,Ottogi Curry Mild,Seasoned/Sauce/Powder,8,115.0,0.0,920.0
T2025001528,2025-11-06,12:42:00,P0221,CJ  Gochujang 500g,Seasoned/Sauce/Powder,7,220.0,0.0,1540.0
T2025001528,2025-11-06,12:42:00,P0219,CJ Beksul Spicy Pork Sauce 500g,Seasoned/Sauce/Powder,10,240.0,0.0,2400.0
T2025001529,2025-11-06,17:24:00,P0220,CJ  Tteokbokki Sauce 150G 2Pcs,Seasoned/Sauce/Powder,10,235.0,0.0,2350.0
T2025001529,2025-11-06,17:24:00,P0227,CJ Beksul Beef Bulgogi Sauce 290g,Seasoned/Sauce/Powder,4,150.0,0.2,480.0
T2025001529,2025-11-06,17:24:00,P0231,O'Food Bulgogi Marinade,Seasoned/Sauce/Powder,2,145.0,0.0,290.0
T2025001530,2025-11-06,18:47:00,P0172,Ottogi Jin Hot Big Cup,Noodles,6,75.0,0.0,450.0
T2025001530,2025-11-06,18:47:00,P0178,Samyang Mala Buldak,Noodles,7,70.0,0.0,490.0
T2025001530,2025-11-06,18:47:00,P0195,Ottogi Jin Mild Small Cup,Noodles,2,55.0,0.0,110.0
T2025001530,2025-11-06,18:47:00,P0152,Samyang Buldak Original Cup,Noodles,3,110.0,0.0,330.0
T2025001530,2025-11-06,18:47:00,P0200,Paldo Koreno Kimchi Noodle,Noodles,2,50.0,0.0,100.0
T2025001531,2025-11-06,20:13:00,P0259,Nongshim Sengseng U-Dong,Snacks,7,125.0,0.0,875.0
T2025001532,2025-11-06,16:09:00,P0142,Nongshim Welchs White Grape 355mL,Liquor/Beverage,6,60.0,0.0,360.0
T2025001532,2025-11-06,16:09:00,P0135,KSD Peach Rice Wine 750mL,Liquor/Beverage,9,105.0,0.0,945.0
T2025001532,2025-11-06,16:09:00,P0116,Maxim Mocha Gold Coffee Mix 20Pcs,Liquor/Beverage,10,275.0,0.1,2475.0
T2025001532,2025-11-06,16:09:00,P0147,Binggrae Coffee Milk,Liquor/Beverage,3,48.0,0.0,144.0
T2025001532,2025-11-06,16:09:00,P0111,Maxim Kanu Ice Latte 10 Sticks,Liquor/Beverage,1,360.0,0.0,360.0
T2025001533,2025-11-06,18:09:00,P0067,Wasabi Radish Wrapper 340g,Food Fresh/Meat/Sidedish,1,145.0,0.0,145.0
T2025001533,2025-11-06,18:09:00,P0055,Beef Enoki Roll 500g,Food Fresh/Meat/Sidedish,5,410.0,0.0,2050.0
T2025001534,2025-11-06,21:27:00,P0055,Beef Enoki Roll 500g,Food Fresh/Meat/Sidedish,2,410.0,0.0,820.0
T2025001534,2025-11-06,21:27:00,P0067,Wasabi Radish Wrapper 340g,Food Fresh/Meat/Sidedish,9,145.0,0.0,1305.0
T2025001535,2025-11-06,19:09:00,P0282,Orion Choco Boy,Snacks,2,85.0,0.0,170.0
T2025001535,2025-11-06,19:09:00,P0281,Haitai Ace Crackers,Snacks,6,85.0,0.0,510.0
T2025001535,2025-11-06,19:09:00,P0256,Orion Custard Cake,Snacks,8,130.0,0.0,1040.0
T2025001535,2025-11-06,19:09:00,P0255,Bibigo Crispy Seaweed Snack,Snacks,9,140.0,0.0,1260.0
T2025001535,2025-11-06,19:09:00,P0271,Orion Choco Chip Cookies,Snacks,9,100.0,0.0,900.0
T2025001535,2025-11-06,19:09:00,P0247,Choco Pie Green Tea 12Pcs,Snacks,2,200.0,0.15,340.0
T2025001536,2025-11-06,08:50:00,P0036,Dongwon  Tuna Light Can 150g,Dry Food,2,110.0,0.0,220.0
T2025001536,2025-11-06,08:50:00,P0041,CJ Hetbahn Multi-Grain Rice,Dry Food,5,95.0,0.0,475.0
T2025001536,2025-11-06,08:50:00,P0046,CJ Beksul Potato Starch,Dry Food,5,85.0,0.0,425.0
T2025001536,2025-11-06,08:50:00,P0043,CJ Hetbahn Cooked Barley,Dry Food,6,95.0,0.0,570.0
T2025001536,2025-11-06,08:50:00,P0018,(Kaya) Korean Rice 1.5Kg,Dry Food,7,190.0,0.0,1330.0
T2025001536,2025-11-06,08:50:00,P0017,Bibigo Seaweed Flakes 50g,Dry Food,3,210.0,0.0,630.0
T2025001537,2025-11-06,13:28:00,P0240,Ottogi Spaghetti Sauce,Seasoned/Sauce/Powder,6,115.0,0.0,690.0
T2025001537,2025-11-06,13:28:00,P0236,CJ  Soybean Paste 500g,Seasoned/Sauce/Powder,8,123.0,0.0,984.0
T2025001537,2025-11-06,13:28:00,P0238,Ottogi Curry Mild,Seasoned/Sauce/Powder,9,115.0,0.0,1035.0
T2025001537,2025-11-06,13:28:00,P0232,O'Food Tofu Stew Base,Seasoned/Sauce/Powder,5,135.0,0.0,675.0
T2025001538,2025-11-06,08:20:00,P0142,Nongshim Welchs White Grape 355mL,Liquor/Beverage,4,60.0,0.2,192.0
T2025001538,2025-11-06,08:20:00,P0130,Sunhari Apple 360mL,Liquor/Beverage,4,120.0,0.0,480.0
T2025001538,2025-11-06,08:20:00,P0144,Nongshim Welchs Strawberry 355mL,Liquor/Beverage,2,60.0,0.0,120.0
T2025001538,2025-11-06,08:20:00,P0114,Banana Milk 200mL 6Pcs,Liquor/Beverage,2,290.0,0.0,580.0
T2025001538,2025-11-06,08:20:00,P0143,Nongshim Welchs Grape 355mL,Liquor/Beverage,5,60.0,0.0,300.0
T2025001538,2025-11-06,08:20:00,P0105,White Gold Coffee 100Sticks,Liquor/Beverage,1,1150.0,0.0,1150.0
T2025001539,2025-11-06,11:04:00,P0018,(Kaya) Korean Rice 1.5Kg,Dry Food,1,190.0,0.0,190.0
T2025001540,2025-11-06,12:52:00,P0132,Sunhari Strawberry 360mL,Liquor/Beverage,10,120.0,0.0,1200.0
T2025001541,2025-11-06,16:53:00,P0054,Chadolbagi Wagyu 500g,Food Fresh/Meat/Sidedish,4,475.0,0.05,1805.0
T2025001542,2025-11-06,15:58:00,P0106,Mocha Gold Coffee 100Sticks,Liquor/Beverage,9,1100.0,0.0,9900.0
T2025001542,2025-11-06,15:58:00,P0113,Binggre Melon Milk 200mL 6Pcs,Liquor/Beverage,8,290.0,0.0,2320.0
T2025001542,2025-11-06,15:58:00,P0130,Sunhari Apple 360mL,Liquor/Beverage,4,120.0,0.0,480.0
T2025001542,2025-11-06,15:58:00,P0117,Maxim Kanu Dark Roast 10 Sticks,Liquor/Beverage,3,260.0,0.0,780.0
T2025001543,2025-11-06,17:37:00,P0101,Daerim  Fish Cake Stick,Food Frozen,7,77.0,0.0,539.0
T2025001543,2025-11-06,17:37:00,P0092,Daerim  Crab Stick 500g,Food Frozen,7,210.0,0.0,1470.0
T2025001543,2025-11-06,17:37:00,P0079,Daerim  Kimbab Ham 1Kg,Food Frozen,8,480.0,0.0,3840.0
T2025001543,2025-11-06,17:37:00,P0090,Nongmin Rice Cake 1Kg,Food Frozen,3,220.0,0.0,660.0
T2025001543,2025-11-06,17:37:00,P0084,Assi Vegetable Dumplings 675g,Food Frozen,7,285.0,0.0,1995.0
T2025001544,2025-11-06,14:50:00,P0017,Bibigo Seaweed Flakes 50g,Dry Food,5,210.0,0.0,1050.0
T2025001544,2025-11-06,14:50:00,P0015,(Dae Joo) Gochugaru 500g,Dry Food,10,255.0,0.0,2550.0
T2025001544,2025-11-06,14:50:00,P0028,CJ Bibigo Seaweed Soup,Dry Food,2,140.0,0.0,280.0
T2025001545,2025-11-06,10:05:00,P0012,Ottogi Glass Noodle 1Kg,Dry Food,5,300.0,0.2,1200.0
T2025001545,2025-11-06,10:05:00,P0043,CJ Hetbahn Cooked Barley,Dry Food,8,95.0,0.0,760.0
T2025001545,2025-11-06,10:05:00,P0020,CJ Beksul Hotteok Mix,Dry Food,6,185.0,0.0,1110.0
T2025001546,2025-11-06,17:34:00,P0064,Kimbab Radish 400g,Food Fresh/Meat/Sidedish,3,185.0,0.0,555.0
T2025001546,2025-11-06,17:34:00,P0066,Imported Kimchi Big Tub 850g,Food Fresh/Meat/Sidedish,7,150.0,0.0,1050.0
T2025001546,2025-11-06,17:34:00,P0049,Our Home Kimchi 1Kg,Food Fresh/Meat/Sidedish,2,320.5,0.0,641.0
T2025001546,2025-11-06,17:34:00,P0061,Dried Anchovy Medium 100g,Food Fresh/Meat/Sidedish,4,240.0,0.1,864.0
T2025001546,2025-11-06,17:34:00,P0058,Homemade Kimchi 850g,Food Fresh/Meat/Sidedish,3,290.0,0.0,870.0
T2025001546,2025-11-06,17:34:00,P0055,Beef Enoki Roll 500g,Food Fresh/Meat/Sidedish,8,410.0,0.0,3280.0
T2025001547,2025-11-06,15:59:00,P0255,Bibigo Crispy Seaweed Snack,Snacks,6,140.0,0.0,840.0
T2025001548,2025-11-06,20:34:00,P0053,Shine Spicy Pork Bulgogi Pack,Food Fresh/Meat/Sidedish,6,500.0,0.0,3000.0
T2025001549,2025-11-07,08:59:00,P0006,Chung Jung One Soy Sauce,Condiments,7,140.0,0.2,784.0
T2025001549,2025-11-07,08:59:00,P0005,Ottogi Gold Mayonnaise 300g,Condiments,3,150.0,0.0,450.0
T2025001549,2025-11-07,08:59:00,P0009,CJ Beksul Corn Syrup,Condiments,7,95.0,0.0,665.0
T2025001550,2025-11-07,08:52:00,P0052,Shine Beef Bulgogi Pack,Food Fresh/Meat/Sidedish,5,550.0,0.15,2337.5
T2025001551,2025-11-07,08:50:00,P0099,Daerim  Chaw Spicy Stick 90g,Food Frozen,5,80.0,0.0,400.0
T2025001552,2025-11-07,10:53:00,P0205,Ottogi Yeul Ramen,Noodles,4,48.0,0.0,192.0
T2025001552,2025-11-07,10:53:00,P0183,Samyang Kimchi Ramen Bowl,Noodles,10,65.0,0.0,650.0
T2025001552,2025-11-07,10:53:00,P0167,Samyang Cheese Buldak,Noodles,8,88.0,0.0,704.0
T2025001552,2025-11-07,10:53:00,P0165,Samyang Cream Carbo Buldak 140g,Noodles,5,88.0,0.0,440.0
T2025001552,2025-11-07,10:53:00,P0206,Nongshim Chapagetti,Noodles,4,45.0,0.0,180.0
T2025001553,2025-11-07,09:23:00,P0262,Orion Custard Pineapple,Snacks,3,120.0,0.1,324.0
T2025001554,2025-11-07,14:08:00,P0107,Ottogi Honey Ginger Tea 1Kg,Liquor/Beverage,6,530.0,0.0,3180.0
T2025001554,2025-11-07,14:08:00,P0108,Ottogi Honey Citron Tea 1Kg,Liquor/Beverage,1,530.0,0.1,477.0
T2025001554,2025-11-07,14:08:00,P0144,Nongshim Welchs Strawberry 355mL,Liquor/Beverage,2,60.0,0.0,120.0
T2025001554,2025-11-07,14:08:00,P0111,Maxim Kanu Ice Latte 10 Sticks,Liquor/Beverage,4,360.0,0.0,1440.0
T2025001554,2025-11-07,14:08:00,P0120,Aloe Vera Juice 1.5L,Liquor/Beverage,6,175.0,0.0,1050.0
T2025001554,2025-11-07,14:08:00,P0141,Woongjin Yogurt Apple 340mL,Liquor/Beverage,1,60.0,0.05,57.0
T2025001555,2025-11-07,19:21:00,P0296,Lotte Cereal Choco,Snacks,10,55.0,0.0,550.0
T2025001555,2025-11-07,19:21:00,P0295,Pepero Almond,Snacks,8,55.0,0.0,440.0
T2025001555,2025-11-07,19:21:00,P0247,Choco Pie Green Tea 12Pcs,Snacks,9,200.0,0.0,1800.0
T2025001555,2025-11-07,19:21:00,P0244,Wasabi Almond 190g,Snacks,4,440.0,0.0,1760.0
T2025001556,2025-11-07,11:47:00,P0011,CJ  Cooked Rice Plain 210g,Dry Food,3,365.0,0.0,1095.0
T2025001557,2025-11-07,09:51:00,P0035,CJ  Multi-Grains Cooked Rice 210g,Dry Food,8,110.0,0.0,880.0
T2025001557,2025-11-07,09:51:00,P0020,CJ Beksul Hotteok Mix,Dry Food,7,185.0,0.0,1295.0
T2025001557,2025-11-07,09:51:00,P0039,Ottogi 3Mins Curry,Dry Food,1,99.0,0.0,99.0
T2025001557,2025-11-07,09:51:00,P0037,Ottogi Cup Spaghetti,Dry Food,5,110.0,0.0,550.0
T2025001557,2025-11-07,09:51:00,P0047,Dongwon Spicy Tuna,Dry Food,10,80.0,0.0,800.0
T2025001558,2025-11-07,19:19:00,P0257,Lotte Almond Chocolate,Snacks,6,130.0,0.0,780.0
T2025001558,2025-11-07,19:19:00,P0249,Lotte Chocopie 12Pcs,Snacks,6,200.0,0.0,1200.0
T2025001558,2025-11-07,19:19:00,P0271,Orion Choco Chip Cookies,Snacks,3,100.0,0.0,300.0
T2025001558,2025-11-07,19:19:00,P0288,Nongshim Honey Rice Snack,Snacks,2,80.0,0.1,144.0
T2025001559,2025-11-07,17:28:00,P0029,CJ Beksul Pancake Flour,Dry Food,2,125.0,0.0,250.0
T2025001559,2025-11-07,17:28:00,P0036,Dongwon  Tuna Light Can 150g,Dry Food,2,110.0,0.2,176.0
T2025001559,2025-11-07,17:28:00,P0028,CJ Bibigo Seaweed Soup,Dry Food,5,140.0,0.0,700.0
T2025001559,2025-11-07,17:28:00,P0021,Bibigo Kimbab Kim 10Sheets,Dry Food,9,161.0,0.0,1449.0
T2025001560,2025-11-07,19:49:00,P0258,Orion Custard Choco Cake,Snacks,5,130.0,0.25,487.5
T2025001560,2025-11-07,19:49:00,P0289,Crown Corn Chips,Snacks,6,80.0,0.0,480.0
T2025001560,2025-11-07,19:49:00,P0299,Lotte Xylitol Green Gum,Snacks,8,55.0,0.0,440.0
T2025001560,2025-11-07,19:49:00,P0251,Oil Fried & Salted Peanuts,Snacks,9,185.0,0.0,1665.0
T2025001560,2025-11-07,19:49:00,P0273,Haitai  Plumcandy 130g,Snacks,9,95.0,0.0,855.0
T2025001560,2025-11-07,19:49:00,P0284,Kkokal Sweet Corn Snack,Snacks,10,80.0,0.0,800.0
T2025001561,2025-11-07,21:37:00,P0083,Moguchon Smoked Bacon 200g,Food Frozen,1,320.0,0.0,320.0
T2025001561,2025-11-07,21:37:00,P0075,Bibigo Mul Mandu 370g 2Packs,Food Frozen,3,695.0,0.0,2085.0
T2025001562,2025-11-07,08:14:00,P0115,Strawberry Milk 200mL 6Pcs,Liquor/Beverage,5,290.0,0.0,1450.0
T2025001562,2025-11-07,08:14:00,P0127,Lets Be Mild Coffee Can 4Pcs,Liquor/Beverage,1,128.0,0.0,128.0
T2025001563,2025-11-07,20:53:00,P0008,Ottogi Corn Syrup,Condiments,5,98.0,0.0,490.0
T2025001563,2025-11-07,20:53:00,P0002,Ottogi Gold Mayonnaise 500g,Condiments,1,235.0,0.0,235.0
T2025001563,2025-11-07,20:53:00,P0006,Chung Jung One Soy Sauce,Condiments,4,140.0,0.0,560.0
T2025001564,2025-11-07,19:26:00,P0129,Sunhari Grape 360mL,Liquor/Beverage,5,120.0,0.0,600.0
T2025001564,2025-11-07,19:26:00,P0120,Aloe Vera Juice 1.5L,Liquor/Beverage,2,175.0,0.15,297.5
T2025001564,2025-11-07,19:26:00,P0115,Strawberry Milk 200mL 6Pcs,Liquor/Beverage,9,290.0,0.25,1957.5
T2025001564,2025-11-07,19:26:00,P0125,Jinro Fresh Soju,Liquor/Beverage,9,170.0,0.0,1530.0
T2025001564,2025-11-07,19:26:00,P0114,Banana Milk 200mL 6Pcs,Liquor/Beverage,5,290.0,0.0,1450.0
T2025001565,2025-11-07,09:38:00,P0147,Binggrae Coffee Milk,Liquor/Beverage,2,48.0,0.0,96.0
T2025001566,2025-11-07,18:28:00,P0001,Ottogi Sesame Oil 500mL,Condiments,2,590.5,0.0,1181.0
T2025001566,2025-11-07,18:28:00,P0007,Samyang Spicy Mayo,Condiments,1,130.0,0.0,130.0
T2025001567,2025-11-07,11:43:00,P0229,O'Food Korean BBQ Sauce,Seasoned/Sauce/Powder,3,145.0,0.0,435.0
T2025001568,2025-11-07,20:16:00,P0081,Assi Shrimp Wanton 600g,Food Frozen,5,400.0,0.0,2000.0
T2025001568,2025-11-07,20:16:00,P0082,Daerim  Crab Sticks 1Kg,Food Frozen,2,350.0,0.0,700.0
T2025001568,2025-11-07,20:16:00,P0096,Daerim  Vienna Sausage 170g,Food Frozen,1,145.0,0.0,145.0
T2025001568,2025-11-07,20:16:00,P0089,Jongga Rice Cake 1Kg,Food Frozen,5,230.0,0.0,1150.0
T2025001568,2025-11-07,20:16:00,P0093,Bibigo Kimchi Fried Rice,Food Frozen,1,190.0,0.0,190.0
T2025001568,2025-11-07,20:16:00,P0103,Daerim  Chaw Stick 100g,Food Frozen,10,73.0,0.0,730.0
T2025001569,2025-11-07,16:17:00,P0012,Ottogi Glass Noodle 1Kg,Dry Food,5,300.0,0.05,1425.0
T2025001570,2025-11-07,13:48:00,P0036,Dongwon  Tuna Light Can 150g,Dry Food,5,110.0,0.0,550.0
T2025001571,2025-11-07,10:49:00,P0068,Enoki Mushroom 150G 2Packs,Food Fresh/Meat/Sidedish,10,120.0,0.0,1200.0
T2025001572,2025-11-07,21:07:00,P0007,Samyang Spicy Mayo,Condiments,7,130.0,0.0,910.0
T2025001572,2025-11-07,21:07:00,P0003,Sempio Sesame Oil,Condiments,6,185.0,0.0,1110.0
T2025001572,2025-11-07,21:07:00,P0009,CJ Beksul Corn Syrup,Condiments,7,95.0,0.0,665.0
T2025001572,2025-11-07,21:07:00,P0002,Ottogi Gold Mayonnaise 500g,Condiments,2,235.0,0.0,470.0
T2025001573,2025-11-07,21:39:00,P0203,Jin Ramen Spicy Cup,Noodles,8,50.0,0.0,400.0
T2025001573,2025-11-07,21:39:00,P0157,Nongshim Yachae Ramyeon 100g,Noodles,8,93.0,0.0,744.0
T2025001573,2025-11-07,21:39:00,P0172,Ottogi Jin Hot Big Cup,Noodles,1,75.0,0.0,75.0
T2025001573,2025-11-07,21:39:00,P0164,Samyang Buldak 4 Cheese 145g,Noodles,6,88.0,0.0,528.0
T2025001573,2025-11-07,21:39:00,P0189,Ottogi Bodle Cheese Ramen,Noodles,10,60.0,0.0,600.0
T2025001573,2025-11-07,21:39:00,P0209,Ottogi Kimchi Ramen,Noodles,8,40.0,0.0,320.0
T2025001574,2025-11-07,17:37:00,P0010,Daerim  Big Smoke Ham 1Kg,Dry Food,9,480.0,0.0,4320.0
T2025001574,2025-11-07,17:37:00,P0016,Dongwon  Vegetable Tuna Can 150g 2Pcs,Dry Food,7,235.0,0.0,1645.0
T2025001574,2025-11-07,17:37:00,P0047,Dongwon Spicy Tuna,Dry Food,8,80.0,0.0,640.0
T2025001575,2025-11-07,12:30:00,P0040,Ottogi Sweet Corn 340g,Dry Food,4,95.0,0.0,380.0
T2025001575,2025-11-07,12:30:00,P0043,CJ Hetbahn Cooked Barley,Dry Food,8,95.0,0.0,760.0
T2025001575,2025-11-07,12:30:00,P0046,CJ Beksul Potato Starch,Dry Food,6,85.0,0.0,510.0
T2025001576,2025-11-07,18:31:00,P0076,CJ  Crispy Hotdog,Food Frozen,6,640.0,0.0,3840.0
T2025001576,2025-11-07,18:31:00,P0074,Bibigo Fried Dumplings 450g,Food Frozen,4,740.0,0.0,2960.0
T2025001577,2025-11-07,20:24:00,P0158,Nongshim Shin Ramen Black,Noodles,6,92.0,0.0,552.0
T2025001577,2025-11-07,20:24:00,P0199,Paldo Koreno Shrimp Noodle,Noodles,7,50.0,0.0,350.0
T2025001577,2025-11-07,20:24:00,P0162,Ottogi Jin Jjampong,Noodles,1,90.0,0.0,90.0
T2025001578,2025-11-07,17:00:00,P0093,Bibigo Kimchi Fried Rice,Food Frozen,6,190.0,0.0,1140.0
T2025001578,2025-11-07,17:00:00,P0098,Daerim  Crabstick 216g,Food Frozen,8,98.0,0.0,784.0
T2025001578,2025-11-07,17:00:00,P0104,Pepero Original,Food Frozen,6,55.0,0.0,330.0
T2025001578,2025-11-07,17:00:00,P0095,Samlip Fish Cake Sheets,Food Frozen,2,150.0,0.0,300.0
T2025001578,2025-11-07,17:00:00,P0090,Nongmin Rice Cake 1Kg,Food Frozen,8,220.0,0.0,1760.0
T2025001579,2025-11-07,12:26:00,P0049,Our Home Kimchi 1Kg,Food Fresh/Meat/Sidedish,8,320.5,0.0,2564.0
T2025001579,2025-11-07,12:26:00,P0070,Skinless Garlic 150G,Food Fresh/Meat/Sidedish,6,65.0,0.0,390.0
T2025001579,2025-11-07,12:26:00,P0068,Enoki Mushroom 150G 2Packs,Food Fresh/Meat/Sidedish,10,120.0,0.0,1200.0
T2025001579,2025-11-07,12:26:00,P0050,Boneless Rib Eye 250g,Food Fresh/Meat/Sidedish,10,750.0,0.0,7500.0
T2025001579,2025-11-07,12:26:00,P0056,Us Beef Strips 500g,Food Fresh/Meat/Sidedish,3,375.0,0.0,1125.0
T2025001579,2025-11-07,12:26:00,P0072,Kongsarang Soft Tofu,Food Fresh/Meat/Sidedish,3,65.0,0.0,195.0
T2025001580,2025-11-07,09:48:00,P0277,Orion Turtle Chips Sweet Corn,Snacks,9,89.0,0.0,801.0
T2025001580,2025-11-07,09:48:00,P0268,Samlip Walnut Pie,Snacks,1,110.0,0.0,110.0
T2025001580,2025-11-07,09:48:00,P0276,Orion Sun Chips Korean BBQ,Snacks,10,90.0,0.0,900.0
T2025001581,2025-11-07,18:21:00,P0016,Dongwon  Vegetable Tuna Can 150g 2Pcs,Dry Food,8,235.0,0.0,1880.0
T2025001581,2025-11-07,18:21:00,P0043,CJ Hetbahn Cooked Barley,Dry Food,1,95.0,0.0,95.0
T2025001581,2025-11-07,18:21:00,P0028,CJ Bibigo Seaweed Soup,Dry Food,9,140.0,0.0,1260.0
T2025001581,2025-11-07,18:21:00,P0045,CJ Beksul Wheat Flour,Dry Food,5,90.0,0.0,450.0
T2025001582,2025-11-07,21:24:00,P0040,Ottogi Sweet Corn 340g,Dry Food,2,95.0,0.2,152.0
T2025001583,2025-11-07,09:26:00,P0219,CJ Beksul Spicy Pork Sauce 500g,Seasoned/Sauce/Powder,1,240.0,0.0,240.0
T2025001583,2025-11-07,09:26:00,P0235,O'Food Kimchi Base Sauce,Seasoned/Sauce/Powder,9,130.0,0.0,1170.0
T2025001583,2025-11-07,09:26:00,P0217,Ottogi Roasted Sesame Seeds 200g,Seasoned/Sauce/Powder,3,255.0,0.0,765.0
T2025001583,2025-11-07,09:26:00,P0220,CJ  Tteokbokki Sauce 150G 2Pcs,Seasoned/Sauce/Powder,3,235.0,0.0,705.0
T2025001584,2025-11-07,19:17:00,P0009,CJ Beksul Corn Syrup,Condiments,1,95.0,0.0,95.0
T2025001584,2025-11-07,19:17:00,P0002,Ottogi Gold Mayonnaise 500g,Condiments,8,235.0,0.05,1786.0
T2025001584,2025-11-07,19:17:00,P0007,Samyang Spicy Mayo,Condiments,10,130.0,0.0,1300.0
T2025001584,2025-11-07,19:17:00,P0005,Ottogi Gold Mayonnaise 300g,Condiments,10,150.0,0.0,1500.0
T2025001584,2025-11-07,19:17:00,P0008,Ottogi Corn Syrup,Condiments,4,98.0,0.0,392.0
T2025001585,2025-11-07,17:44:00,P0004,O'Food Korean Chili Oil,Condiments,5,160.0,0.0,800.0
T2025001585,2025-11-07,17:44:00,P0008,Ottogi Corn Syrup,Condiments,10,98.0,0.0,980.0
T2025001585,2025-11-07,17:44:00,P0005,Ottogi Gold Mayonnaise 300g,Condiments,9,150.0,0.0,1350.0
T2025001585,2025-11-07,17:44:00,P0001,Ottogi Sesame Oil 500mL,Condiments,5,590.5,0.0,2952.5
T2025001586,2025-11-07,10:19:00,P0182,Paldo Ilpoom Jjajang,Noodles,3,65.0,0.0,195.0
T2025001586,2025-11-07,10:19:00,P0194,Shin Ramen Kimchi,Noodles,5,55.0,0.0,275.0
T2025001586,2025-11-07,10:19:00,P0200,Paldo Koreno Kimchi Noodle,Noodles,4,50.0,0.0,200.0
T2025001586,2025-11-07,10:19:00,P0196,Paldo Cheese Ramen,Noodles,5,55.0,0.25,206.25
T2025001586,2025-11-07,10:19:00,P0192,Nongshim Soon Veggie Ramen,Noodles,3,58.0,0.0,174.0
T2025001587,2025-11-07,15:28:00,P0094,MWC Frank Sausage 5Pcs,Food Frozen,2,173.0,0.0,346.0
T2025001588,2025-11-07,18:43:00,P0079,Daerim  Kimbab Ham 1Kg,Food Frozen,9,480.0,0.0,4320.0
T2025001588,2025-11-07,18:43:00,P0082,Daerim  Crab Sticks 1Kg,Food Frozen,6,350.0,0.0,2100.0
T2025001588,2025-11-07,18:43:00,P0089,Jongga Rice Cake 1Kg,Food Frozen,7,230.0,0.0,1610.0
T2025001588,2025-11-07,18:43:00,P0090,Nongmin Rice Cake 1Kg,Food Frozen,5,220.0,0.0,1100.0
T2025001589,2025-11-07,14:53:00,P0210,2Mins Snack Men,Noodles,9,40.0,0.0,360.0
T2025001589,2025-11-07,14:53:00,P0183,Samyang Kimchi Ramen Bowl,Noodles,7,65.0,0.0,455.0
T2025001589,2025-11-07,14:53:00,P0188,Nagasaki Jjampong,Noodles,2,60.0,0.0,120.0
T2025001589,2025-11-07,14:53:00,P0176,Ottogi Cheese Bokki Cup,Noodles,4,72.0,0.0,288.0
T2025001589,2025-11-07,14:53:00,P0199,Paldo Koreno Shrimp Noodle,Noodles,4,50.0,0.0,200.0
T2025001589,2025-11-07,14:53:00,P0169,Samyang Buldak Stew Type 145g,Noodles,6,80.0,0.0,480.0
T2025001590,2025-11-07,11:57:00,P0043,CJ Hetbahn Cooked Barley,Dry Food,2,95.0,0.0,190.0
T2025001590,2025-11-07,11:57:00,P0042,CJ Hetbahn Brown Rice,Dry Food,3,95.0,0.0,285.0
T2025001590,2025-11-07,11:57:00,P0017,Bibigo Seaweed Flakes 50g,Dry Food,10,210.0,0.0,2100.0
T2025001590,2025-11-07,11:57:00,P0048,Dongwon Light Tuna,Dry Food,9,75.0,0.0,675.0
T2025001590,2025-11-07,11:57:00,P0041,CJ Hetbahn Multi-Grain Rice,Dry Food,7,95.0,0.0,665.0
T2025001590,2025-11-07,11:57:00,P0010,Daerim  Big Smoke Ham 1Kg,Dry Food,3,480.0,0.0,1440.0
T2025001591,2025-11-07,21:58:00,P0229,O'Food Korean BBQ Sauce,Seasoned/Sauce/Powder,2,145.0,0.1,261.0
T2025001591,2025-11-07,21:58:00,P0216,CJ Beksul Chicken Frying Mix 1Kg,Seasoned/Sauce/Powder,2,257.0,0.0,514.0
T2025001591,2025-11-07,21:58:00,P0213,Sempio Yondu 500mL,Seasoned/Sauce/Powder,8,345.0,0.0,2760.0
T2025001591,2025-11-07,21:58:00,P0215,Ottogi Wasabi Powder 300g,Seasoned/Sauce/Powder,5,290.0,0.0,1450.0
T2025001592,2025-11-07,09:12:00,P0085,Bibigo Bulgogi Mandu,Food Frozen,5,280.0,0.0,1400.0
T2025001592,2025-11-07,09:12:00,P0097,Daerim  Cheese Vienna Sausage 105g,Food Frozen,1,120.0,0.0,120.0
T2025001592,2025-11-07,09:12:00,P0079,Daerim  Kimbab Ham 1Kg,Food Frozen,6,480.0,0.0,2880.0
T2025001593,2025-11-07,16:25:00,P0161,Paldo Wang Cup,Noodles,9,90.0,0.0,810.0
T2025001593,2025-11-07,16:25:00,P0180,Samyang Curry Ramen,Noodles,6,68.0,0.0,408.0
T2025001593,2025-11-07,16:25:00,P0158,Nongshim Shin Ramen Black,Noodles,7,92.0,0.0,644.0
T2025001594,2025-11-07,18:56:00,P0266,Bibigo Seaweed Crisps,Snacks,5,110.0,0.2,440.0
T2025001594,2025-11-07,18:56:00,P0276,Orion Sun Chips Korean BBQ,Snacks,9,90.0,0.0,810.0
T2025001594,2025-11-07,18:56:00,P0293,Lotte Sand Biscuit,Snacks,2,75.0,0.0,150.0
T2025001594,2025-11-07,18:56:00,P0262,Orion Custard Pineapple,Snacks,8,120.0,0.0,960.0
T2025001594,2025-11-07,18:56:00,P0249,Lotte Chocopie 12Pcs,Snacks,9,200.0,0.0,1800.0
T2025001595,2025-11-07,09:46:00,P0090,Nongmin Rice Cake 1Kg,Food Frozen,7,220.0,0.0,1540.0
T2025001595,2025-11-07,09:46:00,P0096,Daerim  Vienna Sausage 170g,Food Frozen,1,145.0,0.0,145.0
T2025001595,2025-11-07,09:46:00,P0091,CJ Bibigo Japchae,Food Frozen,8,220.0,0.0,1760.0
T2025001596,2025-11-07,16:19:00,P0273,Haitai  Plumcandy 130g,Snacks,6,95.0,0.0,570.0
T2025001596,2025-11-07,16:19:00,P0276,Orion Sun Chips Korean BBQ,Snacks,10,90.0,0.25,675.0
T2025001596,2025-11-07,16:19:00,P0290,Doritos Galbi Chicken,Snacks,2,77.0,0.0,154.0
T2025001596,2025-11-07,16:19:00,P0291,Crown Sando Biscuit,Snacks,6,75.0,0.25,337.5
T2025001596,2025-11-07,16:19:00,P0281,Haitai Ace Crackers,Snacks,7,85.0,0.0,595.0
T2025001596,2025-11-07,16:19:00,P0258,Orion Custard Choco Cake,Snacks,10,130.0,0.0,1300.0
T2025001597,2025-11-07,10:43:00,P0104,Pepero Original,Food Frozen,9,55.0,0.0,495.0
T2025001598,2025-11-07,11:24:00,P0125,Jinro Fresh Soju,Liquor/Beverage,3,170.0,0.0,510.0
T2025001598,2025-11-07,11:24:00,P0136,Cass Fresh Beer,Liquor/Beverage,1,85.0,0.0,85.0
T2025001598,2025-11-07,11:24:00,P0133,Sunhari Blueberry 360mL,Liquor/Beverage,2,120.0,0.2,192.0
T2025001598,2025-11-07,11:24:00,P0120,Aloe Vera Juice 1.5L,Liquor/Beverage,4,175.0,0.0,700.0
T2025001598,2025-11-07,11:24:00,P0139,Paldo Pororo Juice,Liquor/Beverage,10,65.0,0.0,650.0
T2025001598,2025-11-07,11:24:00,P0105,White Gold Coffee 100Sticks,Liquor/Beverage,4,1150.0,0.0,4600.0
T2025001599,2025-11-07,20:41:00,P0088,Dongwon  Real Crabs 144g ,Food Frozen,6,259.0,0.0,1554.0
T2025001599,2025-11-07,20:41:00,P0082,Daerim  Crab Sticks 1Kg,Food Frozen,5,350.0,0.15,1487.5
T2025001599,2025-11-07,20:41:00,P0102,MWC Tteok Galbi Bar,Food Frozen,4,75.0,0.0,300.0
T2025001599,2025-11-07,20:41:00,P0078,Spanish Mackerel 340g,Food Frozen,3,500.0,0.0,1500.0
T2025001599,2025-11-07,20:41:00,P0101,Daerim  Fish Cake Stick,Food Frozen,7,77.0,0.0,539.0
T2025001600,2025-11-07,09:59:00,P0114,Banana Milk 200mL 6Pcs,Liquor/Beverage,9,290.0,0.0,2610.0
T2025001600,2025-11-07,09:59:00,P0136,Cass Fresh Beer,Liquor/Beverage,2,85.0,0.25,127.5
T2025001600,2025-11-07,09:59:00,P0115,Strawberry Milk 200mL 6Pcs,Liquor/Beverage,4,290.0,0.0,1160.0
T2025001600,2025-11-07,09:59:00,P0109,(꽃샘) Concentrated Flavored Drink 600g,Liquor/Beverage,9,370.0,0.0,3330.0
T2025001600,2025-11-07,09:59:00,P0145,Binggrae Melon Soda,Liquor/Beverage,2,60.0,0.0,120.0
T2025001600,2025-11-07,09:59:00,P0128,Chamiseul Fresh 360mL,Liquor/Beverage,10,120.0,0.0,1200.0
T2025001601,2025-11-07,16:23:00,P0062,Dried Anchovy Small 100g,Food Fresh/Meat/Sidedish,2,240.0,0.25,360.0
T2025001601,2025-11-07,16:23:00,P0068,Enoki Mushroom 150G 2Packs,Food Fresh/Meat/Sidedish,5,120.0,0.0,600.0
T2025001601,2025-11-07,16:23:00,P0050,Boneless Rib Eye 250g,Food Fresh/Meat/Sidedish,7,750.0,0.0,5250.0
T2025001601,2025-11-07,16:23:00,P0067,Wasabi Radish Wrapper 340g,Food Fresh/Meat/Sidedish,9,145.0,0.0,1305.0
T2025001601,2025-11-07,16:23:00,P0049,Our Home Kimchi 1Kg,Food Fresh/Meat/Sidedish,7,320.5,0.0,2243.5
T2025001602,2025-11-07,12:39:00,P0216,CJ Beksul Chicken Frying Mix 1Kg,Seasoned/Sauce/Powder,6,257.0,0.0,1542.0
T2025001602,2025-11-07,12:39:00,P0215,Ottogi Wasabi Powder 300g,Seasoned/Sauce/Powder,5,290.0,0.1,1305.0
T2025001602,2025-11-07,12:39:00,P0232,O'Food Tofu Stew Base,Seasoned/Sauce/Powder,7,135.0,0.0,945.0
T2025001602,2025-11-07,12:39:00,P0221,CJ  Gochujang 500g,Seasoned/Sauce/Powder,4,220.0,0.0,880.0
T2025001602,2025-11-07,12:39:00,P0229,O'Food Korean BBQ Sauce,Seasoned/Sauce/Powder,4,145.0,0.0,580.0
T2025001602,2025-11-07,12:39:00,P0225,Chung Jung One Soybean Paste,Seasoned/Sauce/Powder,4,160.0,0.0,640.0
T2025001603,2025-11-07,10:04:00,P0237,O'Food Tteokbokki Sauce,Seasoned/Sauce/Powder,5,120.0,0.1,540.0
T2025001603,2025-11-07,10:04:00,P0236,CJ  Soybean Paste 500g,Seasoned/Sauce/Powder,1,123.0,0.0,123.0
T2025001603,2025-11-07,10:04:00,P0219,CJ Beksul Spicy Pork Sauce 500g,Seasoned/Sauce/Powder,3,240.0,0.0,720.0
T2025001604,2025-11-07,12:18:00,P0282,Orion Choco Boy,Snacks,10,85.0,0.0,850.0
T2025001604,2025-11-07,12:18:00,P0285,Corn Choco,Snacks,2,80.0,0.0,160.0
T2025001604,2025-11-07,12:18:00,P0295,Pepero Almond,Snacks,4,55.0,0.0,220.0
T2025001605,2025-11-07,16:16:00,P0098,Daerim  Crabstick 216g,Food Frozen,1,98.0,0.0,98.0
T2025001605,2025-11-07,16:16:00,P0094,MWC Frank Sausage 5Pcs,Food Frozen,10,173.0,0.0,1730.0
T2025001606,2025-11-07,17:45:00,P0128,Chamiseul Fresh 360mL,Liquor/Beverage,3,120.0,0.0,360.0
T2025001607,2025-11-07,09:22:00,P0287,Nongshim Banana Kick 75g,Snacks,8,80.0,0.0,640.0
T2025001607,2025-11-07,09:22:00,P0259,Nongshim Sengseng U-Dong,Snacks,4,125.0,0.0,500.0
T2025001607,2025-11-07,09:22:00,P0297,Pepero Choco Filled,Snacks,3,55.0,0.0,165.0
T2025001607,2025-11-07,09:22:00,P0277,Orion Turtle Chips Sweet Corn,Snacks,2,89.0,0.0,178.0
T2025001607,2025-11-07,09:22:00,P0257,Lotte Almond Chocolate,Snacks,7,130.0,0.0,910.0
T2025001607,2025-11-07,09:22:00,P0245,Honey Butter Almond 190g,Snacks,7,420.0,0.0,2940.0
T2025001608,2025-11-07,21:30:00,P0073,Perilla Leaves 2Packs,Food Fresh/Meat/Sidedish,8,40.0,0.0,320.0
T2025001608,2025-11-07,21:30:00,P0053,Shine Spicy Pork Bulgogi Pack,Food Fresh/Meat/Sidedish,5,500.0,0.0,2500.0
T2025001609,2025-11-07,19:52:00,P0241,CJ Anchovy Sauce 500g,Seasoned/Sauce/Powder,5,105.0,0.0,525.0
T2025001609,2025-11-07,19:52:00,P0228,Sempio Gochujang (500g),Seasoned/Sauce/Powder,7,145.0,0.0,1015.0
T2025001610,2025-11-07,15:22:00,P0287,Nongshim Banana Kick 75g,Snacks,9,80.0,0.0,720.0
T2025001610,2025-11-07,15:22:00,P0278,Haitai O! Karto Chips,Snacks,7,88.0,0.0,616.0
T2025001610,2025-11-07,15:22:00,P0282,Orion Choco Boy,Snacks,2,85.0,0.0,170.0
T2025001610,2025-11-07,15:22:00,P0256,Orion Custard Cake,Snacks,9,130.0,0.0,1170.0
T2025001610,2025-11-07,15:22:00,P0254,Honey Roasted Peanuts,Snacks,5,165.0,0.05,783.75
T2025001610,2025-11-07,15:22:00,P0290,Doritos Galbi Chicken,Snacks,5,77.0,0.0,385.0
T2025001611,2025-11-07,15:28:00,P0064,Kimbab Radish 400g,Food Fresh/Meat/Sidedish,4,185.0,0.0,740.0
T2025001611,2025-11-07,15:28:00,P0063,Our Home Kimchi 1Kg Jar,Food Fresh/Meat/Sidedish,10,190.0,0.0,1900.0
T2025001611,2025-11-07,15:28:00,P0061,Dried Anchovy Medium 100g,Food Fresh/Meat/Sidedish,6,240.0,0.0,1440.0
T2025001611,2025-11-07,15:28:00,P0056,Us Beef Strips 500g,Food Fresh/Meat/Sidedish,1,375.0,0.0,375.0
T2025001611,2025-11-07,15:28:00,P0071,Kongsarang Firm Tofu,Food Fresh/Meat/Sidedish,3,65.0,0.0,195.0
T2025001611,2025-11-07,15:28:00,P0060,Homemade Spring Onion Kimchi 350g,Food Fresh/Meat/Sidedish,4,250.0,0.0,1000.0
T2025001612,2025-11-07,16:24:00,P0053,Shine Spicy Pork Bulgogi Pack,Food Fresh/Meat/Sidedish,9,500.0,0.0,4500.0
T2025001613,2025-11-07,19:10:00,P0231,O'Food Bulgogi Marinade,Seasoned/Sauce/Powder,2,145.0,0.0,290.0
T2025001613,2025-11-07,19:10:00,P0217,Ottogi Roasted Sesame Seeds 200g,Seasoned/Sauce/Powder,4,255.0,0.0,1020.0
T2025001613,2025-11-07,19:10:00,P0213,Sempio Yondu 500mL,Seasoned/Sauce/Powder,7,345.0,0.0,2415.0
T2025001613,2025-11-07,19:10:00,P0214,Jin Soy Sauce Rich & Savory 860mL,Seasoned/Sauce/Powder,8,315.0,0.0,2520.0
T2025001613,2025-11-07,19:10:00,P0239,Ottogi Curry Hot,Seasoned/Sauce/Powder,5,115.0,0.0,575.0
T2025001613,2025-11-07,19:10:00,P0212,Beef Dasida (Soup Stock) 1Kg,Seasoned/Sauce/Powder,5,550.0,0.0,2750.0
T2025001614,2025-11-07,10:09:00,P0025,Sempio Yellow Peach In Can 400g,Dry Food,10,145.0,0.0,1450.0
T2025001614,2025-11-07,10:09:00,P0032,Samlip Mini Kimbap,Dry Food,5,120.0,0.0,600.0
T2025001615,2025-11-07,16:51:00,P0033,CJ Beksul Frying Mix,Dry Food,5,120.0,0.0,600.0
T2025001615,2025-11-07,16:51:00,P0032,Samlip Mini Kimbap,Dry Food,9,120.0,0.1,972.0
T2025001615,2025-11-07,16:51:00,P0047,Dongwon Spicy Tuna,Dry Food,2,80.0,0.0,160.0
T2025001616,2025-11-07,18:14:00,P0213,Sempio Yondu 500mL,Seasoned/Sauce/Powder,5,345.0,0.0,1725.0
T2025001616,2025-11-07,18:14:00,P0218,CJ Beksul Beef Bulgogi Sauce 500g,Seasoned/Sauce/Powder,9,250.0,0.0,2250.0
T2025001616,2025-11-07,18:14:00,P0232,O'Food Tofu Stew Base,Seasoned/Sauce/Powder,4,135.0,0.0,540.0
T2025001617,2025-11-07,15:21:00,P0239,Ottogi Curry Hot,Seasoned/Sauce/Powder,6,115.0,0.0,690.0
T2025001617,2025-11-07,15:21:00,P0241,CJ Anchovy Sauce 500g,Seasoned/Sauce/Powder,5,105.0,0.0,525.0
T2025001617,2025-11-07,15:21:00,P0242,CJ  Gochujang 200g,Seasoned/Sauce/Powder,7,100.0,0.0,700.0
T2025001618,2025-11-07,11:45:00,P0189,Ottogi Bodle Cheese Ramen,Noodles,6,60.0,0.0,360.0
T2025001619,2025-11-07,10:44:00,P0070,Skinless Garlic 150G,Food Fresh/Meat/Sidedish,10,65.0,0.0,650.0
T2025001619,2025-11-07,10:44:00,P0068,Enoki Mushroom 150G 2Packs,Food Fresh/Meat/Sidedish,5,120.0,0.0,600.0
T2025001619,2025-11-07,10:44:00,P0057,Jongga Pogi Kimchi 500g,Food Fresh/Meat/Sidedish,2,315.0,0.0,630.0
T2025001619,2025-11-07,10:44:00,P0053,Shine Spicy Pork Bulgogi Pack,Food Fresh/Meat/Sidedish,6,500.0,0.0,3000.0
T2025001620,2025-11-07,20:02:00,P0035,CJ  Multi-Grains Cooked Rice 210g,Dry Food,4,110.0,0.25,330.0
T2025001620,2025-11-07,20:02:00,P0026,Yopokki Sweet & Spicy 280g,Dry Food,9,145.0,0.0,1305.0
T2025001620,2025-11-07,20:02:00,P0046,CJ Beksul Potato Starch,Dry Food,2,85.0,0.0,170.0
T2025001620,2025-11-07,20:02:00,P0048,Dongwon Light Tuna,Dry Food,1,75.0,0.0,75.0
T2025001620,2025-11-07,20:02:00,P0018,(Kaya) Korean Rice 1.5Kg,Dry Food,4,190.0,0.0,760.0
T2025001621,2025-11-07,14:46:00,P0146,Binggrae Yogurt Drink,Liquor/Beverage,8,55.0,0.0,440.0
T2025001622,2025-11-07,20:13:00,P0005,Ottogi Gold Mayonnaise 300g,Condiments,10,150.0,0.0,1500.0
T2025001622,2025-11-07,20:13:00,P0003,Sempio Sesame Oil,Condiments,3,185.0,0.0,555.0
T2025001622,2025-11-07,20:13:00,P0009,CJ Beksul Corn Syrup,Condiments,1,95.0,0.0,95.0
T2025001623,2025-11-07,19:43:00,P0054,Chadolbagi Wagyu 500g,Food Fresh/Meat/Sidedish,8,475.0,0.0,3800.0
T2025001623,2025-11-07,19:43:00,P0067,Wasabi Radish Wrapper 340g,Food Fresh/Meat/Sidedish,5,145.0,0.0,725.0
T2025001623,2025-11-07,19:43:00,P0049,Our Home Kimchi 1Kg,Food Fresh/Meat/Sidedish,9,320.5,0.0,2884.5
T2025001624,2025-11-07,14:53:00,P0285,Corn Choco,Snacks,4,80.0,0.0,320.0
T2025001624,2025-11-07,14:53:00,P0292,Orion Goraebab Crackers,Snacks,4,75.0,0.0,300.0
T2025001624,2025-11-07,14:53:00,P0256,Orion Custard Cake,Snacks,1,130.0,0.0,130.0
T2025001625,2025-11-07,12:21:00,P0002,Ottogi Gold Mayonnaise 500g,Condiments,3,235.0,0.0,705.0
T2025001626,2025-11-07,18:55:00,P0090,Nongmin Rice Cake 1Kg,Food Frozen,9,220.0,0.0,1980.0
T2025001626,2025-11-07,18:55:00,P0091,CJ Bibigo Japchae,Food Frozen,8,220.0,0.1,1584.0
T2025001626,2025-11-07,18:55:00,P0083,Moguchon Smoked Bacon 200g,Food Frozen,4,320.0,0.0,1280.0
T2025001627,2025-11-07,11:43:00,P0084,Assi Vegetable Dumplings 675g,Food Frozen,3,285.0,0.0,855.0
T2025001627,2025-11-07,11:43:00,P0104,Pepero Original,Food Frozen,3,55.0,0.0,165.0
T2025001627,2025-11-07,11:43:00,P0083,Moguchon Smoked Bacon 200g,Food Frozen,2,320.0,0.1,576.0
T2025001628,2025-11-07,19:07:00,P0130,Sunhari Apple 360mL,Liquor/Beverage,3,120.0,0.0,360.0
T2025001628,2025-11-07,19:07:00,P0147,Binggrae Coffee Milk,Liquor/Beverage,7,48.0,0.0,336.0
T2025001628,2025-11-07,19:07:00,P0125,Jinro Fresh Soju,Liquor/Beverage,4,170.0,0.0,680.0
T2025001628,2025-11-07,19:07:00,P0149,Binggrae Mango Milk,Liquor/Beverage,6,45.0,0.0,270.0
T2025001628,2025-11-07,19:07:00,P0138,Kirin Ichiban Beer 330mL,Liquor/Beverage,6,68.0,0.15,346.8
T2025001629,2025-11-07,17:29:00,P0146,Binggrae Yogurt Drink,Liquor/Beverage,3,55.0,0.25,123.75
T2025001629,2025-11-07,17:29:00,P0130,Sunhari Apple 360mL,Liquor/Beverage,8,120.0,0.0,960.0
T2025001629,2025-11-07,17:29:00,P0122,Chamisul Original Soju,Liquor/Beverage,1,175.0,0.0,175.0
T2025001629,2025-11-07,17:29:00,P0140,Woongjin Yogurt Peach 340mL,Liquor/Beverage,2,60.0,0.0,120.0
T2025001630,2025-11-07,09:55:00,P0263,Samlip Honey Castella,Snacks,2,120.0,0.0,240.0
T2025001630,2025-11-07,09:55:00,P0275,Haitai Sweet Potato Snack,Snacks,6,95.0,0.0,570.0
T2025001630,2025-11-07,09:55:00,P0280,Nongshim Potato Sticks,Snacks,2,85.0,0.0,170.0
T2025001630,2025-11-07,09:55:00,P0256,Orion Custard Cake,Snacks,2,130.0,0.0,260.0
T2025001630,2025-11-07,09:55:00,P0257,Lotte Almond Chocolate,Snacks,10,130.0,0.0,1300.0
T2025001631,2025-11-07,17:12:00,P0058,Homemade Kimchi 850g,Food Fresh/Meat/Sidedish,1,290.0,0.0,290.0
T2025001631,2025-11-07,17:12:00,P0049,Our Home Kimchi 1Kg,Food Fresh/Meat/Sidedish,5,320.5,0.0,1602.5
T2025001632,2025-11-07,11:41:00,P0024,O'Food Kimchi Soup Mix,Dry Food,2,150.0,0.0,300.0
T2025001632,2025-11-07,11:41:00,P0041,CJ Hetbahn Multi-Grain Rice,Dry Food,1,95.0,0.0,95.0
T2025001633,2025-11-07,10:25:00,P0063,Our Home Kimchi 1Kg Jar,Food Fresh/Meat/Sidedish,4,190.0,0.2,608.0
T2025001633,2025-11-07,10:25:00,P0066,Imported Kimchi Big Tub 850g,Food Fresh/Meat/Sidedish,5,150.0,0.0,750.0
T2025001633,2025-11-07,10:25:00,P0058,Homemade Kimchi 850g,Food Fresh/Meat/Sidedish,10,290.0,0.0,2900.0
T2025001634,2025-11-07,08:07:00,P0085,Bibigo Bulgogi Mandu,Food Frozen,5,280.0,0.0,1400.0
T2025001634,2025-11-07,08:07:00,P0096,Daerim  Vienna Sausage 170g,Food Frozen,7,145.0,0.0,1015.0
T2025001634,2025-11-07,08:07:00,P0086,CJ Bibigo Gyoza Dumplings,Food Frozen,7,270.0,0.0,1890.0
T2025001634,2025-11-07,08:07:00,P0092,Daerim  Crab Stick 500g,Food Frozen,3,210.0,0.0,630.0
T2025001635,2025-11-07,18:04:00,P0083,Moguchon Smoked Bacon 200g,Food Frozen,1,320.0,0.0,320.0
T2025001635,2025-11-07,18:04:00,P0089,Jongga Rice Cake 1Kg,Food Frozen,7,230.0,0.0,1610.0
T2025001635,2025-11-07,18:04:00,P0097,Daerim  Cheese Vienna Sausage 105g,Food Frozen,10,120.0,0.0,1200.0
T2025001635,2025-11-07,18:04:00,P0100,Binggrae Ice Cream Sandwich,Food Frozen,2,80.0,0.0,160.0
T2025001635,2025-11-07,18:04:00,P0102,MWC Tteok Galbi Bar,Food Frozen,8,75.0,0.0,600.0
T2025001636,2025-11-07,08:48:00,P0031,Yopokki Cheese Cup 120g,Dry Food,4,120.0,0.0,480.0
T2025001636,2025-11-07,08:48:00,P0013,Dongwon  Whelk In Can 140g,Dry Food,5,280.0,0.25,1050.0
T2025001636,2025-11-07,08:48:00,P0043,CJ Hetbahn Cooked Barley,Dry Food,4,95.0,0.2,304.0
T2025001637,2025-11-07,13:07:00,P0292,Orion Goraebab Crackers,Snacks,6,75.0,0.0,450.0
T2025001637,2025-11-07,13:07:00,P0293,Lotte Sand Biscuit,Snacks,7,75.0,0.0,525.0
T2025001637,2025-11-07,13:07:00,P0300,Can Choco Balls,Snacks,2,45.0,0.0,90.0
T2025001637,2025-11-07,13:07:00,P0279,Orion O! Karto Sweet Corn,Snacks,5,88.0,0.0,440.0
T2025001638,2025-11-07,09:00:00,P0124,Terra Lager Beer 500mL,Liquor/Beverage,6,170.0,0.0,1020.0
T2025001638,2025-11-07,09:00:00,P0105,White Gold Coffee 100Sticks,Liquor/Beverage,7,1150.0,0.0,8050.0
T2025001639,2025-11-07,11:40:00,P0284,Kkokal Sweet Corn Snack,Snacks,1,80.0,0.0,80.0
T2025001639,2025-11-07,11:40:00,P0271,Orion Choco Chip Cookies,Snacks,3,100.0,0.0,300.0
T2025001639,2025-11-07,11:40:00,P0258,Orion Custard Choco Cake,Snacks,9,130.0,0.0,1170.0
T2025001639,2025-11-07,11:40:00,P0288,Nongshim Honey Rice Snack,Snacks,4,80.0,0.0,320.0
T2025001639,2025-11-07,11:40:00,P0291,Crown Sando Biscuit,Snacks,5,75.0,0.0,375.0
T2025001639,2025-11-07,11:40:00,P0287,Nongshim Banana Kick 75g,Snacks,8,80.0,0.0,640.0
T2025001640,2025-11-07,08:48:00,P0050,Boneless Rib Eye 250g,Food Fresh/Meat/Sidedish,4,750.0,0.05,2850.0
T2025001641,2025-11-07,12:54:00,P0064,Kimbab Radish 400g,Food Fresh/Meat/Sidedish,4,185.0,0.0,740.0
T2025001641,2025-11-07,12:54:00,P0059,Pork Belly (Samgyupsal) 500g,Food Fresh/Meat/Sidedish,8,275.0,0.0,2200.0
T2025001641,2025-11-07,12:54:00,P0057,Jongga Pogi Kimchi 500g,Food Fresh/Meat/Sidedish,3,315.0,0.15,803.25
T2025001641,2025-11-07,12:54:00,P0069,Bibigo Beef Bone Soup,Food Fresh/Meat/Sidedish,1,110.0,0.0,110.0
T2025001641,2025-11-07,12:54:00,P0052,Shine Beef Bulgogi Pack,Food Fresh/Meat/Sidedish,1,550.0,0.15,467.5
T2025001642,2025-11-07,08:46:00,P0090,Nongmin Rice Cake 1Kg,Food Frozen,7,220.0,0.25,1155.0
T2025001642,2025-11-07,08:46:00,P0085,Bibigo Bulgogi Mandu,Food Frozen,2,280.0,0.0,560.0
T2025001642,2025-11-07,08:46:00,P0104,Pepero Original,Food Frozen,8,55.0,0.0,440.0
T2025001643,2025-11-07,08:06:00,P0080,Samyang Buldak Original Spicy Mandu 700g,Food Frozen,8,410.0,0.0,3280.0
T2025001643,2025-11-07,08:06:00,P0074,Bibigo Fried Dumplings 450g,Food Frozen,4,740.0,0.0,2960.0
T2025001643,2025-11-07,08:06:00,P0089,Jongga Rice Cake 1Kg,Food Frozen,9,230.0,0.0,2070.0
T2025001643,2025-11-07,08:06:00,P0082,Daerim  Crab Sticks 1Kg,Food Frozen,8,350.0,0.2,2240.0
T2025001643,2025-11-07,08:06:00,P0095,Samlip Fish Cake Sheets,Food Frozen,1,150.0,0.0,150.0
T2025001644,2025-11-07,21:45:00,P0083,Moguchon Smoked Bacon 200g,Food Frozen,6,320.0,0.0,1920.0
T2025001644,2025-11-07,21:45:00,P0081,Assi Shrimp Wanton 600g,Food Frozen,1,400.0,0.0,400.0
T2025001644,2025-11-07,21:45:00,P0078,Spanish Mackerel 340g,Food Frozen,1,500.0,0.0,500.0
T2025001644,2025-11-07,21:45:00,P0103,Daerim  Chaw Stick 100g,Food Frozen,6,73.0,0.0,438.0
T2025001645,2025-11-07,08:23:00,P0003,Sempio Sesame Oil,Condiments,10,185.0,0.0,1850.0
T2025001646,2025-11-07,20:37:00,P0187,Paldo Bibim Men,Noodles,10,60.0,0.0,600.0
T2025001646,2025-11-07,20:37:00,P0185,Nongshim Shin Non-Frying Ramen 97g,Noodles,9,60.0,0.0,540.0
T2025001647,2025-11-07,12:52:00,P0129,Sunhari Grape 360mL,Liquor/Beverage,2,120.0,0.1,216.0
T2025001648,2025-11-07,14:19:00,P0227,CJ Beksul Beef Bulgogi Sauce 290g,Seasoned/Sauce/Powder,7,150.0,0.2,840.0
T2025001648,2025-11-07,14:19:00,P0215,Ottogi Wasabi Powder 300g,Seasoned/Sauce/Powder,8,290.0,0.0,2320.0
T2025001648,2025-11-07,14:19:00,P0217,Ottogi Roasted Sesame Seeds 200g,Seasoned/Sauce/Powder,8,255.0,0.0,2040.0
T2025001649,2025-11-07,15:54:00,P0002,Ottogi Gold Mayonnaise 500g,Condiments,7,235.0,0.0,1645.0
T2025001649,2025-11-07,15:54:00,P0003,Sempio Sesame Oil,Condiments,10,185.0,0.0,1850.0
T2025001649,2025-11-07,15:54:00,P0001,Ottogi Sesame Oil 500mL,Condiments,7,590.5,0.0,4133.5
T2025001649,2025-11-07,15:54:00,P0007,Samyang Spicy Mayo,Condiments,4,130.0,0.0,520.0
T2025001650,2025-11-07,09:23:00,P0122,Chamisul Original Soju,Liquor/Beverage,6,175.0,0.0,1050.0
T2025001650,2025-11-07,09:23:00,P0148,Binggrae Strawberry Milk,Liquor/Beverage,7,45.0,0.05,299.25
T2025001650,2025-11-07,09:23:00,P0109,(꽃샘) Concentrated Flavored Drink 600g,Liquor/Beverage,9,370.0,0.0,3330.0
T2025001650,2025-11-07,09:23:00,P0114,Banana Milk 200mL 6Pcs,Liquor/Beverage,4,290.0,0.0,1160.0
T2025001650,2025-11-07,09:23:00,P0119,Sempio Yuzu Tea,Liquor/Beverage,6,250.0,0.05,1425.0
T2025001651,2025-11-07,20:50:00,P0227,CJ Beksul Beef Bulgogi Sauce 290g,Seasoned/Sauce/Powder,8,150.0,0.0,1200.0
T2025001651,2025-11-07,20:50:00,P0221,CJ  Gochujang 500g,Seasoned/Sauce/Powder,5,220.0,0.0,1100.0
T2025001651,2025-11-07,20:50:00,P0214,Jin Soy Sauce Rich & Savory 860mL,Seasoned/Sauce/Powder,5,315.0,0.0,1575.0
T2025001651,2025-11-07,20:50:00,P0240,Ottogi Spaghetti Sauce,Seasoned/Sauce/Powder,10,115.0,0.0,1150.0
T2025001651,2025-11-07,20:50:00,P0212,Beef Dasida (Soup Stock) 1Kg,Seasoned/Sauce/Powder,6,550.0,0.0,3300.0
T2025001652,2025-11-07,14:29:00,P0040,Ottogi Sweet Corn 340g,Dry Food,10,95.0,0.0,950.0
T2025001652,2025-11-07,14:29:00,P0020,CJ Beksul Hotteok Mix,Dry Food,1,185.0,0.0,185.0
T2025001652,2025-11-07,14:29:00,P0043,CJ Hetbahn Cooked Barley,Dry Food,1,95.0,0.0,95.0
T2025001653,2025-11-07,20:31:00,P0083,Moguchon Smoked Bacon 200g,Food Frozen,9,320.0,0.0,2880.0
T2025001653,2025-11-07,20:31:00,P0096,Daerim  Vienna Sausage 170g,Food Frozen,4,145.0,0.0,580.0
T2025001653,2025-11-07,20:31:00,P0092,Daerim  Crab Stick 500g,Food Frozen,9,210.0,0.0,1890.0
T2025001653,2025-11-07,20:31:00,P0093,Bibigo Kimchi Fried Rice,Food Frozen,1,190.0,0.0,190.0
T2025001653,2025-11-07,20:31:00,P0089,Jongga Rice Cake 1Kg,Food Frozen,6,230.0,0.0,1380.0
T2025001653,2025-11-07,20:31:00,P0080,Samyang Buldak Original Spicy Mandu 700g,Food Frozen,8,410.0,0.0,3280.0
T2025001654,2025-11-07,10:12:00,P0109,(꽃샘) Concentrated Flavored Drink 600g,Liquor/Beverage,10,370.0,0.0,3700.0
T2025001655,2025-11-07,11:53:00,P0274,Haitai Matdongsan,Snacks,7,95.0,0.0,665.0
T2025001655,2025-11-07,11:53:00,P0251,Oil Fried & Salted Peanuts,Snacks,8,185.0,0.0,1480.0
T2025001655,2025-11-07,11:53:00,P0279,Orion O! Karto Sweet Corn,Snacks,3,88.0,0.0,264.0
T2025001655,2025-11-07,11:53:00,P0293,Lotte Sand Biscuit,Snacks,6,75.0,0.0,450.0
T2025001656,2025-11-07,17:32:00,P0250,Haitai Honey Butter Almonds,Snacks,2,190.0,0.0,380.0
T2025001656,2025-11-07,17:32:00,P0257,Lotte Almond Chocolate,Snacks,6,130.0,0.0,780.0
T2025001656,2025-11-07,17:32:00,P0247,Choco Pie Green Tea 12Pcs,Snacks,6,200.0,0.0,1200.0
T2025001656,2025-11-07,17:32:00,P0271,Orion Choco Chip Cookies,Snacks,3,100.0,0.0,300.0
T2025001657,2025-11-07,18:27:00,P0002,Ottogi Gold Mayonnaise 500g,Condiments,5,235.0,0.15,998.75
T2025001658,2025-11-07,20:24:00,P0004,O'Food Korean Chili Oil,Condiments,5,160.0,0.0,800.0
T2025001658,2025-11-07,20:24:00,P0002,Ottogi Gold Mayonnaise 500g,Condiments,5,235.0,0.0,1175.0
T2025001658,2025-11-07,20:24:00,P0001,Ottogi Sesame Oil 500mL,Condiments,9,590.5,0.0,5314.5
T2025001658,2025-11-07,20:24:00,P0009,CJ Beksul Corn Syrup,Condiments,3,95.0,0.0,285.0
T2025001659,2025-11-07,14:28:00,P0004,O'Food Korean Chili Oil,Condiments,5,160.0,0.0,800.0
T2025001660,2025-11-07,11:06:00,P0004,O'Food Korean Chili Oil,Condiments,1,160.0,0.0,160.0
T2025001660,2025-11-07,11:06:00,P0005,Ottogi Gold Mayonnaise 300g,Condiments,3,150.0,0.0,450.0
T2025001660,2025-11-07,11:06:00,P0009,CJ Beksul Corn Syrup,Condiments,6,95.0,0.0,570.0
T2025001660,2025-11-07,11:06:00,P0001,Ottogi Sesame Oil 500mL,Condiments,9,590.5,0.0,5314.5
T2025001661,2025-11-07,19:04:00,P0032,Samlip Mini Kimbap,Dry Food,10,120.0,0.0,1200.0
T2025001661,2025-11-07,19:04:00,P0024,O'Food Kimchi Soup Mix,Dry Food,7,150.0,0.0,1050.0
T2025001661,2025-11-07,19:04:00,P0041,CJ Hetbahn Multi-Grain Rice,Dry Food,10,95.0,0.15,807.5
T2025001661,2025-11-07,19:04:00,P0025,Sempio Yellow Peach In Can 400g,Dry Food,4,145.0,0.0,580.0
T2025001662,2025-11-07,08:05:00,P0035,CJ  Multi-Grains Cooked Rice 210g,Dry Food,7,110.0,0.0,770.0
T2025001662,2025-11-07,08:05:00,P0011,CJ  Cooked Rice Plain 210g,Dry Food,2,365.0,0.0,730.0
T2025001662,2025-11-07,08:05:00,P0018,(Kaya) Korean Rice 1.5Kg,Dry Food,8,190.0,0.0,1520.0
T2025001662,2025-11-07,08:05:00,P0019,Haepyo Crispy Seaweed 9Pcs,Dry Food,10,188.0,0.25,1410.0
T2025001662,2025-11-07,08:05:00,P0033,CJ Beksul Frying Mix,Dry Food,7,120.0,0.0,840.0
T2025001663,2025-11-07,17:24:00,P0242,CJ  Gochujang 200g,Seasoned/Sauce/Powder,3,100.0,0.0,300.0
T2025001663,2025-11-07,17:24:00,P0214,Jin Soy Sauce Rich & Savory 860mL,Seasoned/Sauce/Powder,6,315.0,0.0,1890.0
T2025001663,2025-11-07,17:24:00,P0219,CJ Beksul Spicy Pork Sauce 500g,Seasoned/Sauce/Powder,6,240.0,0.2,1152.0
T2025001663,2025-11-07,17:24:00,P0226,CJ Beksul Sweet Korean Pancake Mix 400g,Seasoned/Sauce/Powder,9,155.0,0.0,1395.0
T2025001663,2025-11-07,17:24:00,P0241,CJ Anchovy Sauce 500g,Seasoned/Sauce/Powder,2,105.0,0.0,210.0
T2025001664,2025-11-07,12:58:00,P0060,Homemade Spring Onion Kimchi 350g,Food Fresh/Meat/Sidedish,1,250.0,0.0,250.0
T2025001664,2025-11-07,12:58:00,P0049,Our Home Kimchi 1Kg,Food Fresh/Meat/Sidedish,10,320.5,0.0,3205.0
T2025001665,2025-11-07,17:37:00,P0082,Daerim  Crab Sticks 1Kg,Food Frozen,4,350.0,0.0,1400.0
T2025001665,2025-11-07,17:37:00,P0094,MWC Frank Sausage 5Pcs,Food Frozen,9,173.0,0.0,1557.0
T2025001665,2025-11-07,17:37:00,P0075,Bibigo Mul Mandu 370g 2Packs,Food Frozen,3,695.0,0.0,2085.0
T2025001665,2025-11-07,17:37:00,P0103,Daerim  Chaw Stick 100g,Food Frozen,6,73.0,0.15,372.3
T2025001665,2025-11-07,17:37:00,P0076,CJ  Crispy Hotdog,Food Frozen,10,640.0,0.0,6400.0
T2025001666,2025-11-07,18:25:00,P0243,CJ  Ssamjang 170g,Seasoned/Sauce/Powder,1,88.0,0.0,88.0
T2025001666,2025-11-07,18:25:00,P0216,CJ Beksul Chicken Frying Mix 1Kg,Seasoned/Sauce/Powder,5,257.0,0.0,1285.0
T2025001667,2025-11-07,21:05:00,P0002,Ottogi Gold Mayonnaise 500g,Condiments,6,235.0,0.0,1410.0
T2025001668,2025-11-07,19:33:00,P0257,Lotte Almond Chocolate,Snacks,3,130.0,0.0,390.0
T2025001669,2025-11-07,14:50:00,P0009,CJ Beksul Corn Syrup,Condiments,1,95.0,0.0,95.0
T2025001669,2025-11-07,14:50:00,P0006,Chung Jung One Soy Sauce,Condiments,9,140.0,0.0,1260.0
T2025001670,2025-11-07,14:51:00,P0006,Chung Jung One Soy Sauce,Condiments,7,140.0,0.0,980.0
T2025001671,2025-11-07,11:17:00,P0088,Dongwon  Real Crabs 144g ,Food Frozen,5,259.0,0.0,1295.0
T2025001671,2025-11-07,11:17:00,P0104,Pepero Original,Food Frozen,8,55.0,0.0,440.0
T2025001671,2025-11-07,11:17:00,P0093,Bibigo Kimchi Fried Rice,Food Frozen,2,190.0,0.05,361.0
T2025001671,2025-11-07,11:17:00,P0098,Daerim  Crabstick 216g,Food Frozen,4,98.0,0.0,392.0
T2025001671,2025-11-07,11:17:00,P0079,Daerim  Kimbab Ham 1Kg,Food Frozen,4,480.0,0.0,1920.0
T2025001671,2025-11-07,11:17:00,P0082,Daerim  Crab Sticks 1Kg,Food Frozen,5,350.0,0.0,1750.0
T2025001672,2025-11-07,15:30:00,P0036,Dongwon  Tuna Light Can 150g,Dry Food,7,110.0,0.0,770.0
T2025001672,2025-11-07,15:30:00,P0046,CJ Beksul Potato Starch,Dry Food,2,85.0,0.0,170.0
T2025001672,2025-11-07,15:30:00,P0032,Samlip Mini Kimbap,Dry Food,1,120.0,0.0,120.0
T2025001672,2025-11-07,15:30:00,P0013,Dongwon  Whelk In Can 140g,Dry Food,7,280.0,0.2,1568.0
T2025001672,2025-11-07,15:30:00,P0015,(Dae Joo) Gochugaru 500g,Dry Food,1,255.0,0.0,255.0
T2025001673,2025-11-07,09:42:00,P0139,Paldo Pororo Juice,Liquor/Beverage,6,65.0,0.0,390.0
T2025001673,2025-11-07,09:42:00,P0117,Maxim Kanu Dark Roast 10 Sticks,Liquor/Beverage,3,260.0,0.0,780.0
T2025001673,2025-11-07,09:42:00,P0144,Nongshim Welchs Strawberry 355mL,Liquor/Beverage,3,60.0,0.0,180.0
T2025001673,2025-11-07,09:42:00,P0135,KSD Peach Rice Wine 750mL,Liquor/Beverage,10,105.0,0.0,1050.0
T2025001673,2025-11-07,09:42:00,P0132,Sunhari Strawberry 360mL,Liquor/Beverage,2,120.0,0.0,240.0
T2025001673,2025-11-07,09:42:00,P0137,Hite Beer Can,Liquor/Beverage,5,80.0,0.25,300.0
T2025001674,2025-11-07,16:57:00,P0208,Ottogi Jin Ramen Mild,Noodles,9,40.0,0.0,360.0
T2025001674,2025-11-07,16:57:00,P0181,Paldo Bibim Cold Noodles,Noodles,9,65.0,0.0,585.0
T2025001674,2025-11-07,16:57:00,P0205,Ottogi Yeul Ramen,Noodles,4,48.0,0.0,192.0
T2025001674,2025-11-07,16:57:00,P0210,2Mins Snack Men,Noodles,9,40.0,0.0,360.0
T2025001674,2025-11-07,16:57:00,P0186,Ottogi Chachelin Blackbean 145g,Noodles,7,60.0,0.0,420.0
T2025001675,2025-11-07,08:44:00,P0042,CJ Hetbahn Brown Rice,Dry Food,2,95.0,0.0,190.0
T2025001675,2025-11-07,08:44:00,P0016,Dongwon  Vegetable Tuna Can 150g 2Pcs,Dry Food,3,235.0,0.0,705.0
T2025001675,2025-11-07,08:44:00,P0026,Yopokki Sweet & Spicy 280g,Dry Food,1,145.0,0.0,145.0
T2025001675,2025-11-07,08:44:00,P0021,Bibigo Kimbab Kim 10Sheets,Dry Food,1,161.0,0.05,152.95
T2025001676,2025-11-07,11:15:00,P0151,Samyang Buldak 4 Cheese Ramen 110g,Noodles,3,110.0,0.0,330.0
T2025001676,2025-11-07,11:15:00,P0191,Paldo Teumsae Ramen,Noodles,7,60.0,0.0,420.0
T2025001677,2025-11-07,13:27:00,P0049,Our Home Kimchi 1Kg,Food Fresh/Meat/Sidedish,9,320.5,0.0,2884.5
T2025001677,2025-11-07,13:27:00,P0050,Boneless Rib Eye 250g,Food Fresh/Meat/Sidedish,4,750.0,0.15,2550.0
T2025001678,2025-11-07,13:10:00,P0278,Haitai O! Karto Chips,Snacks,1,88.0,0.0,88.0
T2025001678,2025-11-07,13:10:00,P0246,Post Almond Flakes,Snacks,5,245.0,0.1,1102.5
T2025001678,2025-11-07,13:10:00,P0294,Pepero Strawberry,Snacks,10,55.0,0.0,550.0
T2025001678,2025-11-07,13:10:00,P0262,Orion Custard Pineapple,Snacks,5,120.0,0.0,600.0
T2025001678,2025-11-07,13:10:00,P0248,Choco Pie Black Sugar 12Pcs,Snacks,1,200.0,0.0,200.0
T2025001678,2025-11-07,13:10:00,P0260,Binch Biscuit,Snacks,9,120.0,0.0,1080.0
T2025001679,2025-11-07,21:02:00,P0101,Daerim  Fish Cake Stick,Food Frozen,7,77.0,0.0,539.0
T2025001679,2025-11-07,21:02:00,P0102,MWC Tteok Galbi Bar,Food Frozen,3,75.0,0.2,180.0
T2025001679,2025-11-07,21:02:00,P0103,Daerim  Chaw Stick 100g,Food Frozen,9,73.0,0.0,657.0
T2025001679,2025-11-07,21:02:00,P0079,Daerim  Kimbab Ham 1Kg,Food Frozen,8,480.0,0.0,3840.0
T2025001679,2025-11-07,21:02:00,P0090,Nongmin Rice Cake 1Kg,Food Frozen,8,220.0,0.0,1760.0
T2025001680,2025-11-07,14:33:00,P0009,CJ Beksul Corn Syrup,Condiments,8,95.0,0.0,760.0
T2025001680,2025-11-07,14:33:00,P0008,Ottogi Corn Syrup,Condiments,9,98.0,0.0,882.0
T2025001681,2025-11-07,21:39:00,P0055,Beef Enoki Roll 500g,Food Fresh/Meat/Sidedish,10,410.0,0.0,4100.0
T2025001682,2025-11-07,08:16:00,P0024,O'Food Kimchi Soup Mix,Dry Food,8,150.0,0.0,1200.0
T2025001682,2025-11-07,08:16:00,P0040,Ottogi Sweet Corn 340g,Dry Food,6,95.0,0.0,570.0
T2025001682,2025-11-07,08:16:00,P0016,Dongwon  Vegetable Tuna Can 150g 2Pcs,Dry Food,2,235.0,0.0,470.0
T2025001683,2025-11-07,08:40:00,P0243,CJ  Ssamjang 170g,Seasoned/Sauce/Powder,3,88.0,0.0,264.0
T2025001683,2025-11-07,08:40:00,P0225,Chung Jung One Soybean Paste,Seasoned/Sauce/Powder,6,160.0,0.0,960.0
T2025001683,2025-11-07,08:40:00,P0228,Sempio Gochujang (500g),Seasoned/Sauce/Powder,10,145.0,0.0,1450.0
T2025001684,2025-11-07,17:47:00,P0040,Ottogi Sweet Corn 340g,Dry Food,7,95.0,0.05,631.75
T2025001684,2025-11-07,17:47:00,P0042,CJ Hetbahn Brown Rice,Dry Food,7,95.0,0.0,665.0
T2025001684,2025-11-07,17:47:00,P0015,(Dae Joo) Gochugaru 500g,Dry Food,10,255.0,0.2,2040.0
T2025001684,2025-11-07,17:47:00,P0020,CJ Beksul Hotteok Mix,Dry Food,1,185.0,0.0,185.0
T2025001684,2025-11-07,17:47:00,P0027,Yopokki Cheese 240g,Dry Food,8,145.0,0.0,1160.0
T2025001684,2025-11-07,17:47:00,P0022,Ottogi Tteokbokki Cup,Dry Food,2,160.0,0.15,272.0
T2025001685,2025-11-07,13:16:00,P0173,Nongshim Jjapageti,Noodles,4,75.0,0.0,300.0
T2025001685,2025-11-07,13:16:00,P0198,Paldo Koreno Beef Noodle 100g,Noodles,2,50.0,0.0,100.0
T2025001685,2025-11-07,13:16:00,P0170,Ottogi Jin Jjajang,Noodles,4,80.0,0.2,256.0
T2025001685,2025-11-07,13:16:00,P0150,Samyang Buldak Rosã Ramen 105g,Noodles,7,110.0,0.0,770.0
T2025001686,2025-11-07,19:44:00,P0093,Bibigo Kimchi Fried Rice,Food Frozen,1,190.0,0.0,190.0
T2025001686,2025-11-07,19:44:00,P0074,Bibigo Fried Dumplings 450g,Food Frozen,10,740.0,0.0,7400.0
T2025001686,2025-11-07,19:44:00,P0078,Spanish Mackerel 340g,Food Frozen,7,500.0,0.0,3500.0
T2025001687,2025-11-07,19:31:00,P0219,CJ Beksul Spicy Pork Sauce 500g,Seasoned/Sauce/Powder,3,240.0,0.0,720.0
T2025001687,2025-11-07,19:31:00,P0217,Ottogi Roasted Sesame Seeds 200g,Seasoned/Sauce/Powder,10,255.0,0.05,2422.5
T2025001687,2025-11-07,19:31:00,P0233,O'Food Korean Fried Chicken Sauce,Seasoned/Sauce/Powder,2,135.0,0.05,256.5
T2025001688,2025-11-07,19:04:00,P0272,Haitai  Sunkist Candy 125g,Snacks,6,95.0,0.0,570.0
T2025001688,2025-11-07,19:04:00,P0263,Samlip Honey Castella,Snacks,8,120.0,0.0,960.0
T2025001688,2025-11-07,19:04:00,P0244,Wasabi Almond 190g,Snacks,5,440.0,0.0,2200.0
T2025001688,2025-11-07,19:04:00,P0266,Bibigo Seaweed Crisps,Snacks,1,110.0,0.05,104.5
T2025001688,2025-11-07,19:04:00,P0249,Lotte Chocopie 12Pcs,Snacks,7,200.0,0.0,1400.0
T2025001688,2025-11-07,19:04:00,P0255,Bibigo Crispy Seaweed Snack,Snacks,4,140.0,0.0,560.0
T2025001689,2025-11-07,18:41:00,P0117,Maxim Kanu Dark Roast 10 Sticks,Liquor/Beverage,5,260.0,0.0,1300.0
T2025001689,2025-11-07,18:41:00,P0135,KSD Peach Rice Wine 750mL,Liquor/Beverage,7,105.0,0.0,735.0
T2025001689,2025-11-07,18:41:00,P0113,Binggre Melon Milk 200mL 6Pcs,Liquor/Beverage,7,290.0,0.0,2030.0
T2025001689,2025-11-07,18:41:00,P0137,Hite Beer Can,Liquor/Beverage,6,80.0,0.0,480.0
T2025001689,2025-11-07,18:41:00,P0133,Sunhari Blueberry 360mL,Liquor/Beverage,3,120.0,0.0,360.0
T2025001689,2025-11-07,18:41:00,P0122,Chamisul Original Soju,Liquor/Beverage,5,175.0,0.0,875.0
T2025001690,2025-11-07,12:03:00,P0003,Sempio Sesame Oil,Condiments,1,185.0,0.0,185.0
T2025001690,2025-11-07,12:03:00,P0007,Samyang Spicy Mayo,Condiments,8,130.0,0.0,1040.0
T2025001691,2025-11-07,16:16:00,P0222,CJ  Soybean Paste 1Kg,Seasoned/Sauce/Powder,8,208.0,0.0,1664.0
T2025001691,2025-11-07,16:16:00,P0229,O'Food Korean BBQ Sauce,Seasoned/Sauce/Powder,5,145.0,0.0,725.0
T2025001691,2025-11-07,16:16:00,P0216,CJ Beksul Chicken Frying Mix 1Kg,Seasoned/Sauce/Powder,3,257.0,0.0,771.0
T2025001691,2025-11-07,16:16:00,P0240,Ottogi Spaghetti Sauce,Seasoned/Sauce/Powder,8,115.0,0.0,920.0
T2025001691,2025-11-07,16:16:00,P0224,Seasoned Seaweed 200g,Seasoned/Sauce/Powder,7,190.0,0.0,1330.0
T2025001692,2025-11-07,20:14:00,P0047,Dongwon Spicy Tuna,Dry Food,3,80.0,0.0,240.0
T2025001692,2025-11-07,20:14:00,P0036,Dongwon  Tuna Light Can 150g,Dry Food,8,110.0,0.0,880.0
T2025001692,2025-11-07,20:14:00,P0018,(Kaya) Korean Rice 1.5Kg,Dry Food,5,190.0,0.0,950.0
T2025001692,2025-11-07,20:14:00,P0048,Dongwon Light Tuna,Dry Food,10,75.0,0.0,750.0
T2025001692,2025-11-07,20:14:00,P0025,Sempio Yellow Peach In Can 400g,Dry Food,6,145.0,0.0,870.0
T2025001693,2025-11-07,09:31:00,P0082,Daerim  Crab Sticks 1Kg,Food Frozen,1,350.0,0.0,350.0
T2025001693,2025-11-07,09:31:00,P0096,Daerim  Vienna Sausage 170g,Food Frozen,10,145.0,0.1,1305.0
T2025001694,2025-11-07,13:35:00,P0238,Ottogi Curry Mild,Seasoned/Sauce/Powder,3,115.0,0.0,345.0
T2025001694,2025-11-07,13:35:00,P0220,CJ  Tteokbokki Sauce 150G 2Pcs,Seasoned/Sauce/Powder,6,235.0,0.0,1410.0
T2025001694,2025-11-07,13:35:00,P0223,Jin Soy Sauce For Soup 860mL,Seasoned/Sauce/Powder,5,205.0,0.0,1025.0
T2025001694,2025-11-07,13:35:00,P0213,Sempio Yondu 500mL,Seasoned/Sauce/Powder,1,345.0,0.0,345.0
T2025001694,2025-11-07,13:35:00,P0219,CJ Beksul Spicy Pork Sauce 500g,Seasoned/Sauce/Powder,7,240.0,0.15,1428.0
T2025001694,2025-11-07,13:35:00,P0218,CJ Beksul Beef Bulgogi Sauce 500g,Seasoned/Sauce/Powder,7,250.0,0.0,1750.0
T2025001695,2025-11-07,20:33:00,P0082,Daerim  Crab Sticks 1Kg,Food Frozen,9,350.0,0.0,3150.0
T2025001695,2025-11-07,20:33:00,P0086,CJ Bibigo Gyoza Dumplings,Food Frozen,7,270.0,0.0,1890.0
T2025001695,2025-11-07,20:33:00,P0094,MWC Frank Sausage 5Pcs,Food Frozen,1,173.0,0.0,173.0
T2025001696,2025-11-07,14:21:00,P0041,CJ Hetbahn Multi-Grain Rice,Dry Food,2,95.0,0.25,142.5
T2025001697,2025-11-07,16:24:00,P0016,Dongwon  Vegetable Tuna Can 150g 2Pcs,Dry Food,2,235.0,0.0,470.0
T2025001697,2025-11-07,16:24:00,P0028,CJ Bibigo Seaweed Soup,Dry Food,5,140.0,0.0,700.0
T2025001697,2025-11-07,16:24:00,P0040,Ottogi Sweet Corn 340g,Dry Food,1,95.0,0.05,90.25
T2025001698,2025-11-07,11:28:00,P0006,Chung Jung One Soy Sauce,Condiments,8,140.0,0.0,1120.0
T2025001699,2025-11-07,19:22:00,P0076,CJ  Crispy Hotdog,Food Frozen,6,640.0,0.0,3840.0
T2025001699,2025-11-07,19:22:00,P0078,Spanish Mackerel 340g,Food Frozen,7,500.0,0.0,3500.0
T2025001699,2025-11-07,19:22:00,P0088,Dongwon  Real Crabs 144g ,Food Frozen,3,259.0,0.0,777.0
T2025001699,2025-11-07,19:22:00,P0102,MWC Tteok Galbi Bar,Food Frozen,3,75.0,0.0,225.0
T2025001699,2025-11-07,19:22:00,P0092,Daerim  Crab Stick 500g,Food Frozen,6,210.0,0.0,1260.0
T2025001700,2025-11-07,08:42:00,P0217,Ottogi Roasted Sesame Seeds 200g,Seasoned/Sauce/Powder,1,255.0,0.0,255.0
T2025001700,2025-11-07,08:42:00,P0222,CJ  Soybean Paste 1Kg,Seasoned/Sauce/Powder,10,208.0,0.0,2080.0
T2025001700,2025-11-07,08:42:00,P0237,O'Food Tteokbokki Sauce,Seasoned/Sauce/Powder,10,120.0,0.0,1200.0
T2025001700,2025-11-07,08:42:00,P0234,CJ Beksul Spicy Pork Sauce 290g,Seasoned/Sauce/Powder,8,130.0,0.0,1040.0
T2025001700,2025-11-07,08:42:00,P0242,CJ  Gochujang 200g,Seasoned/Sauce/Powder,9,100.0,0.0,900.0
T2025001700,2025-11-07,08:42:00,P0224,Seasoned Seaweed 200g,Seasoned/Sauce/Powder,1,190.0,0.0,190.0
T2025001701,2025-11-07,21:23:00,P0095,Samlip Fish Cake Sheets,Food Frozen,8,150.0,0.0,1200.0
T2025001701,2025-11-07,21:23:00,P0081,Assi Shrimp Wanton 600g,Food Frozen,3,400.0,0.0,1200.0
T2025001701,2025-11-07,21:23:00,P0083,Moguchon Smoked Bacon 200g,Food Frozen,10,320.0,0.0,3200.0
T2025001701,2025-11-07,21:23:00,P0088,Dongwon  Real Crabs 144g ,Food Frozen,7,259.0,0.0,1813.0
T2025001702,2025-11-07,08:45:00,P0080,Samyang Buldak Original Spicy Mandu 700g,Food Frozen,5,410.0,0.0,2050.0
T2025001702,2025-11-07,08:45:00,P0093,Bibigo Kimchi Fried Rice,Food Frozen,10,190.0,0.0,1900.0
T2025001702,2025-11-07,08:45:00,P0077,Daerim  Vienna Sausage 1Kg,Food Frozen,1,580.0,0.0,580.0
T2025001703,2025-11-07,17:07:00,P0140,Woongjin Yogurt Peach 340mL,Liquor/Beverage,8,60.0,0.0,480.0
T2025001703,2025-11-07,17:07:00,P0126,Woongjin Yogurt Pineapple 1.5L,Liquor/Beverage,1,135.0,0.15,114.75
T2025001703,2025-11-07,17:07:00,P0143,Nongshim Welchs Grape 355mL,Liquor/Beverage,7,60.0,0.0,420.0
T2025001703,2025-11-07,17:07:00,P0136,Cass Fresh Beer,Liquor/Beverage,9,85.0,0.0,765.0
T2025001703,2025-11-07,17:07:00,P0141,Woongjin Yogurt Apple 340mL,Liquor/Beverage,5,60.0,0.0,300.0
T2025001703,2025-11-07,17:07:00,P0116,Maxim Mocha Gold Coffee Mix 20Pcs,Liquor/Beverage,6,275.0,0.0,1650.0
T2025001704,2025-11-07,08:12:00,P0156,Nongshim Ramyun King Bowl,Noodles,4,95.0,0.0,380.0
T2025001704,2025-11-07,08:12:00,P0195,Ottogi Jin Mild Small Cup,Noodles,1,55.0,0.0,55.0
T2025001704,2025-11-07,08:12:00,P0168,Samyang Carbo Buldak,Noodles,8,88.0,0.0,704.0
T2025001704,2025-11-07,08:12:00,P0180,Samyang Curry Ramen,Noodles,4,68.0,0.0,272.0
T2025001704,2025-11-07,08:12:00,P0210,2Mins Snack Men,Noodles,8,40.0,0.0,320.0
T2025001704,2025-11-07,08:12:00,P0177,Ottogi Beef Seaweed Soup Ramen,Noodles,1,70.0,0.0,70.0
T2025001705,2025-11-07,21:19:00,P0189,Ottogi Bodle Cheese Ramen,Noodles,10,60.0,0.0,600.0
T2025001705,2025-11-07,21:19:00,P0197,Nongshim Seafood Ramyun,Noodles,2,52.0,0.0,104.0
T2025001705,2025-11-07,21:19:00,P0182,Paldo Ilpoom Jjajang,Noodles,1,65.0,0.0,65.0
T2025001705,2025-11-07,21:19:00,P0186,Ottogi Chachelin Blackbean 145g,Noodles,6,60.0,0.0,360.0
T2025001706,2025-11-07,13:36:00,P0225,Chung Jung One Soybean Paste,Seasoned/Sauce/Powder,5,160.0,0.0,800.0
T2025001706,2025-11-07,13:36:00,P0239,Ottogi Curry Hot,Seasoned/Sauce/Powder,2,115.0,0.0,230.0
T2025001706,2025-11-07,13:36:00,P0228,Sempio Gochujang (500g),Seasoned/Sauce/Powder,3,145.0,0.0,435.0
T2025001707,2025-11-07,21:59:00,P0056,Us Beef Strips 500g,Food Fresh/Meat/Sidedish,10,375.0,0.0,3750.0
T2025001707,2025-11-07,21:59:00,P0063,Our Home Kimchi 1Kg Jar,Food Fresh/Meat/Sidedish,9,190.0,0.0,1710.0
T2025001707,2025-11-07,21:59:00,P0067,Wasabi Radish Wrapper 340g,Food Fresh/Meat/Sidedish,9,145.0,0.0,1305.0
T2025001707,2025-11-07,21:59:00,P0070,Skinless Garlic 150G,Food Fresh/Meat/Sidedish,8,65.0,0.2,416.0
T2025001708,2025-11-07,09:51:00,P0229,O'Food Korean BBQ Sauce,Seasoned/Sauce/Powder,3,145.0,0.0,435.0
T2025001708,2025-11-07,09:51:00,P0224,Seasoned Seaweed 200g,Seasoned/Sauce/Powder,4,190.0,0.0,760.0
T2025001709,2025-11-07,18:12:00,P0233,O'Food Korean Fried Chicken Sauce,Seasoned/Sauce/Powder,2,135.0,0.25,202.5
T2025001709,2025-11-07,18:12:00,P0231,O'Food Bulgogi Marinade,Seasoned/Sauce/Powder,10,145.0,0.0,1450.0
T2025001710,2025-11-07,18:19:00,P0126,Woongjin Yogurt Pineapple 1.5L,Liquor/Beverage,8,135.0,0.0,1080.0
T2025001711,2025-11-07,09:27:00,P0244,Wasabi Almond 190g,Snacks,10,440.0,0.1,3960.0
T2025001711,2025-11-07,09:27:00,P0269,Lotte Soft Strawberry Milk Candy 79g,Snacks,7,105.0,0.05,698.25
T2025001711,2025-11-07,09:27:00,P0286,Crown Caramel Maple Corn,Snacks,1,80.0,0.0,80.0
T2025001711,2025-11-07,09:27:00,P0300,Can Choco Balls,Snacks,2,45.0,0.0,90.0
T2025001711,2025-11-07,09:27:00,P0273,Haitai  Plumcandy 130g,Snacks,2,95.0,0.0,190.0
T2025001711,2025-11-07,09:27:00,P0272,Haitai  Sunkist Candy 125g,Snacks,5,95.0,0.0,475.0
T2025001712,2025-11-07,19:01:00,P0097,Daerim  Cheese Vienna Sausage 105g,Food Frozen,7,120.0,0.0,840.0
T2025001712,2025-11-07,19:01:00,P0079,Daerim  Kimbab Ham 1Kg,Food Frozen,8,480.0,0.0,3840.0
T2025001712,2025-11-07,19:01:00,P0086,CJ Bibigo Gyoza Dumplings,Food Frozen,6,270.0,0.0,1620.0
T2025001712,2025-11-07,19:01:00,P0095,Samlip Fish Cake Sheets,Food Frozen,4,150.0,0.0,600.0
T2025001712,2025-11-07,19:01:00,P0101,Daerim  Fish Cake Stick,Food Frozen,8,77.0,0.15,523.6
T2025001712,2025-11-07,19:01:00,P0091,CJ Bibigo Japchae,Food Frozen,4,220.0,0.0,880.0
T2025001713,2025-11-07,18:17:00,P0009,CJ Beksul Corn Syrup,Condiments,2,95.0,0.0,190.0
T2025001713,2025-11-07,18:17:00,P0006,Chung Jung One Soy Sauce,Condiments,10,140.0,0.25,1050.0
T2025001713,2025-11-07,18:17:00,P0008,Ottogi Corn Syrup,Condiments,1,98.0,0.0,98.0
T2025001713,2025-11-07,18:17:00,P0001,Ottogi Sesame Oil 500mL,Condiments,4,590.5,0.0,2362.0
T2025001714,2025-11-07,21:41:00,P0087,Bibigo Crispy Seaweed Roll,Food Frozen,3,260.0,0.0,780.0
T2025001714,2025-11-07,21:41:00,P0085,Bibigo Bulgogi Mandu,Food Frozen,7,280.0,0.05,1862.0
T2025001714,2025-11-07,21:41:00,P0074,Bibigo Fried Dumplings 450g,Food Frozen,5,740.0,0.0,3700.0
T2025001715,2025-11-07,10:11:00,P0029,CJ Beksul Pancake Flour,Dry Food,7,125.0,0.0,875.0
T2025001715,2025-11-07,10:11:00,P0047,Dongwon Spicy Tuna,Dry Food,8,80.0,0.0,640.0
T2025001715,2025-11-07,10:11:00,P0043,CJ Hetbahn Cooked Barley,Dry Food,6,95.0,0.0,570.0
T2025001715,2025-11-07,10:11:00,P0019,Haepyo Crispy Seaweed 9Pcs,Dry Food,3,188.0,0.0,564.0
T2025001716,2025-11-07,19:37:00,P0227,CJ Beksul Beef Bulgogi Sauce 290g,Seasoned/Sauce/Powder,3,150.0,0.0,450.0
T2025001716,2025-11-07,19:37:00,P0232,O'Food Tofu Stew Base,Seasoned/Sauce/Powder,9,135.0,0.0,1215.0
T2025001716,2025-11-07,19:37:00,P0242,CJ  Gochujang 200g,Seasoned/Sauce/Powder,5,100.0,0.0,500.0
T2025001717,2025-11-07,20:28:00,P0258,Orion Custard Choco Cake,Snacks,5,130.0,0.0,650.0
T2025001717,2025-11-07,20:28:00,P0286,Crown Caramel Maple Corn,Snacks,5,80.0,0.0,400.0
T2025001717,2025-11-07,20:28:00,P0298,Pepero White Cookie,Snacks,2,55.0,0.0,110.0
T2025001717,2025-11-07,20:28:00,P0263,Samlip Honey Castella,Snacks,5,120.0,0.0,600.0
T2025001717,2025-11-07,20:28:00,P0252,Lotte Banana Choco Pie 12Pcs,Snacks,9,180.0,0.0,1620.0
T2025001717,2025-11-07,20:28:00,P0297,Pepero Choco Filled,Snacks,10,55.0,0.25,412.5
T2025001718,2025-11-07,11:42:00,P0073,Perilla Leaves 2Packs,Food Fresh/Meat/Sidedish,6,40.0,0.0,240.0
T2025001718,2025-11-07,11:42:00,P0072,Kongsarang Soft Tofu,Food Fresh/Meat/Sidedish,7,65.0,0.0,455.0
T2025001718,2025-11-07,11:42:00,P0066,Imported Kimchi Big Tub 850g,Food Fresh/Meat/Sidedish,1,150.0,0.0,150.0
T2025001718,2025-11-07,11:42:00,P0065,Sempio Spicy Stir-Fried Dried Squid,Food Fresh/Meat/Sidedish,2,175.0,0.0,350.0
T2025001718,2025-11-07,11:42:00,P0063,Our Home Kimchi 1Kg Jar,Food Fresh/Meat/Sidedish,10,190.0,0.0,1900.0
T2025001718,2025-11-07,11:42:00,P0070,Skinless Garlic 150G,Food Fresh/Meat/Sidedish,6,65.0,0.0,390.0
T2025001719,2025-11-07,11:20:00,P0097,Daerim  Cheese Vienna Sausage 105g,Food Frozen,9,120.0,0.0,1080.0
T2025001719,2025-11-07,11:20:00,P0101,Daerim  Fish Cake Stick,Food Frozen,5,77.0,0.0,385.0
T2025001719,2025-11-07,11:20:00,P0100,Binggrae Ice Cream Sandwich,Food Frozen,7,80.0,0.0,560.0
T2025001719,2025-11-07,11:20:00,P0077,Daerim  Vienna Sausage 1Kg,Food Frozen,4,580.0,0.0,2320.0
T2025001720,2025-11-07,13:15:00,P0202,Nongshim Ansung Tangmen,Noodles,8,50.0,0.0,400.0
T2025001720,2025-11-07,13:15:00,P0162,Ottogi Jin Jjampong,Noodles,2,90.0,0.0,180.0
T2025001721,2025-11-07,21:30:00,P0060,Homemade Spring Onion Kimchi 350g,Food Fresh/Meat/Sidedish,5,250.0,0.0,1250.0
T2025001721,2025-11-07,21:30:00,P0053,Shine Spicy Pork Bulgogi Pack,Food Fresh/Meat/Sidedish,4,500.0,0.0,2000.0
T2025001721,2025-11-07,21:30:00,P0071,Kongsarang Firm Tofu,Food Fresh/Meat/Sidedish,10,65.0,0.1,585.0
T2025001722,2025-11-07,10:55:00,P0253,Orion Market O Brownie,Snacks,9,170.0,0.0,1530.0
T2025001722,2025-11-07,10:55:00,P0285,Corn Choco,Snacks,2,80.0,0.0,160.0
T2025001722,2025-11-07,10:55:00,P0252,Lotte Banana Choco Pie 12Pcs,Snacks,7,180.0,0.0,1260.0
T2025001722,2025-11-07,10:55:00,P0268,Samlip Walnut Pie,Snacks,8,110.0,0.2,704.0
T2025001722,2025-11-07,10:55:00,P0299,Lotte Xylitol Green Gum,Snacks,5,55.0,0.0,275.0
T2025001723,2025-11-07,12:27:00,P0190,Nongshim Tempura Udon Cup,Noodles,1,60.0,0.0,60.0
T2025001724,2025-11-07,12:54:00,P0217,Ottogi Roasted Sesame Seeds 200g,Seasoned/Sauce/Powder,8,255.0,0.0,2040.0
T2025001725,2025-11-07,08:49:00,P0238,Ottogi Curry Mild,Seasoned/Sauce/Powder,10,115.0,0.1,1035.0
T2025001726,2025-11-07,13:25:00,P0226,CJ Beksul Sweet Korean Pancake Mix 400g,Seasoned/Sauce/Powder,2,155.0,0.0,310.0
T2025001727,2025-11-07,17:01:00,P0067,Wasabi Radish Wrapper 340g,Food Fresh/Meat/Sidedish,5,145.0,0.0,725.0
T2025001727,2025-11-07,17:01:00,P0061,Dried Anchovy Medium 100g,Food Fresh/Meat/Sidedish,6,240.0,0.0,1440.0
T2025001727,2025-11-07,17:01:00,P0052,Shine Beef Bulgogi Pack,Food Fresh/Meat/Sidedish,1,550.0,0.0,550.0
T2025001727,2025-11-07,17:01:00,P0066,Imported Kimchi Big Tub 850g,Food Fresh/Meat/Sidedish,4,150.0,0.0,600.0
T2025001727,2025-11-07,17:01:00,P0058,Homemade Kimchi 850g,Food Fresh/Meat/Sidedish,4,290.0,0.0,1160.0
T2025001728,2025-11-07,13:21:00,P0134,KSD Green Grape Rice Wine 750mL,Liquor/Beverage,2,105.0,0.15,178.5
T2025001728,2025-11-07,13:21:00,P0132,Sunhari Strawberry 360mL,Liquor/Beverage,1,120.0,0.0,120.0
T2025001728,2025-11-07,13:21:00,P0126,Woongjin Yogurt Pineapple 1.5L,Liquor/Beverage,8,135.0,0.0,1080.0
T2025001729,2025-11-07,15:30:00,P0160,Paldo Wang Cup Kimchi,Noodles,8,90.0,0.0,720.0
T2025001729,2025-11-07,15:30:00,P0182,Paldo Ilpoom Jjajang,Noodles,10,65.0,0.0,650.0
T2025001729,2025-11-07,15:30:00,P0193,Paldo Gomtang Ramen,Noodles,7,56.0,0.0,392.0
T2025001729,2025-11-07,15:30:00,P0169,Samyang Buldak Stew Type 145g,Noodles,5,80.0,0.0,400.0
T2025001729,2025-11-07,15:30:00,P0188,Nagasaki Jjampong,Noodles,3,60.0,0.05,171.0
T2025001729,2025-11-07,15:30:00,P0197,Nongshim Seafood Ramyun,Noodles,9,52.0,0.0,468.0
T2025001730,2025-11-07,12:31:00,P0144,Nongshim Welchs Strawberry 355mL,Liquor/Beverage,5,60.0,0.0,300.0
T2025001730,2025-11-07,12:31:00,P0128,Chamiseul Fresh 360mL,Liquor/Beverage,8,120.0,0.05,912.0
T2025001730,2025-11-07,12:31:00,P0107,Ottogi Honey Ginger Tea 1Kg,Liquor/Beverage,9,530.0,0.0,4770.0
T2025001730,2025-11-07,12:31:00,P0106,Mocha Gold Coffee 100Sticks,Liquor/Beverage,7,1100.0,0.0,7700.0
T2025001731,2025-11-07,13:42:00,P0240,Ottogi Spaghetti Sauce,Seasoned/Sauce/Powder,7,115.0,0.0,805.0
T2025001732,2025-11-07,16:53:00,P0277,Orion Turtle Chips Sweet Corn,Snacks,2,89.0,0.0,178.0
T2025001733,2025-11-07,09:00:00,P0230,CJ Beksul Pancake Sauce,Seasoned/Sauce/Powder,5,145.0,0.0,725.0
T2025001734,2025-11-07,08:40:00,P0133,Sunhari Blueberry 360mL,Liquor/Beverage,7,120.0,0.0,840.0
T2025001734,2025-11-07,08:40:00,P0120,Aloe Vera Juice 1.5L,Liquor/Beverage,10,175.0,0.0,1750.0
T2025001734,2025-11-07,08:40:00,P0136,Cass Fresh Beer,Liquor/Beverage,5,85.0,0.0,425.0
T2025001734,2025-11-07,08:40:00,P0146,Binggrae Yogurt Drink,Liquor/Beverage,8,55.0,0.0,440.0
T2025001734,2025-11-07,08:40:00,P0121,Lotte Chum Churum Soju,Liquor/Beverage,4,175.0,0.0,700.0
T2025001734,2025-11-07,08:40:00,P0149,Binggrae Mango Milk,Liquor/Beverage,9,45.0,0.0,405.0
T2025001735,2025-11-07,10:16:00,P0240,Ottogi Spaghetti Sauce,Seasoned/Sauce/Powder,7,115.0,0.0,805.0
T2025001735,2025-11-07,10:16:00,P0219,CJ Beksul Spicy Pork Sauce 500g,Seasoned/Sauce/Powder,10,240.0,0.1,2160.0
T2025001736,2025-11-07,13:07:00,P0177,Ottogi Beef Seaweed Soup Ramen,Noodles,3,70.0,0.0,210.0
T2025001736,2025-11-07,13:07:00,P0181,Paldo Bibim Cold Noodles,Noodles,2,65.0,0.0,130.0
T2025001736,2025-11-07,13:07:00,P0190,Nongshim Tempura Udon Cup,Noodles,8,60.0,0.0,480.0
T2025001736,2025-11-07,13:07:00,P0173,Nongshim Jjapageti,Noodles,4,75.0,0.0,300.0
T2025001737,2025-11-07,19:18:00,P0121,Lotte Chum Churum Soju,Liquor/Beverage,7,175.0,0.0,1225.0
T2025001737,2025-11-07,19:18:00,P0143,Nongshim Welchs Grape 355mL,Liquor/Beverage,9,60.0,0.0,540.0
T2025001737,2025-11-07,19:18:00,P0148,Binggrae Strawberry Milk,Liquor/Beverage,10,45.0,0.2,360.0
T2025001737,2025-11-07,19:18:00,P0116,Maxim Mocha Gold Coffee Mix 20Pcs,Liquor/Beverage,8,275.0,0.0,2200.0
T2025001737,2025-11-07,19:18:00,P0128,Chamiseul Fresh 360mL,Liquor/Beverage,4,120.0,0.0,480.0
T2025001738,2025-11-07,13:35:00,P0166,Samyang Buldak Original,Noodles,4,88.0,0.0,352.0
T2025001738,2025-11-07,13:35:00,P0202,Nongshim Ansung Tangmen,Noodles,2,50.0,0.0,100.0
T2025001739,2025-11-07,19:56:00,P0008,Ottogi Corn Syrup,Condiments,4,98.0,0.0,392.0
T2025001739,2025-11-07,19:56:00,P0001,Ottogi Sesame Oil 500mL,Condiments,3,590.5,0.0,1771.5
T2025001739,2025-11-07,19:56:00,P0005,Ottogi Gold Mayonnaise 300g,Condiments,7,150.0,0.0,1050.0
T2025001740,2025-11-07,20:10:00,P0119,Sempio Yuzu Tea,Liquor/Beverage,2,250.0,0.0,500.0
T2025001740,2025-11-07,20:10:00,P0136,Cass Fresh Beer,Liquor/Beverage,9,85.0,0.0,765.0
T2025001741,2025-11-07,17:36:00,P0036,Dongwon  Tuna Light Can 150g,Dry Food,4,110.0,0.0,440.0
T2025001741,2025-11-07,17:36:00,P0030,Yopokki Onion Butter 120g Cup,Dry Food,9,120.0,0.0,1080.0
T2025001741,2025-11-07,17:36:00,P0040,Ottogi Sweet Corn 340g,Dry Food,10,95.0,0.0,950.0
T2025001741,2025-11-07,17:36:00,P0020,CJ Beksul Hotteok Mix,Dry Food,8,185.0,0.0,1480.0
T2025001741,2025-11-07,17:36:00,P0038,(Kaya) Korean Rice 1Kg,Dry Food,4,100.0,0.0,400.0
T2025001741,2025-11-07,17:36:00,P0045,CJ Beksul Wheat Flour,Dry Food,10,90.0,0.0,900.0
T2025001742,2025-11-07,15:00:00,P0203,Jin Ramen Spicy Cup,Noodles,6,50.0,0.0,300.0
T2025001742,2025-11-07,15:00:00,P0207,Ottogi Yeul Ramen 120g,Noodles,6,40.0,0.0,240.0
T2025001742,2025-11-07,15:00:00,P0168,Samyang Carbo Buldak,Noodles,8,88.0,0.0,704.0
T2025001743,2025-11-07,17:28:00,P0014,Bibigo Beef Seaweed Soup,Dry Food,7,264.0,0.0,1848.0
T2025001743,2025-11-07,17:28:00,P0035,CJ  Multi-Grains Cooked Rice 210g,Dry Food,10,110.0,0.0,1100.0
T2025001743,2025-11-07,17:28:00,P0044,Ottogi Vegetable Soup 80g,Dry Food,4,90.0,0.0,360.0
T2025001743,2025-11-07,17:28:00,P0046,CJ Beksul Potato Starch,Dry Food,10,85.0,0.0,850.0
T2025001743,2025-11-07,17:28:00,P0043,CJ Hetbahn Cooked Barley,Dry Food,5,95.0,0.0,475.0
T2025001744,2025-11-07,15:13:00,P0234,CJ Beksul Spicy Pork Sauce 290g,Seasoned/Sauce/Powder,5,130.0,0.0,650.0
T2025001744,2025-11-07,15:13:00,P0241,CJ Anchovy Sauce 500g,Seasoned/Sauce/Powder,10,105.0,0.0,1050.0
T2025001744,2025-11-07,15:13:00,P0224,Seasoned Seaweed 200g,Seasoned/Sauce/Powder,6,190.0,0.0,1140.0
T2025001744,2025-11-07,15:13:00,P0214,Jin Soy Sauce Rich & Savory 860mL,Seasoned/Sauce/Powder,10,315.0,0.0,3150.0
T2025001744,2025-11-07,15:13:00,P0232,O'Food Tofu Stew Base,Seasoned/Sauce/Powder,7,135.0,0.05,897.75
T2025001745,2025-11-07,12:58:00,P0068,Enoki Mushroom 150G 2Packs,Food Fresh/Meat/Sidedish,5,120.0,0.0,600.0
T2025001745,2025-11-07,12:58:00,P0053,Shine Spicy Pork Bulgogi Pack,Food Fresh/Meat/Sidedish,7,500.0,0.0,3500.0
T2025001745,2025-11-07,12:58:00,P0065,Sempio Spicy Stir-Fried Dried Squid,Food Fresh/Meat/Sidedish,1,175.0,0.0,175.0
T2025001745,2025-11-07,12:58:00,P0070,Skinless Garlic 150G,Food Fresh/Meat/Sidedish,9,65.0,0.0,585.0
T2025001746,2025-11-07,14:04:00,P0161,Paldo Wang Cup,Noodles,9,90.0,0.0,810.0
T2025001746,2025-11-07,14:04:00,P0168,Samyang Carbo Buldak,Noodles,4,88.0,0.0,352.0
T2025001746,2025-11-07,14:04:00,P0184,Nongshim Baehongdong Bibimyeon 137g,Noodles,5,61.0,0.05,289.75
T2025001746,2025-11-07,14:04:00,P0167,Samyang Cheese Buldak,Noodles,1,88.0,0.15,74.8
T2025001746,2025-11-07,14:04:00,P0208,Ottogi Jin Ramen Mild,Noodles,6,40.0,0.15,204.0
T2025001747,2025-11-07,20:53:00,P0257,Lotte Almond Chocolate,Snacks,8,130.0,0.0,1040.0
T2025001747,2025-11-07,20:53:00,P0256,Orion Custard Cake,Snacks,8,130.0,0.0,1040.0
T2025001748,2025-11-07,18:59:00,P0113,Binggre Melon Milk 200mL 6Pcs,Liquor/Beverage,3,290.0,0.0,870.0
T2025001749,2025-11-07,21:10:00,P0054,Chadolbagi Wagyu 500g,Food Fresh/Meat/Sidedish,5,475.0,0.0,2375.0
T2025001749,2025-11-07,21:10:00,P0062,Dried Anchovy Small 100g,Food Fresh/Meat/Sidedish,8,240.0,0.0,1920.0
T2025001749,2025-11-07,21:10:00,P0073,Perilla Leaves 2Packs,Food Fresh/Meat/Sidedish,9,40.0,0.0,360.0
T2025001749,2025-11-07,21:10:00,P0067,Wasabi Radish Wrapper 340g,Food Fresh/Meat/Sidedish,7,145.0,0.0,1015.0
T2025001749,2025-11-07,21:10:00,P0058,Homemade Kimchi 850g,Food Fresh/Meat/Sidedish,10,290.0,0.0,2900.0
T2025001750,2025-11-07,17:17:00,P0298,Pepero White Cookie,Snacks,4,55.0,0.2,176.0
T2025001750,2025-11-07,17:17:00,P0278,Haitai O! Karto Chips,Snacks,7,88.0,0.0,616.0
T2025001750,2025-11-07,17:17:00,P0250,Haitai Honey Butter Almonds,Snacks,9,190.0,0.0,1710.0
T2025001750,2025-11-07,17:17:00,P0268,Samlip Walnut Pie,Snacks,4,110.0,0.0,440.0
T2025001750,2025-11-07,17:17:00,P0251,Oil Fried & Salted Peanuts,Snacks,2,185.0,0.0,370.0
T2025001751,2025-11-07,08:29:00,P0052,Shine Beef Bulgogi Pack,Food Fresh/Meat/Sidedish,4,550.0,0.0,2200.0
T2025001751,2025-11-07,08:29:00,P0051,Us Premium Rib Eye 500g,Food Fresh/Meat/Sidedish,8,725.0,0.05,5510.0
T2025001751,2025-11-07,08:29:00,P0073,Perilla Leaves 2Packs,Food Fresh/Meat/Sidedish,2,40.0,0.0,80.0
T2025001751,2025-11-07,08:29:00,P0061,Dried Anchovy Medium 100g,Food Fresh/Meat/Sidedish,1,240.0,0.0,240.0
T2025001751,2025-11-07,08:29:00,P0072,Kongsarang Soft Tofu,Food Fresh/Meat/Sidedish,8,65.0,0.0,520.0
T2025001751,2025-11-07,08:29:00,P0056,Us Beef Strips 500g,Food Fresh/Meat/Sidedish,9,375.0,0.0,3375.0
T2025001752,2025-11-07,19:59:00,P0120,Aloe Vera Juice 1.5L,Liquor/Beverage,6,175.0,0.2,840.0
T2025001752,2025-11-07,19:59:00,P0116,Maxim Mocha Gold Coffee Mix 20Pcs,Liquor/Beverage,3,275.0,0.25,618.75
T2025001752,2025-11-07,19:59:00,P0137,Hite Beer Can,Liquor/Beverage,7,80.0,0.0,560.0
T2025001753,2025-11-07,10:25:00,P0061,Dried Anchovy Medium 100g,Food Fresh/Meat/Sidedish,7,240.0,0.0,1680.0
T2025001753,2025-11-07,10:25:00,P0059,Pork Belly (Samgyupsal) 500g,Food Fresh/Meat/Sidedish,7,275.0,0.0,1925.0
T2025001753,2025-11-07,10:25:00,P0051,Us Premium Rib Eye 500g,Food Fresh/Meat/Sidedish,1,725.0,0.0,725.0
T2025001753,2025-11-07,10:25:00,P0070,Skinless Garlic 150G,Food Fresh/Meat/Sidedish,7,65.0,0.0,455.0
T2025001754,2025-11-07,14:42:00,P0152,Samyang Buldak Original Cup,Noodles,10,110.0,0.0,1100.0
T2025001754,2025-11-07,14:42:00,P0174,Ottogi Cheese Bokki Cup,Noodles,4,75.0,0.05,285.0
T2025001754,2025-11-07,14:42:00,P0160,Paldo Wang Cup Kimchi,Noodles,6,90.0,0.0,540.0
T2025001754,2025-11-07,14:42:00,P0156,Nongshim Ramyun King Bowl,Noodles,2,95.0,0.2,152.0
T2025001754,2025-11-07,14:42:00,P0190,Nongshim Tempura Udon Cup,Noodles,3,60.0,0.1,162.0
T2025001754,2025-11-07,14:42:00,P0173,Nongshim Jjapageti,Noodles,3,75.0,0.25,168.75
T2025001755,2025-11-07,10:16:00,P0007,Samyang Spicy Mayo,Condiments,1,130.0,0.0,130.0
T2025001755,2025-11-07,10:16:00,P0002,Ottogi Gold Mayonnaise 500g,Condiments,10,235.0,0.0,2350.0
T2025001756,2025-11-07,16:15:00,P0083,Moguchon Smoked Bacon 200g,Food Frozen,1,320.0,0.0,320.0
T2025001756,2025-11-07,16:15:00,P0094,MWC Frank Sausage 5Pcs,Food Frozen,9,173.0,0.0,1557.0
T2025001756,2025-11-07,16:15:00,P0078,Spanish Mackerel 340g,Food Frozen,3,500.0,0.0,1500.0
T2025001756,2025-11-07,16:15:00,P0079,Daerim  Kimbab Ham 1Kg,Food Frozen,5,480.0,0.0,2400.0
T2025001756,2025-11-07,16:15:00,P0101,Daerim  Fish Cake Stick,Food Frozen,7,77.0,0.0,539.0
T2025001756,2025-11-07,16:15:00,P0095,Samlip Fish Cake Sheets,Food Frozen,3,150.0,0.0,450.0
T2025001757,2025-11-07,17:41:00,P0291,Crown Sando Biscuit,Snacks,9,75.0,0.0,675.0
T2025001757,2025-11-07,17:41:00,P0254,Honey Roasted Peanuts,Snacks,4,165.0,0.0,660.0
T2025001757,2025-11-07,17:41:00,P0264,Lotte Ghana Dark Chocolate,Snacks,2,115.0,0.0,230.0
T2025001757,2025-11-07,17:41:00,P0262,Orion Custard Pineapple,Snacks,5,120.0,0.0,600.0
T2025001758,2025-11-07,12:06:00,P0245,Honey Butter Almond 190g,Snacks,3,420.0,0.0,1260.0
T2025001758,2025-11-07,12:06:00,P0299,Lotte Xylitol Green Gum,Snacks,6,55.0,0.0,330.0
T2025001758,2025-11-07,12:06:00,P0254,Honey Roasted Peanuts,Snacks,2,165.0,0.0,330.0
T2025001759,2025-11-07,08:15:00,P0061,Dried Anchovy Medium 100g,Food Fresh/Meat/Sidedish,9,240.0,0.0,2160.0
T2025001759,2025-11-07,08:15:00,P0056,Us Beef Strips 500g,Food Fresh/Meat/Sidedish,1,375.0,0.0,375.0
T2025001759,2025-11-07,08:15:00,P0049,Our Home Kimchi 1Kg,Food Fresh/Meat/Sidedish,5,320.5,0.0,1602.5
T2025001759,2025-11-07,08:15:00,P0059,Pork Belly (Samgyupsal) 500g,Food Fresh/Meat/Sidedish,9,275.0,0.0,2475.0
T2025001759,2025-11-07,08:15:00,P0057,Jongga Pogi Kimchi 500g,Food Fresh/Meat/Sidedish,6,315.0,0.0,1890.0
T2025001759,2025-11-07,08:15:00,P0058,Homemade Kimchi 850g,Food Fresh/Meat/Sidedish,8,290.0,0.0,2320.0
T2025001760,2025-11-07,09:48:00,P0200,Paldo Koreno Kimchi Noodle,Noodles,10,50.0,0.0,500.0
T2025001760,2025-11-07,09:48:00,P0196,Paldo Cheese Ramen,Noodles,4,55.0,0.0,220.0
T2025001760,2025-11-07,09:48:00,P0152,Samyang Buldak Original Cup,Noodles,10,110.0,0.2,880.0
T2025001760,2025-11-07,09:48:00,P0180,Samyang Curry Ramen,Noodles,1,68.0,0.0,68.0
T2025001760,2025-11-07,09:48:00,P0178,Samyang Mala Buldak,Noodles,9,70.0,0.0,630.0
T2025001760,2025-11-07,09:48:00,P0211,Ottogi Jin Ramen Hot,Noodles,7,40.0,0.0,280.0
T2025001761,2025-11-07,08:53:00,P0127,Lets Be Mild Coffee Can 4Pcs,Liquor/Beverage,4,128.0,0.0,512.0
T2025001761,2025-11-07,08:53:00,P0109,(꽃샘) Concentrated Flavored Drink 600g,Liquor/Beverage,6,370.0,0.25,1665.0
T2025001761,2025-11-07,08:53:00,P0110,Mitte Hot Choco Original 300g,Liquor/Beverage,5,370.0,0.0,1850.0
T2025001761,2025-11-07,08:53:00,P0141,Woongjin Yogurt Apple 340mL,Liquor/Beverage,4,60.0,0.0,240.0
T2025001761,2025-11-07,08:53:00,P0135,KSD Peach Rice Wine 750mL,Liquor/Beverage,9,105.0,0.0,945.0
T2025001762,2025-11-07,21:37:00,P0293,Lotte Sand Biscuit,Snacks,2,75.0,0.0,150.0
T2025001763,2025-11-07,12:15:00,P0071,Kongsarang Firm Tofu,Food Fresh/Meat/Sidedish,1,65.0,0.0,65.0
T2025001763,2025-11-07,12:15:00,P0051,Us Premium Rib Eye 500g,Food Fresh/Meat/Sidedish,9,725.0,0.0,6525.0
T2025001763,2025-11-07,12:15:00,P0055,Beef Enoki Roll 500g,Food Fresh/Meat/Sidedish,1,410.0,0.0,410.0
T2025001763,2025-11-07,12:15:00,P0062,Dried Anchovy Small 100g,Food Fresh/Meat/Sidedish,3,240.0,0.0,720.0
T2025001763,2025-11-07,12:15:00,P0054,Chadolbagi Wagyu 500g,Food Fresh/Meat/Sidedish,6,475.0,0.0,2850.0
T2025001764,2025-11-07,17:11:00,P0066,Imported Kimchi Big Tub 850g,Food Fresh/Meat/Sidedish,6,150.0,0.0,900.0
T2025001764,2025-11-07,17:11:00,P0061,Dried Anchovy Medium 100g,Food Fresh/Meat/Sidedish,8,240.0,0.0,1920.0
T2025001764,2025-11-07,17:11:00,P0056,Us Beef Strips 500g,Food Fresh/Meat/Sidedish,10,375.0,0.0,3750.0
T2025001764,2025-11-07,17:11:00,P0057,Jongga Pogi Kimchi 500g,Food Fresh/Meat/Sidedish,4,315.0,0.0,1260.0
T2025001764,2025-11-07,17:11:00,P0067,Wasabi Radish Wrapper 340g,Food Fresh/Meat/Sidedish,6,145.0,0.2,696.0
T2025001764,2025-11-07,17:11:00,P0059,Pork Belly (Samgyupsal) 500g,Food Fresh/Meat/Sidedish,9,275.0,0.0,2475.0
T2025001765,2025-11-07,10:46:00,P0212,Beef Dasida (Soup Stock) 1Kg,Seasoned/Sauce/Powder,1,550.0,0.0,550.0
T2025001765,2025-11-07,10:46:00,P0234,CJ Beksul Spicy Pork Sauce 290g,Seasoned/Sauce/Powder,4,130.0,0.0,520.0
T2025001766,2025-11-07,11:27:00,P0058,Homemade Kimchi 850g,Food Fresh/Meat/Sidedish,1,290.0,0.0,290.0
T2025001766,2025-11-07,11:27:00,P0062,Dried Anchovy Small 100g,Food Fresh/Meat/Sidedish,8,240.0,0.0,1920.0
T2025001766,2025-11-07,11:27:00,P0053,Shine Spicy Pork Bulgogi Pack,Food Fresh/Meat/Sidedish,3,500.0,0.0,1500.0
T2025001766,2025-11-07,11:27:00,P0065,Sempio Spicy Stir-Fried Dried Squid,Food Fresh/Meat/Sidedish,9,175.0,0.05,1496.25
T2025001766,2025-11-07,11:27:00,P0050,Boneless Rib Eye 250g,Food Fresh/Meat/Sidedish,6,750.0,0.0,4500.0
T2025001766,2025-11-07,11:27:00,P0055,Beef Enoki Roll 500g,Food Fresh/Meat/Sidedish,7,410.0,0.25,2152.5
T2025001767,2025-11-07,09:58:00,P0256,Orion Custard Cake,Snacks,9,130.0,0.2,936.0
T2025001768,2025-11-07,13:09:00,P0111,Maxim Kanu Ice Latte 10 Sticks,Liquor/Beverage,9,360.0,0.0,3240.0
T2025001768,2025-11-07,13:09:00,P0112,Teazen Diet Tea Berry 10 Sticks,Liquor/Beverage,9,290.0,0.0,2610.0
T2025001768,2025-11-07,13:09:00,P0116,Maxim Mocha Gold Coffee Mix 20Pcs,Liquor/Beverage,1,275.0,0.0,275.0
T2025001768,2025-11-07,13:09:00,P0141,Woongjin Yogurt Apple 340mL,Liquor/Beverage,10,60.0,0.0,600.0
T2025001768,2025-11-07,13:09:00,P0130,Sunhari Apple 360mL,Liquor/Beverage,6,120.0,0.0,720.0
T2025001768,2025-11-07,13:09:00,P0140,Woongjin Yogurt Peach 340mL,Liquor/Beverage,4,60.0,0.0,240.0
T2025001769,2025-11-07,10:04:00,P0299,Lotte Xylitol Green Gum,Snacks,3,55.0,0.0,165.0
T2025001769,2025-11-07,10:04:00,P0288,Nongshim Honey Rice Snack,Snacks,6,80.0,0.2,384.0
T2025001769,2025-11-07,10:04:00,P0260,Binch Biscuit,Snacks,2,120.0,0.0,240.0
T2025001770,2025-11-07,15:56:00,P0085,Bibigo Bulgogi Mandu,Food Frozen,10,280.0,0.0,2800.0
T2025001770,2025-11-07,15:56:00,P0081,Assi Shrimp Wanton 600g,Food Frozen,5,400.0,0.0,2000.0
T2025001770,2025-11-07,15:56:00,P0074,Bibigo Fried Dumplings 450g,Food Frozen,3,740.0,0.0,2220.0
T2025001771,2025-11-07,21:33:00,P0289,Crown Corn Chips,Snacks,4,80.0,0.0,320.0
T2025001771,2025-11-07,21:33:00,P0287,Nongshim Banana Kick 75g,Snacks,9,80.0,0.0,720.0
T2025001771,2025-11-07,21:33:00,P0268,Samlip Walnut Pie,Snacks,8,110.0,0.0,880.0
T2025001771,2025-11-07,21:33:00,P0295,Pepero Almond,Snacks,6,55.0,0.0,330.0
T2025001771,2025-11-07,21:33:00,P0262,Orion Custard Pineapple,Snacks,3,120.0,0.0,360.0
T2025001772,2025-11-07,12:37:00,P0141,Woongjin Yogurt Apple 340mL,Liquor/Beverage,10,60.0,0.0,600.0
T2025001772,2025-11-07,12:37:00,P0139,Paldo Pororo Juice,Liquor/Beverage,3,65.0,0.0,195.0
T2025001772,2025-11-07,12:37:00,P0136,Cass Fresh Beer,Liquor/Beverage,10,85.0,0.0,850.0
T2025001773,2025-11-07,21:05:00,P0001,Ottogi Sesame Oil 500mL,Condiments,7,590.5,0.0,4133.5
T2025001773,2025-11-07,21:05:00,P0003,Sempio Sesame Oil,Condiments,5,185.0,0.0,925.0
T2025001773,2025-11-07,21:05:00,P0008,Ottogi Corn Syrup,Condiments,8,98.0,0.0,784.0
T2025001774,2025-11-07,20:31:00,P0125,Jinro Fresh Soju,Liquor/Beverage,3,170.0,0.0,510.0
T2025001775,2025-11-07,16:04:00,P0149,Binggrae Mango Milk,Liquor/Beverage,2,45.0,0.05,85.5
T2025001775,2025-11-07,16:04:00,P0112,Teazen Diet Tea Berry 10 Sticks,Liquor/Beverage,2,290.0,0.0,580.0
T2025001775,2025-11-07,16:04:00,P0143,Nongshim Welchs Grape 355mL,Liquor/Beverage,1,60.0,0.0,60.0
T2025001775,2025-11-07,16:04:00,P0128,Chamiseul Fresh 360mL,Liquor/Beverage,4,120.0,0.0,480.0
T2025001775,2025-11-07,16:04:00,P0131,Sunhari Yogurt 360mL,Liquor/Beverage,3,120.0,0.0,360.0
T2025001775,2025-11-07,16:04:00,P0130,Sunhari Apple 360mL,Liquor/Beverage,7,120.0,0.0,840.0
T2025001776,2025-11-07,16:50:00,P0008,Ottogi Corn Syrup,Condiments,7,98.0,0.0,686.0
T2025001777,2025-11-07,14:57:00,P0004,O'Food Korean Chili Oil,Condiments,9,160.0,0.0,1440.0
T2025001777,2025-11-07,14:57:00,P0009,CJ Beksul Corn Syrup,Condiments,10,95.0,0.05,902.5
T2025001777,2025-11-07,14:57:00,P0005,Ottogi Gold Mayonnaise 300g,Condiments,7,150.0,0.0,1050.0
T2025001777,2025-11-07,14:57:00,P0006,Chung Jung One Soy Sauce,Condiments,9,140.0,0.0,1260.0
T2025001778,2025-11-07,13:17:00,P0028,CJ Bibigo Seaweed Soup,Dry Food,6,140.0,0.0,840.0
T2025001779,2025-11-07,17:12:00,P0255,Bibigo Crispy Seaweed Snack,Snacks,2,140.0,0.0,280.0
T2025001779,2025-11-07,17:12:00,P0282,Orion Choco Boy,Snacks,2,85.0,0.0,170.0
T2025001779,2025-11-07,17:12:00,P0280,Nongshim Potato Sticks,Snacks,8,85.0,0.0,680.0
T2025001780,2025-11-07,11:54:00,P0178,Samyang Mala Buldak,Noodles,1,70.0,0.0,70.0
T2025001780,2025-11-07,11:54:00,P0201,Sewoo Tang Small Cup,Noodles,5,50.0,0.0,250.0
T2025001780,2025-11-07,11:54:00,P0179,Ottogi Ramen Bokki Cup,Noodles,5,69.0,0.0,345.0
T2025001780,2025-11-07,11:54:00,P0205,Ottogi Yeul Ramen,Noodles,8,48.0,0.0,384.0
T2025001780,2025-11-07,11:54:00,P0188,Nagasaki Jjampong,Noodles,3,60.0,0.0,180.0
T2025001780,2025-11-07,11:54:00,P0163,Samyang Buldak Rose 140g,Noodles,8,88.0,0.0,704.0
T2025001781,2025-11-07,19:40:00,P0283,Orion Ogingo Ttangkong,Snacks,1,83.0,0.0,83.0
T2025001781,2025-11-07,19:40:00,P0256,Orion Custard Cake,Snacks,3,130.0,0.0,390.0
T2025001781,2025-11-07,19:40:00,P0262,Orion Custard Pineapple,Snacks,7,120.0,0.0,840.0
T2025001781,2025-11-07,19:40:00,P0292,Orion Goraebab Crackers,Snacks,7,75.0,0.0,525.0
T2025001782,2025-11-07,13:07:00,P0282,Orion Choco Boy,Snacks,6,85.0,0.0,510.0
T2025001782,2025-11-07,13:07:00,P0267,Lotte Pepero White Cookie,Snacks,4,110.0,0.0,440.0
T2025001782,2025-11-07,13:07:00,P0278,Haitai O! Karto Chips,Snacks,9,88.0,0.0,792.0
T2025001782,2025-11-07,13:07:00,P0280,Nongshim Potato Sticks,Snacks,10,85.0,0.0,850.0
T2025001782,2025-11-07,13:07:00,P0250,Haitai Honey Butter Almonds,Snacks,7,190.0,0.0,1330.0
T2025001782,2025-11-07,13:07:00,P0292,Orion Goraebab Crackers,Snacks,1,75.0,0.0,75.0
T2025001783,2025-11-07,16:23:00,P0248,Choco Pie Black Sugar 12Pcs,Snacks,7,200.0,0.0,1400.0
T2025001783,2025-11-07,16:23:00,P0252,Lotte Banana Choco Pie 12Pcs,Snacks,3,180.0,0.0,540.0
T2025001784,2025-11-07,17:13:00,P0048,Dongwon Light Tuna,Dry Food,5,75.0,0.0,375.0
T2025001784,2025-11-07,17:13:00,P0017,Bibigo Seaweed Flakes 50g,Dry Food,4,210.0,0.0,840.0
T2025001784,2025-11-07,17:13:00,P0036,Dongwon  Tuna Light Can 150g,Dry Food,2,110.0,0.0,220.0
T2025001785,2025-11-07,15:57:00,P0017,Bibigo Seaweed Flakes 50g,Dry Food,3,210.0,0.0,630.0
T2025001785,2025-11-07,15:57:00,P0018,(Kaya) Korean Rice 1.5Kg,Dry Food,3,190.0,0.0,570.0
T2025001786,2025-11-07,21:00:00,P0005,Ottogi Gold Mayonnaise 300g,Condiments,3,150.0,0.0,450.0
T2025001786,2025-11-07,21:00:00,P0009,CJ Beksul Corn Syrup,Condiments,2,95.0,0.0,190.0
T2025001787,2025-11-07,15:28:00,P0128,Chamiseul Fresh 360mL,Liquor/Beverage,4,120.0,0.0,480.0
T2025001787,2025-11-07,15:28:00,P0107,Ottogi Honey Ginger Tea 1Kg,Liquor/Beverage,3,530.0,0.0,1590.0
T2025001788,2025-11-07,12:50:00,P0236,CJ  Soybean Paste 500g,Seasoned/Sauce/Powder,7,123.0,0.0,861.0
T2025001788,2025-11-07,12:50:00,P0215,Ottogi Wasabi Powder 300g,Seasoned/Sauce/Powder,4,290.0,0.15,986.0
T2025001788,2025-11-07,12:50:00,P0223,Jin Soy Sauce For Soup 860mL,Seasoned/Sauce/Powder,3,205.0,0.25,461.25
T2025001788,2025-11-07,12:50:00,P0227,CJ Beksul Beef Bulgogi Sauce 290g,Seasoned/Sauce/Powder,5,150.0,0.2,600.0
T2025001788,2025-11-07,12:50:00,P0228,Sempio Gochujang (500g),Seasoned/Sauce/Powder,5,145.0,0.0,725.0
T2025001788,2025-11-07,12:50:00,P0225,Chung Jung One Soybean Paste,Seasoned/Sauce/Powder,3,160.0,0.0,480.0
T2025001789,2025-11-07,18:27:00,P0003,Sempio Sesame Oil,Condiments,7,185.0,0.0,1295.0
T2025001789,2025-11-07,18:27:00,P0002,Ottogi Gold Mayonnaise 500g,Condiments,7,235.0,0.15,1398.25
T2025001789,2025-11-07,18:27:00,P0001,Ottogi Sesame Oil 500mL,Condiments,1,590.5,0.0,590.5
T2025001790,2025-11-07,16:07:00,P0102,MWC Tteok Galbi Bar,Food Frozen,7,75.0,0.0,525.0
T2025001790,2025-11-07,16:07:00,P0078,Spanish Mackerel 340g,Food Frozen,2,500.0,0.0,1000.0
T2025001791,2025-11-07,17:44:00,P0193,Paldo Gomtang Ramen,Noodles,6,56.0,0.0,336.0
T2025001791,2025-11-07,17:44:00,P0204,Ottogi Cup Ramen Kimchi,Noodles,9,50.0,0.0,450.0
T2025001791,2025-11-07,17:44:00,P0164,Samyang Buldak 4 Cheese 145g,Noodles,6,88.0,0.0,528.0
T2025001791,2025-11-07,17:44:00,P0182,Paldo Ilpoom Jjajang,Noodles,5,65.0,0.0,325.0
T2025001791,2025-11-07,17:44:00,P0155,Nongshim Dungji Mul Nengmyeon (Cold Noodle),Noodles,5,95.0,0.0,475.0
T2025001792,2025-11-07,08:46:00,P0038,(Kaya) Korean Rice 1Kg,Dry Food,1,100.0,0.0,100.0
T2025001793,2025-11-07,20:06:00,P0213,Sempio Yondu 500mL,Seasoned/Sauce/Powder,2,345.0,0.0,690.0
T2025001793,2025-11-07,20:06:00,P0227,CJ Beksul Beef Bulgogi Sauce 290g,Seasoned/Sauce/Powder,2,150.0,0.0,300.0
T2025001793,2025-11-07,20:06:00,P0214,Jin Soy Sauce Rich & Savory 860mL,Seasoned/Sauce/Powder,8,315.0,0.0,2520.0
T2025001794,2025-11-07,10:15:00,P0001,Ottogi Sesame Oil 500mL,Condiments,6,590.5,0.0,3543.0
T2025001795,2025-11-07,19:33:00,P0007,Samyang Spicy Mayo,Condiments,7,130.0,0.0,910.0
T2025001795,2025-11-07,19:33:00,P0005,Ottogi Gold Mayonnaise 300g,Condiments,1,150.0,0.0,150.0
T2025001795,2025-11-07,19:33:00,P0008,Ottogi Corn Syrup,Condiments,3,98.0,0.0,294.0
T2025001796,2025-11-07,21:52:00,P0195,Ottogi Jin Mild Small Cup,Noodles,6,55.0,0.0,330.0
T2025001797,2025-11-07,12:31:00,P0003,Sempio Sesame Oil,Condiments,10,185.0,0.0,1850.0
T2025001797,2025-11-07,12:31:00,P0004,O'Food Korean Chili Oil,Condiments,4,160.0,0.0,640.0
T2025001797,2025-11-07,12:31:00,P0009,CJ Beksul Corn Syrup,Condiments,9,95.0,0.0,855.0
T2025001798,2025-11-07,15:34:00,P0260,Binch Biscuit,Snacks,5,120.0,0.0,600.0
T2025001798,2025-11-07,15:34:00,P0274,Haitai Matdongsan,Snacks,3,95.0,0.25,213.75
T2025001798,2025-11-07,15:34:00,P0276,Orion Sun Chips Korean BBQ,Snacks,5,90.0,0.0,450.0
T2025001798,2025-11-07,15:34:00,P0275,Haitai Sweet Potato Snack,Snacks,2,95.0,0.0,190.0
T2025001798,2025-11-07,15:34:00,P0278,Haitai O! Karto Chips,Snacks,7,88.0,0.0,616.0
T2025001798,2025-11-07,15:34:00,P0281,Haitai Ace Crackers,Snacks,4,85.0,0.0,340.0
T2025001799,2025-11-07,15:21:00,P0204,Ottogi Cup Ramen Kimchi,Noodles,4,50.0,0.2,160.0
T2025001800,2025-11-07,15:56:00,P0122,Chamisul Original Soju,Liquor/Beverage,10,175.0,0.0,1750.0
T2025001800,2025-11-07,15:56:00,P0136,Cass Fresh Beer,Liquor/Beverage,2,85.0,0.0,170.0
T2025001800,2025-11-07,15:56:00,P0137,Hite Beer Can,Liquor/Beverage,8,80.0,0.0,640.0
T2025001800,2025-11-07,15:56:00,P0131,Sunhari Yogurt 360mL,Liquor/Beverage,1,120.0,0.0,120.0
T2025001801,2025-11-07,13:17:00,P0238,Ottogi Curry Mild,Seasoned/Sauce/Powder,7,115.0,0.0,805.0
T2025001801,2025-11-07,13:17:00,P0235,O'Food Kimchi Base Sauce,Seasoned/Sauce/Powder,2,130.0,0.0,260.0
T2025001801,2025-11-07,13:17:00,P0217,Ottogi Roasted Sesame Seeds 200g,Seasoned/Sauce/Powder,3,255.0,0.05,726.75
T2025001802,2025-11-07,17:08:00,P0176,Ottogi Cheese Bokki Cup,Noodles,9,72.0,0.0,648.0
T2025001802,2025-11-07,17:08:00,P0177,Ottogi Beef Seaweed Soup Ramen,Noodles,2,70.0,0.0,140.0
T2025001802,2025-11-07,17:08:00,P0171,Tempura Udon Big Cup,Noodles,4,75.0,0.0,300.0
T2025001803,2025-11-07,08:04:00,P0113,Binggre Melon Milk 200mL 6Pcs,Liquor/Beverage,1,290.0,0.0,290.0
T2025001803,2025-11-07,08:04:00,P0140,Woongjin Yogurt Peach 340mL,Liquor/Beverage,10,60.0,0.0,600.0
T2025001803,2025-11-07,08:04:00,P0138,Kirin Ichiban Beer 330mL,Liquor/Beverage,9,68.0,0.0,612.0
T2025001803,2025-11-07,08:04:00,P0108,Ottogi Honey Citron Tea 1Kg,Liquor/Beverage,8,530.0,0.1,3816.0
T2025001803,2025-11-07,08:04:00,P0129,Sunhari Grape 360mL,Liquor/Beverage,1,120.0,0.0,120.0
T2025001803,2025-11-07,08:04:00,P0106,Mocha Gold Coffee 100Sticks,Liquor/Beverage,2,1100.0,0.0,2200.0
T2025001804,2025-11-07,18:46:00,P0084,Assi Vegetable Dumplings 675g,Food Frozen,2,285.0,0.0,570.0
T2025001804,2025-11-07,18:46:00,P0091,CJ Bibigo Japchae,Food Frozen,6,220.0,0.0,1320.0
T2025001804,2025-11-07,18:46:00,P0086,CJ Bibigo Gyoza Dumplings,Food Frozen,2,270.0,0.0,540.0
T2025001804,2025-11-07,18:46:00,P0099,Daerim  Chaw Spicy Stick 90g,Food Frozen,10,80.0,0.0,800.0
T2025001804,2025-11-07,18:46:00,P0097,Daerim  Cheese Vienna Sausage 105g,Food Frozen,5,120.0,0.0,600.0
T2025001804,2025-11-07,18:46:00,P0087,Bibigo Crispy Seaweed Roll,Food Frozen,9,260.0,0.0,2340.0
T2025001805,2025-11-07,20:02:00,P0201,Sewoo Tang Small Cup,Noodles,4,50.0,0.1,180.0
T2025001805,2025-11-07,20:02:00,P0161,Paldo Wang Cup,Noodles,9,90.0,0.0,810.0
T2025001806,2025-11-07,14:47:00,P0271,Orion Choco Chip Cookies,Snacks,1,100.0,0.0,100.0
T2025001806,2025-11-07,14:47:00,P0296,Lotte Cereal Choco,Snacks,2,55.0,0.0,110.0
T2025001806,2025-11-07,14:47:00,P0285,Corn Choco,Snacks,3,80.0,0.0,240.0
T2025001806,2025-11-07,14:47:00,P0244,Wasabi Almond 190g,Snacks,7,440.0,0.0,3080.0
T2025001806,2025-11-07,14:47:00,P0259,Nongshim Sengseng U-Dong,Snacks,10,125.0,0.0,1250.0
T2025001807,2025-11-07,15:24:00,P0088,Dongwon  Real Crabs 144g ,Food Frozen,3,259.0,0.0,777.0
T2025001807,2025-11-07,15:24:00,P0104,Pepero Original,Food Frozen,1,55.0,0.0,55.0
T2025001808,2025-11-07,10:02:00,P0087,Bibigo Crispy Seaweed Roll,Food Frozen,7,260.0,0.0,1820.0
T2025001808,2025-11-07,10:02:00,P0100,Binggrae Ice Cream Sandwich,Food Frozen,4,80.0,0.0,320.0
T2025001809,2025-11-07,10:08:00,P0003,Sempio Sesame Oil,Condiments,7,185.0,0.1,1165.5
T2025001809,2025-11-07,10:08:00,P0009,CJ Beksul Corn Syrup,Condiments,3,95.0,0.0,285.0
T2025001809,2025-11-07,10:08:00,P0002,Ottogi Gold Mayonnaise 500g,Condiments,4,235.0,0.0,940.0
T2025001809,2025-11-07,10:08:00,P0007,Samyang Spicy Mayo,Condiments,4,130.0,0.0,520.0
T2025001809,2025-11-07,10:08:00,P0001,Ottogi Sesame Oil 500mL,Condiments,10,590.5,0.1,5314.5
T2025001810,2025-11-07,09:17:00,P0001,Ottogi Sesame Oil 500mL,Condiments,5,590.5,0.0,2952.5
T2025001810,2025-11-07,09:17:00,P0007,Samyang Spicy Mayo,Condiments,6,130.0,0.0,780.0
T2025001810,2025-11-07,09:17:00,P0005,Ottogi Gold Mayonnaise 300g,Condiments,10,150.0,0.0,1500.0
T2025001811,2025-11-07,19:10:00,P0281,Haitai Ace Crackers,Snacks,7,85.0,0.0,595.0
T2025001811,2025-11-07,19:10:00,P0252,Lotte Banana Choco Pie 12Pcs,Snacks,10,180.0,0.0,1800.0
T2025001812,2025-11-07,14:44:00,P0138,Kirin Ichiban Beer 330mL,Liquor/Beverage,4,68.0,0.0,272.0
T2025001813,2025-11-07,20:10:00,P0231,O'Food Bulgogi Marinade,Seasoned/Sauce/Powder,2,145.0,0.0,290.0
T2025001813,2025-11-07,20:10:00,P0229,O'Food Korean BBQ Sauce,Seasoned/Sauce/Powder,9,145.0,0.0,1305.0
T2025001813,2025-11-07,20:10:00,P0233,O'Food Korean Fried Chicken Sauce,Seasoned/Sauce/Powder,8,135.0,0.0,1080.0
T2025001813,2025-11-07,20:10:00,P0218,CJ Beksul Beef Bulgogi Sauce 500g,Seasoned/Sauce/Powder,7,250.0,0.0,1750.0
T2025001813,2025-11-07,20:10:00,P0212,Beef Dasida (Soup Stock) 1Kg,Seasoned/Sauce/Powder,10,550.0,0.0,5500.0
T2025001813,2025-11-07,20:10:00,P0228,Sempio Gochujang (500g),Seasoned/Sauce/Powder,10,145.0,0.0,1450.0
T2025001814,2025-11-07,08:11:00,P0144,Nongshim Welchs Strawberry 355mL,Liquor/Beverage,7,60.0,0.0,420.0
T2025001814,2025-11-07,08:11:00,P0120,Aloe Vera Juice 1.5L,Liquor/Beverage,6,175.0,0.0,1050.0
T2025001815,2025-11-07,11:26:00,P0032,Samlip Mini Kimbap,Dry Food,6,120.0,0.0,720.0
T2025001815,2025-11-07,11:26:00,P0015,(Dae Joo) Gochugaru 500g,Dry Food,7,255.0,0.0,1785.0
T2025001815,2025-11-07,11:26:00,P0012,Ottogi Glass Noodle 1Kg,Dry Food,2,300.0,0.0,600.0
T2025001816,2025-11-07,10:40:00,P0114,Banana Milk 200mL 6Pcs,Liquor/Beverage,3,290.0,0.0,870.0
T2025001816,2025-11-07,10:40:00,P0106,Mocha Gold Coffee 100Sticks,Liquor/Beverage,1,1100.0,0.15,935.0
T2025001816,2025-11-07,10:40:00,P0147,Binggrae Coffee Milk,Liquor/Beverage,7,48.0,0.25,252.0
T2025001817,2025-11-07,08:55:00,P0155,Nongshim Dungji Mul Nengmyeon (Cold Noodle),Noodles,5,95.0,0.0,475.0
T2025001817,2025-11-07,08:55:00,P0188,Nagasaki Jjampong,Noodles,4,60.0,0.0,240.0
T2025001817,2025-11-07,08:55:00,P0202,Nongshim Ansung Tangmen,Noodles,10,50.0,0.1,450.0
T2025001817,2025-11-07,08:55:00,P0161,Paldo Wang Cup,Noodles,6,90.0,0.0,540.0
T2025001817,2025-11-07,08:55:00,P0195,Ottogi Jin Mild Small Cup,Noodles,4,55.0,0.1,198.0
T2025001817,2025-11-07,08:55:00,P0174,Ottogi Cheese Bokki Cup,Noodles,6,75.0,0.0,450.0
T2025001818,2025-11-07,08:29:00,P0003,Sempio Sesame Oil,Condiments,4,185.0,0.0,740.0
T2025001818,2025-11-07,08:29:00,P0001,Ottogi Sesame Oil 500mL,Condiments,6,590.5,0.0,3543.0
T2025001818,2025-11-07,08:29:00,P0005,Ottogi Gold Mayonnaise 300g,Condiments,3,150.0,0.0,450.0
T2025001818,2025-11-07,08:29:00,P0008,Ottogi Corn Syrup,Condiments,2,98.0,0.0,196.0
T2025001819,2025-11-07,15:13:00,P0072,Kongsarang Soft Tofu,Food Fresh/Meat/Sidedish,4,65.0,0.0,260.0
T2025001819,2025-11-07,15:13:00,P0056,Us Beef Strips 500g,Food Fresh/Meat/Sidedish,2,375.0,0.0,750.0
T2025001819,2025-11-07,15:13:00,P0058,Homemade Kimchi 850g,Food Fresh/Meat/Sidedish,2,290.0,0.0,580.0
T2025001819,2025-11-07,15:13:00,P0053,Shine Spicy Pork Bulgogi Pack,Food Fresh/Meat/Sidedish,1,500.0,0.0,500.0
T2025001819,2025-11-07,15:13:00,P0050,Boneless Rib Eye 250g,Food Fresh/Meat/Sidedish,9,750.0,0.0,6750.0
T2025001819,2025-11-07,15:13:00,P0070,Skinless Garlic 150G,Food Fresh/Meat/Sidedish,3,65.0,0.0,195.0
T2025001820,2025-11-07,17:40:00,P0035,CJ  Multi-Grains Cooked Rice 210g,Dry Food,6,110.0,0.0,660.0
T2025001820,2025-11-07,17:40:00,P0011,CJ  Cooked Rice Plain 210g,Dry Food,5,365.0,0.0,1825.0
T2025001820,2025-11-07,17:40:00,P0019,Haepyo Crispy Seaweed 9Pcs,Dry Food,5,188.0,0.0,940.0
T2025001820,2025-11-07,17:40:00,P0042,CJ Hetbahn Brown Rice,Dry Food,8,95.0,0.0,760.0
T2025001820,2025-11-07,17:40:00,P0012,Ottogi Glass Noodle 1Kg,Dry Food,2,300.0,0.0,600.0
T2025001820,2025-11-07,17:40:00,P0038,(Kaya) Korean Rice 1Kg,Dry Food,7,100.0,0.0,700.0
T2025001821,2025-11-07,09:10:00,P0146,Binggrae Yogurt Drink,Liquor/Beverage,7,55.0,0.0,385.0
T2025001821,2025-11-07,09:10:00,P0141,Woongjin Yogurt Apple 340mL,Liquor/Beverage,4,60.0,0.0,240.0
T2025001821,2025-11-07,09:10:00,P0139,Paldo Pororo Juice,Liquor/Beverage,5,65.0,0.0,325.0
T2025001821,2025-11-07,09:10:00,P0118,Brown Rice Green Tea 50Pcs,Liquor/Beverage,4,257.0,0.0,1028.0
T2025001821,2025-11-07,09:10:00,P0116,Maxim Mocha Gold Coffee Mix 20Pcs,Liquor/Beverage,4,275.0,0.05,1045.0
T2025001822,2025-11-07,19:32:00,P0154,Nongshim Jjawang,Noodles,4,100.0,0.0,400.0
T2025001822,2025-11-07,19:32:00,P0169,Samyang Buldak Stew Type 145g,Noodles,6,80.0,0.0,480.0
T2025001823,2025-11-07,09:11:00,P0217,Ottogi Roasted Sesame Seeds 200g,Seasoned/Sauce/Powder,5,255.0,0.05,1211.25
T2025001823,2025-11-07,09:11:00,P0219,CJ Beksul Spicy Pork Sauce 500g,Seasoned/Sauce/Powder,9,240.0,0.0,2160.0
T2025001824,2025-11-07,16:43:00,P0216,CJ Beksul Chicken Frying Mix 1Kg,Seasoned/Sauce/Powder,4,257.0,0.0,1028.0
T2025001824,2025-11-07,16:43:00,P0220,CJ  Tteokbokki Sauce 150G 2Pcs,Seasoned/Sauce/Powder,1,235.0,0.0,235.0
T2025001824,2025-11-07,16:43:00,P0229,O'Food Korean BBQ Sauce,Seasoned/Sauce/Powder,3,145.0,0.0,435.0
T2025001824,2025-11-07,16:43:00,P0241,CJ Anchovy Sauce 500g,Seasoned/Sauce/Powder,1,105.0,0.0,105.0
T2025001825,2025-11-07,15:16:00,P0239,Ottogi Curry Hot,Seasoned/Sauce/Powder,7,115.0,0.2,644.0
T2025001826,2025-11-07,08:30:00,P0235,O'Food Kimchi Base Sauce,Seasoned/Sauce/Powder,6,130.0,0.0,780.0
T2025001826,2025-11-07,08:30:00,P0231,O'Food Bulgogi Marinade,Seasoned/Sauce/Powder,10,145.0,0.05,1377.5
T2025001826,2025-11-07,08:30:00,P0219,CJ Beksul Spicy Pork Sauce 500g,Seasoned/Sauce/Powder,4,240.0,0.2,768.0
T2025001826,2025-11-07,08:30:00,P0240,Ottogi Spaghetti Sauce,Seasoned/Sauce/Powder,8,115.0,0.0,920.0
T2025001826,2025-11-07,08:30:00,P0215,Ottogi Wasabi Powder 300g,Seasoned/Sauce/Powder,8,290.0,0.0,2320.0
T2025001827,2025-11-07,11:44:00,P0105,White Gold Coffee 100Sticks,Liquor/Beverage,3,1150.0,0.15,2932.5
T2025001827,2025-11-07,11:44:00,P0128,Chamiseul Fresh 360mL,Liquor/Beverage,1,120.0,0.0,120.0
T2025001828,2025-11-07,08:46:00,P0034,CJ  Cooked Rice,Dry Food,3,116.0,0.0,348.0
T2025001828,2025-11-07,08:46:00,P0024,O'Food Kimchi Soup Mix,Dry Food,2,150.0,0.0,300.0
T2025001828,2025-11-07,08:46:00,P0031,Yopokki Cheese Cup 120g,Dry Food,3,120.0,0.0,360.0
T2025001828,2025-11-07,08:46:00,P0012,Ottogi Glass Noodle 1Kg,Dry Food,2,300.0,0.15,510.0
T2025001828,2025-11-07,08:46:00,P0010,Daerim  Big Smoke Ham 1Kg,Dry Food,7,480.0,0.0,3360.0
T2025001829,2025-11-07,21:55:00,P0002,Ottogi Gold Mayonnaise 500g,Condiments,9,235.0,0.0,2115.0
T2025001829,2025-11-07,21:55:00,P0005,Ottogi Gold Mayonnaise 300g,Condiments,6,150.0,0.0,900.0
T2025001829,2025-11-07,21:55:00,P0009,CJ Beksul Corn Syrup,Condiments,5,95.0,0.0,475.0
T2025001829,2025-11-07,21:55:00,P0001,Ottogi Sesame Oil 500mL,Condiments,6,590.5,0.0,3543.0
T2025001830,2025-11-07,10:32:00,P0263,Samlip Honey Castella,Snacks,1,120.0,0.0,120.0
T2025001830,2025-11-07,10:32:00,P0295,Pepero Almond,Snacks,4,55.0,0.0,220.0
T2025001830,2025-11-07,10:32:00,P0285,Corn Choco,Snacks,9,80.0,0.0,720.0
T2025001830,2025-11-07,10:32:00,P0267,Lotte Pepero White Cookie,Snacks,9,110.0,0.2,792.0
T2025001830,2025-11-07,10:32:00,P0298,Pepero White Cookie,Snacks,7,55.0,0.0,385.0
T2025001830,2025-11-07,10:32:00,P0280,Nongshim Potato Sticks,Snacks,8,85.0,0.0,680.0
T2025001831,2025-11-07,12:28:00,P0153,Samyang Buldak Cheese Cup,Noodles,4,110.0,0.0,440.0
T2025001831,2025-11-07,12:28:00,P0205,Ottogi Yeul Ramen,Noodles,1,48.0,0.0,48.0
T2025001831,2025-11-07,12:28:00,P0207,Ottogi Yeul Ramen 120g,Noodles,8,40.0,0.0,320.0
T2025001831,2025-11-07,12:28:00,P0199,Paldo Koreno Shrimp Noodle,Noodles,2,50.0,0.0,100.0
T2025001831,2025-11-07,12:28:00,P0200,Paldo Koreno Kimchi Noodle,Noodles,9,50.0,0.0,450.0
T2025001832,2025-11-07,21:32:00,P0008,Ottogi Corn Syrup,Condiments,10,98.0,0.0,980.0
T2025001832,2025-11-07,21:32:00,P0003,Sempio Sesame Oil,Condiments,8,185.0,0.0,1480.0
T2025001833,2025-11-07,16:28:00,P0163,Samyang Buldak Rose 140g,Noodles,8,88.0,0.0,704.0
T2025001833,2025-11-07,16:28:00,P0186,Ottogi Chachelin Blackbean 145g,Noodles,8,60.0,0.0,480.0
T2025001833,2025-11-07,16:28:00,P0206,Nongshim Chapagetti,Noodles,7,45.0,0.0,315.0
T2025001833,2025-11-07,16:28:00,P0204,Ottogi Cup Ramen Kimchi,Noodles,7,50.0,0.2,280.0
T2025001833,2025-11-07,16:28:00,P0192,Nongshim Soon Veggie Ramen,Noodles,8,58.0,0.15,394.4
T2025001834,2025-11-07,15:50:00,P0047,Dongwon Spicy Tuna,Dry Food,2,80.0,0.0,160.0
T2025001834,2025-11-07,15:50:00,P0023,Dongwon  Luncheon Meat 340g,Dry Food,2,155.0,0.0,310.0
T2025001834,2025-11-07,15:50:00,P0024,O'Food Kimchi Soup Mix,Dry Food,5,150.0,0.0,750.0
T2025001835,2025-11-07,13:07:00,P0273,Haitai  Plumcandy 130g,Snacks,4,95.0,0.0,380.0
T2025001835,2025-11-07,13:07:00,P0260,Binch Biscuit,Snacks,3,120.0,0.0,360.0
T2025001835,2025-11-07,13:07:00,P0278,Haitai O! Karto Chips,Snacks,10,88.0,0.0,880.0
T2025001835,2025-11-07,13:07:00,P0288,Nongshim Honey Rice Snack,Snacks,2,80.0,0.2,128.0
T2025001835,2025-11-07,13:07:00,P0274,Haitai Matdongsan,Snacks,8,95.0,0.0,760.0
T2025001836,2025-11-07,19:04:00,P0158,Nongshim Shin Ramen Black,Noodles,2,92.0,0.0,184.0
T2025001836,2025-11-07,19:04:00,P0153,Samyang Buldak Cheese Cup,Noodles,1,110.0,0.2,88.0
T2025001837,2025-11-07,17:28:00,P0213,Sempio Yondu 500mL,Seasoned/Sauce/Powder,7,345.0,0.0,2415.0
T2025001837,2025-11-07,17:28:00,P0242,CJ  Gochujang 200g,Seasoned/Sauce/Powder,3,100.0,0.0,300.0
T2025001837,2025-11-07,17:28:00,P0235,O'Food Kimchi Base Sauce,Seasoned/Sauce/Powder,3,130.0,0.25,292.5
T2025001837,2025-11-07,17:28:00,P0240,Ottogi Spaghetti Sauce,Seasoned/Sauce/Powder,8,115.0,0.0,920.0
T2025001837,2025-11-07,17:28:00,P0238,Ottogi Curry Mild,Seasoned/Sauce/Powder,2,115.0,0.0,230.0
T2025001837,2025-11-07,17:28:00,P0229,O'Food Korean BBQ Sauce,Seasoned/Sauce/Powder,2,145.0,0.0,290.0
T2025001838,2025-11-07,11:41:00,P0203,Jin Ramen Spicy Cup,Noodles,7,50.0,0.0,350.0
T2025001838,2025-11-07,11:41:00,P0201,Sewoo Tang Small Cup,Noodles,6,50.0,0.0,300.0
T2025001838,2025-11-07,11:41:00,P0157,Nongshim Yachae Ramyeon 100g,Noodles,4,93.0,0.0,372.0
T2025001838,2025-11-07,11:41:00,P0159,Nongshim Neuguri Cup 111g,Noodles,6,90.0,0.0,540.0
T2025001838,2025-11-07,11:41:00,P0179,Ottogi Ramen Bokki Cup,Noodles,4,69.0,0.0,276.0
T2025001838,2025-11-07,11:41:00,P0187,Paldo Bibim Men,Noodles,2,60.0,0.25,90.0
T2025001839,2025-11-07,19:36:00,P0294,Pepero Strawberry,Snacks,5,55.0,0.0,275.0
T2025001839,2025-11-07,19:36:00,P0293,Lotte Sand Biscuit,Snacks,6,75.0,0.0,450.0
T2025001839,2025-11-07,19:36:00,P0283,Orion Ogingo Ttangkong,Snacks,9,83.0,0.0,747.0
T2025001839,2025-11-07,19:36:00,P0257,Lotte Almond Chocolate,Snacks,8,130.0,0.0,1040.0
T2025001839,2025-11-07,19:36:00,P0285,Corn Choco,Snacks,6,80.0,0.0,480.0
T2025001839,2025-11-07,19:36:00,P0278,Haitai O! Karto Chips,Snacks,2,88.0,0.0,176.0
T2025001840,2025-11-07,11:59:00,P0158,Nongshim Shin Ramen Black,Noodles,8,92.0,0.0,736.0
T2025001840,2025-11-07,11:59:00,P0177,Ottogi Beef Seaweed Soup Ramen,Noodles,5,70.0,0.05,332.5
T2025001840,2025-11-07,11:59:00,P0208,Ottogi Jin Ramen Mild,Noodles,10,40.0,0.0,400.0
T2025001841,2025-11-07,16:18:00,P0071,Kongsarang Firm Tofu,Food Fresh/Meat/Sidedish,2,65.0,0.0,130.0
T2025001841,2025-11-07,16:18:00,P0051,Us Premium Rib Eye 500g,Food Fresh/Meat/Sidedish,2,725.0,0.0,1450.0
T2025001841,2025-11-07,16:18:00,P0059,Pork Belly (Samgyupsal) 500g,Food Fresh/Meat/Sidedish,5,275.0,0.05,1306.25
T2025001842,2025-11-07,16:22:00,P0040,Ottogi Sweet Corn 340g,Dry Food,9,95.0,0.0,855.0
T2025001842,2025-11-07,16:22:00,P0021,Bibigo Kimbab Kim 10Sheets,Dry Food,2,161.0,0.0,322.0
T2025001842,2025-11-07,16:22:00,P0029,CJ Beksul Pancake Flour,Dry Food,8,125.0,0.0,1000.0
T2025001842,2025-11-07,16:22:00,P0020,CJ Beksul Hotteok Mix,Dry Food,5,185.0,0.0,925.0
T2025001842,2025-11-07,16:22:00,P0027,Yopokki Cheese 240g,Dry Food,4,145.0,0.1,522.0
T2025001842,2025-11-07,16:22:00,P0031,Yopokki Cheese Cup 120g,Dry Food,10,120.0,0.0,1200.0
T2025001843,2025-11-07,15:05:00,P0165,Samyang Cream Carbo Buldak 140g,Noodles,10,88.0,0.0,880.0
T2025001844,2025-11-07,16:16:00,P0072,Kongsarang Soft Tofu,Food Fresh/Meat/Sidedish,10,65.0,0.0,650.0
T2025001844,2025-11-07,16:16:00,P0061,Dried Anchovy Medium 100g,Food Fresh/Meat/Sidedish,7,240.0,0.0,1680.0
T2025001844,2025-11-07,16:16:00,P0069,Bibigo Beef Bone Soup,Food Fresh/Meat/Sidedish,1,110.0,0.0,110.0
T2025001844,2025-11-07,16:16:00,P0062,Dried Anchovy Small 100g,Food Fresh/Meat/Sidedish,4,240.0,0.0,960.0
T2025001845,2025-11-07,12:20:00,P0130,Sunhari Apple 360mL,Liquor/Beverage,5,120.0,0.0,600.0
T2025001846,2025-11-07,10:51:00,P0024,O'Food Kimchi Soup Mix,Dry Food,5,150.0,0.0,750.0
T2025001846,2025-11-07,10:51:00,P0036,Dongwon  Tuna Light Can 150g,Dry Food,9,110.0,0.0,990.0
T2025001846,2025-11-07,10:51:00,P0045,CJ Beksul Wheat Flour,Dry Food,5,90.0,0.0,450.0
T2025001846,2025-11-07,10:51:00,P0017,Bibigo Seaweed Flakes 50g,Dry Food,9,210.0,0.0,1890.0
T2025001847,2025-11-07,19:41:00,P0024,O'Food Kimchi Soup Mix,Dry Food,5,150.0,0.0,750.0
T2025001847,2025-11-07,19:41:00,P0026,Yopokki Sweet & Spicy 280g,Dry Food,4,145.0,0.0,580.0
T2025001847,2025-11-07,19:41:00,P0044,Ottogi Vegetable Soup 80g,Dry Food,4,90.0,0.0,360.0
T2025001847,2025-11-07,19:41:00,P0033,CJ Beksul Frying Mix,Dry Food,10,120.0,0.0,1200.0
T2025001847,2025-11-07,19:41:00,P0037,Ottogi Cup Spaghetti,Dry Food,10,110.0,0.0,1100.0
T2025001848,2025-11-07,16:02:00,P0150,Samyang Buldak Rosã Ramen 105g,Noodles,1,110.0,0.0,110.0
T2025001848,2025-11-07,16:02:00,P0205,Ottogi Yeul Ramen,Noodles,4,48.0,0.0,192.0
T2025001848,2025-11-07,16:02:00,P0157,Nongshim Yachae Ramyeon 100g,Noodles,6,93.0,0.0,558.0
T2025001849,2025-11-07,11:02:00,P0073,Perilla Leaves 2Packs,Food Fresh/Meat/Sidedish,1,40.0,0.0,40.0
T2025001849,2025-11-07,11:02:00,P0050,Boneless Rib Eye 250g,Food Fresh/Meat/Sidedish,8,750.0,0.0,6000.0
T2025001849,2025-11-07,11:02:00,P0053,Shine Spicy Pork Bulgogi Pack,Food Fresh/Meat/Sidedish,2,500.0,0.0,1000.0
T2025001850,2025-11-07,12:24:00,P0129,Sunhari Grape 360mL,Liquor/Beverage,2,120.0,0.0,240.0
T2025001850,2025-11-07,12:24:00,P0132,Sunhari Strawberry 360mL,Liquor/Beverage,4,120.0,0.0,480.0
T2025001850,2025-11-07,12:24:00,P0144,Nongshim Welchs Strawberry 355mL,Liquor/Beverage,8,60.0,0.0,480.0
T2025001850,2025-11-07,12:24:00,P0142,Nongshim Welchs White Grape 355mL,Liquor/Beverage,4,60.0,0.0,240.0
T2025001850,2025-11-07,12:24:00,P0138,Kirin Ichiban Beer 330mL,Liquor/Beverage,9,68.0,0.0,612.0
T2025001851,2025-11-07,09:00:00,P0209,Ottogi Kimchi Ramen,Noodles,2,40.0,0.0,80.0
T2025001851,2025-11-07,09:00:00,P0178,Samyang Mala Buldak,Noodles,6,70.0,0.0,420.0
T2025001852,2025-11-07,12:23:00,P0179,Ottogi Ramen Bokki Cup,Noodles,1,69.0,0.0,69.0
T2025001852,2025-11-07,12:23:00,P0175,Samyang Jjajang Hot Chicken,Noodles,6,75.0,0.0,450.0
T2025001852,2025-11-07,12:23:00,P0202,Nongshim Ansung Tangmen,Noodles,9,50.0,0.0,450.0
T2025001852,2025-11-07,12:23:00,P0188,Nagasaki Jjampong,Noodles,10,60.0,0.0,600.0
T2025001852,2025-11-07,12:23:00,P0163,Samyang Buldak Rose 140g,Noodles,10,88.0,0.1,792.0
T2025001852,2025-11-07,12:23:00,P0209,Ottogi Kimchi Ramen,Noodles,1,40.0,0.0,40.0
T2025001853,2025-11-07,19:11:00,P0229,O'Food Korean BBQ Sauce,Seasoned/Sauce/Powder,10,145.0,0.0,1450.0
T2025001853,2025-11-07,19:11:00,P0238,Ottogi Curry Mild,Seasoned/Sauce/Powder,1,115.0,0.0,115.0
T2025001854,2025-11-07,19:06:00,P0083,Moguchon Smoked Bacon 200g,Food Frozen,6,320.0,0.0,1920.0
T2025001854,2025-11-07,19:06:00,P0097,Daerim  Cheese Vienna Sausage 105g,Food Frozen,7,120.0,0.0,840.0
T2025001855,2025-11-07,19:30:00,P0003,Sempio Sesame Oil,Condiments,1,185.0,0.0,185.0
T2025001855,2025-11-07,19:30:00,P0007,Samyang Spicy Mayo,Condiments,10,130.0,0.0,1300.0
T2025001856,2025-11-07,13:08:00,P0298,Pepero White Cookie,Snacks,4,55.0,0.0,220.0
T2025001856,2025-11-07,13:08:00,P0288,Nongshim Honey Rice Snack,Snacks,1,80.0,0.0,80.0
T2025001857,2025-11-07,14:51:00,P0063,Our Home Kimchi 1Kg Jar,Food Fresh/Meat/Sidedish,3,190.0,0.0,570.0
T2025001857,2025-11-07,14:51:00,P0073,Perilla Leaves 2Packs,Food Fresh/Meat/Sidedish,9,40.0,0.0,360.0
T2025001857,2025-11-07,14:51:00,P0069,Bibigo Beef Bone Soup,Food Fresh/Meat/Sidedish,1,110.0,0.0,110.0
T2025001858,2025-11-07,13:08:00,P0108,Ottogi Honey Citron Tea 1Kg,Liquor/Beverage,7,530.0,0.0,3710.0
T2025001859,2025-11-07,18:04:00,P0067,Wasabi Radish Wrapper 340g,Food Fresh/Meat/Sidedish,6,145.0,0.0,870.0
T2025001859,2025-11-07,18:04:00,P0053,Shine Spicy Pork Bulgogi Pack,Food Fresh/Meat/Sidedish,5,500.0,0.15,2125.0
T2025001859,2025-11-07,18:04:00,P0052,Shine Beef Bulgogi Pack,Food Fresh/Meat/Sidedish,6,550.0,0.0,3300.0
T2025001859,2025-11-07,18:04:00,P0069,Bibigo Beef Bone Soup,Food Fresh/Meat/Sidedish,10,110.0,0.0,1100.0
T2025001859,2025-11-07,18:04:00,P0062,Dried Anchovy Small 100g,Food Fresh/Meat/Sidedish,5,240.0,0.0,1200.0
T2025001859,2025-11-07,18:04:00,P0061,Dried Anchovy Medium 100g,Food Fresh/Meat/Sidedish,3,240.0,0.05,684.0
T2025001860,2025-11-07,12:36:00,P0268,Samlip Walnut Pie,Snacks,4,110.0,0.0,440.0
T2025001860,2025-11-07,12:36:00,P0286,Crown Caramel Maple Corn,Snacks,3,80.0,0.0,240.0
T2025001861,2025-11-07,09:08:00,P0129,Sunhari Grape 360mL,Liquor/Beverage,4,120.0,0.0,480.0
T2025001861,2025-11-07,09:08:00,P0134,KSD Green Grape Rice Wine 750mL,Liquor/Beverage,5,105.0,0.0,525.0
T2025001861,2025-11-07,09:08:00,P0146,Binggrae Yogurt Drink,Liquor/Beverage,3,55.0,0.0,165.0
T2025001861,2025-11-07,09:08:00,P0123,Cass Cold Brewed Beer 500mL,Liquor/Beverage,8,170.0,0.0,1360.0
T2025001861,2025-11-07,09:08:00,P0116,Maxim Mocha Gold Coffee Mix 20Pcs,Liquor/Beverage,4,275.0,0.05,1045.0
T2025001861,2025-11-07,09:08:00,P0108,Ottogi Honey Citron Tea 1Kg,Liquor/Beverage,9,530.0,0.0,4770.0
T2025001862,2025-11-07,18:44:00,P0163,Samyang Buldak Rose 140g,Noodles,7,88.0,0.0,616.0
T2025001862,2025-11-07,18:44:00,P0197,Nongshim Seafood Ramyun,Noodles,7,52.0,0.05,345.8
T2025001862,2025-11-07,18:44:00,P0190,Nongshim Tempura Udon Cup,Noodles,8,60.0,0.0,480.0
T2025001863,2025-11-07,10:08:00,P0162,Ottogi Jin Jjampong,Noodles,9,90.0,0.0,810.0
T2025001863,2025-11-07,10:08:00,P0193,Paldo Gomtang Ramen,Noodles,2,56.0,0.0,112.0
T2025001863,2025-11-07,10:08:00,P0160,Paldo Wang Cup Kimchi,Noodles,1,90.0,0.0,90.0
T2025001864,2025-11-07,17:16:00,P0255,Bibigo Crispy Seaweed Snack,Snacks,5,140.0,0.0,700.0
T2025001865,2025-11-07,10:34:00,P0058,Homemade Kimchi 850g,Food Fresh/Meat/Sidedish,1,290.0,0.0,290.0
T2025001865,2025-11-07,10:34:00,P0050,Boneless Rib Eye 250g,Food Fresh/Meat/Sidedish,8,750.0,0.0,6000.0
T2025001865,2025-11-07,10:34:00,P0054,Chadolbagi Wagyu 500g,Food Fresh/Meat/Sidedish,6,475.0,0.0,2850.0
T2025001865,2025-11-07,10:34:00,P0060,Homemade Spring Onion Kimchi 350g,Food Fresh/Meat/Sidedish,8,250.0,0.0,2000.0
T2025001866,2025-11-07,17:07:00,P0223,Jin Soy Sauce For Soup 860mL,Seasoned/Sauce/Powder,9,205.0,0.0,1845.0
T2025001866,2025-11-07,17:07:00,P0239,Ottogi Curry Hot,Seasoned/Sauce/Powder,10,115.0,0.0,1150.0
T2025001867,2025-11-07,08:35:00,P0032,Samlip Mini Kimbap,Dry Food,8,120.0,0.0,960.0
T2025001867,2025-11-07,08:35:00,P0048,Dongwon Light Tuna,Dry Food,3,75.0,0.0,225.0
T2025001867,2025-11-07,08:35:00,P0034,CJ  Cooked Rice,Dry Food,9,116.0,0.0,1044.0
T2025001867,2025-11-07,08:35:00,P0017,Bibigo Seaweed Flakes 50g,Dry Food,1,210.0,0.0,210.0
T2025001867,2025-11-07,08:35:00,P0015,(Dae Joo) Gochugaru 500g,Dry Food,3,255.0,0.0,765.0
T2025001867,2025-11-07,08:35:00,P0020,CJ Beksul Hotteok Mix,Dry Food,10,185.0,0.1,1665.0
T2025001868,2025-11-07,18:38:00,P0235,O'Food Kimchi Base Sauce,Seasoned/Sauce/Powder,1,130.0,0.0,130.0
T2025001869,2025-11-07,10:37:00,P0008,Ottogi Corn Syrup,Condiments,6,98.0,0.0,588.0
T2025001869,2025-11-07,10:37:00,P0009,CJ Beksul Corn Syrup,Condiments,6,95.0,0.0,570.0
T2025001870,2025-11-07,11:25:00,P0091,CJ Bibigo Japchae,Food Frozen,3,220.0,0.1,594.0
T2025001870,2025-11-07,11:25:00,P0093,Bibigo Kimchi Fried Rice,Food Frozen,5,190.0,0.0,950.0
T2025001870,2025-11-07,11:25:00,P0104,Pepero Original,Food Frozen,2,55.0,0.0,110.0
T2025001871,2025-11-07,19:36:00,P0292,Orion Goraebab Crackers,Snacks,5,75.0,0.0,375.0
T2025001871,2025-11-07,19:36:00,P0290,Doritos Galbi Chicken,Snacks,6,77.0,0.0,462.0
T2025001872,2025-11-07,19:49:00,P0235,O'Food Kimchi Base Sauce,Seasoned/Sauce/Powder,9,130.0,0.0,1170.0
T2025001872,2025-11-07,19:49:00,P0219,CJ Beksul Spicy Pork Sauce 500g,Seasoned/Sauce/Powder,9,240.0,0.0,2160.0
T2025001872,2025-11-07,19:49:00,P0238,Ottogi Curry Mild,Seasoned/Sauce/Powder,9,115.0,0.0,1035.0
T2025001872,2025-11-07,19:49:00,P0216,CJ Beksul Chicken Frying Mix 1Kg,Seasoned/Sauce/Powder,6,257.0,0.25,1156.5
T2025001872,2025-11-07,19:49:00,P0240,Ottogi Spaghetti Sauce,Seasoned/Sauce/Powder,3,115.0,0.0,345.0
T2025001872,2025-11-07,19:49:00,P0220,CJ  Tteokbokki Sauce 150G 2Pcs,Seasoned/Sauce/Powder,2,235.0,0.0,470.0
T2025001873,2025-11-07,17:54:00,P0038,(Kaya) Korean Rice 1Kg,Dry Food,4,100.0,0.0,400.0
T2025001874,2025-11-07,16:59:00,P0111,Maxim Kanu Ice Latte 10 Sticks,Liquor/Beverage,1,360.0,0.0,360.0
T2025001874,2025-11-07,16:59:00,P0148,Binggrae Strawberry Milk,Liquor/Beverage,5,45.0,0.0,225.0
T2025001874,2025-11-07,16:59:00,P0138,Kirin Ichiban Beer 330mL,Liquor/Beverage,3,68.0,0.0,204.0
T2025001875,2025-11-07,14:03:00,P0006,Chung Jung One Soy Sauce,Condiments,4,140.0,0.0,560.0
T2025001875,2025-11-07,14:03:00,P0009,CJ Beksul Corn Syrup,Condiments,5,95.0,0.15,403.75
T2025001876,2025-11-07,11:09:00,P0266,Bibigo Seaweed Crisps,Snacks,3,110.0,0.0,330.0
T2025001876,2025-11-07,11:09:00,P0285,Corn Choco,Snacks,5,80.0,0.25,300.0
T2025001877,2025-11-07,18:32:00,P0013,Dongwon  Whelk In Can 140g,Dry Food,3,280.0,0.0,840.0
T2025001878,2025-11-07,09:30:00,P0066,Imported Kimchi Big Tub 850g,Food Fresh/Meat/Sidedish,8,150.0,0.0,1200.0
T2025001879,2025-11-07,14:30:00,P0022,Ottogi Tteokbokki Cup,Dry Food,4,160.0,0.0,640.0
T2025001879,2025-11-07,14:30:00,P0016,Dongwon  Vegetable Tuna Can 150g 2Pcs,Dry Food,7,235.0,0.1,1480.5
T2025001879,2025-11-07,14:30:00,P0042,CJ Hetbahn Brown Rice,Dry Food,8,95.0,0.0,760.0
T2025001880,2025-11-07,17:39:00,P0014,Bibigo Beef Seaweed Soup,Dry Food,6,264.0,0.0,1584.0
T2025001881,2025-11-07,20:28:00,P0069,Bibigo Beef Bone Soup,Food Fresh/Meat/Sidedish,2,110.0,0.0,220.0
T2025001881,2025-11-07,20:28:00,P0067,Wasabi Radish Wrapper 340g,Food Fresh/Meat/Sidedish,6,145.0,0.0,870.0
T2025001881,2025-11-07,20:28:00,P0061,Dried Anchovy Medium 100g,Food Fresh/Meat/Sidedish,2,240.0,0.0,480.0
T2025001881,2025-11-07,20:28:00,P0056,Us Beef Strips 500g,Food Fresh/Meat/Sidedish,1,375.0,0.0,375.0
T2025001882,2025-11-07,09:41:00,P0078,Spanish Mackerel 340g,Food Frozen,9,500.0,0.1,4050.0
T2025001882,2025-11-07,09:41:00,P0092,Daerim  Crab Stick 500g,Food Frozen,9,210.0,0.15,1606.5
T2025001882,2025-11-07,09:41:00,P0097,Daerim  Cheese Vienna Sausage 105g,Food Frozen,10,120.0,0.0,1200.0
T2025001882,2025-11-07,09:41:00,P0095,Samlip Fish Cake Sheets,Food Frozen,8,150.0,0.0,1200.0
T2025001882,2025-11-07,09:41:00,P0082,Daerim  Crab Sticks 1Kg,Food Frozen,9,350.0,0.0,3150.0
T2025001882,2025-11-07,09:41:00,P0090,Nongmin Rice Cake 1Kg,Food Frozen,10,220.0,0.0,2200.0
T2025001883,2025-11-07,18:58:00,P0063,Our Home Kimchi 1Kg Jar,Food Fresh/Meat/Sidedish,3,190.0,0.0,570.0
T2025001883,2025-11-07,18:58:00,P0049,Our Home Kimchi 1Kg,Food Fresh/Meat/Sidedish,4,320.5,0.0,1282.0
T2025001884,2025-11-07,15:43:00,P0215,Ottogi Wasabi Powder 300g,Seasoned/Sauce/Powder,1,290.0,0.0,290.0
T2025001884,2025-11-07,15:43:00,P0242,CJ  Gochujang 200g,Seasoned/Sauce/Powder,10,100.0,0.0,1000.0
T2025001884,2025-11-07,15:43:00,P0235,O'Food Kimchi Base Sauce,Seasoned/Sauce/Powder,2,130.0,0.2,208.0
T2025001884,2025-11-07,15:43:00,P0238,Ottogi Curry Mild,Seasoned/Sauce/Powder,10,115.0,0.0,1150.0
T2025001884,2025-11-07,15:43:00,P0227,CJ Beksul Beef Bulgogi Sauce 290g,Seasoned/Sauce/Powder,1,150.0,0.0,150.0
T2025001885,2025-11-07,17:09:00,P0266,Bibigo Seaweed Crisps,Snacks,8,110.0,0.25,660.0
T2025001885,2025-11-07,17:09:00,P0270,Samlip Custard Cream Cake,Snacks,2,105.0,0.0,210.0
T2025001885,2025-11-07,17:09:00,P0292,Orion Goraebab Crackers,Snacks,3,75.0,0.0,225.0
T2025001885,2025-11-07,17:09:00,P0264,Lotte Ghana Dark Chocolate,Snacks,5,115.0,0.0,575.0
T2025001885,2025-11-07,17:09:00,P0247,Choco Pie Green Tea 12Pcs,Snacks,2,200.0,0.0,400.0
T2025001886,2025-11-07,08:06:00,P0165,Samyang Cream Carbo Buldak 140g,Noodles,8,88.0,0.0,704.0
T2025001886,2025-11-07,08:06:00,P0175,Samyang Jjajang Hot Chicken,Noodles,10,75.0,0.0,750.0
T2025001887,2025-11-07,20:47:00,P0093,Bibigo Kimchi Fried Rice,Food Frozen,9,190.0,0.0,1710.0
T2025001888,2025-11-07,15:46:00,P0222,CJ  Soybean Paste 1Kg,Seasoned/Sauce/Powder,1,208.0,0.0,208.0
T2025001888,2025-11-07,15:46:00,P0236,CJ  Soybean Paste 500g,Seasoned/Sauce/Powder,5,123.0,0.0,615.0
T2025001889,2025-11-07,11:28:00,P0007,Samyang Spicy Mayo,Condiments,10,130.0,0.0,1300.0
T2025001889,2025-11-07,11:28:00,P0005,Ottogi Gold Mayonnaise 300g,Condiments,8,150.0,0.0,1200.0
T2025001890,2025-11-07,20:02:00,P0046,CJ Beksul Potato Starch,Dry Food,1,85.0,0.0,85.0
T2025001890,2025-11-07,20:02:00,P0026,Yopokki Sweet & Spicy 280g,Dry Food,7,145.0,0.0,1015.0
T2025001890,2025-11-07,20:02:00,P0039,Ottogi 3Mins Curry,Dry Food,3,99.0,0.0,297.0
T2025001890,2025-11-07,20:02:00,P0034,CJ  Cooked Rice,Dry Food,1,116.0,0.0,116.0
T2025001890,2025-11-07,20:02:00,P0030,Yopokki Onion Butter 120g Cup,Dry Food,6,120.0,0.0,720.0
T2025001890,2025-11-07,20:02:00,P0036,Dongwon  Tuna Light Can 150g,Dry Food,7,110.0,0.0,770.0
T2025001891,2025-11-07,08:40:00,P0299,Lotte Xylitol Green Gum,Snacks,4,55.0,0.2,176.0
T2025001891,2025-11-07,08:40:00,P0264,Lotte Ghana Dark Chocolate,Snacks,2,115.0,0.0,230.0
T2025001891,2025-11-07,08:40:00,P0290,Doritos Galbi Chicken,Snacks,1,77.0,0.2,61.6
T2025001891,2025-11-07,08:40:00,P0293,Lotte Sand Biscuit,Snacks,7,75.0,0.0,525.0
T2025001892,2025-11-07,10:28:00,P0066,Imported Kimchi Big Tub 850g,Food Fresh/Meat/Sidedish,3,150.0,0.0,450.0
T2025001892,2025-11-07,10:28:00,P0072,Kongsarang Soft Tofu,Food Fresh/Meat/Sidedish,2,65.0,0.25,97.5
T2025001892,2025-11-07,10:28:00,P0059,Pork Belly (Samgyupsal) 500g,Food Fresh/Meat/Sidedish,2,275.0,0.0,550.0
T2025001893,2025-11-07,19:42:00,P0008,Ottogi Corn Syrup,Condiments,4,98.0,0.0,392.0
T2025001893,2025-11-07,19:42:00,P0002,Ottogi Gold Mayonnaise 500g,Condiments,10,235.0,0.0,2350.0
T2025001893,2025-11-07,19:42:00,P0007,Samyang Spicy Mayo,Condiments,7,130.0,0.0,910.0
T2025001894,2025-11-07,20:48:00,P0066,Imported Kimchi Big Tub 850g,Food Fresh/Meat/Sidedish,9,150.0,0.0,1350.0
T2025001894,2025-11-07,20:48:00,P0064,Kimbab Radish 400g,Food Fresh/Meat/Sidedish,3,185.0,0.0,555.0
T2025001894,2025-11-07,20:48:00,P0051,Us Premium Rib Eye 500g,Food Fresh/Meat/Sidedish,9,725.0,0.0,6525.0
T2025001895,2025-11-07,09:58:00,P0213,Sempio Yondu 500mL,Seasoned/Sauce/Powder,9,345.0,0.0,3105.0
T2025001896,2025-11-07,12:24:00,P0197,Nongshim Seafood Ramyun,Noodles,5,52.0,0.0,260.0
T2025001897,2025-11-07,10:14:00,P0033,CJ Beksul Frying Mix,Dry Food,10,120.0,0.0,1200.0
T2025001897,2025-11-07,10:14:00,P0030,Yopokki Onion Butter 120g Cup,Dry Food,1,120.0,0.15,102.0
T2025001897,2025-11-07,10:14:00,P0014,Bibigo Beef Seaweed Soup,Dry Food,1,264.0,0.0,264.0
T2025001898,2025-11-07,09:38:00,P0071,Kongsarang Firm Tofu,Food Fresh/Meat/Sidedish,4,65.0,0.0,260.0
T2025001898,2025-11-07,09:38:00,P0070,Skinless Garlic 150G,Food Fresh/Meat/Sidedish,2,65.0,0.05,123.5
T2025001898,2025-11-07,09:38:00,P0061,Dried Anchovy Medium 100g,Food Fresh/Meat/Sidedish,1,240.0,0.0,240.0
T2025001898,2025-11-07,09:38:00,P0068,Enoki Mushroom 150G 2Packs,Food Fresh/Meat/Sidedish,6,120.0,0.0,720.0
T2025001898,2025-11-07,09:38:00,P0056,Us Beef Strips 500g,Food Fresh/Meat/Sidedish,2,375.0,0.0,750.0
T2025001899,2025-11-07,21:41:00,P0050,Boneless Rib Eye 250g,Food Fresh/Meat/Sidedish,1,750.0,0.0,750.0
T2025001899,2025-11-07,21:41:00,P0065,Sempio Spicy Stir-Fried Dried Squid,Food Fresh/Meat/Sidedish,5,175.0,0.0,875.0
T2025001899,2025-11-07,21:41:00,P0052,Shine Beef Bulgogi Pack,Food Fresh/Meat/Sidedish,5,550.0,0.0,2750.0
T2025001900,2025-11-07,17:44:00,P0083,Moguchon Smoked Bacon 200g,Food Frozen,6,320.0,0.0,1920.0
T2025001900,2025-11-07,17:44:00,P0098,Daerim  Crabstick 216g,Food Frozen,4,98.0,0.15,333.2
T2025001900,2025-11-07,17:44:00,P0092,Daerim  Crab Stick 500g,Food Frozen,10,210.0,0.0,2100.0
T2025001900,2025-11-07,17:44:00,P0097,Daerim  Cheese Vienna Sausage 105g,Food Frozen,1,120.0,0.0,120.0
T2025001900,2025-11-07,17:44:00,P0084,Assi Vegetable Dumplings 675g,Food Frozen,2,285.0,0.0,570.0
T2025001901,2025-11-07,11:51:00,P0004,O'Food Korean Chili Oil,Condiments,2,160.0,0.0,320.0
T2025001901,2025-11-07,11:51:00,P0008,Ottogi Corn Syrup,Condiments,5,98.0,0.0,490.0
T2025001902,2025-11-07,09:18:00,P0099,Daerim  Chaw Spicy Stick 90g,Food Frozen,10,80.0,0.0,800.0
T2025001902,2025-11-07,09:18:00,P0085,Bibigo Bulgogi Mandu,Food Frozen,8,280.0,0.0,2240.0
T2025001902,2025-11-07,09:18:00,P0089,Jongga Rice Cake 1Kg,Food Frozen,6,230.0,0.0,1380.0
T2025001903,2025-11-07,20:14:00,P0204,Ottogi Cup Ramen Kimchi,Noodles,5,50.0,0.0,250.0
T2025001903,2025-11-07,20:14:00,P0202,Nongshim Ansung Tangmen,Noodles,7,50.0,0.0,350.0
T2025001903,2025-11-07,20:14:00,P0194,Shin Ramen Kimchi,Noodles,3,55.0,0.0,165.0
T2025001903,2025-11-07,20:14:00,P0165,Samyang Cream Carbo Buldak 140g,Noodles,6,88.0,0.0,528.0
T2025001903,2025-11-07,20:14:00,P0174,Ottogi Cheese Bokki Cup,Noodles,5,75.0,0.0,375.0
T2025001904,2025-11-07,15:35:00,P0043,CJ Hetbahn Cooked Barley,Dry Food,6,95.0,0.0,570.0
T2025001904,2025-11-07,15:35:00,P0032,Samlip Mini Kimbap,Dry Food,6,120.0,0.0,720.0
T2025001904,2025-11-07,15:35:00,P0020,CJ Beksul Hotteok Mix,Dry Food,3,185.0,0.0,555.0
T2025001904,2025-11-07,15:35:00,P0025,Sempio Yellow Peach In Can 400g,Dry Food,2,145.0,0.15,246.5
T2025001905,2025-11-07,12:49:00,P0296,Lotte Cereal Choco,Snacks,7,55.0,0.0,385.0
T2025001905,2025-11-07,12:49:00,P0256,Orion Custard Cake,Snacks,1,130.0,0.05,123.5
T2025001905,2025-11-07,12:49:00,P0267,Lotte Pepero White Cookie,Snacks,5,110.0,0.0,550.0
T2025001905,2025-11-07,12:49:00,P0247,Choco Pie Green Tea 12Pcs,Snacks,6,200.0,0.0,1200.0
T2025001905,2025-11-07,12:49:00,P0286,Crown Caramel Maple Corn,Snacks,9,80.0,0.0,720.0
T2025001906,2025-11-07,15:00:00,P0295,Pepero Almond,Snacks,9,55.0,0.0,495.0
T2025001907,2025-11-07,08:57:00,P0186,Ottogi Chachelin Blackbean 145g,Noodles,3,60.0,0.0,180.0
T2025001907,2025-11-07,08:57:00,P0195,Ottogi Jin Mild Small Cup,Noodles,7,55.0,0.0,385.0
T2025001907,2025-11-07,08:57:00,P0197,Nongshim Seafood Ramyun,Noodles,1,52.0,0.05,49.4
T2025001907,2025-11-07,08:57:00,P0156,Nongshim Ramyun King Bowl,Noodles,4,95.0,0.0,380.0
T2025001907,2025-11-07,08:57:00,P0150,Samyang Buldak Rosã Ramen 105g,Noodles,8,110.0,0.0,880.0
T2025001907,2025-11-07,08:57:00,P0151,Samyang Buldak 4 Cheese Ramen 110g,Noodles,8,110.0,0.0,880.0
T2025001908,2025-11-07,18:12:00,P0211,Ottogi Jin Ramen Hot,Noodles,7,40.0,0.0,280.0
T2025001909,2025-11-07,18:04:00,P0210,2Mins Snack Men,Noodles,10,40.0,0.0,400.0
T2025001909,2025-11-07,18:04:00,P0176,Ottogi Cheese Bokki Cup,Noodles,2,72.0,0.0,144.0
T2025001909,2025-11-07,18:04:00,P0189,Ottogi Bodle Cheese Ramen,Noodles,4,60.0,0.0,240.0
T2025001909,2025-11-07,18:04:00,P0178,Samyang Mala Buldak,Noodles,10,70.0,0.0,700.0
T2025001910,2025-11-07,17:44:00,P0246,Post Almond Flakes,Snacks,6,245.0,0.0,1470.0
T2025001910,2025-11-07,17:44:00,P0256,Orion Custard Cake,Snacks,4,130.0,0.0,520.0
T2025001910,2025-11-07,17:44:00,P0289,Crown Corn Chips,Snacks,8,80.0,0.0,640.0
T2025001910,2025-11-07,17:44:00,P0288,Nongshim Honey Rice Snack,Snacks,7,80.0,0.0,560.0
T2025001910,2025-11-07,17:44:00,P0276,Orion Sun Chips Korean BBQ,Snacks,4,90.0,0.0,360.0
T2025001910,2025-11-07,17:44:00,P0265,Orion Almond Candy,Snacks,1,110.0,0.0,110.0
T2025001911,2025-11-07,11:05:00,P0252,Lotte Banana Choco Pie 12Pcs,Snacks,9,180.0,0.0,1620.0
T2025001911,2025-11-07,11:05:00,P0299,Lotte Xylitol Green Gum,Snacks,3,55.0,0.0,165.0
T2025001911,2025-11-07,11:05:00,P0295,Pepero Almond,Snacks,4,55.0,0.0,220.0
T2025001912,2025-11-07,09:35:00,P0040,Ottogi Sweet Corn 340g,Dry Food,7,95.0,0.0,665.0
T2025001913,2025-11-07,18:38:00,P0096,Daerim  Vienna Sausage 170g,Food Frozen,10,145.0,0.0,1450.0
T2025001914,2025-11-07,12:21:00,P0062,Dried Anchovy Small 100g,Food Fresh/Meat/Sidedish,6,240.0,0.0,1440.0
T2025001914,2025-11-07,12:21:00,P0058,Homemade Kimchi 850g,Food Fresh/Meat/Sidedish,6,290.0,0.0,1740.0
T2025001914,2025-11-07,12:21:00,P0061,Dried Anchovy Medium 100g,Food Fresh/Meat/Sidedish,5,240.0,0.0,1200.0
T2025001914,2025-11-07,12:21:00,P0069,Bibigo Beef Bone Soup,Food Fresh/Meat/Sidedish,2,110.0,0.0,220.0
T2025001914,2025-11-07,12:21:00,P0052,Shine Beef Bulgogi Pack,Food Fresh/Meat/Sidedish,5,550.0,0.0,2750.0
T2025001914,2025-11-07,12:21:00,P0065,Sempio Spicy Stir-Fried Dried Squid,Food Fresh/Meat/Sidedish,6,175.0,0.0,1050.0
T2025001915,2025-11-08,09:39:00,P0030,Yopokki Onion Butter 120g Cup,Dry Food,3,120.0,0.0,360.0
T2025001915,2025-11-08,09:39:00,P0018,(Kaya) Korean Rice 1.5Kg,Dry Food,1,190.0,0.0,190.0
T2025001915,2025-11-08,09:39:00,P0047,Dongwon Spicy Tuna,Dry Food,2,80.0,0.0,160.0
T2025001915,2025-11-08,09:39:00,P0044,Ottogi Vegetable Soup 80g,Dry Food,2,90.0,0.0,180.0
T2025001916,2025-11-08,08:53:00,P0001,Ottogi Sesame Oil 500mL,Condiments,1,590.5,0.0,590.5
T2025001916,2025-11-08,08:53:00,P0002,Ottogi Gold Mayonnaise 500g,Condiments,4,235.0,0.05,893.0
T2025001916,2025-11-08,08:53:00,P0003,Sempio Sesame Oil,Condiments,7,185.0,0.0,1295.0
T2025001916,2025-11-08,08:53:00,P0009,CJ Beksul Corn Syrup,Condiments,8,95.0,0.0,760.0
T2025001916,2025-11-08,08:53:00,P0004,O'Food Korean Chili Oil,Condiments,7,160.0,0.0,1120.0
T2025001917,2025-11-08,18:52:00,P0209,Ottogi Kimchi Ramen,Noodles,4,40.0,0.0,160.0
T2025001917,2025-11-08,18:52:00,P0162,Ottogi Jin Jjampong,Noodles,10,90.0,0.0,900.0
T2025001918,2025-11-08,16:15:00,P0223,Jin Soy Sauce For Soup 860mL,Seasoned/Sauce/Powder,8,205.0,0.0,1640.0
T2025001918,2025-11-08,16:15:00,P0228,Sempio Gochujang (500g),Seasoned/Sauce/Powder,6,145.0,0.1,783.0
T2025001918,2025-11-08,16:15:00,P0213,Sempio Yondu 500mL,Seasoned/Sauce/Powder,9,345.0,0.0,3105.0
T2025001918,2025-11-08,16:15:00,P0226,CJ Beksul Sweet Korean Pancake Mix 400g,Seasoned/Sauce/Powder,4,155.0,0.0,620.0
T2025001918,2025-11-08,16:15:00,P0212,Beef Dasida (Soup Stock) 1Kg,Seasoned/Sauce/Powder,1,550.0,0.0,550.0
T2025001918,2025-11-08,16:15:00,P0217,Ottogi Roasted Sesame Seeds 200g,Seasoned/Sauce/Powder,6,255.0,0.15,1300.5
T2025001919,2025-11-08,15:45:00,P0227,CJ Beksul Beef Bulgogi Sauce 290g,Seasoned/Sauce/Powder,8,150.0,0.0,1200.0
T2025001919,2025-11-08,15:45:00,P0228,Sempio Gochujang (500g),Seasoned/Sauce/Powder,1,145.0,0.0,145.0
T2025001919,2025-11-08,15:45:00,P0230,CJ Beksul Pancake Sauce,Seasoned/Sauce/Powder,1,145.0,0.0,145.0
T2025001919,2025-11-08,15:45:00,P0222,CJ  Soybean Paste 1Kg,Seasoned/Sauce/Powder,7,208.0,0.25,1092.0
T2025001919,2025-11-08,15:45:00,P0221,CJ  Gochujang 500g,Seasoned/Sauce/Powder,3,220.0,0.0,660.0
T2025001920,2025-11-08,15:47:00,P0068,Enoki Mushroom 150G 2Packs,Food Fresh/Meat/Sidedish,8,120.0,0.05,912.0
T2025001920,2025-11-08,15:47:00,P0060,Homemade Spring Onion Kimchi 350g,Food Fresh/Meat/Sidedish,7,250.0,0.0,1750.0
T2025001920,2025-11-08,15:47:00,P0061,Dried Anchovy Medium 100g,Food Fresh/Meat/Sidedish,2,240.0,0.0,480.0
T2025001921,2025-11-08,16:12:00,P0181,Paldo Bibim Cold Noodles,Noodles,10,65.0,0.0,650.0
T2025001921,2025-11-08,16:12:00,P0162,Ottogi Jin Jjampong,Noodles,3,90.0,0.0,270.0
T2025001921,2025-11-08,16:12:00,P0192,Nongshim Soon Veggie Ramen,Noodles,5,58.0,0.05,275.5
T2025001922,2025-11-08,08:19:00,P0007,Samyang Spicy Mayo,Condiments,2,130.0,0.0,260.0
T2025001922,2025-11-08,08:19:00,P0001,Ottogi Sesame Oil 500mL,Condiments,6,590.5,0.0,3543.0
T2025001922,2025-11-08,08:19:00,P0004,O'Food Korean Chili Oil,Condiments,7,160.0,0.0,1120.0
T2025001922,2025-11-08,08:19:00,P0009,CJ Beksul Corn Syrup,Condiments,4,95.0,0.25,285.0
T2025001923,2025-11-08,09:27:00,P0234,CJ Beksul Spicy Pork Sauce 290g,Seasoned/Sauce/Powder,2,130.0,0.2,208.0
T2025001924,2025-11-08,18:35:00,P0126,Woongjin Yogurt Pineapple 1.5L,Liquor/Beverage,1,135.0,0.0,135.0
T2025001924,2025-11-08,18:35:00,P0141,Woongjin Yogurt Apple 340mL,Liquor/Beverage,10,60.0,0.0,600.0
T2025001924,2025-11-08,18:35:00,P0144,Nongshim Welchs Strawberry 355mL,Liquor/Beverage,7,60.0,0.0,420.0
T2025001925,2025-11-08,15:51:00,P0264,Lotte Ghana Dark Chocolate,Snacks,9,115.0,0.0,1035.0
T2025001925,2025-11-08,15:51:00,P0282,Orion Choco Boy,Snacks,8,85.0,0.0,680.0
T2025001925,2025-11-08,15:51:00,P0292,Orion Goraebab Crackers,Snacks,7,75.0,0.0,525.0
T2025001926,2025-11-08,19:05:00,P0068,Enoki Mushroom 150G 2Packs,Food Fresh/Meat/Sidedish,7,120.0,0.0,840.0
T2025001926,2025-11-08,19:05:00,P0057,Jongga Pogi Kimchi 500g,Food Fresh/Meat/Sidedish,7,315.0,0.0,2205.0
T2025001926,2025-11-08,19:05:00,P0053,Shine Spicy Pork Bulgogi Pack,Food Fresh/Meat/Sidedish,1,500.0,0.0,500.0
T2025001926,2025-11-08,19:05:00,P0067,Wasabi Radish Wrapper 340g,Food Fresh/Meat/Sidedish,10,145.0,0.0,1450.0
T2025001927,2025-11-08,16:15:00,P0184,Nongshim Baehongdong Bibimyeon 137g,Noodles,10,61.0,0.0,610.0
T2025001927,2025-11-08,16:15:00,P0176,Ottogi Cheese Bokki Cup,Noodles,7,72.0,0.0,504.0
T2025001927,2025-11-08,16:15:00,P0188,Nagasaki Jjampong,Noodles,7,60.0,0.0,420.0
T2025001927,2025-11-08,16:15:00,P0156,Nongshim Ramyun King Bowl,Noodles,7,95.0,0.25,498.75
T2025001927,2025-11-08,16:15:00,P0171,Tempura Udon Big Cup,Noodles,10,75.0,0.0,750.0
T2025001928,2025-11-08,12:28:00,P0067,Wasabi Radish Wrapper 340g,Food Fresh/Meat/Sidedish,10,145.0,0.0,1450.0
T2025001928,2025-11-08,12:28:00,P0049,Our Home Kimchi 1Kg,Food Fresh/Meat/Sidedish,6,320.5,0.0,1923.0
T2025001928,2025-11-08,12:28:00,P0062,Dried Anchovy Small 100g,Food Fresh/Meat/Sidedish,2,240.0,0.0,480.0
T2025001928,2025-11-08,12:28:00,P0057,Jongga Pogi Kimchi 500g,Food Fresh/Meat/Sidedish,4,315.0,0.0,1260.0
T2025001929,2025-11-08,12:38:00,P0091,CJ Bibigo Japchae,Food Frozen,2,220.0,0.0,440.0
T2025001929,2025-11-08,12:38:00,P0074,Bibigo Fried Dumplings 450g,Food Frozen,9,740.0,0.2,5328.0
T2025001930,2025-11-08,18:34:00,P0071,Kongsarang Firm Tofu,Food Fresh/Meat/Sidedish,5,65.0,0.0,325.0
T2025001930,2025-11-08,18:34:00,P0053,Shine Spicy Pork Bulgogi Pack,Food Fresh/Meat/Sidedish,4,500.0,0.25,1500.0
T2025001930,2025-11-08,18:34:00,P0056,Us Beef Strips 500g,Food Fresh/Meat/Sidedish,4,375.0,0.0,1500.0
T2025001930,2025-11-08,18:34:00,P0066,Imported Kimchi Big Tub 850g,Food Fresh/Meat/Sidedish,4,150.0,0.0,600.0
T2025001930,2025-11-08,18:34:00,P0063,Our Home Kimchi 1Kg Jar,Food Fresh/Meat/Sidedish,1,190.0,0.0,190.0
T2025001931,2025-11-08,09:00:00,P0103,Daerim  Chaw Stick 100g,Food Frozen,6,73.0,0.0,438.0
T2025001931,2025-11-08,09:00:00,P0087,Bibigo Crispy Seaweed Roll,Food Frozen,8,260.0,0.0,2080.0
T2025001932,2025-11-08,17:51:00,P0058,Homemade Kimchi 850g,Food Fresh/Meat/Sidedish,5,290.0,0.0,1450.0
T2025001932,2025-11-08,17:51:00,P0054,Chadolbagi Wagyu 500g,Food Fresh/Meat/Sidedish,5,475.0,0.0,2375.0
T2025001932,2025-11-08,17:51:00,P0064,Kimbab Radish 400g,Food Fresh/Meat/Sidedish,7,185.0,0.0,1295.0
T2025001933,2025-11-08,18:45:00,P0226,CJ Beksul Sweet Korean Pancake Mix 400g,Seasoned/Sauce/Powder,8,155.0,0.0,1240.0
T2025001933,2025-11-08,18:45:00,P0218,CJ Beksul Beef Bulgogi Sauce 500g,Seasoned/Sauce/Powder,9,250.0,0.0,2250.0
T2025001934,2025-11-08,09:35:00,P0234,CJ Beksul Spicy Pork Sauce 290g,Seasoned/Sauce/Powder,5,130.0,0.0,650.0
T2025001934,2025-11-08,09:35:00,P0228,Sempio Gochujang (500g),Seasoned/Sauce/Powder,9,145.0,0.0,1305.0
T2025001934,2025-11-08,09:35:00,P0216,CJ Beksul Chicken Frying Mix 1Kg,Seasoned/Sauce/Powder,2,257.0,0.1,462.6
T2025001935,2025-11-08,10:29:00,P0104,Pepero Original,Food Frozen,4,55.0,0.0,220.0
T2025001935,2025-11-08,10:29:00,P0087,Bibigo Crispy Seaweed Roll,Food Frozen,5,260.0,0.0,1300.0
T2025001935,2025-11-08,10:29:00,P0084,Assi Vegetable Dumplings 675g,Food Frozen,7,285.0,0.0,1995.0
T2025001935,2025-11-08,10:29:00,P0086,CJ Bibigo Gyoza Dumplings,Food Frozen,8,270.0,0.0,2160.0
T2025001935,2025-11-08,10:29:00,P0092,Daerim  Crab Stick 500g,Food Frozen,9,210.0,0.0,1890.0
T2025001936,2025-11-08,17:40:00,P0054,Chadolbagi Wagyu 500g,Food Fresh/Meat/Sidedish,4,475.0,0.0,1900.0
T2025001936,2025-11-08,17:40:00,P0050,Boneless Rib Eye 250g,Food Fresh/Meat/Sidedish,4,750.0,0.05,2850.0
T2025001936,2025-11-08,17:40:00,P0057,Jongga Pogi Kimchi 500g,Food Fresh/Meat/Sidedish,1,315.0,0.0,315.0
T2025001937,2025-11-08,17:55:00,P0007,Samyang Spicy Mayo,Condiments,1,130.0,0.0,130.0
T2025001937,2025-11-08,17:55:00,P0005,Ottogi Gold Mayonnaise 300g,Condiments,5,150.0,0.0,750.0
T2025001937,2025-11-08,17:55:00,P0004,O'Food Korean Chili Oil,Condiments,8,160.0,0.0,1280.0
T2025001937,2025-11-08,17:55:00,P0003,Sempio Sesame Oil,Condiments,9,185.0,0.0,1665.0
T2025001937,2025-11-08,17:55:00,P0008,Ottogi Corn Syrup,Condiments,10,98.0,0.0,980.0
T2025001938,2025-11-08,21:55:00,P0161,Paldo Wang Cup,Noodles,3,90.0,0.0,270.0
T2025001939,2025-11-08,08:02:00,P0217,Ottogi Roasted Sesame Seeds 200g,Seasoned/Sauce/Powder,3,255.0,0.0,765.0
T2025001939,2025-11-08,08:02:00,P0233,O'Food Korean Fried Chicken Sauce,Seasoned/Sauce/Powder,8,135.0,0.0,1080.0
T2025001939,2025-11-08,08:02:00,P0224,Seasoned Seaweed 200g,Seasoned/Sauce/Powder,1,190.0,0.0,190.0
T2025001939,2025-11-08,08:02:00,P0218,CJ Beksul Beef Bulgogi Sauce 500g,Seasoned/Sauce/Powder,2,250.0,0.0,500.0
T2025001940,2025-11-08,20:26:00,P0151,Samyang Buldak 4 Cheese Ramen 110g,Noodles,5,110.0,0.0,550.0
T2025001940,2025-11-08,20:26:00,P0203,Jin Ramen Spicy Cup,Noodles,1,50.0,0.0,50.0
T2025001940,2025-11-08,20:26:00,P0162,Ottogi Jin Jjampong,Noodles,3,90.0,0.0,270.0
T2025001940,2025-11-08,20:26:00,P0181,Paldo Bibim Cold Noodles,Noodles,3,65.0,0.0,195.0
T2025001940,2025-11-08,20:26:00,P0193,Paldo Gomtang Ramen,Noodles,10,56.0,0.0,560.0
T2025001941,2025-11-08,15:00:00,P0259,Nongshim Sengseng U-Dong,Snacks,7,125.0,0.2,700.0
T2025001941,2025-11-08,15:00:00,P0293,Lotte Sand Biscuit,Snacks,3,75.0,0.0,225.0
T2025001942,2025-11-08,11:39:00,P0071,Kongsarang Firm Tofu,Food Fresh/Meat/Sidedish,2,65.0,0.0,130.0
T2025001943,2025-11-08,17:12:00,P0004,O'Food Korean Chili Oil,Condiments,7,160.0,0.0,1120.0
T2025001943,2025-11-08,17:12:00,P0002,Ottogi Gold Mayonnaise 500g,Condiments,4,235.0,0.0,940.0
T2025001943,2025-11-08,17:12:00,P0009,CJ Beksul Corn Syrup,Condiments,9,95.0,0.0,855.0
T2025001943,2025-11-08,17:12:00,P0001,Ottogi Sesame Oil 500mL,Condiments,7,590.5,0.0,4133.5
T2025001944,2025-11-08,20:42:00,P0003,Sempio Sesame Oil,Condiments,1,185.0,0.0,185.0
T2025001944,2025-11-08,20:42:00,P0006,Chung Jung One Soy Sauce,Condiments,10,140.0,0.0,1400.0
T2025001944,2025-11-08,20:42:00,P0007,Samyang Spicy Mayo,Condiments,7,130.0,0.0,910.0
T2025001945,2025-11-08,14:41:00,P0117,Maxim Kanu Dark Roast 10 Sticks,Liquor/Beverage,3,260.0,0.0,780.0
T2025001945,2025-11-08,14:41:00,P0124,Terra Lager Beer 500mL,Liquor/Beverage,3,170.0,0.0,510.0
T2025001945,2025-11-08,14:41:00,P0122,Chamisul Original Soju,Liquor/Beverage,8,175.0,0.0,1400.0
T2025001945,2025-11-08,14:41:00,P0125,Jinro Fresh Soju,Liquor/Beverage,1,170.0,0.2,136.0
T2025001945,2025-11-08,14:41:00,P0149,Binggrae Mango Milk,Liquor/Beverage,3,45.0,0.0,135.0
T2025001945,2025-11-08,14:41:00,P0108,Ottogi Honey Citron Tea 1Kg,Liquor/Beverage,2,530.0,0.1,954.0
T2025001946,2025-11-08,15:49:00,P0243,CJ  Ssamjang 170g,Seasoned/Sauce/Powder,4,88.0,0.0,352.0
T2025001946,2025-11-08,15:49:00,P0224,Seasoned Seaweed 200g,Seasoned/Sauce/Powder,9,190.0,0.0,1710.0
T2025001947,2025-11-08,08:04:00,P0091,CJ Bibigo Japchae,Food Frozen,1,220.0,0.0,220.0
T2025001947,2025-11-08,08:04:00,P0085,Bibigo Bulgogi Mandu,Food Frozen,7,280.0,0.0,1960.0
T2025001947,2025-11-08,08:04:00,P0090,Nongmin Rice Cake 1Kg,Food Frozen,8,220.0,0.15,1496.0
T2025001947,2025-11-08,08:04:00,P0074,Bibigo Fried Dumplings 450g,Food Frozen,9,740.0,0.0,6660.0
T2025001948,2025-11-08,15:33:00,P0001,Ottogi Sesame Oil 500mL,Condiments,1,590.5,0.0,590.5
T2025001949,2025-11-08,18:46:00,P0014,Bibigo Beef Seaweed Soup,Dry Food,4,264.0,0.0,1056.0
T2025001949,2025-11-08,18:46:00,P0047,Dongwon Spicy Tuna,Dry Food,8,80.0,0.25,480.0
T2025001949,2025-11-08,18:46:00,P0020,CJ Beksul Hotteok Mix,Dry Food,9,185.0,0.0,1665.0
T2025001949,2025-11-08,18:46:00,P0037,Ottogi Cup Spaghetti,Dry Food,3,110.0,0.0,330.0
T2025001950,2025-11-08,14:50:00,P0114,Banana Milk 200mL 6Pcs,Liquor/Beverage,10,290.0,0.0,2900.0
T2025001950,2025-11-08,14:50:00,P0105,White Gold Coffee 100Sticks,Liquor/Beverage,6,1150.0,0.0,6900.0
T2025001950,2025-11-08,14:50:00,P0126,Woongjin Yogurt Pineapple 1.5L,Liquor/Beverage,7,135.0,0.2,756.0
T2025001951,2025-11-08,09:29:00,P0098,Daerim  Crabstick 216g,Food Frozen,4,98.0,0.0,392.0
T2025001951,2025-11-08,09:29:00,P0096,Daerim  Vienna Sausage 170g,Food Frozen,3,145.0,0.0,435.0
T2025001951,2025-11-08,09:29:00,P0097,Daerim  Cheese Vienna Sausage 105g,Food Frozen,4,120.0,0.0,480.0
T2025001951,2025-11-08,09:29:00,P0078,Spanish Mackerel 340g,Food Frozen,2,500.0,0.0,1000.0
T2025001952,2025-11-08,20:51:00,P0243,CJ  Ssamjang 170g,Seasoned/Sauce/Powder,6,88.0,0.0,528.0
T2025001952,2025-11-08,20:51:00,P0229,O'Food Korean BBQ Sauce,Seasoned/Sauce/Powder,2,145.0,0.0,290.0
T2025001952,2025-11-08,20:51:00,P0215,Ottogi Wasabi Powder 300g,Seasoned/Sauce/Powder,5,290.0,0.0,1450.0
T2025001952,2025-11-08,20:51:00,P0219,CJ Beksul Spicy Pork Sauce 500g,Seasoned/Sauce/Powder,4,240.0,0.0,960.0
T2025001952,2025-11-08,20:51:00,P0236,CJ  Soybean Paste 500g,Seasoned/Sauce/Powder,2,123.0,0.0,246.0
T2025001953,2025-11-08,17:31:00,P0066,Imported Kimchi Big Tub 850g,Food Fresh/Meat/Sidedish,1,150.0,0.25,112.5
T2025001954,2025-11-08,09:07:00,P0137,Hite Beer Can,Liquor/Beverage,10,80.0,0.0,800.0
T2025001955,2025-11-08,10:23:00,P0141,Woongjin Yogurt Apple 340mL,Liquor/Beverage,9,60.0,0.0,540.0
T2025001955,2025-11-08,10:23:00,P0121,Lotte Chum Churum Soju,Liquor/Beverage,1,175.0,0.0,175.0
T2025001955,2025-11-08,10:23:00,P0123,Cass Cold Brewed Beer 500mL,Liquor/Beverage,8,170.0,0.0,1360.0
T2025001955,2025-11-08,10:23:00,P0147,Binggrae Coffee Milk,Liquor/Beverage,6,48.0,0.2,230.4
T2025001955,2025-11-08,10:23:00,P0105,White Gold Coffee 100Sticks,Liquor/Beverage,6,1150.0,0.0,6900.0
T2025001956,2025-11-08,19:31:00,P0064,Kimbab Radish 400g,Food Fresh/Meat/Sidedish,9,185.0,0.0,1665.0
T2025001956,2025-11-08,19:31:00,P0049,Our Home Kimchi 1Kg,Food Fresh/Meat/Sidedish,8,320.5,0.0,2564.0
T2025001956,2025-11-08,19:31:00,P0058,Homemade Kimchi 850g,Food Fresh/Meat/Sidedish,8,290.0,0.0,2320.0
T2025001956,2025-11-08,19:31:00,P0054,Chadolbagi Wagyu 500g,Food Fresh/Meat/Sidedish,9,475.0,0.0,4275.0
T2025001956,2025-11-08,19:31:00,P0073,Perilla Leaves 2Packs,Food Fresh/Meat/Sidedish,2,40.0,0.0,80.0
T2025001956,2025-11-08,19:31:00,P0050,Boneless Rib Eye 250g,Food Fresh/Meat/Sidedish,3,750.0,0.0,2250.0
T2025001957,2025-11-08,19:32:00,P0129,Sunhari Grape 360mL,Liquor/Beverage,4,120.0,0.05,456.0
T2025001957,2025-11-08,19:32:00,P0131,Sunhari Yogurt 360mL,Liquor/Beverage,6,120.0,0.0,720.0
T2025001957,2025-11-08,19:32:00,P0126,Woongjin Yogurt Pineapple 1.5L,Liquor/Beverage,7,135.0,0.0,945.0
T2025001957,2025-11-08,19:32:00,P0121,Lotte Chum Churum Soju,Liquor/Beverage,6,175.0,0.0,1050.0
T2025001957,2025-11-08,19:32:00,P0137,Hite Beer Can,Liquor/Beverage,9,80.0,0.0,720.0
T2025001958,2025-11-08,09:49:00,P0040,Ottogi Sweet Corn 340g,Dry Food,10,95.0,0.0,950.0
T2025001958,2025-11-08,09:49:00,P0029,CJ Beksul Pancake Flour,Dry Food,2,125.0,0.0,250.0
T2025001958,2025-11-08,09:49:00,P0022,Ottogi Tteokbokki Cup,Dry Food,5,160.0,0.0,800.0
T2025001958,2025-11-08,09:49:00,P0010,Daerim  Big Smoke Ham 1Kg,Dry Food,8,480.0,0.0,3840.0
T2025001958,2025-11-08,09:49:00,P0047,Dongwon Spicy Tuna,Dry Food,7,80.0,0.0,560.0
T2025001959,2025-11-08,20:46:00,P0114,Banana Milk 200mL 6Pcs,Liquor/Beverage,8,290.0,0.05,2204.0
T2025001959,2025-11-08,20:46:00,P0119,Sempio Yuzu Tea,Liquor/Beverage,9,250.0,0.0,2250.0
T2025001959,2025-11-08,20:46:00,P0126,Woongjin Yogurt Pineapple 1.5L,Liquor/Beverage,6,135.0,0.0,810.0
T2025001959,2025-11-08,20:46:00,P0147,Binggrae Coffee Milk,Liquor/Beverage,1,48.0,0.0,48.0
T2025001959,2025-11-08,20:46:00,P0117,Maxim Kanu Dark Roast 10 Sticks,Liquor/Beverage,2,260.0,0.0,520.0
T2025001959,2025-11-08,20:46:00,P0118,Brown Rice Green Tea 50Pcs,Liquor/Beverage,9,257.0,0.0,2313.0
T2025001960,2025-11-08,17:24:00,P0034,CJ  Cooked Rice,Dry Food,8,116.0,0.0,928.0
T2025001961,2025-11-08,12:57:00,P0060,Homemade Spring Onion Kimchi 350g,Food Fresh/Meat/Sidedish,7,250.0,0.1,1575.0
T2025001961,2025-11-08,12:57:00,P0070,Skinless Garlic 150G,Food Fresh/Meat/Sidedish,6,65.0,0.0,390.0
T2025001961,2025-11-08,12:57:00,P0051,Us Premium Rib Eye 500g,Food Fresh/Meat/Sidedish,2,725.0,0.0,1450.0
T2025001961,2025-11-08,12:57:00,P0068,Enoki Mushroom 150G 2Packs,Food Fresh/Meat/Sidedish,7,120.0,0.0,840.0
T2025001961,2025-11-08,12:57:00,P0052,Shine Beef Bulgogi Pack,Food Fresh/Meat/Sidedish,6,550.0,0.0,3300.0
T2025001962,2025-11-08,21:46:00,P0226,CJ Beksul Sweet Korean Pancake Mix 400g,Seasoned/Sauce/Powder,2,155.0,0.0,310.0
T2025001962,2025-11-08,21:46:00,P0218,CJ Beksul Beef Bulgogi Sauce 500g,Seasoned/Sauce/Powder,5,250.0,0.0,1250.0
T2025001963,2025-11-08,15:21:00,P0066,Imported Kimchi Big Tub 850g,Food Fresh/Meat/Sidedish,1,150.0,0.0,150.0
T2025001964,2025-11-08,16:45:00,P0042,CJ Hetbahn Brown Rice,Dry Food,4,95.0,0.0,380.0
T2025001965,2025-11-08,10:02:00,P0218,CJ Beksul Beef Bulgogi Sauce 500g,Seasoned/Sauce/Powder,2,250.0,0.0,500.0
T2025001966,2025-11-08,09:10:00,P0007,Samyang Spicy Mayo,Condiments,9,130.0,0.0,1170.0
T2025001966,2025-11-08,09:10:00,P0005,Ottogi Gold Mayonnaise 300g,Condiments,9,150.0,0.0,1350.0
T2025001967,2025-11-08,13:22:00,P0002,Ottogi Gold Mayonnaise 500g,Condiments,1,235.0,0.0,235.0
T2025001967,2025-11-08,13:22:00,P0006,Chung Jung One Soy Sauce,Condiments,1,140.0,0.0,140.0
T2025001967,2025-11-08,13:22:00,P0005,Ottogi Gold Mayonnaise 300g,Condiments,9,150.0,0.0,1350.0
T2025001967,2025-11-08,13:22:00,P0009,CJ Beksul Corn Syrup,Condiments,9,95.0,0.0,855.0
T2025001967,2025-11-08,13:22:00,P0007,Samyang Spicy Mayo,Condiments,1,130.0,0.0,130.0
T2025001967,2025-11-08,13:22:00,P0001,Ottogi Sesame Oil 500mL,Condiments,4,590.5,0.0,2362.0
T2025001968,2025-11-08,10:50:00,P0027,Yopokki Cheese 240g,Dry Food,9,145.0,0.0,1305.0
T2025001968,2025-11-08,10:50:00,P0024,O'Food Kimchi Soup Mix,Dry Food,9,150.0,0.0,1350.0
T2025001968,2025-11-08,10:50:00,P0037,Ottogi Cup Spaghetti,Dry Food,1,110.0,0.0,110.0
T2025001968,2025-11-08,10:50:00,P0016,Dongwon  Vegetable Tuna Can 150g 2Pcs,Dry Food,3,235.0,0.25,528.75
T2025001968,2025-11-08,10:50:00,P0048,Dongwon Light Tuna,Dry Food,4,75.0,0.15,255.0
T2025001968,2025-11-08,10:50:00,P0028,CJ Bibigo Seaweed Soup,Dry Food,2,140.0,0.0,280.0
T2025001969,2025-11-08,08:43:00,P0098,Daerim  Crabstick 216g,Food Frozen,1,98.0,0.0,98.0
T2025001969,2025-11-08,08:43:00,P0099,Daerim  Chaw Spicy Stick 90g,Food Frozen,8,80.0,0.0,640.0
T2025001969,2025-11-08,08:43:00,P0077,Daerim  Vienna Sausage 1Kg,Food Frozen,1,580.0,0.0,580.0
T2025001969,2025-11-08,08:43:00,P0104,Pepero Original,Food Frozen,9,55.0,0.0,495.0
T2025001970,2025-11-08,15:27:00,P0076,CJ  Crispy Hotdog,Food Frozen,3,640.0,0.0,1920.0
T2025001970,2025-11-08,15:27:00,P0083,Moguchon Smoked Bacon 200g,Food Frozen,8,320.0,0.0,2560.0
T2025001970,2025-11-08,15:27:00,P0079,Daerim  Kimbab Ham 1Kg,Food Frozen,3,480.0,0.0,1440.0
T2025001970,2025-11-08,15:27:00,P0074,Bibigo Fried Dumplings 450g,Food Frozen,7,740.0,0.0,5180.0
T2025001971,2025-11-08,17:21:00,P0050,Boneless Rib Eye 250g,Food Fresh/Meat/Sidedish,8,750.0,0.0,6000.0
T2025001971,2025-11-08,17:21:00,P0051,Us Premium Rib Eye 500g,Food Fresh/Meat/Sidedish,9,725.0,0.0,6525.0
T2025001971,2025-11-08,17:21:00,P0073,Perilla Leaves 2Packs,Food Fresh/Meat/Sidedish,1,40.0,0.0,40.0
T2025001971,2025-11-08,17:21:00,P0072,Kongsarang Soft Tofu,Food Fresh/Meat/Sidedish,9,65.0,0.0,585.0
T2025001971,2025-11-08,17:21:00,P0070,Skinless Garlic 150G,Food Fresh/Meat/Sidedish,2,65.0,0.0,130.0
T2025001972,2025-11-08,16:17:00,P0098,Daerim  Crabstick 216g,Food Frozen,4,98.0,0.15,333.2
T2025001973,2025-11-08,17:50:00,P0042,CJ Hetbahn Brown Rice,Dry Food,9,95.0,0.0,855.0
T2025001973,2025-11-08,17:50:00,P0023,Dongwon  Luncheon Meat 340g,Dry Food,1,155.0,0.0,155.0
T2025001973,2025-11-08,17:50:00,P0017,Bibigo Seaweed Flakes 50g,Dry Food,8,210.0,0.0,1680.0
T2025001973,2025-11-08,17:50:00,P0029,CJ Beksul Pancake Flour,Dry Food,7,125.0,0.15,743.75
T2025001973,2025-11-08,17:50:00,P0012,Ottogi Glass Noodle 1Kg,Dry Food,2,300.0,0.0,600.0
T2025001974,2025-11-08,09:14:00,P0038,(Kaya) Korean Rice 1Kg,Dry Food,3,100.0,0.0,300.0
T2025001974,2025-11-08,09:14:00,P0028,CJ Bibigo Seaweed Soup,Dry Food,4,140.0,0.0,560.0
T2025001974,2025-11-08,09:14:00,P0023,Dongwon  Luncheon Meat 340g,Dry Food,1,155.0,0.05,147.25
T2025001974,2025-11-08,09:14:00,P0020,CJ Beksul Hotteok Mix,Dry Food,10,185.0,0.0,1850.0
T2025001974,2025-11-08,09:14:00,P0026,Yopokki Sweet & Spicy 280g,Dry Food,1,145.0,0.0,145.0
T2025001974,2025-11-08,09:14:00,P0013,Dongwon  Whelk In Can 140g,Dry Food,5,280.0,0.2,1120.0
T2025001975,2025-11-08,21:00:00,P0095,Samlip Fish Cake Sheets,Food Frozen,8,150.0,0.0,1200.0
T2025001975,2025-11-08,21:00:00,P0104,Pepero Original,Food Frozen,10,55.0,0.0,550.0
T2025001975,2025-11-08,21:00:00,P0077,Daerim  Vienna Sausage 1Kg,Food Frozen,7,580.0,0.0,4060.0
T2025001975,2025-11-08,21:00:00,P0078,Spanish Mackerel 340g,Food Frozen,4,500.0,0.2,1600.0
T2025001975,2025-11-08,21:00:00,P0084,Assi Vegetable Dumplings 675g,Food Frozen,8,285.0,0.0,2280.0
T2025001975,2025-11-08,21:00:00,P0086,CJ Bibigo Gyoza Dumplings,Food Frozen,4,270.0,0.0,1080.0
T2025001976,2025-11-08,18:45:00,P0001,Ottogi Sesame Oil 500mL,Condiments,3,590.5,0.25,1328.62
T2025001976,2025-11-08,18:45:00,P0002,Ottogi Gold Mayonnaise 500g,Condiments,3,235.0,0.0,705.0
T2025001976,2025-11-08,18:45:00,P0006,Chung Jung One Soy Sauce,Condiments,10,140.0,0.0,1400.0
T2025001976,2025-11-08,18:45:00,P0009,CJ Beksul Corn Syrup,Condiments,9,95.0,0.0,855.0
T2025001977,2025-11-08,18:37:00,P0049,Our Home Kimchi 1Kg,Food Fresh/Meat/Sidedish,10,320.5,0.0,3205.0
T2025001977,2025-11-08,18:37:00,P0067,Wasabi Radish Wrapper 340g,Food Fresh/Meat/Sidedish,7,145.0,0.0,1015.0
T2025001977,2025-11-08,18:37:00,P0071,Kongsarang Firm Tofu,Food Fresh/Meat/Sidedish,9,65.0,0.0,585.0
T2025001978,2025-11-08,21:50:00,P0100,Binggrae Ice Cream Sandwich,Food Frozen,5,80.0,0.0,400.0
T2025001978,2025-11-08,21:50:00,P0078,Spanish Mackerel 340g,Food Frozen,8,500.0,0.0,4000.0
T2025001978,2025-11-08,21:50:00,P0088,Dongwon  Real Crabs 144g ,Food Frozen,1,259.0,0.0,259.0
T2025001978,2025-11-08,21:50:00,P0092,Daerim  Crab Stick 500g,Food Frozen,1,210.0,0.15,178.5
T2025001978,2025-11-08,21:50:00,P0093,Bibigo Kimchi Fried Rice,Food Frozen,7,190.0,0.0,1330.0
T2025001979,2025-11-08,17:16:00,P0166,Samyang Buldak Original,Noodles,7,88.0,0.0,616.0
T2025001980,2025-11-08,19:09:00,P0245,Honey Butter Almond 190g,Snacks,9,420.0,0.15,3213.0
T2025001980,2025-11-08,19:09:00,P0267,Lotte Pepero White Cookie,Snacks,8,110.0,0.0,880.0
T2025001980,2025-11-08,19:09:00,P0257,Lotte Almond Chocolate,Snacks,3,130.0,0.0,390.0
T2025001980,2025-11-08,19:09:00,P0248,Choco Pie Black Sugar 12Pcs,Snacks,1,200.0,0.0,200.0
T2025001981,2025-11-08,14:48:00,P0004,O'Food Korean Chili Oil,Condiments,9,160.0,0.0,1440.0
T2025001982,2025-11-08,14:52:00,P0143,Nongshim Welchs Grape 355mL,Liquor/Beverage,1,60.0,0.0,60.0
T2025001982,2025-11-08,14:52:00,P0133,Sunhari Blueberry 360mL,Liquor/Beverage,1,120.0,0.0,120.0
T2025001983,2025-11-08,08:18:00,P0181,Paldo Bibim Cold Noodles,Noodles,5,65.0,0.0,325.0
T2025001983,2025-11-08,08:18:00,P0192,Nongshim Soon Veggie Ramen,Noodles,2,58.0,0.25,87.0
T2025001983,2025-11-08,08:18:00,P0191,Paldo Teumsae Ramen,Noodles,9,60.0,0.0,540.0
T2025001983,2025-11-08,08:18:00,P0178,Samyang Mala Buldak,Noodles,4,70.0,0.0,280.0
T2025001983,2025-11-08,08:18:00,P0204,Ottogi Cup Ramen Kimchi,Noodles,6,50.0,0.0,300.0
T2025001983,2025-11-08,08:18:00,P0162,Ottogi Jin Jjampong,Noodles,10,90.0,0.2,720.0
T2025001984,2025-11-08,14:51:00,P0103,Daerim  Chaw Stick 100g,Food Frozen,8,73.0,0.0,584.0
T2025001984,2025-11-08,14:51:00,P0099,Daerim  Chaw Spicy Stick 90g,Food Frozen,7,80.0,0.25,420.0
T2025001985,2025-11-08,17:03:00,P0207,Ottogi Yeul Ramen 120g,Noodles,9,40.0,0.0,360.0
T2025001985,2025-11-08,17:03:00,P0181,Paldo Bibim Cold Noodles,Noodles,9,65.0,0.0,585.0
T2025001985,2025-11-08,17:03:00,P0209,Ottogi Kimchi Ramen,Noodles,10,40.0,0.0,400.0
T2025001985,2025-11-08,17:03:00,P0196,Paldo Cheese Ramen,Noodles,4,55.0,0.0,220.0
T2025001985,2025-11-08,17:03:00,P0153,Samyang Buldak Cheese Cup,Noodles,10,110.0,0.0,1100.0
T2025001986,2025-11-08,20:07:00,P0222,CJ  Soybean Paste 1Kg,Seasoned/Sauce/Powder,4,208.0,0.0,832.0
T2025001986,2025-11-08,20:07:00,P0213,Sempio Yondu 500mL,Seasoned/Sauce/Powder,7,345.0,0.0,2415.0
T2025001986,2025-11-08,20:07:00,P0214,Jin Soy Sauce Rich & Savory 860mL,Seasoned/Sauce/Powder,3,315.0,0.0,945.0
T2025001986,2025-11-08,20:07:00,P0229,O'Food Korean BBQ Sauce,Seasoned/Sauce/Powder,5,145.0,0.0,725.0
T2025001986,2025-11-08,20:07:00,P0218,CJ Beksul Beef Bulgogi Sauce 500g,Seasoned/Sauce/Powder,2,250.0,0.0,500.0
T2025001986,2025-11-08,20:07:00,P0227,CJ Beksul Beef Bulgogi Sauce 290g,Seasoned/Sauce/Powder,10,150.0,0.0,1500.0
T2025001987,2025-11-08,08:28:00,P0009,CJ Beksul Corn Syrup,Condiments,6,95.0,0.0,570.0
T2025001987,2025-11-08,08:28:00,P0008,Ottogi Corn Syrup,Condiments,5,98.0,0.0,490.0
T2025001988,2025-11-08,19:26:00,P0225,Chung Jung One Soybean Paste,Seasoned/Sauce/Powder,3,160.0,0.0,480.0
T2025001988,2025-11-08,19:26:00,P0216,CJ Beksul Chicken Frying Mix 1Kg,Seasoned/Sauce/Powder,7,257.0,0.0,1799.0
T2025001988,2025-11-08,19:26:00,P0243,CJ  Ssamjang 170g,Seasoned/Sauce/Powder,7,88.0,0.0,616.0
T2025001989,2025-11-08,18:36:00,P0012,Ottogi Glass Noodle 1Kg,Dry Food,7,300.0,0.0,2100.0
T2025001989,2025-11-08,18:36:00,P0011,CJ  Cooked Rice Plain 210g,Dry Food,5,365.0,0.0,1825.0
T2025001989,2025-11-08,18:36:00,P0041,CJ Hetbahn Multi-Grain Rice,Dry Food,8,95.0,0.0,760.0
T2025001990,2025-11-08,15:20:00,P0005,Ottogi Gold Mayonnaise 300g,Condiments,2,150.0,0.0,300.0
T2025001991,2025-11-08,18:49:00,P0081,Assi Shrimp Wanton 600g,Food Frozen,2,400.0,0.0,800.0
T2025001991,2025-11-08,18:49:00,P0088,Dongwon  Real Crabs 144g ,Food Frozen,2,259.0,0.0,518.0
T2025001992,2025-11-08,16:02:00,P0085,Bibigo Bulgogi Mandu,Food Frozen,9,280.0,0.0,2520.0
T2025001992,2025-11-08,16:02:00,P0091,CJ Bibigo Japchae,Food Frozen,1,220.0,0.0,220.0
T2025001992,2025-11-08,16:02:00,P0093,Bibigo Kimchi Fried Rice,Food Frozen,9,190.0,0.0,1710.0
T2025001992,2025-11-08,16:02:00,P0097,Daerim  Cheese Vienna Sausage 105g,Food Frozen,10,120.0,0.0,1200.0
T2025001993,2025-11-08,19:17:00,P0261,Lotte Choco Heim,Snacks,4,120.0,0.1,432.0
T2025001993,2025-11-08,19:17:00,P0256,Orion Custard Cake,Snacks,9,130.0,0.0,1170.0
T2025001993,2025-11-08,19:17:00,P0257,Lotte Almond Chocolate,Snacks,4,130.0,0.25,390.0
T2025001993,2025-11-08,19:17:00,P0263,Samlip Honey Castella,Snacks,9,120.0,0.0,1080.0
T2025001994,2025-11-08,11:47:00,P0068,Enoki Mushroom 150G 2Packs,Food Fresh/Meat/Sidedish,4,120.0,0.0,480.0
T2025001994,2025-11-08,11:47:00,P0050,Boneless Rib Eye 250g,Food Fresh/Meat/Sidedish,4,750.0,0.0,3000.0
T2025001994,2025-11-08,11:47:00,P0058,Homemade Kimchi 850g,Food Fresh/Meat/Sidedish,7,290.0,0.0,2030.0
T2025001994,2025-11-08,11:47:00,P0063,Our Home Kimchi 1Kg Jar,Food Fresh/Meat/Sidedish,1,190.0,0.0,190.0
T2025001995,2025-11-08,08:54:00,P0223,Jin Soy Sauce For Soup 860mL,Seasoned/Sauce/Powder,4,205.0,0.0,820.0
T2025001995,2025-11-08,08:54:00,P0226,CJ Beksul Sweet Korean Pancake Mix 400g,Seasoned/Sauce/Powder,7,155.0,0.0,1085.0
T2025001995,2025-11-08,08:54:00,P0220,CJ  Tteokbokki Sauce 150G 2Pcs,Seasoned/Sauce/Powder,2,235.0,0.0,470.0
T2025001996,2025-11-08,19:55:00,P0274,Haitai Matdongsan,Snacks,1,95.0,0.0,95.0
T2025001996,2025-11-08,19:55:00,P0276,Orion Sun Chips Korean BBQ,Snacks,4,90.0,0.0,360.0
T2025001996,2025-11-08,19:55:00,P0291,Crown Sando Biscuit,Snacks,3,75.0,0.0,225.0
T2025001997,2025-11-08,17:05:00,P0292,Orion Goraebab Crackers,Snacks,3,75.0,0.0,225.0
T2025001997,2025-11-08,17:05:00,P0270,Samlip Custard Cream Cake,Snacks,4,105.0,0.0,420.0
T2025001997,2025-11-08,17:05:00,P0273,Haitai  Plumcandy 130g,Snacks,3,95.0,0.0,285.0
T2025001998,2025-11-08,08:40:00,P0134,KSD Green Grape Rice Wine 750mL,Liquor/Beverage,6,105.0,0.0,630.0
T2025001999,2025-11-08,20:00:00,P0037,Ottogi Cup Spaghetti,Dry Food,6,110.0,0.0,660.0
T2025001999,2025-11-08,20:00:00,P0018,(Kaya) Korean Rice 1.5Kg,Dry Food,1,190.0,0.0,190.0
T2025001999,2025-11-08,20:00:00,P0039,Ottogi 3Mins Curry,Dry Food,6,99.0,0.0,594.0
T2025001999,2025-11-08,20:00:00,P0042,CJ Hetbahn Brown Rice,Dry Food,7,95.0,0.15,565.25
T2025002000,2025-11-08,16:31:00,P0088,Dongwon  Real Crabs 144g ,Food Frozen,10,259.0,0.0,2590.0
T2025002000,2025-11-08,16:31:00,P0091,CJ Bibigo Japchae,Food Frozen,6,220.0,0.0,1320.0
T2025002000,2025-11-08,16:31:00,P0081,Assi Shrimp Wanton 600g,Food Frozen,8,400.0,0.0,3200.0
T2025002000,2025-11-08,16:31:00,P0080,Samyang Buldak Original Spicy Mandu 700g,Food Frozen,1,410.0,0.0,410.0
T2025002000,2025-11-08,16:31:00,P0087,Bibigo Crispy Seaweed Roll,Food Frozen,8,260.0,0.0,2080.0
T2025002001,2025-11-08,11:34:00,P0015,(Dae Joo) Gochugaru 500g,Dry Food,5,255.0,0.0,1275.0
T2025002001,2025-11-08,11:34:00,P0030,Yopokki Onion Butter 120g Cup,Dry Food,10,120.0,0.0,1200.0
T2025002001,2025-11-08,11:34:00,P0034,CJ  Cooked Rice,Dry Food,10,116.0,0.0,1160.0
T2025002002,2025-11-08,19:55:00,P0217,Ottogi Roasted Sesame Seeds 200g,Seasoned/Sauce/Powder,9,255.0,0.0,2295.0
T2025002003,2025-11-08,14:27:00,P0022,Ottogi Tteokbokki Cup,Dry Food,4,160.0,0.0,640.0
T2025002003,2025-11-08,14:27:00,P0040,Ottogi Sweet Corn 340g,Dry Food,6,95.0,0.0,570.0
T2025002003,2025-11-08,14:27:00,P0048,Dongwon Light Tuna,Dry Food,4,75.0,0.0,300.0
T2025002004,2025-11-08,19:26:00,P0121,Lotte Chum Churum Soju,Liquor/Beverage,6,175.0,0.0,1050.0
T2025002004,2025-11-08,19:26:00,P0119,Sempio Yuzu Tea,Liquor/Beverage,10,250.0,0.0,2500.0
T2025002004,2025-11-08,19:26:00,P0128,Chamiseul Fresh 360mL,Liquor/Beverage,10,120.0,0.0,1200.0
T2025002004,2025-11-08,19:26:00,P0131,Sunhari Yogurt 360mL,Liquor/Beverage,4,120.0,0.0,480.0
T2025002005,2025-11-08,13:08:00,P0074,Bibigo Fried Dumplings 450g,Food Frozen,2,740.0,0.0,1480.0
T2025002005,2025-11-08,13:08:00,P0099,Daerim  Chaw Spicy Stick 90g,Food Frozen,7,80.0,0.1,504.0
T2025002005,2025-11-08,13:08:00,P0092,Daerim  Crab Stick 500g,Food Frozen,1,210.0,0.0,210.0
T2025002005,2025-11-08,13:08:00,P0082,Daerim  Crab Sticks 1Kg,Food Frozen,5,350.0,0.0,1750.0
T2025002005,2025-11-08,13:08:00,P0097,Daerim  Cheese Vienna Sausage 105g,Food Frozen,9,120.0,0.0,1080.0
T2025002006,2025-11-08,13:53:00,P0063,Our Home Kimchi 1Kg Jar,Food Fresh/Meat/Sidedish,2,190.0,0.05,361.0
T2025002006,2025-11-08,13:53:00,P0067,Wasabi Radish Wrapper 340g,Food Fresh/Meat/Sidedish,2,145.0,0.2,232.0
T2025002006,2025-11-08,13:53:00,P0050,Boneless Rib Eye 250g,Food Fresh/Meat/Sidedish,1,750.0,0.0,750.0
T2025002006,2025-11-08,13:53:00,P0051,Us Premium Rib Eye 500g,Food Fresh/Meat/Sidedish,2,725.0,0.0,1450.0
T2025002006,2025-11-08,13:53:00,P0054,Chadolbagi Wagyu 500g,Food Fresh/Meat/Sidedish,5,475.0,0.05,2256.25
T2025002006,2025-11-08,13:53:00,P0057,Jongga Pogi Kimchi 500g,Food Fresh/Meat/Sidedish,5,315.0,0.0,1575.0
T2025002007,2025-11-08,16:26:00,P0115,Strawberry Milk 200mL 6Pcs,Liquor/Beverage,2,290.0,0.05,551.0
T2025002007,2025-11-08,16:26:00,P0120,Aloe Vera Juice 1.5L,Liquor/Beverage,1,175.0,0.0,175.0
T2025002007,2025-11-08,16:26:00,P0149,Binggrae Mango Milk,Liquor/Beverage,2,45.0,0.25,67.5
T2025002007,2025-11-08,16:26:00,P0107,Ottogi Honey Ginger Tea 1Kg,Liquor/Beverage,6,530.0,0.1,2862.0
T2025002007,2025-11-08,16:26:00,P0131,Sunhari Yogurt 360mL,Liquor/Beverage,6,120.0,0.15,612.0
T2025002008,2025-11-08,14:47:00,P0113,Binggre Melon Milk 200mL 6Pcs,Liquor/Beverage,2,290.0,0.15,493.0
T2025002008,2025-11-08,14:47:00,P0143,Nongshim Welchs Grape 355mL,Liquor/Beverage,9,60.0,0.0,540.0
T2025002008,2025-11-08,14:47:00,P0145,Binggrae Melon Soda,Liquor/Beverage,5,60.0,0.15,255.0
T2025002008,2025-11-08,14:47:00,P0109,(꽃샘) Concentrated Flavored Drink 600g,Liquor/Beverage,10,370.0,0.0,3700.0
T2025002008,2025-11-08,14:47:00,P0136,Cass Fresh Beer,Liquor/Beverage,8,85.0,0.0,680.0
T2025002009,2025-11-08,09:32:00,P0100,Binggrae Ice Cream Sandwich,Food Frozen,5,80.0,0.0,400.0
T2025002010,2025-11-08,11:46:00,P0266,Bibigo Seaweed Crisps,Snacks,2,110.0,0.15,187.0
T2025002010,2025-11-08,11:46:00,P0256,Orion Custard Cake,Snacks,6,130.0,0.0,780.0
T2025002010,2025-11-08,11:46:00,P0263,Samlip Honey Castella,Snacks,7,120.0,0.0,840.0
T2025002010,2025-11-08,11:46:00,P0281,Haitai Ace Crackers,Snacks,3,85.0,0.0,255.0
T2025002011,2025-11-08,20:53:00,P0228,Sempio Gochujang (500g),Seasoned/Sauce/Powder,3,145.0,0.0,435.0
T2025002011,2025-11-08,20:53:00,P0240,Ottogi Spaghetti Sauce,Seasoned/Sauce/Powder,7,115.0,0.0,805.0
T2025002012,2025-11-08,21:12:00,P0023,Dongwon  Luncheon Meat 340g,Dry Food,9,155.0,0.0,1395.0
T2025002012,2025-11-08,21:12:00,P0038,(Kaya) Korean Rice 1Kg,Dry Food,9,100.0,0.0,900.0
T2025002012,2025-11-08,21:12:00,P0045,CJ Beksul Wheat Flour,Dry Food,10,90.0,0.0,900.0
T2025002012,2025-11-08,21:12:00,P0032,Samlip Mini Kimbap,Dry Food,8,120.0,0.0,960.0
T2025002012,2025-11-08,21:12:00,P0026,Yopokki Sweet & Spicy 280g,Dry Food,8,145.0,0.0,1160.0
T2025002013,2025-11-08,15:51:00,P0227,CJ Beksul Beef Bulgogi Sauce 290g,Seasoned/Sauce/Powder,7,150.0,0.0,1050.0
T2025002013,2025-11-08,15:51:00,P0235,O'Food Kimchi Base Sauce,Seasoned/Sauce/Powder,2,130.0,0.0,260.0
T2025002013,2025-11-08,15:51:00,P0238,Ottogi Curry Mild,Seasoned/Sauce/Powder,2,115.0,0.0,230.0
T2025002014,2025-11-08,13:32:00,P0016,Dongwon  Vegetable Tuna Can 150g 2Pcs,Dry Food,1,235.0,0.0,235.0
T2025002015,2025-11-08,12:14:00,P0099,Daerim  Chaw Spicy Stick 90g,Food Frozen,10,80.0,0.0,800.0
T2025002015,2025-11-08,12:14:00,P0095,Samlip Fish Cake Sheets,Food Frozen,8,150.0,0.0,1200.0
T2025002015,2025-11-08,12:14:00,P0079,Daerim  Kimbab Ham 1Kg,Food Frozen,9,480.0,0.0,4320.0
T2025002015,2025-11-08,12:14:00,P0080,Samyang Buldak Original Spicy Mandu 700g,Food Frozen,3,410.0,0.0,1230.0
T2025002016,2025-11-08,17:18:00,P0155,Nongshim Dungji Mul Nengmyeon (Cold Noodle),Noodles,1,95.0,0.0,95.0
T2025002017,2025-11-08,18:07:00,P0209,Ottogi Kimchi Ramen,Noodles,3,40.0,0.0,120.0
T2025002017,2025-11-08,18:07:00,P0184,Nongshim Baehongdong Bibimyeon 137g,Noodles,7,61.0,0.0,427.0
T2025002018,2025-11-08,13:48:00,P0071,Kongsarang Firm Tofu,Food Fresh/Meat/Sidedish,5,65.0,0.0,325.0
T2025002019,2025-11-08,11:08:00,P0011,CJ  Cooked Rice Plain 210g,Dry Food,7,365.0,0.05,2427.25
T2025002019,2025-11-08,11:08:00,P0026,Yopokki Sweet & Spicy 280g,Dry Food,7,145.0,0.0,1015.0
T2025002019,2025-11-08,11:08:00,P0027,Yopokki Cheese 240g,Dry Food,4,145.0,0.0,580.0
T2025002020,2025-11-08,09:06:00,P0071,Kongsarang Firm Tofu,Food Fresh/Meat/Sidedish,4,65.0,0.0,260.0
T2025002020,2025-11-08,09:06:00,P0057,Jongga Pogi Kimchi 500g,Food Fresh/Meat/Sidedish,10,315.0,0.0,3150.0
T2025002020,2025-11-08,09:06:00,P0066,Imported Kimchi Big Tub 850g,Food Fresh/Meat/Sidedish,6,150.0,0.0,900.0
T2025002020,2025-11-08,09:06:00,P0055,Beef Enoki Roll 500g,Food Fresh/Meat/Sidedish,4,410.0,0.0,1640.0
T2025002020,2025-11-08,09:06:00,P0056,Us Beef Strips 500g,Food Fresh/Meat/Sidedish,2,375.0,0.0,750.0
T2025002021,2025-11-08,20:37:00,P0089,Jongga Rice Cake 1Kg,Food Frozen,8,230.0,0.15,1564.0
T2025002021,2025-11-08,20:37:00,P0092,Daerim  Crab Stick 500g,Food Frozen,10,210.0,0.0,2100.0
T2025002021,2025-11-08,20:37:00,P0082,Daerim  Crab Sticks 1Kg,Food Frozen,8,350.0,0.0,2800.0
T2025002022,2025-11-08,17:13:00,P0210,2Mins Snack Men,Noodles,5,40.0,0.0,200.0
T2025002022,2025-11-08,17:13:00,P0205,Ottogi Yeul Ramen,Noodles,7,48.0,0.0,336.0
T2025002022,2025-11-08,17:13:00,P0209,Ottogi Kimchi Ramen,Noodles,9,40.0,0.0,360.0
T2025002022,2025-11-08,17:13:00,P0164,Samyang Buldak 4 Cheese 145g,Noodles,9,88.0,0.0,792.0
T2025002022,2025-11-08,17:13:00,P0181,Paldo Bibim Cold Noodles,Noodles,2,65.0,0.0,130.0
T2025002023,2025-11-08,21:29:00,P0231,O'Food Bulgogi Marinade,Seasoned/Sauce/Powder,5,145.0,0.0,725.0
T2025002023,2025-11-08,21:29:00,P0225,Chung Jung One Soybean Paste,Seasoned/Sauce/Powder,4,160.0,0.2,512.0
T2025002023,2025-11-08,21:29:00,P0226,CJ Beksul Sweet Korean Pancake Mix 400g,Seasoned/Sauce/Powder,2,155.0,0.0,310.0
T2025002024,2025-11-08,10:11:00,P0279,Orion O! Karto Sweet Corn,Snacks,6,88.0,0.0,528.0
T2025002024,2025-11-08,10:11:00,P0272,Haitai  Sunkist Candy 125g,Snacks,7,95.0,0.0,665.0
T2025002024,2025-11-08,10:11:00,P0293,Lotte Sand Biscuit,Snacks,3,75.0,0.0,225.0
T2025002025,2025-11-08,11:13:00,P0209,Ottogi Kimchi Ramen,Noodles,4,40.0,0.0,160.0
T2025002025,2025-11-08,11:13:00,P0159,Nongshim Neuguri Cup 111g,Noodles,3,90.0,0.0,270.0
T2025002025,2025-11-08,11:13:00,P0205,Ottogi Yeul Ramen,Noodles,10,48.0,0.0,480.0
T2025002025,2025-11-08,11:13:00,P0163,Samyang Buldak Rose 140g,Noodles,4,88.0,0.0,352.0
T2025002025,2025-11-08,11:13:00,P0190,Nongshim Tempura Udon Cup,Noodles,2,60.0,0.2,96.0
T2025002025,2025-11-08,11:13:00,P0198,Paldo Koreno Beef Noodle 100g,Noodles,2,50.0,0.0,100.0
T2025002026,2025-11-08,08:22:00,P0268,Samlip Walnut Pie,Snacks,2,110.0,0.0,220.0
T2025002027,2025-11-08,13:31:00,P0273,Haitai  Plumcandy 130g,Snacks,2,95.0,0.1,171.0
T2025002027,2025-11-08,13:31:00,P0285,Corn Choco,Snacks,8,80.0,0.0,640.0
T2025002027,2025-11-08,13:31:00,P0277,Orion Turtle Chips Sweet Corn,Snacks,8,89.0,0.0,712.0
T2025002027,2025-11-08,13:31:00,P0295,Pepero Almond,Snacks,1,55.0,0.15,46.75
T2025002027,2025-11-08,13:31:00,P0299,Lotte Xylitol Green Gum,Snacks,2,55.0,0.0,110.0
T2025002027,2025-11-08,13:31:00,P0246,Post Almond Flakes,Snacks,9,245.0,0.0,2205.0
T2025002028,2025-11-08,12:46:00,P0156,Nongshim Ramyun King Bowl,Noodles,1,95.0,0.0,95.0
T2025002028,2025-11-08,12:46:00,P0179,Ottogi Ramen Bokki Cup,Noodles,1,69.0,0.0,69.0
T2025002028,2025-11-08,12:46:00,P0155,Nongshim Dungji Mul Nengmyeon (Cold Noodle),Noodles,10,95.0,0.0,950.0
T2025002028,2025-11-08,12:46:00,P0202,Nongshim Ansung Tangmen,Noodles,3,50.0,0.0,150.0
T2025002029,2025-11-08,14:50:00,P0156,Nongshim Ramyun King Bowl,Noodles,7,95.0,0.0,665.0
T2025002029,2025-11-08,14:50:00,P0163,Samyang Buldak Rose 140g,Noodles,9,88.0,0.0,792.0
T2025002030,2025-11-08,12:31:00,P0147,Binggrae Coffee Milk,Liquor/Beverage,2,48.0,0.0,96.0
T2025002030,2025-11-08,12:31:00,P0146,Binggrae Yogurt Drink,Liquor/Beverage,5,55.0,0.0,275.0
T2025002030,2025-11-08,12:31:00,P0111,Maxim Kanu Ice Latte 10 Sticks,Liquor/Beverage,5,360.0,0.0,1800.0
T2025002031,2025-11-08,16:31:00,P0060,Homemade Spring Onion Kimchi 350g,Food Fresh/Meat/Sidedish,1,250.0,0.0,250.0
T2025002031,2025-11-08,16:31:00,P0051,Us Premium Rib Eye 500g,Food Fresh/Meat/Sidedish,10,725.0,0.0,7250.0
T2025002031,2025-11-08,16:31:00,P0069,Bibigo Beef Bone Soup,Food Fresh/Meat/Sidedish,6,110.0,0.0,660.0
T2025002031,2025-11-08,16:31:00,P0073,Perilla Leaves 2Packs,Food Fresh/Meat/Sidedish,8,40.0,0.25,240.0
T2025002031,2025-11-08,16:31:00,P0056,Us Beef Strips 500g,Food Fresh/Meat/Sidedish,9,375.0,0.0,3375.0
T2025002031,2025-11-08,16:31:00,P0071,Kongsarang Firm Tofu,Food Fresh/Meat/Sidedish,1,65.0,0.0,65.0
T2025002032,2025-11-08,13:52:00,P0230,CJ Beksul Pancake Sauce,Seasoned/Sauce/Powder,6,145.0,0.0,870.0
T2025002032,2025-11-08,13:52:00,P0224,Seasoned Seaweed 200g,Seasoned/Sauce/Powder,6,190.0,0.2,912.0
T2025002032,2025-11-08,13:52:00,P0212,Beef Dasida (Soup Stock) 1Kg,Seasoned/Sauce/Powder,3,550.0,0.0,1650.0
T2025002032,2025-11-08,13:52:00,P0222,CJ  Soybean Paste 1Kg,Seasoned/Sauce/Powder,4,208.0,0.0,832.0
T2025002032,2025-11-08,13:52:00,P0243,CJ  Ssamjang 170g,Seasoned/Sauce/Powder,8,88.0,0.0,704.0
T2025002033,2025-11-08,09:22:00,P0002,Ottogi Gold Mayonnaise 500g,Condiments,2,235.0,0.0,470.0
T2025002033,2025-11-08,09:22:00,P0007,Samyang Spicy Mayo,Condiments,8,130.0,0.0,1040.0
T2025002033,2025-11-08,09:22:00,P0009,CJ Beksul Corn Syrup,Condiments,8,95.0,0.0,760.0
T2025002033,2025-11-08,09:22:00,P0004,O'Food Korean Chili Oil,Condiments,10,160.0,0.0,1600.0
T2025002034,2025-11-08,10:58:00,P0187,Paldo Bibim Men,Noodles,6,60.0,0.0,360.0
T2025002034,2025-11-08,10:58:00,P0192,Nongshim Soon Veggie Ramen,Noodles,3,58.0,0.0,174.0
T2025002034,2025-11-08,10:58:00,P0181,Paldo Bibim Cold Noodles,Noodles,10,65.0,0.0,650.0
T2025002034,2025-11-08,10:58:00,P0162,Ottogi Jin Jjampong,Noodles,6,90.0,0.0,540.0
T2025002034,2025-11-08,10:58:00,P0180,Samyang Curry Ramen,Noodles,4,68.0,0.0,272.0
T2025002034,2025-11-08,10:58:00,P0179,Ottogi Ramen Bokki Cup,Noodles,7,69.0,0.05,458.85
T2025002035,2025-11-08,10:11:00,P0088,Dongwon  Real Crabs 144g ,Food Frozen,9,259.0,0.0,2331.0
T2025002035,2025-11-08,10:11:00,P0082,Daerim  Crab Sticks 1Kg,Food Frozen,10,350.0,0.15,2975.0
T2025002036,2025-11-08,13:10:00,P0034,CJ  Cooked Rice,Dry Food,8,116.0,0.1,835.2
T2025002037,2025-11-08,19:40:00,P0004,O'Food Korean Chili Oil,Condiments,5,160.0,0.0,800.0
T2025002037,2025-11-08,19:40:00,P0001,Ottogi Sesame Oil 500mL,Condiments,6,590.5,0.0,3543.0
T2025002038,2025-11-08,21:12:00,P0076,CJ  Crispy Hotdog,Food Frozen,7,640.0,0.0,4480.0
T2025002038,2025-11-08,21:12:00,P0081,Assi Shrimp Wanton 600g,Food Frozen,9,400.0,0.0,3600.0
T2025002039,2025-11-08,12:22:00,P0228,Sempio Gochujang (500g),Seasoned/Sauce/Powder,6,145.0,0.0,870.0
T2025002039,2025-11-08,12:22:00,P0229,O'Food Korean BBQ Sauce,Seasoned/Sauce/Powder,10,145.0,0.0,1450.0
T2025002039,2025-11-08,12:22:00,P0238,Ottogi Curry Mild,Seasoned/Sauce/Powder,1,115.0,0.1,103.5
T2025002039,2025-11-08,12:22:00,P0227,CJ Beksul Beef Bulgogi Sauce 290g,Seasoned/Sauce/Powder,10,150.0,0.0,1500.0
T2025002039,2025-11-08,12:22:00,P0233,O'Food Korean Fried Chicken Sauce,Seasoned/Sauce/Powder,8,135.0,0.0,1080.0
T2025002039,2025-11-08,12:22:00,P0214,Jin Soy Sauce Rich & Savory 860mL,Seasoned/Sauce/Powder,1,315.0,0.0,315.0
T2025002040,2025-11-08,10:26:00,P0008,Ottogi Corn Syrup,Condiments,5,98.0,0.2,392.0
T2025002040,2025-11-08,10:26:00,P0001,Ottogi Sesame Oil 500mL,Condiments,2,590.5,0.0,1181.0
T2025002040,2025-11-08,10:26:00,P0006,Chung Jung One Soy Sauce,Condiments,8,140.0,0.0,1120.0
T2025002041,2025-11-08,12:27:00,P0110,Mitte Hot Choco Original 300g,Liquor/Beverage,5,370.0,0.0,1850.0
T2025002041,2025-11-08,12:27:00,P0129,Sunhari Grape 360mL,Liquor/Beverage,3,120.0,0.0,360.0
T2025002041,2025-11-08,12:27:00,P0106,Mocha Gold Coffee 100Sticks,Liquor/Beverage,7,1100.0,0.2,6160.0
T2025002042,2025-11-08,12:42:00,P0004,O'Food Korean Chili Oil,Condiments,2,160.0,0.0,320.0
T2025002042,2025-11-08,12:42:00,P0001,Ottogi Sesame Oil 500mL,Condiments,7,590.5,0.0,4133.5
T2025002042,2025-11-08,12:42:00,P0006,Chung Jung One Soy Sauce,Condiments,8,140.0,0.0,1120.0
T2025002042,2025-11-08,12:42:00,P0002,Ottogi Gold Mayonnaise 500g,Condiments,2,235.0,0.0,470.0
T2025002043,2025-11-08,21:55:00,P0215,Ottogi Wasabi Powder 300g,Seasoned/Sauce/Powder,2,290.0,0.0,580.0
T2025002044,2025-11-08,19:27:00,P0007,Samyang Spicy Mayo,Condiments,1,130.0,0.0,130.0
T2025002044,2025-11-08,19:27:00,P0003,Sempio Sesame Oil,Condiments,2,185.0,0.15,314.5
T2025002044,2025-11-08,19:27:00,P0004,O'Food Korean Chili Oil,Condiments,3,160.0,0.0,480.0
T2025002045,2025-11-08,08:32:00,P0211,Ottogi Jin Ramen Hot,Noodles,7,40.0,0.0,280.0
T2025002045,2025-11-08,08:32:00,P0201,Sewoo Tang Small Cup,Noodles,8,50.0,0.0,400.0
T2025002046,2025-11-08,15:23:00,P0136,Cass Fresh Beer,Liquor/Beverage,7,85.0,0.0,595.0
T2025002046,2025-11-08,15:23:00,P0131,Sunhari Yogurt 360mL,Liquor/Beverage,1,120.0,0.0,120.0
T2025002046,2025-11-08,15:23:00,P0142,Nongshim Welchs White Grape 355mL,Liquor/Beverage,1,60.0,0.0,60.0
T2025002047,2025-11-08,10:23:00,P0064,Kimbab Radish 400g,Food Fresh/Meat/Sidedish,7,185.0,0.0,1295.0
T2025002047,2025-11-08,10:23:00,P0073,Perilla Leaves 2Packs,Food Fresh/Meat/Sidedish,9,40.0,0.0,360.0
T2025002047,2025-11-08,10:23:00,P0071,Kongsarang Firm Tofu,Food Fresh/Meat/Sidedish,10,65.0,0.0,650.0
T2025002047,2025-11-08,10:23:00,P0052,Shine Beef Bulgogi Pack,Food Fresh/Meat/Sidedish,5,550.0,0.0,2750.0
T2025002048,2025-11-08,09:32:00,P0289,Crown Corn Chips,Snacks,3,80.0,0.0,240.0
T2025002048,2025-11-08,09:32:00,P0299,Lotte Xylitol Green Gum,Snacks,5,55.0,0.0,275.0
T2025002049,2025-11-08,16:38:00,P0143,Nongshim Welchs Grape 355mL,Liquor/Beverage,9,60.0,0.0,540.0
T2025002049,2025-11-08,16:38:00,P0131,Sunhari Yogurt 360mL,Liquor/Beverage,8,120.0,0.0,960.0
T2025002049,2025-11-08,16:38:00,P0137,Hite Beer Can,Liquor/Beverage,4,80.0,0.15,272.0
T2025002050,2025-11-08,11:11:00,P0035,CJ  Multi-Grains Cooked Rice 210g,Dry Food,8,110.0,0.0,880.0
T2025002050,2025-11-08,11:11:00,P0029,CJ Beksul Pancake Flour,Dry Food,3,125.0,0.0,375.0
T2025002050,2025-11-08,11:11:00,P0047,Dongwon Spicy Tuna,Dry Food,1,80.0,0.0,80.0
T2025002050,2025-11-08,11:11:00,P0010,Daerim  Big Smoke Ham 1Kg,Dry Food,3,480.0,0.0,1440.0
T2025002050,2025-11-08,11:11:00,P0012,Ottogi Glass Noodle 1Kg,Dry Food,4,300.0,0.0,1200.0
T2025002050,2025-11-08,11:11:00,P0040,Ottogi Sweet Corn 340g,Dry Food,9,95.0,0.0,855.0
T2025002051,2025-11-08,14:51:00,P0097,Daerim  Cheese Vienna Sausage 105g,Food Frozen,9,120.0,0.25,810.0
T2025002052,2025-11-08,10:22:00,P0001,Ottogi Sesame Oil 500mL,Condiments,3,590.5,0.0,1771.5
T2025002053,2025-11-08,19:04:00,P0295,Pepero Almond,Snacks,8,55.0,0.05,418.0
T2025002054,2025-11-08,21:16:00,P0279,Orion O! Karto Sweet Corn,Snacks,6,88.0,0.0,528.0
T2025002054,2025-11-08,21:16:00,P0249,Lotte Chocopie 12Pcs,Snacks,2,200.0,0.0,400.0
T2025002055,2025-11-08,17:21:00,P0065,Sempio Spicy Stir-Fried Dried Squid,Food Fresh/Meat/Sidedish,7,175.0,0.0,1225.0
T2025002056,2025-11-08,09:48:00,P0135,KSD Peach Rice Wine 750mL,Liquor/Beverage,4,105.0,0.0,420.0
T2025002056,2025-11-08,09:48:00,P0115,Strawberry Milk 200mL 6Pcs,Liquor/Beverage,1,290.0,0.2,232.0
T2025002057,2025-11-08,11:23:00,P0172,Ottogi Jin Hot Big Cup,Noodles,7,75.0,0.0,525.0
T2025002058,2025-11-08,13:32:00,P0019,Haepyo Crispy Seaweed 9Pcs,Dry Food,3,188.0,0.2,451.2
T2025002058,2025-11-08,13:32:00,P0023,Dongwon  Luncheon Meat 340g,Dry Food,10,155.0,0.0,1550.0
T2025002058,2025-11-08,13:32:00,P0029,CJ Beksul Pancake Flour,Dry Food,3,125.0,0.0,375.0
T2025002058,2025-11-08,13:32:00,P0016,Dongwon  Vegetable Tuna Can 150g 2Pcs,Dry Food,7,235.0,0.0,1645.0
T2025002058,2025-11-08,13:32:00,P0047,Dongwon Spicy Tuna,Dry Food,3,80.0,0.0,240.0
T2025002059,2025-11-08,21:50:00,P0018,(Kaya) Korean Rice 1.5Kg,Dry Food,6,190.0,0.0,1140.0
T2025002059,2025-11-08,21:50:00,P0044,Ottogi Vegetable Soup 80g,Dry Food,10,90.0,0.0,900.0
T2025002059,2025-11-08,21:50:00,P0029,CJ Beksul Pancake Flour,Dry Food,8,125.0,0.0,1000.0
T2025002060,2025-11-08,14:15:00,P0179,Ottogi Ramen Bokki Cup,Noodles,3,69.0,0.0,207.0
T2025002061,2025-11-08,14:49:00,P0044,Ottogi Vegetable Soup 80g,Dry Food,9,90.0,0.0,810.0
T2025002061,2025-11-08,14:49:00,P0037,Ottogi Cup Spaghetti,Dry Food,3,110.0,0.0,330.0
T2025002061,2025-11-08,14:49:00,P0010,Daerim  Big Smoke Ham 1Kg,Dry Food,1,480.0,0.0,480.0
T2025002061,2025-11-08,14:49:00,P0029,CJ Beksul Pancake Flour,Dry Food,4,125.0,0.0,500.0
T2025002062,2025-11-08,16:55:00,P0071,Kongsarang Firm Tofu,Food Fresh/Meat/Sidedish,6,65.0,0.05,370.5
T2025002062,2025-11-08,16:55:00,P0069,Bibigo Beef Bone Soup,Food Fresh/Meat/Sidedish,3,110.0,0.0,330.0
T2025002062,2025-11-08,16:55:00,P0073,Perilla Leaves 2Packs,Food Fresh/Meat/Sidedish,9,40.0,0.0,360.0
T2025002062,2025-11-08,16:55:00,P0068,Enoki Mushroom 150G 2Packs,Food Fresh/Meat/Sidedish,4,120.0,0.0,480.0
T2025002063,2025-11-08,11:40:00,P0041,CJ Hetbahn Multi-Grain Rice,Dry Food,8,95.0,0.0,760.0
T2025002063,2025-11-08,11:40:00,P0037,Ottogi Cup Spaghetti,Dry Food,10,110.0,0.0,1100.0
T2025002064,2025-11-08,08:55:00,P0124,Terra Lager Beer 500mL,Liquor/Beverage,4,170.0,0.0,680.0
T2025002064,2025-11-08,08:55:00,P0148,Binggrae Strawberry Milk,Liquor/Beverage,4,45.0,0.0,180.0
T2025002064,2025-11-08,08:55:00,P0120,Aloe Vera Juice 1.5L,Liquor/Beverage,1,175.0,0.05,166.25
T2025002064,2025-11-08,08:55:00,P0130,Sunhari Apple 360mL,Liquor/Beverage,5,120.0,0.0,600.0
T2025002064,2025-11-08,08:55:00,P0140,Woongjin Yogurt Peach 340mL,Liquor/Beverage,1,60.0,0.25,45.0
T2025002065,2025-11-08,16:05:00,P0093,Bibigo Kimchi Fried Rice,Food Frozen,4,190.0,0.0,760.0
T2025002065,2025-11-08,16:05:00,P0081,Assi Shrimp Wanton 600g,Food Frozen,8,400.0,0.0,3200.0
T2025002066,2025-11-08,15:21:00,P0263,Samlip Honey Castella,Snacks,4,120.0,0.0,480.0
T2025002066,2025-11-08,15:21:00,P0255,Bibigo Crispy Seaweed Snack,Snacks,1,140.0,0.0,140.0
T2025002067,2025-11-08,08:27:00,P0038,(Kaya) Korean Rice 1Kg,Dry Food,8,100.0,0.0,800.0
T2025002067,2025-11-08,08:27:00,P0033,CJ Beksul Frying Mix,Dry Food,4,120.0,0.2,384.0
T2025002067,2025-11-08,08:27:00,P0047,Dongwon Spicy Tuna,Dry Food,9,80.0,0.0,720.0
T2025002067,2025-11-08,08:27:00,P0024,O'Food Kimchi Soup Mix,Dry Food,5,150.0,0.0,750.0
T2025002068,2025-11-08,14:59:00,P0006,Chung Jung One Soy Sauce,Condiments,3,140.0,0.0,420.0
T2025002068,2025-11-08,14:59:00,P0009,CJ Beksul Corn Syrup,Condiments,5,95.0,0.0,475.0
T2025002068,2025-11-08,14:59:00,P0008,Ottogi Corn Syrup,Condiments,5,98.0,0.25,367.5
T2025002068,2025-11-08,14:59:00,P0002,Ottogi Gold Mayonnaise 500g,Condiments,3,235.0,0.0,705.0
T2025002069,2025-11-08,16:06:00,P0219,CJ Beksul Spicy Pork Sauce 500g,Seasoned/Sauce/Powder,2,240.0,0.0,480.0
T2025002069,2025-11-08,16:06:00,P0241,CJ Anchovy Sauce 500g,Seasoned/Sauce/Powder,4,105.0,0.0,420.0
T2025002069,2025-11-08,16:06:00,P0214,Jin Soy Sauce Rich & Savory 860mL,Seasoned/Sauce/Powder,5,315.0,0.05,1496.25
T2025002069,2025-11-08,16:06:00,P0213,Sempio Yondu 500mL,Seasoned/Sauce/Powder,5,345.0,0.0,1725.0
T2025002069,2025-11-08,16:06:00,P0233,O'Food Korean Fried Chicken Sauce,Seasoned/Sauce/Powder,8,135.0,0.0,1080.0
T2025002070,2025-11-08,16:05:00,P0066,Imported Kimchi Big Tub 850g,Food Fresh/Meat/Sidedish,10,150.0,0.0,1500.0
T2025002070,2025-11-08,16:05:00,P0058,Homemade Kimchi 850g,Food Fresh/Meat/Sidedish,4,290.0,0.0,1160.0
T2025002070,2025-11-08,16:05:00,P0073,Perilla Leaves 2Packs,Food Fresh/Meat/Sidedish,6,40.0,0.15,204.0
T2025002070,2025-11-08,16:05:00,P0071,Kongsarang Firm Tofu,Food Fresh/Meat/Sidedish,1,65.0,0.0,65.0
T2025002070,2025-11-08,16:05:00,P0057,Jongga Pogi Kimchi 500g,Food Fresh/Meat/Sidedish,10,315.0,0.0,3150.0
T2025002071,2025-11-08,11:18:00,P0251,Oil Fried & Salted Peanuts,Snacks,1,185.0,0.0,185.0
T2025002071,2025-11-08,11:18:00,P0271,Orion Choco Chip Cookies,Snacks,7,100.0,0.0,700.0
T2025002071,2025-11-08,11:18:00,P0282,Orion Choco Boy,Snacks,8,85.0,0.15,578.0
T2025002071,2025-11-08,11:18:00,P0277,Orion Turtle Chips Sweet Corn,Snacks,10,89.0,0.0,890.0
T2025002071,2025-11-08,11:18:00,P0280,Nongshim Potato Sticks,Snacks,3,85.0,0.0,255.0
T2025002072,2025-11-08,13:30:00,P0092,Daerim  Crab Stick 500g,Food Frozen,1,210.0,0.0,210.0
T2025002073,2025-11-08,21:47:00,P0258,Orion Custard Choco Cake,Snacks,7,130.0,0.0,910.0
T2025002073,2025-11-08,21:47:00,P0299,Lotte Xylitol Green Gum,Snacks,1,55.0,0.0,55.0
T2025002073,2025-11-08,21:47:00,P0266,Bibigo Seaweed Crisps,Snacks,8,110.0,0.0,880.0
T2025002073,2025-11-08,21:47:00,P0282,Orion Choco Boy,Snacks,4,85.0,0.0,340.0
T2025002073,2025-11-08,21:47:00,P0247,Choco Pie Green Tea 12Pcs,Snacks,7,200.0,0.0,1400.0
T2025002074,2025-11-08,08:08:00,P0103,Daerim  Chaw Stick 100g,Food Frozen,10,73.0,0.0,730.0
T2025002074,2025-11-08,08:08:00,P0079,Daerim  Kimbab Ham 1Kg,Food Frozen,5,480.0,0.0,2400.0
T2025002074,2025-11-08,08:08:00,P0075,Bibigo Mul Mandu 370g 2Packs,Food Frozen,2,695.0,0.0,1390.0
T2025002074,2025-11-08,08:08:00,P0090,Nongmin Rice Cake 1Kg,Food Frozen,2,220.0,0.0,440.0
T2025002074,2025-11-08,08:08:00,P0078,Spanish Mackerel 340g,Food Frozen,6,500.0,0.0,3000.0
T2025002074,2025-11-08,08:08:00,P0082,Daerim  Crab Sticks 1Kg,Food Frozen,6,350.0,0.0,2100.0
T2025002075,2025-11-08,10:50:00,P0235,O'Food Kimchi Base Sauce,Seasoned/Sauce/Powder,3,130.0,0.1,351.0
T2025002076,2025-11-08,10:55:00,P0064,Kimbab Radish 400g,Food Fresh/Meat/Sidedish,8,185.0,0.0,1480.0
T2025002076,2025-11-08,10:55:00,P0063,Our Home Kimchi 1Kg Jar,Food Fresh/Meat/Sidedish,9,190.0,0.0,1710.0
T2025002076,2025-11-08,10:55:00,P0060,Homemade Spring Onion Kimchi 350g,Food Fresh/Meat/Sidedish,5,250.0,0.0,1250.0
T2025002076,2025-11-08,10:55:00,P0070,Skinless Garlic 150G,Food Fresh/Meat/Sidedish,9,65.0,0.0,585.0
T2025002076,2025-11-08,10:55:00,P0071,Kongsarang Firm Tofu,Food Fresh/Meat/Sidedish,4,65.0,0.0,260.0
T2025002077,2025-11-08,20:51:00,P0041,CJ Hetbahn Multi-Grain Rice,Dry Food,7,95.0,0.0,665.0
T2025002077,2025-11-08,20:51:00,P0028,CJ Bibigo Seaweed Soup,Dry Food,2,140.0,0.0,280.0
T2025002077,2025-11-08,20:51:00,P0035,CJ  Multi-Grains Cooked Rice 210g,Dry Food,2,110.0,0.0,220.0
T2025002077,2025-11-08,20:51:00,P0039,Ottogi 3Mins Curry,Dry Food,7,99.0,0.0,693.0
T2025002077,2025-11-08,20:51:00,P0027,Yopokki Cheese 240g,Dry Food,3,145.0,0.0,435.0
T2025002077,2025-11-08,20:51:00,P0043,CJ Hetbahn Cooked Barley,Dry Food,8,95.0,0.0,760.0
T2025002078,2025-11-08,11:37:00,P0229,O'Food Korean BBQ Sauce,Seasoned/Sauce/Powder,1,145.0,0.0,145.0
T2025002078,2025-11-08,11:37:00,P0237,O'Food Tteokbokki Sauce,Seasoned/Sauce/Powder,7,120.0,0.25,630.0
T2025002078,2025-11-08,11:37:00,P0239,Ottogi Curry Hot,Seasoned/Sauce/Powder,1,115.0,0.05,109.25
T2025002078,2025-11-08,11:37:00,P0231,O'Food Bulgogi Marinade,Seasoned/Sauce/Powder,3,145.0,0.0,435.0
T2025002078,2025-11-08,11:37:00,P0240,Ottogi Spaghetti Sauce,Seasoned/Sauce/Powder,1,115.0,0.0,115.0
T2025002079,2025-11-08,11:47:00,P0006,Chung Jung One Soy Sauce,Condiments,5,140.0,0.0,700.0
T2025002079,2025-11-08,11:47:00,P0004,O'Food Korean Chili Oil,Condiments,7,160.0,0.0,1120.0
T2025002080,2025-11-08,18:29:00,P0072,Kongsarang Soft Tofu,Food Fresh/Meat/Sidedish,2,65.0,0.0,130.0
T2025002081,2025-11-08,20:48:00,P0096,Daerim  Vienna Sausage 170g,Food Frozen,2,145.0,0.15,246.5
T2025002082,2025-11-08,15:15:00,P0077,Daerim  Vienna Sausage 1Kg,Food Frozen,9,580.0,0.0,5220.0
T2025002083,2025-11-08,17:48:00,P0074,Bibigo Fried Dumplings 450g,Food Frozen,8,740.0,0.1,5328.0
T2025002083,2025-11-08,17:48:00,P0091,CJ Bibigo Japchae,Food Frozen,3,220.0,0.0,660.0
T2025002083,2025-11-08,17:48:00,P0090,Nongmin Rice Cake 1Kg,Food Frozen,9,220.0,0.0,1980.0
T2025002084,2025-11-08,10:51:00,P0067,Wasabi Radish Wrapper 340g,Food Fresh/Meat/Sidedish,6,145.0,0.0,870.0
T2025002084,2025-11-08,10:51:00,P0050,Boneless Rib Eye 250g,Food Fresh/Meat/Sidedish,6,750.0,0.0,4500.0
T2025002084,2025-11-08,10:51:00,P0053,Shine Spicy Pork Bulgogi Pack,Food Fresh/Meat/Sidedish,7,500.0,0.0,3500.0
T2025002084,2025-11-08,10:51:00,P0066,Imported Kimchi Big Tub 850g,Food Fresh/Meat/Sidedish,6,150.0,0.0,900.0
T2025002084,2025-11-08,10:51:00,P0056,Us Beef Strips 500g,Food Fresh/Meat/Sidedish,5,375.0,0.0,1875.0
T2025002085,2025-11-08,14:50:00,P0134,KSD Green Grape Rice Wine 750mL,Liquor/Beverage,1,105.0,0.0,105.0
T2025002086,2025-11-08,17:55:00,P0010,Daerim  Big Smoke Ham 1Kg,Dry Food,3,480.0,0.0,1440.0
T2025002086,2025-11-08,17:55:00,P0033,CJ Beksul Frying Mix,Dry Food,7,120.0,0.0,840.0
T2025002086,2025-11-08,17:55:00,P0024,O'Food Kimchi Soup Mix,Dry Food,3,150.0,0.0,450.0
T2025002086,2025-11-08,17:55:00,P0046,CJ Beksul Potato Starch,Dry Food,5,85.0,0.0,425.0
T2025002087,2025-11-08,12:22:00,P0236,CJ  Soybean Paste 500g,Seasoned/Sauce/Powder,3,123.0,0.0,369.0
T2025002087,2025-11-08,12:22:00,P0228,Sempio Gochujang (500g),Seasoned/Sauce/Powder,5,145.0,0.2,580.0
T2025002087,2025-11-08,12:22:00,P0214,Jin Soy Sauce Rich & Savory 860mL,Seasoned/Sauce/Powder,9,315.0,0.0,2835.0
T2025002087,2025-11-08,12:22:00,P0212,Beef Dasida (Soup Stock) 1Kg,Seasoned/Sauce/Powder,5,550.0,0.0,2750.0
T2025002087,2025-11-08,12:22:00,P0224,Seasoned Seaweed 200g,Seasoned/Sauce/Powder,10,190.0,0.0,1900.0
T2025002088,2025-11-08,14:15:00,P0124,Terra Lager Beer 500mL,Liquor/Beverage,3,170.0,0.0,510.0
T2025002088,2025-11-08,14:15:00,P0128,Chamiseul Fresh 360mL,Liquor/Beverage,1,120.0,0.0,120.0
T2025002089,2025-11-08,12:46:00,P0051,Us Premium Rib Eye 500g,Food Fresh/Meat/Sidedish,1,725.0,0.0,725.0
T2025002089,2025-11-08,12:46:00,P0072,Kongsarang Soft Tofu,Food Fresh/Meat/Sidedish,6,65.0,0.0,390.0
T2025002089,2025-11-08,12:46:00,P0066,Imported Kimchi Big Tub 850g,Food Fresh/Meat/Sidedish,10,150.0,0.05,1425.0
T2025002089,2025-11-08,12:46:00,P0071,Kongsarang Firm Tofu,Food Fresh/Meat/Sidedish,2,65.0,0.0,130.0
T2025002090,2025-11-08,17:39:00,P0188,Nagasaki Jjampong,Noodles,2,60.0,0.15,102.0
T2025002090,2025-11-08,17:39:00,P0205,Ottogi Yeul Ramen,Noodles,8,48.0,0.25,288.0
T2025002091,2025-11-08,14:21:00,P0148,Binggrae Strawberry Milk,Liquor/Beverage,7,45.0,0.0,315.0
T2025002091,2025-11-08,14:21:00,P0113,Binggre Melon Milk 200mL 6Pcs,Liquor/Beverage,4,290.0,0.0,1160.0
T2025002091,2025-11-08,14:21:00,P0108,Ottogi Honey Citron Tea 1Kg,Liquor/Beverage,8,530.0,0.0,4240.0
T2025002091,2025-11-08,14:21:00,P0130,Sunhari Apple 360mL,Liquor/Beverage,4,120.0,0.0,480.0
T2025002091,2025-11-08,14:21:00,P0127,Lets Be Mild Coffee Can 4Pcs,Liquor/Beverage,7,128.0,0.0,896.0
T2025002092,2025-11-08,20:11:00,P0131,Sunhari Yogurt 360mL,Liquor/Beverage,2,120.0,0.0,240.0
T2025002092,2025-11-08,20:11:00,P0129,Sunhari Grape 360mL,Liquor/Beverage,1,120.0,0.0,120.0
T2025002092,2025-11-08,20:11:00,P0112,Teazen Diet Tea Berry 10 Sticks,Liquor/Beverage,3,290.0,0.25,652.5
T2025002093,2025-11-08,15:07:00,P0065,Sempio Spicy Stir-Fried Dried Squid,Food Fresh/Meat/Sidedish,5,175.0,0.0,875.0
T2025002093,2025-11-08,15:07:00,P0051,Us Premium Rib Eye 500g,Food Fresh/Meat/Sidedish,3,725.0,0.0,2175.0
T2025002093,2025-11-08,15:07:00,P0054,Chadolbagi Wagyu 500g,Food Fresh/Meat/Sidedish,3,475.0,0.0,1425.0
T2025002093,2025-11-08,15:07:00,P0056,Us Beef Strips 500g,Food Fresh/Meat/Sidedish,3,375.0,0.0,1125.0
T2025002094,2025-11-08,11:19:00,P0174,Ottogi Cheese Bokki Cup,Noodles,4,75.0,0.0,300.0
T2025002094,2025-11-08,11:19:00,P0171,Tempura Udon Big Cup,Noodles,7,75.0,0.05,498.75
T2025002094,2025-11-08,11:19:00,P0181,Paldo Bibim Cold Noodles,Noodles,3,65.0,0.0,195.0
T2025002095,2025-11-08,20:02:00,P0074,Bibigo Fried Dumplings 450g,Food Frozen,9,740.0,0.0,6660.0
T2025002095,2025-11-08,20:02:00,P0097,Daerim  Cheese Vienna Sausage 105g,Food Frozen,3,120.0,0.0,360.0
T2025002095,2025-11-08,20:02:00,P0084,Assi Vegetable Dumplings 675g,Food Frozen,10,285.0,0.0,2850.0
T2025002096,2025-11-08,16:55:00,P0234,CJ Beksul Spicy Pork Sauce 290g,Seasoned/Sauce/Powder,2,130.0,0.0,260.0
T2025002096,2025-11-08,16:55:00,P0212,Beef Dasida (Soup Stock) 1Kg,Seasoned/Sauce/Powder,3,550.0,0.15,1402.5
T2025002097,2025-11-08,10:37:00,P0291,Crown Sando Biscuit,Snacks,4,75.0,0.0,300.0
T2025002097,2025-11-08,10:37:00,P0292,Orion Goraebab Crackers,Snacks,9,75.0,0.0,675.0
T2025002097,2025-11-08,10:37:00,P0261,Lotte Choco Heim,Snacks,3,120.0,0.15,306.0
T2025002097,2025-11-08,10:37:00,P0288,Nongshim Honey Rice Snack,Snacks,6,80.0,0.0,480.0
T2025002097,2025-11-08,10:37:00,P0298,Pepero White Cookie,Snacks,8,55.0,0.0,440.0
T2025002097,2025-11-08,10:37:00,P0281,Haitai Ace Crackers,Snacks,4,85.0,0.0,340.0
T2025002098,2025-11-08,10:40:00,P0099,Daerim  Chaw Spicy Stick 90g,Food Frozen,7,80.0,0.0,560.0
T2025002098,2025-11-08,10:40:00,P0097,Daerim  Cheese Vienna Sausage 105g,Food Frozen,4,120.0,0.0,480.0
T2025002098,2025-11-08,10:40:00,P0095,Samlip Fish Cake Sheets,Food Frozen,10,150.0,0.0,1500.0
T2025002098,2025-11-08,10:40:00,P0101,Daerim  Fish Cake Stick,Food Frozen,3,77.0,0.0,231.0
T2025002099,2025-11-08,14:58:00,P0002,Ottogi Gold Mayonnaise 500g,Condiments,6,235.0,0.0,1410.0
T2025002100,2025-11-08,16:52:00,P0048,Dongwon Light Tuna,Dry Food,8,75.0,0.1,540.0
T2025002100,2025-11-08,16:52:00,P0014,Bibigo Beef Seaweed Soup,Dry Food,9,264.0,0.0,2376.0
T2025002100,2025-11-08,16:52:00,P0012,Ottogi Glass Noodle 1Kg,Dry Food,7,300.0,0.0,2100.0
T2025002101,2025-11-08,15:30:00,P0001,Ottogi Sesame Oil 500mL,Condiments,7,590.5,0.0,4133.5
T2025002101,2025-11-08,15:30:00,P0002,Ottogi Gold Mayonnaise 500g,Condiments,7,235.0,0.0,1645.0
T2025002101,2025-11-08,15:30:00,P0003,Sempio Sesame Oil,Condiments,6,185.0,0.15,943.5
T2025002101,2025-11-08,15:30:00,P0004,O'Food Korean Chili Oil,Condiments,5,160.0,0.0,800.0
T2025002102,2025-11-08,20:28:00,P0100,Binggrae Ice Cream Sandwich,Food Frozen,9,80.0,0.0,720.0
T2025002102,2025-11-08,20:28:00,P0085,Bibigo Bulgogi Mandu,Food Frozen,9,280.0,0.0,2520.0
T2025002102,2025-11-08,20:28:00,P0101,Daerim  Fish Cake Stick,Food Frozen,8,77.0,0.0,616.0
T2025002102,2025-11-08,20:28:00,P0099,Daerim  Chaw Spicy Stick 90g,Food Frozen,1,80.0,0.0,80.0
T2025002103,2025-11-08,10:47:00,P0233,O'Food Korean Fried Chicken Sauce,Seasoned/Sauce/Powder,3,135.0,0.0,405.0
T2025002103,2025-11-08,10:47:00,P0227,CJ Beksul Beef Bulgogi Sauce 290g,Seasoned/Sauce/Powder,4,150.0,0.0,600.0
T2025002103,2025-11-08,10:47:00,P0242,CJ  Gochujang 200g,Seasoned/Sauce/Powder,7,100.0,0.2,560.0
T2025002104,2025-11-08,21:19:00,P0213,Sempio Yondu 500mL,Seasoned/Sauce/Powder,4,345.0,0.0,1380.0
T2025002104,2025-11-08,21:19:00,P0222,CJ  Soybean Paste 1Kg,Seasoned/Sauce/Powder,5,208.0,0.05,988.0
T2025002104,2025-11-08,21:19:00,P0227,CJ Beksul Beef Bulgogi Sauce 290g,Seasoned/Sauce/Powder,1,150.0,0.25,112.5
T2025002105,2025-11-08,14:47:00,P0212,Beef Dasida (Soup Stock) 1Kg,Seasoned/Sauce/Powder,3,550.0,0.0,1650.0
T2025002106,2025-11-08,16:59:00,P0033,CJ Beksul Frying Mix,Dry Food,4,120.0,0.1,432.0
T2025002106,2025-11-08,16:59:00,P0042,CJ Hetbahn Brown Rice,Dry Food,9,95.0,0.0,855.0
T2025002106,2025-11-08,16:59:00,P0025,Sempio Yellow Peach In Can 400g,Dry Food,10,145.0,0.0,1450.0
T2025002106,2025-11-08,16:59:00,P0047,Dongwon Spicy Tuna,Dry Food,5,80.0,0.05,380.0
T2025002106,2025-11-08,16:59:00,P0041,CJ Hetbahn Multi-Grain Rice,Dry Food,4,95.0,0.0,380.0
T2025002107,2025-11-08,16:31:00,P0074,Bibigo Fried Dumplings 450g,Food Frozen,9,740.0,0.1,5994.0
T2025002107,2025-11-08,16:31:00,P0104,Pepero Original,Food Frozen,7,55.0,0.0,385.0
T2025002107,2025-11-08,16:31:00,P0083,Moguchon Smoked Bacon 200g,Food Frozen,10,320.0,0.0,3200.0
T2025002108,2025-11-08,19:08:00,P0029,CJ Beksul Pancake Flour,Dry Food,8,125.0,0.0,1000.0
T2025002108,2025-11-08,19:08:00,P0030,Yopokki Onion Butter 120g Cup,Dry Food,6,120.0,0.25,540.0
T2025002108,2025-11-08,19:08:00,P0019,Haepyo Crispy Seaweed 9Pcs,Dry Food,8,188.0,0.0,1504.0
T2025002108,2025-11-08,19:08:00,P0047,Dongwon Spicy Tuna,Dry Food,2,80.0,0.1,144.0
T2025002108,2025-11-08,19:08:00,P0023,Dongwon  Luncheon Meat 340g,Dry Food,5,155.0,0.0,775.0
T2025002108,2025-11-08,19:08:00,P0015,(Dae Joo) Gochugaru 500g,Dry Food,6,255.0,0.0,1530.0
T2025002109,2025-11-08,13:09:00,P0140,Woongjin Yogurt Peach 340mL,Liquor/Beverage,8,60.0,0.0,480.0
T2025002109,2025-11-08,13:09:00,P0110,Mitte Hot Choco Original 300g,Liquor/Beverage,2,370.0,0.0,740.0
T2025002109,2025-11-08,13:09:00,P0109,(꽃샘) Concentrated Flavored Drink 600g,Liquor/Beverage,10,370.0,0.0,3700.0
T2025002109,2025-11-08,13:09:00,P0148,Binggrae Strawberry Milk,Liquor/Beverage,8,45.0,0.0,360.0
T2025002109,2025-11-08,13:09:00,P0137,Hite Beer Can,Liquor/Beverage,6,80.0,0.0,480.0
T2025002109,2025-11-08,13:09:00,P0115,Strawberry Milk 200mL 6Pcs,Liquor/Beverage,5,290.0,0.0,1450.0
T2025002110,2025-11-08,10:45:00,P0217,Ottogi Roasted Sesame Seeds 200g,Seasoned/Sauce/Powder,1,255.0,0.05,242.25
T2025002110,2025-11-08,10:45:00,P0241,CJ Anchovy Sauce 500g,Seasoned/Sauce/Powder,1,105.0,0.0,105.0
T2025002111,2025-11-08,12:08:00,P0023,Dongwon  Luncheon Meat 340g,Dry Food,8,155.0,0.0,1240.0
T2025002111,2025-11-08,12:08:00,P0032,Samlip Mini Kimbap,Dry Food,10,120.0,0.0,1200.0
T2025002111,2025-11-08,12:08:00,P0039,Ottogi 3Mins Curry,Dry Food,5,99.0,0.0,495.0
T2025002111,2025-11-08,12:08:00,P0041,CJ Hetbahn Multi-Grain Rice,Dry Food,3,95.0,0.0,285.0
T2025002111,2025-11-08,12:08:00,P0028,CJ Bibigo Seaweed Soup,Dry Food,8,140.0,0.0,1120.0
T2025002112,2025-11-08,09:55:00,P0083,Moguchon Smoked Bacon 200g,Food Frozen,9,320.0,0.0,2880.0
T2025002112,2025-11-08,09:55:00,P0100,Binggrae Ice Cream Sandwich,Food Frozen,1,80.0,0.0,80.0
T2025002112,2025-11-08,09:55:00,P0096,Daerim  Vienna Sausage 170g,Food Frozen,6,145.0,0.0,870.0
T2025002112,2025-11-08,09:55:00,P0094,MWC Frank Sausage 5Pcs,Food Frozen,8,173.0,0.0,1384.0
T2025002112,2025-11-08,09:55:00,P0084,Assi Vegetable Dumplings 675g,Food Frozen,4,285.0,0.0,1140.0
T2025002112,2025-11-08,09:55:00,P0087,Bibigo Crispy Seaweed Roll,Food Frozen,2,260.0,0.0,520.0
T2025002113,2025-11-08,14:03:00,P0065,Sempio Spicy Stir-Fried Dried Squid,Food Fresh/Meat/Sidedish,6,175.0,0.0,1050.0
T2025002114,2025-11-08,11:26:00,P0089,Jongga Rice Cake 1Kg,Food Frozen,4,230.0,0.0,920.0
T2025002114,2025-11-08,11:26:00,P0104,Pepero Original,Food Frozen,10,55.0,0.0,550.0
T2025002114,2025-11-08,11:26:00,P0100,Binggrae Ice Cream Sandwich,Food Frozen,5,80.0,0.0,400.0
T2025002114,2025-11-08,11:26:00,P0095,Samlip Fish Cake Sheets,Food Frozen,1,150.0,0.0,150.0
T2025002114,2025-11-08,11:26:00,P0085,Bibigo Bulgogi Mandu,Food Frozen,2,280.0,0.0,560.0
T2025002114,2025-11-08,11:26:00,P0088,Dongwon  Real Crabs 144g ,Food Frozen,1,259.0,0.0,259.0
T2025002115,2025-11-08,19:13:00,P0054,Chadolbagi Wagyu 500g,Food Fresh/Meat/Sidedish,2,475.0,0.0,950.0
T2025002115,2025-11-08,19:13:00,P0064,Kimbab Radish 400g,Food Fresh/Meat/Sidedish,3,185.0,0.0,555.0
T2025002115,2025-11-08,19:13:00,P0066,Imported Kimchi Big Tub 850g,Food Fresh/Meat/Sidedish,3,150.0,0.0,450.0
T2025002115,2025-11-08,19:13:00,P0070,Skinless Garlic 150G,Food Fresh/Meat/Sidedish,1,65.0,0.25,48.75
T2025002116,2025-11-08,08:39:00,P0001,Ottogi Sesame Oil 500mL,Condiments,7,590.5,0.05,3926.82
T2025002116,2025-11-08,08:39:00,P0003,Sempio Sesame Oil,Condiments,4,185.0,0.0,740.0
T2025002116,2025-11-08,08:39:00,P0006,Chung Jung One Soy Sauce,Condiments,9,140.0,0.0,1260.0
T2025002117,2025-11-08,21:17:00,P0002,Ottogi Gold Mayonnaise 500g,Condiments,3,235.0,0.0,705.0
T2025002117,2025-11-08,21:17:00,P0003,Sempio Sesame Oil,Condiments,1,185.0,0.0,185.0
T2025002118,2025-11-08,19:12:00,P0006,Chung Jung One Soy Sauce,Condiments,3,140.0,0.0,420.0
T2025002118,2025-11-08,19:12:00,P0008,Ottogi Corn Syrup,Condiments,9,98.0,0.0,882.0
T2025002119,2025-11-08,16:12:00,P0242,CJ  Gochujang 200g,Seasoned/Sauce/Powder,2,100.0,0.0,200.0
T2025002120,2025-11-08,17:55:00,P0285,Corn Choco,Snacks,2,80.0,0.0,160.0
T2025002121,2025-11-08,19:09:00,P0059,Pork Belly (Samgyupsal) 500g,Food Fresh/Meat/Sidedish,9,275.0,0.15,2103.75
T2025002121,2025-11-08,19:09:00,P0062,Dried Anchovy Small 100g,Food Fresh/Meat/Sidedish,7,240.0,0.0,1680.0
T2025002121,2025-11-08,19:09:00,P0060,Homemade Spring Onion Kimchi 350g,Food Fresh/Meat/Sidedish,1,250.0,0.0,250.0
T2025002121,2025-11-08,19:09:00,P0069,Bibigo Beef Bone Soup,Food Fresh/Meat/Sidedish,8,110.0,0.0,880.0
T2025002121,2025-11-08,19:09:00,P0073,Perilla Leaves 2Packs,Food Fresh/Meat/Sidedish,6,40.0,0.0,240.0
T2025002121,2025-11-08,19:09:00,P0061,Dried Anchovy Medium 100g,Food Fresh/Meat/Sidedish,4,240.0,0.0,960.0
T2025002122,2025-11-08,11:16:00,P0203,Jin Ramen Spicy Cup,Noodles,2,50.0,0.0,100.0
T2025002122,2025-11-08,11:16:00,P0187,Paldo Bibim Men,Noodles,9,60.0,0.05,513.0
T2025002122,2025-11-08,11:16:00,P0156,Nongshim Ramyun King Bowl,Noodles,6,95.0,0.0,570.0
T2025002122,2025-11-08,11:16:00,P0208,Ottogi Jin Ramen Mild,Noodles,5,40.0,0.0,200.0
T2025002123,2025-11-08,12:39:00,P0009,CJ Beksul Corn Syrup,Condiments,1,95.0,0.0,95.0
T2025002123,2025-11-08,12:39:00,P0002,Ottogi Gold Mayonnaise 500g,Condiments,3,235.0,0.0,705.0
T2025002123,2025-11-08,12:39:00,P0007,Samyang Spicy Mayo,Condiments,4,130.0,0.0,520.0
T2025002123,2025-11-08,12:39:00,P0005,Ottogi Gold Mayonnaise 300g,Condiments,8,150.0,0.0,1200.0
T2025002123,2025-11-08,12:39:00,P0006,Chung Jung One Soy Sauce,Condiments,2,140.0,0.0,280.0
T2025002124,2025-11-08,15:46:00,P0050,Boneless Rib Eye 250g,Food Fresh/Meat/Sidedish,8,750.0,0.0,6000.0
T2025002125,2025-11-08,15:13:00,P0004,O'Food Korean Chili Oil,Condiments,2,160.0,0.0,320.0
T2025002126,2025-11-08,20:36:00,P0044,Ottogi Vegetable Soup 80g,Dry Food,5,90.0,0.0,450.0
T2025002126,2025-11-08,20:36:00,P0015,(Dae Joo) Gochugaru 500g,Dry Food,7,255.0,0.0,1785.0
T2025002126,2025-11-08,20:36:00,P0013,Dongwon  Whelk In Can 140g,Dry Food,8,280.0,0.0,2240.0
T2025002127,2025-11-08,10:11:00,P0226,CJ Beksul Sweet Korean Pancake Mix 400g,Seasoned/Sauce/Powder,9,155.0,0.05,1325.25
T2025002127,2025-11-08,10:11:00,P0220,CJ  Tteokbokki Sauce 150G 2Pcs,Seasoned/Sauce/Powder,7,235.0,0.0,1645.0
T2025002127,2025-11-08,10:11:00,P0230,CJ Beksul Pancake Sauce,Seasoned/Sauce/Powder,2,145.0,0.0,290.0
T2025002127,2025-11-08,10:11:00,P0224,Seasoned Seaweed 200g,Seasoned/Sauce/Powder,5,190.0,0.0,950.0
T2025002127,2025-11-08,10:11:00,P0228,Sempio Gochujang (500g),Seasoned/Sauce/Powder,2,145.0,0.0,290.0
T2025002128,2025-11-08,09:48:00,P0220,CJ  Tteokbokki Sauce 150G 2Pcs,Seasoned/Sauce/Powder,1,235.0,0.0,235.0
T2025002128,2025-11-08,09:48:00,P0242,CJ  Gochujang 200g,Seasoned/Sauce/Powder,7,100.0,0.0,700.0
T2025002128,2025-11-08,09:48:00,P0221,CJ  Gochujang 500g,Seasoned/Sauce/Powder,5,220.0,0.0,1100.0
T2025002129,2025-11-08,08:48:00,P0072,Kongsarang Soft Tofu,Food Fresh/Meat/Sidedish,2,65.0,0.0,130.0
T2025002130,2025-11-08,18:02:00,P0076,CJ  Crispy Hotdog,Food Frozen,5,640.0,0.0,3200.0
T2025002130,2025-11-08,18:02:00,P0090,Nongmin Rice Cake 1Kg,Food Frozen,7,220.0,0.15,1309.0
T2025002130,2025-11-08,18:02:00,P0091,CJ Bibigo Japchae,Food Frozen,8,220.0,0.0,1760.0
T2025002131,2025-11-08,09:29:00,P0171,Tempura Udon Big Cup,Noodles,4,75.0,0.0,300.0
T2025002131,2025-11-08,09:29:00,P0207,Ottogi Yeul Ramen 120g,Noodles,7,40.0,0.0,280.0
T2025002131,2025-11-08,09:29:00,P0169,Samyang Buldak Stew Type 145g,Noodles,6,80.0,0.0,480.0
T2025002132,2025-11-08,10:01:00,P0161,Paldo Wang Cup,Noodles,1,90.0,0.0,90.0
T2025002132,2025-11-08,10:01:00,P0195,Ottogi Jin Mild Small Cup,Noodles,2,55.0,0.0,110.0
T2025002132,2025-11-08,10:01:00,P0151,Samyang Buldak 4 Cheese Ramen 110g,Noodles,1,110.0,0.0,110.0
T2025002132,2025-11-08,10:01:00,P0156,Nongshim Ramyun King Bowl,Noodles,1,95.0,0.2,76.0
T2025002132,2025-11-08,10:01:00,P0167,Samyang Cheese Buldak,Noodles,8,88.0,0.0,704.0
T2025002132,2025-11-08,10:01:00,P0150,Samyang Buldak Rosã Ramen 105g,Noodles,4,110.0,0.15,374.0
T2025002133,2025-11-08,20:10:00,P0276,Orion Sun Chips Korean BBQ,Snacks,5,90.0,0.0,450.0
T2025002133,2025-11-08,20:10:00,P0245,Honey Butter Almond 190g,Snacks,2,420.0,0.0,840.0
T2025002133,2025-11-08,20:10:00,P0294,Pepero Strawberry,Snacks,2,55.0,0.0,110.0
T2025002133,2025-11-08,20:10:00,P0264,Lotte Ghana Dark Chocolate,Snacks,2,115.0,0.0,230.0
T2025002134,2025-11-08,20:16:00,P0101,Daerim  Fish Cake Stick,Food Frozen,8,77.0,0.0,616.0
T2025002134,2025-11-08,20:16:00,P0079,Daerim  Kimbab Ham 1Kg,Food Frozen,2,480.0,0.0,960.0
T2025002134,2025-11-08,20:16:00,P0102,MWC Tteok Galbi Bar,Food Frozen,1,75.0,0.0,75.0
T2025002134,2025-11-08,20:16:00,P0090,Nongmin Rice Cake 1Kg,Food Frozen,6,220.0,0.0,1320.0
T2025002134,2025-11-08,20:16:00,P0100,Binggrae Ice Cream Sandwich,Food Frozen,7,80.0,0.0,560.0
T2025002135,2025-11-08,18:45:00,P0061,Dried Anchovy Medium 100g,Food Fresh/Meat/Sidedish,2,240.0,0.0,480.0
T2025002136,2025-11-08,12:40:00,P0112,Teazen Diet Tea Berry 10 Sticks,Liquor/Beverage,8,290.0,0.0,2320.0
T2025002136,2025-11-08,12:40:00,P0138,Kirin Ichiban Beer 330mL,Liquor/Beverage,4,68.0,0.0,272.0
T2025002136,2025-11-08,12:40:00,P0142,Nongshim Welchs White Grape 355mL,Liquor/Beverage,4,60.0,0.0,240.0
T2025002136,2025-11-08,12:40:00,P0147,Binggrae Coffee Milk,Liquor/Beverage,7,48.0,0.0,336.0
T2025002136,2025-11-08,12:40:00,P0143,Nongshim Welchs Grape 355mL,Liquor/Beverage,5,60.0,0.0,300.0
T2025002137,2025-11-08,14:06:00,P0246,Post Almond Flakes,Snacks,3,245.0,0.15,624.75
T2025002137,2025-11-08,14:06:00,P0299,Lotte Xylitol Green Gum,Snacks,2,55.0,0.0,110.0
T2025002137,2025-11-08,14:06:00,P0255,Bibigo Crispy Seaweed Snack,Snacks,7,140.0,0.0,980.0
T2025002137,2025-11-08,14:06:00,P0245,Honey Butter Almond 190g,Snacks,1,420.0,0.0,420.0
T2025002137,2025-11-08,14:06:00,P0292,Orion Goraebab Crackers,Snacks,2,75.0,0.0,150.0
T2025002138,2025-11-08,16:53:00,P0129,Sunhari Grape 360mL,Liquor/Beverage,6,120.0,0.0,720.0
T2025002139,2025-11-08,13:38:00,P0125,Jinro Fresh Soju,Liquor/Beverage,4,170.0,0.0,680.0
T2025002139,2025-11-08,13:38:00,P0110,Mitte Hot Choco Original 300g,Liquor/Beverage,5,370.0,0.2,1480.0
T2025002139,2025-11-08,13:38:00,P0143,Nongshim Welchs Grape 355mL,Liquor/Beverage,5,60.0,0.0,300.0
T2025002139,2025-11-08,13:38:00,P0126,Woongjin Yogurt Pineapple 1.5L,Liquor/Beverage,10,135.0,0.1,1215.0
T2025002140,2025-11-08,15:54:00,P0108,Ottogi Honey Citron Tea 1Kg,Liquor/Beverage,6,530.0,0.0,3180.0
T2025002141,2025-11-08,17:40:00,P0034,CJ  Cooked Rice,Dry Food,3,116.0,0.0,348.0
T2025002141,2025-11-08,17:40:00,P0022,Ottogi Tteokbokki Cup,Dry Food,4,160.0,0.0,640.0
T2025002141,2025-11-08,17:40:00,P0040,Ottogi Sweet Corn 340g,Dry Food,1,95.0,0.0,95.0
T2025002142,2025-11-08,10:58:00,P0125,Jinro Fresh Soju,Liquor/Beverage,8,170.0,0.0,1360.0
T2025002142,2025-11-08,10:58:00,P0148,Binggrae Strawberry Milk,Liquor/Beverage,1,45.0,0.0,45.0
T2025002142,2025-11-08,10:58:00,P0138,Kirin Ichiban Beer 330mL,Liquor/Beverage,10,68.0,0.0,680.0
T2025002142,2025-11-08,10:58:00,P0124,Terra Lager Beer 500mL,Liquor/Beverage,2,170.0,0.0,340.0
T2025002142,2025-11-08,10:58:00,P0122,Chamisul Original Soju,Liquor/Beverage,7,175.0,0.0,1225.0
T2025002142,2025-11-08,10:58:00,P0144,Nongshim Welchs Strawberry 355mL,Liquor/Beverage,8,60.0,0.0,480.0
T2025002143,2025-11-08,13:03:00,P0269,Lotte Soft Strawberry Milk Candy 79g,Snacks,2,105.0,0.0,210.0
T2025002143,2025-11-08,13:03:00,P0293,Lotte Sand Biscuit,Snacks,2,75.0,0.0,150.0
T2025002143,2025-11-08,13:03:00,P0252,Lotte Banana Choco Pie 12Pcs,Snacks,1,180.0,0.0,180.0
T2025002144,2025-11-08,15:05:00,P0100,Binggrae Ice Cream Sandwich,Food Frozen,9,80.0,0.0,720.0
T2025002144,2025-11-08,15:05:00,P0090,Nongmin Rice Cake 1Kg,Food Frozen,4,220.0,0.0,880.0
T2025002144,2025-11-08,15:05:00,P0101,Daerim  Fish Cake Stick,Food Frozen,2,77.0,0.15,130.9
T2025002144,2025-11-08,15:05:00,P0083,Moguchon Smoked Bacon 200g,Food Frozen,2,320.0,0.0,640.0
T2025002144,2025-11-08,15:05:00,P0087,Bibigo Crispy Seaweed Roll,Food Frozen,2,260.0,0.0,520.0
T2025002145,2025-11-08,20:16:00,P0072,Kongsarang Soft Tofu,Food Fresh/Meat/Sidedish,3,65.0,0.0,195.0
T2025002145,2025-11-08,20:16:00,P0066,Imported Kimchi Big Tub 850g,Food Fresh/Meat/Sidedish,5,150.0,0.0,750.0
T2025002145,2025-11-08,20:16:00,P0060,Homemade Spring Onion Kimchi 350g,Food Fresh/Meat/Sidedish,2,250.0,0.0,500.0
T2025002145,2025-11-08,20:16:00,P0057,Jongga Pogi Kimchi 500g,Food Fresh/Meat/Sidedish,5,315.0,0.0,1575.0
T2025002145,2025-11-08,20:16:00,P0068,Enoki Mushroom 150G 2Packs,Food Fresh/Meat/Sidedish,10,120.0,0.0,1200.0
T2025002145,2025-11-08,20:16:00,P0063,Our Home Kimchi 1Kg Jar,Food Fresh/Meat/Sidedish,5,190.0,0.0,950.0
T2025002146,2025-11-08,11:27:00,P0288,Nongshim Honey Rice Snack,Snacks,3,80.0,0.0,240.0
T2025002146,2025-11-08,11:27:00,P0251,Oil Fried & Salted Peanuts,Snacks,9,185.0,0.0,1665.0
T2025002147,2025-11-08,17:35:00,P0088,Dongwon  Real Crabs 144g ,Food Frozen,10,259.0,0.0,2590.0
T2025002147,2025-11-08,17:35:00,P0087,Bibigo Crispy Seaweed Roll,Food Frozen,4,260.0,0.0,1040.0
T2025002148,2025-11-08,12:46:00,P0091,CJ Bibigo Japchae,Food Frozen,10,220.0,0.0,2200.0
T2025002148,2025-11-08,12:46:00,P0077,Daerim  Vienna Sausage 1Kg,Food Frozen,8,580.0,0.0,4640.0
T2025002149,2025-11-08,11:35:00,P0243,CJ  Ssamjang 170g,Seasoned/Sauce/Powder,9,88.0,0.0,792.0
T2025002149,2025-11-08,11:35:00,P0239,Ottogi Curry Hot,Seasoned/Sauce/Powder,10,115.0,0.0,1150.0
T2025002150,2025-11-08,13:45:00,P0080,Samyang Buldak Original Spicy Mandu 700g,Food Frozen,3,410.0,0.0,1230.0
T2025002150,2025-11-08,13:45:00,P0078,Spanish Mackerel 340g,Food Frozen,8,500.0,0.0,4000.0
T2025002150,2025-11-08,13:45:00,P0089,Jongga Rice Cake 1Kg,Food Frozen,9,230.0,0.0,2070.0
T2025002150,2025-11-08,13:45:00,P0076,CJ  Crispy Hotdog,Food Frozen,8,640.0,0.0,5120.0
T2025002150,2025-11-08,13:45:00,P0104,Pepero Original,Food Frozen,2,55.0,0.0,110.0
T2025002150,2025-11-08,13:45:00,P0098,Daerim  Crabstick 216g,Food Frozen,5,98.0,0.0,490.0
T2025002151,2025-11-08,20:54:00,P0063,Our Home Kimchi 1Kg Jar,Food Fresh/Meat/Sidedish,7,190.0,0.0,1330.0
T2025002151,2025-11-08,20:54:00,P0057,Jongga Pogi Kimchi 500g,Food Fresh/Meat/Sidedish,2,315.0,0.05,598.5
T2025002151,2025-11-08,20:54:00,P0070,Skinless Garlic 150G,Food Fresh/Meat/Sidedish,10,65.0,0.0,650.0
T2025002152,2025-11-08,08:25:00,P0068,Enoki Mushroom 150G 2Packs,Food Fresh/Meat/Sidedish,2,120.0,0.0,240.0
T2025002152,2025-11-08,08:25:00,P0067,Wasabi Radish Wrapper 340g,Food Fresh/Meat/Sidedish,3,145.0,0.0,435.0
T2025002153,2025-11-08,17:05:00,P0297,Pepero Choco Filled,Snacks,2,55.0,0.0,110.0
T2025002154,2025-11-08,13:40:00,P0014,Bibigo Beef Seaweed Soup,Dry Food,5,264.0,0.0,1320.0
T2025002155,2025-11-08,16:22:00,P0191,Paldo Teumsae Ramen,Noodles,6,60.0,0.0,360.0
T2025002155,2025-11-08,16:22:00,P0206,Nongshim Chapagetti,Noodles,8,45.0,0.0,360.0
T2025002156,2025-11-08,15:39:00,P0094,MWC Frank Sausage 5Pcs,Food Frozen,10,173.0,0.0,1730.0
T2025002156,2025-11-08,15:39:00,P0096,Daerim  Vienna Sausage 170g,Food Frozen,4,145.0,0.05,551.0
T2025002156,2025-11-08,15:39:00,P0098,Daerim  Crabstick 216g,Food Frozen,1,98.0,0.0,98.0
T2025002156,2025-11-08,15:39:00,P0095,Samlip Fish Cake Sheets,Food Frozen,8,150.0,0.0,1200.0
T2025002156,2025-11-08,15:39:00,P0088,Dongwon  Real Crabs 144g ,Food Frozen,6,259.0,0.0,1554.0
T2025002157,2025-11-08,19:11:00,P0074,Bibigo Fried Dumplings 450g,Food Frozen,9,740.0,0.0,6660.0
T2025002157,2025-11-08,19:11:00,P0077,Daerim  Vienna Sausage 1Kg,Food Frozen,4,580.0,0.2,1856.0
T2025002157,2025-11-08,19:11:00,P0090,Nongmin Rice Cake 1Kg,Food Frozen,9,220.0,0.0,1980.0
T2025002157,2025-11-08,19:11:00,P0079,Daerim  Kimbab Ham 1Kg,Food Frozen,10,480.0,0.0,4800.0
T2025002157,2025-11-08,19:11:00,P0080,Samyang Buldak Original Spicy Mandu 700g,Food Frozen,10,410.0,0.0,4100.0
T2025002157,2025-11-08,19:11:00,P0084,Assi Vegetable Dumplings 675g,Food Frozen,7,285.0,0.0,1995.0
T2025002158,2025-11-08,09:18:00,P0286,Crown Caramel Maple Corn,Snacks,8,80.0,0.0,640.0
T2025002158,2025-11-08,09:18:00,P0288,Nongshim Honey Rice Snack,Snacks,8,80.0,0.25,480.0
T2025002158,2025-11-08,09:18:00,P0248,Choco Pie Black Sugar 12Pcs,Snacks,4,200.0,0.0,800.0
T2025002158,2025-11-08,09:18:00,P0247,Choco Pie Green Tea 12Pcs,Snacks,10,200.0,0.0,2000.0
T2025002158,2025-11-08,09:18:00,P0279,Orion O! Karto Sweet Corn,Snacks,1,88.0,0.0,88.0
T2025002158,2025-11-08,09:18:00,P0269,Lotte Soft Strawberry Milk Candy 79g,Snacks,2,105.0,0.0,210.0
T2025002159,2025-11-08,17:30:00,P0028,CJ Bibigo Seaweed Soup,Dry Food,5,140.0,0.0,700.0
T2025002159,2025-11-08,17:30:00,P0035,CJ  Multi-Grains Cooked Rice 210g,Dry Food,8,110.0,0.05,836.0
T2025002159,2025-11-08,17:30:00,P0027,Yopokki Cheese 240g,Dry Food,10,145.0,0.0,1450.0
T2025002159,2025-11-08,17:30:00,P0040,Ottogi Sweet Corn 340g,Dry Food,8,95.0,0.1,684.0
T2025002160,2025-11-08,10:23:00,P0004,O'Food Korean Chili Oil,Condiments,10,160.0,0.0,1600.0
T2025002160,2025-11-08,10:23:00,P0007,Samyang Spicy Mayo,Condiments,7,130.0,0.0,910.0
T2025002160,2025-11-08,10:23:00,P0008,Ottogi Corn Syrup,Condiments,5,98.0,0.0,490.0
T2025002160,2025-11-08,10:23:00,P0005,Ottogi Gold Mayonnaise 300g,Condiments,10,150.0,0.0,1500.0
T2025002161,2025-11-08,12:14:00,P0173,Nongshim Jjapageti,Noodles,7,75.0,0.0,525.0
T2025002162,2025-11-08,11:59:00,P0059,Pork Belly (Samgyupsal) 500g,Food Fresh/Meat/Sidedish,1,275.0,0.0,275.0
T2025002163,2025-11-08,21:25:00,P0143,Nongshim Welchs Grape 355mL,Liquor/Beverage,9,60.0,0.0,540.0
T2025002163,2025-11-08,21:25:00,P0140,Woongjin Yogurt Peach 340mL,Liquor/Beverage,4,60.0,0.05,228.0
T2025002163,2025-11-08,21:25:00,P0130,Sunhari Apple 360mL,Liquor/Beverage,8,120.0,0.0,960.0
T2025002163,2025-11-08,21:25:00,P0110,Mitte Hot Choco Original 300g,Liquor/Beverage,6,370.0,0.0,2220.0
T2025002164,2025-11-08,08:05:00,P0036,Dongwon  Tuna Light Can 150g,Dry Food,1,110.0,0.0,110.0
T2025002164,2025-11-08,08:05:00,P0032,Samlip Mini Kimbap,Dry Food,9,120.0,0.0,1080.0
T2025002164,2025-11-08,08:05:00,P0017,Bibigo Seaweed Flakes 50g,Dry Food,2,210.0,0.0,420.0
T2025002164,2025-11-08,08:05:00,P0034,CJ  Cooked Rice,Dry Food,3,116.0,0.0,348.0
T2025002164,2025-11-08,08:05:00,P0045,CJ Beksul Wheat Flour,Dry Food,2,90.0,0.0,180.0
T2025002164,2025-11-08,08:05:00,P0019,Haepyo Crispy Seaweed 9Pcs,Dry Food,7,188.0,0.0,1316.0
T2025002165,2025-11-08,19:01:00,P0170,Ottogi Jin Jjajang,Noodles,2,80.0,0.0,160.0
T2025002166,2025-11-08,13:15:00,P0084,Assi Vegetable Dumplings 675g,Food Frozen,7,285.0,0.1,1795.5
T2025002166,2025-11-08,13:15:00,P0074,Bibigo Fried Dumplings 450g,Food Frozen,8,740.0,0.0,5920.0
T2025002167,2025-11-08,15:35:00,P0096,Daerim  Vienna Sausage 170g,Food Frozen,4,145.0,0.0,580.0
T2025002168,2025-11-08,16:49:00,P0103,Daerim  Chaw Stick 100g,Food Frozen,8,73.0,0.0,584.0
T2025002168,2025-11-08,16:49:00,P0097,Daerim  Cheese Vienna Sausage 105g,Food Frozen,4,120.0,0.0,480.0
T2025002168,2025-11-08,16:49:00,P0078,Spanish Mackerel 340g,Food Frozen,1,500.0,0.0,500.0
T2025002168,2025-11-08,16:49:00,P0083,Moguchon Smoked Bacon 200g,Food Frozen,10,320.0,0.0,3200.0
T2025002169,2025-11-08,08:04:00,P0246,Post Almond Flakes,Snacks,5,245.0,0.0,1225.0
T2025002169,2025-11-08,08:04:00,P0261,Lotte Choco Heim,Snacks,5,120.0,0.0,600.0
T2025002169,2025-11-08,08:04:00,P0300,Can Choco Balls,Snacks,6,45.0,0.0,270.0
T2025002170,2025-11-08,15:56:00,P0005,Ottogi Gold Mayonnaise 300g,Condiments,7,150.0,0.1,945.0
T2025002170,2025-11-08,15:56:00,P0002,Ottogi Gold Mayonnaise 500g,Condiments,4,235.0,0.0,940.0
T2025002170,2025-11-08,15:56:00,P0006,Chung Jung One Soy Sauce,Condiments,4,140.0,0.0,560.0
T2025002171,2025-11-08,11:16:00,P0294,Pepero Strawberry,Snacks,5,55.0,0.0,275.0
T2025002171,2025-11-08,11:16:00,P0258,Orion Custard Choco Cake,Snacks,9,130.0,0.0,1170.0
T2025002172,2025-11-08,09:49:00,P0007,Samyang Spicy Mayo,Condiments,7,130.0,0.0,910.0
T2025002172,2025-11-08,09:49:00,P0001,Ottogi Sesame Oil 500mL,Condiments,9,590.5,0.0,5314.5
T2025002172,2025-11-08,09:49:00,P0006,Chung Jung One Soy Sauce,Condiments,2,140.0,0.0,280.0
T2025002172,2025-11-08,09:49:00,P0009,CJ Beksul Corn Syrup,Condiments,2,95.0,0.0,190.0
T2025002173,2025-11-08,20:57:00,P0113,Binggre Melon Milk 200mL 6Pcs,Liquor/Beverage,3,290.0,0.0,870.0
T2025002173,2025-11-08,20:57:00,P0131,Sunhari Yogurt 360mL,Liquor/Beverage,8,120.0,0.0,960.0
T2025002173,2025-11-08,20:57:00,P0105,White Gold Coffee 100Sticks,Liquor/Beverage,9,1150.0,0.0,10350.0
T2025002173,2025-11-08,20:57:00,P0112,Teazen Diet Tea Berry 10 Sticks,Liquor/Beverage,9,290.0,0.2,2088.0
T2025002173,2025-11-08,20:57:00,P0129,Sunhari Grape 360mL,Liquor/Beverage,1,120.0,0.0,120.0
T2025002174,2025-11-08,10:39:00,P0163,Samyang Buldak Rose 140g,Noodles,2,88.0,0.15,149.6
T2025002174,2025-11-08,10:39:00,P0196,Paldo Cheese Ramen,Noodles,4,55.0,0.0,220.0
T2025002175,2025-11-08,11:58:00,P0004,O'Food Korean Chili Oil,Condiments,6,160.0,0.25,720.0
T2025002175,2025-11-08,11:58:00,P0006,Chung Jung One Soy Sauce,Condiments,6,140.0,0.0,840.0
T2025002175,2025-11-08,11:58:00,P0002,Ottogi Gold Mayonnaise 500g,Condiments,6,235.0,0.0,1410.0
T2025002175,2025-11-08,11:58:00,P0007,Samyang Spicy Mayo,Condiments,8,130.0,0.0,1040.0
T2025002175,2025-11-08,11:58:00,P0003,Sempio Sesame Oil,Condiments,1,185.0,0.0,185.0
T2025002175,2025-11-08,11:58:00,P0009,CJ Beksul Corn Syrup,Condiments,10,95.0,0.15,807.5
T2025002176,2025-11-08,19:43:00,P0291,Crown Sando Biscuit,Snacks,5,75.0,0.0,375.0
T2025002176,2025-11-08,19:43:00,P0280,Nongshim Potato Sticks,Snacks,1,85.0,0.0,85.0
T2025002176,2025-11-08,19:43:00,P0292,Orion Goraebab Crackers,Snacks,7,75.0,0.0,525.0
T2025002176,2025-11-08,19:43:00,P0273,Haitai  Plumcandy 130g,Snacks,6,95.0,0.15,484.5
T2025002177,2025-11-08,10:20:00,P0206,Nongshim Chapagetti,Noodles,2,45.0,0.0,90.0
T2025002178,2025-11-08,17:37:00,P0203,Jin Ramen Spicy Cup,Noodles,1,50.0,0.0,50.0
T2025002178,2025-11-08,17:37:00,P0202,Nongshim Ansung Tangmen,Noodles,8,50.0,0.0,400.0
T2025002178,2025-11-08,17:37:00,P0164,Samyang Buldak 4 Cheese 145g,Noodles,10,88.0,0.0,880.0
T2025002178,2025-11-08,17:37:00,P0209,Ottogi Kimchi Ramen,Noodles,2,40.0,0.0,80.0
T2025002179,2025-11-08,12:07:00,P0091,CJ Bibigo Japchae,Food Frozen,8,220.0,0.1,1584.0
T2025002179,2025-11-08,12:07:00,P0104,Pepero Original,Food Frozen,9,55.0,0.15,420.75
T2025002180,2025-11-08,10:56:00,P0010,Daerim  Big Smoke Ham 1Kg,Dry Food,1,480.0,0.0,480.0
T2025002180,2025-11-08,10:56:00,P0045,CJ Beksul Wheat Flour,Dry Food,7,90.0,0.0,630.0
T2025002180,2025-11-08,10:56:00,P0035,CJ  Multi-Grains Cooked Rice 210g,Dry Food,4,110.0,0.0,440.0
T2025002181,2025-11-08,08:57:00,P0229,O'Food Korean BBQ Sauce,Seasoned/Sauce/Powder,7,145.0,0.0,1015.0
T2025002181,2025-11-08,08:57:00,P0217,Ottogi Roasted Sesame Seeds 200g,Seasoned/Sauce/Powder,1,255.0,0.25,191.25
T2025002181,2025-11-08,08:57:00,P0218,CJ Beksul Beef Bulgogi Sauce 500g,Seasoned/Sauce/Powder,5,250.0,0.0,1250.0
T2025002181,2025-11-08,08:57:00,P0215,Ottogi Wasabi Powder 300g,Seasoned/Sauce/Powder,3,290.0,0.0,870.0
T2025002181,2025-11-08,08:57:00,P0228,Sempio Gochujang (500g),Seasoned/Sauce/Powder,3,145.0,0.0,435.0
T2025002181,2025-11-08,08:57:00,P0213,Sempio Yondu 500mL,Seasoned/Sauce/Powder,3,345.0,0.0,1035.0
T2025002182,2025-11-08,19:28:00,P0094,MWC Frank Sausage 5Pcs,Food Frozen,1,173.0,0.0,173.0
T2025002182,2025-11-08,19:28:00,P0080,Samyang Buldak Original Spicy Mandu 700g,Food Frozen,7,410.0,0.0,2870.0
T2025002182,2025-11-08,19:28:00,P0099,Daerim  Chaw Spicy Stick 90g,Food Frozen,4,80.0,0.0,320.0
T2025002182,2025-11-08,19:28:00,P0102,MWC Tteok Galbi Bar,Food Frozen,5,75.0,0.0,375.0
T2025002182,2025-11-08,19:28:00,P0101,Daerim  Fish Cake Stick,Food Frozen,9,77.0,0.0,693.0
T2025002183,2025-11-08,16:29:00,P0234,CJ Beksul Spicy Pork Sauce 290g,Seasoned/Sauce/Powder,10,130.0,0.0,1300.0
T2025002183,2025-11-08,16:29:00,P0235,O'Food Kimchi Base Sauce,Seasoned/Sauce/Powder,6,130.0,0.0,780.0
T2025002184,2025-11-08,21:21:00,P0067,Wasabi Radish Wrapper 340g,Food Fresh/Meat/Sidedish,8,145.0,0.0,1160.0
T2025002185,2025-11-08,20:53:00,P0225,Chung Jung One Soybean Paste,Seasoned/Sauce/Powder,4,160.0,0.0,640.0
T2025002185,2025-11-08,20:53:00,P0237,O'Food Tteokbokki Sauce,Seasoned/Sauce/Powder,10,120.0,0.1,1080.0
T2025002185,2025-11-08,20:53:00,P0215,Ottogi Wasabi Powder 300g,Seasoned/Sauce/Powder,4,290.0,0.0,1160.0
T2025002185,2025-11-08,20:53:00,P0230,CJ Beksul Pancake Sauce,Seasoned/Sauce/Powder,9,145.0,0.0,1305.0
T2025002185,2025-11-08,20:53:00,P0231,O'Food Bulgogi Marinade,Seasoned/Sauce/Powder,2,145.0,0.0,290.0
T2025002185,2025-11-08,20:53:00,P0233,O'Food Korean Fried Chicken Sauce,Seasoned/Sauce/Powder,7,135.0,0.0,945.0
T2025002186,2025-11-08,17:25:00,P0227,CJ Beksul Beef Bulgogi Sauce 290g,Seasoned/Sauce/Powder,1,150.0,0.0,150.0
T2025002186,2025-11-08,17:25:00,P0218,CJ Beksul Beef Bulgogi Sauce 500g,Seasoned/Sauce/Powder,2,250.0,0.0,500.0
T2025002186,2025-11-08,17:25:00,P0230,CJ Beksul Pancake Sauce,Seasoned/Sauce/Powder,8,145.0,0.2,928.0
T2025002187,2025-11-08,19:28:00,P0055,Beef Enoki Roll 500g,Food Fresh/Meat/Sidedish,8,410.0,0.0,3280.0
T2025002187,2025-11-08,19:28:00,P0060,Homemade Spring Onion Kimchi 350g,Food Fresh/Meat/Sidedish,3,250.0,0.0,750.0
T2025002187,2025-11-08,19:28:00,P0063,Our Home Kimchi 1Kg Jar,Food Fresh/Meat/Sidedish,2,190.0,0.0,380.0
T2025002188,2025-11-08,18:08:00,P0188,Nagasaki Jjampong,Noodles,4,60.0,0.0,240.0
T2025002188,2025-11-08,18:08:00,P0187,Paldo Bibim Men,Noodles,4,60.0,0.0,240.0
T2025002188,2025-11-08,18:08:00,P0179,Ottogi Ramen Bokki Cup,Noodles,3,69.0,0.0,207.0
T2025002188,2025-11-08,18:08:00,P0166,Samyang Buldak Original,Noodles,8,88.0,0.2,563.2
T2025002188,2025-11-08,18:08:00,P0174,Ottogi Cheese Bokki Cup,Noodles,9,75.0,0.0,675.0
T2025002189,2025-11-08,08:39:00,P0114,Banana Milk 200mL 6Pcs,Liquor/Beverage,9,290.0,0.0,2610.0
T2025002189,2025-11-08,08:39:00,P0148,Binggrae Strawberry Milk,Liquor/Beverage,5,45.0,0.25,168.75
T2025002189,2025-11-08,08:39:00,P0146,Binggrae Yogurt Drink,Liquor/Beverage,10,55.0,0.0,550.0
T2025002189,2025-11-08,08:39:00,P0116,Maxim Mocha Gold Coffee Mix 20Pcs,Liquor/Beverage,5,275.0,0.0,1375.0
T2025002189,2025-11-08,08:39:00,P0137,Hite Beer Can,Liquor/Beverage,3,80.0,0.0,240.0
T2025002189,2025-11-08,08:39:00,P0127,Lets Be Mild Coffee Can 4Pcs,Liquor/Beverage,10,128.0,0.0,1280.0
T2025002190,2025-11-08,21:44:00,P0091,CJ Bibigo Japchae,Food Frozen,8,220.0,0.0,1760.0
T2025002190,2025-11-08,21:44:00,P0088,Dongwon  Real Crabs 144g ,Food Frozen,7,259.0,0.0,1813.0
T2025002191,2025-11-08,08:48:00,P0008,Ottogi Corn Syrup,Condiments,6,98.0,0.25,441.0
T2025002191,2025-11-08,08:48:00,P0005,Ottogi Gold Mayonnaise 300g,Condiments,5,150.0,0.0,750.0
T2025002191,2025-11-08,08:48:00,P0002,Ottogi Gold Mayonnaise 500g,Condiments,5,235.0,0.0,1175.0
T2025002192,2025-11-08,20:13:00,P0019,Haepyo Crispy Seaweed 9Pcs,Dry Food,2,188.0,0.0,376.0
T2025002192,2025-11-08,20:13:00,P0027,Yopokki Cheese 240g,Dry Food,6,145.0,0.2,696.0
T2025002192,2025-11-08,20:13:00,P0047,Dongwon Spicy Tuna,Dry Food,6,80.0,0.0,480.0
T2025002192,2025-11-08,20:13:00,P0018,(Kaya) Korean Rice 1.5Kg,Dry Food,10,190.0,0.0,1900.0
T2025002193,2025-11-08,18:03:00,P0299,Lotte Xylitol Green Gum,Snacks,3,55.0,0.0,165.0
T2025002193,2025-11-08,18:03:00,P0273,Haitai  Plumcandy 130g,Snacks,5,95.0,0.0,475.0
T2025002193,2025-11-08,18:03:00,P0258,Orion Custard Choco Cake,Snacks,5,130.0,0.0,650.0
T2025002194,2025-11-08,09:07:00,P0127,Lets Be Mild Coffee Can 4Pcs,Liquor/Beverage,8,128.0,0.0,1024.0
T2025002194,2025-11-08,09:07:00,P0146,Binggrae Yogurt Drink,Liquor/Beverage,3,55.0,0.0,165.0
T2025002194,2025-11-08,09:07:00,P0124,Terra Lager Beer 500mL,Liquor/Beverage,4,170.0,0.0,680.0
T2025002194,2025-11-08,09:07:00,P0141,Woongjin Yogurt Apple 340mL,Liquor/Beverage,5,60.0,0.0,300.0
T2025002194,2025-11-08,09:07:00,P0130,Sunhari Apple 360mL,Liquor/Beverage,4,120.0,0.0,480.0
T2025002195,2025-11-08,10:43:00,P0242,CJ  Gochujang 200g,Seasoned/Sauce/Powder,2,100.0,0.0,200.0
T2025002195,2025-11-08,10:43:00,P0235,O'Food Kimchi Base Sauce,Seasoned/Sauce/Powder,2,130.0,0.05,247.0
T2025002195,2025-11-08,10:43:00,P0240,Ottogi Spaghetti Sauce,Seasoned/Sauce/Powder,3,115.0,0.0,345.0
T2025002196,2025-11-08,09:45:00,P0003,Sempio Sesame Oil,Condiments,8,185.0,0.0,1480.0
T2025002196,2025-11-08,09:45:00,P0004,O'Food Korean Chili Oil,Condiments,2,160.0,0.0,320.0
T2025002196,2025-11-08,09:45:00,P0005,Ottogi Gold Mayonnaise 300g,Condiments,7,150.0,0.05,997.5
T2025002197,2025-11-08,08:56:00,P0070,Skinless Garlic 150G,Food Fresh/Meat/Sidedish,5,65.0,0.0,325.0
T2025002197,2025-11-08,08:56:00,P0063,Our Home Kimchi 1Kg Jar,Food Fresh/Meat/Sidedish,7,190.0,0.0,1330.0
T2025002197,2025-11-08,08:56:00,P0066,Imported Kimchi Big Tub 850g,Food Fresh/Meat/Sidedish,1,150.0,0.0,150.0
T2025002197,2025-11-08,08:56:00,P0073,Perilla Leaves 2Packs,Food Fresh/Meat/Sidedish,6,40.0,0.0,240.0
T2025002197,2025-11-08,08:56:00,P0052,Shine Beef Bulgogi Pack,Food Fresh/Meat/Sidedish,6,550.0,0.0,3300.0
T2025002197,2025-11-08,08:56:00,P0050,Boneless Rib Eye 250g,Food Fresh/Meat/Sidedish,1,750.0,0.0,750.0
T2025002198,2025-11-08,09:55:00,P0077,Daerim  Vienna Sausage 1Kg,Food Frozen,10,580.0,0.0,5800.0
T2025002198,2025-11-08,09:55:00,P0084,Assi Vegetable Dumplings 675g,Food Frozen,7,285.0,0.0,1995.0
T2025002198,2025-11-08,09:55:00,P0095,Samlip Fish Cake Sheets,Food Frozen,1,150.0,0.0,150.0
T2025002198,2025-11-08,09:55:00,P0098,Daerim  Crabstick 216g,Food Frozen,10,98.0,0.05,931.0
T2025002198,2025-11-08,09:55:00,P0090,Nongmin Rice Cake 1Kg,Food Frozen,6,220.0,0.0,1320.0
T2025002199,2025-11-08,10:06:00,P0143,Nongshim Welchs Grape 355mL,Liquor/Beverage,8,60.0,0.1,432.0
T2025002199,2025-11-08,10:06:00,P0147,Binggrae Coffee Milk,Liquor/Beverage,7,48.0,0.0,336.0
T2025002199,2025-11-08,10:06:00,P0120,Aloe Vera Juice 1.5L,Liquor/Beverage,1,175.0,0.0,175.0
T2025002200,2025-11-08,15:28:00,P0215,Ottogi Wasabi Powder 300g,Seasoned/Sauce/Powder,5,290.0,0.0,1450.0
T2025002200,2025-11-08,15:28:00,P0228,Sempio Gochujang (500g),Seasoned/Sauce/Powder,8,145.0,0.0,1160.0
T2025002200,2025-11-08,15:28:00,P0223,Jin Soy Sauce For Soup 860mL,Seasoned/Sauce/Powder,4,205.0,0.0,820.0
T2025002200,2025-11-08,15:28:00,P0237,O'Food Tteokbokki Sauce,Seasoned/Sauce/Powder,7,120.0,0.0,840.0
T2025002200,2025-11-08,15:28:00,P0222,CJ  Soybean Paste 1Kg,Seasoned/Sauce/Powder,7,208.0,0.0,1456.0
T2025002200,2025-11-08,15:28:00,P0216,CJ Beksul Chicken Frying Mix 1Kg,Seasoned/Sauce/Powder,6,257.0,0.0,1542.0
T2025002201,2025-11-08,14:36:00,P0300,Can Choco Balls,Snacks,2,45.0,0.05,85.5
T2025002201,2025-11-08,14:36:00,P0256,Orion Custard Cake,Snacks,4,130.0,0.0,520.0
T2025002201,2025-11-08,14:36:00,P0254,Honey Roasted Peanuts,Snacks,9,165.0,0.0,1485.0
T2025002202,2025-11-08,12:27:00,P0068,Enoki Mushroom 150G 2Packs,Food Fresh/Meat/Sidedish,2,120.0,0.0,240.0
T2025002202,2025-11-08,12:27:00,P0073,Perilla Leaves 2Packs,Food Fresh/Meat/Sidedish,2,40.0,0.0,80.0
T2025002202,2025-11-08,12:27:00,P0064,Kimbab Radish 400g,Food Fresh/Meat/Sidedish,7,185.0,0.0,1295.0
T2025002202,2025-11-08,12:27:00,P0067,Wasabi Radish Wrapper 340g,Food Fresh/Meat/Sidedish,9,145.0,0.0,1305.0
T2025002202,2025-11-08,12:27:00,P0062,Dried Anchovy Small 100g,Food Fresh/Meat/Sidedish,1,240.0,0.0,240.0
T2025002203,2025-11-08,21:46:00,P0098,Daerim  Crabstick 216g,Food Frozen,8,98.0,0.0,784.0
T2025002204,2025-11-08,09:53:00,P0235,O'Food Kimchi Base Sauce,Seasoned/Sauce/Powder,5,130.0,0.0,650.0
T2025002204,2025-11-08,09:53:00,P0222,CJ  Soybean Paste 1Kg,Seasoned/Sauce/Powder,2,208.0,0.0,416.0
T2025002205,2025-11-08,08:33:00,P0011,CJ  Cooked Rice Plain 210g,Dry Food,5,365.0,0.0,1825.0
T2025002206,2025-11-08,12:28:00,P0143,Nongshim Welchs Grape 355mL,Liquor/Beverage,1,60.0,0.0,60.0
T2025002207,2025-11-08,19:25:00,P0076,CJ  Crispy Hotdog,Food Frozen,10,640.0,0.0,6400.0
T2025002207,2025-11-08,19:25:00,P0086,CJ Bibigo Gyoza Dumplings,Food Frozen,4,270.0,0.0,1080.0
T2025002207,2025-11-08,19:25:00,P0078,Spanish Mackerel 340g,Food Frozen,9,500.0,0.0,4500.0
T2025002208,2025-11-08,15:37:00,P0234,CJ Beksul Spicy Pork Sauce 290g,Seasoned/Sauce/Powder,5,130.0,0.0,650.0
T2025002208,2025-11-08,15:37:00,P0219,CJ Beksul Spicy Pork Sauce 500g,Seasoned/Sauce/Powder,8,240.0,0.0,1920.0
T2025002208,2025-11-08,15:37:00,P0223,Jin Soy Sauce For Soup 860mL,Seasoned/Sauce/Powder,4,205.0,0.0,820.0
T2025002208,2025-11-08,15:37:00,P0232,O'Food Tofu Stew Base,Seasoned/Sauce/Powder,10,135.0,0.0,1350.0
T2025002208,2025-11-08,15:37:00,P0222,CJ  Soybean Paste 1Kg,Seasoned/Sauce/Powder,9,208.0,0.0,1872.0
T2025002208,2025-11-08,15:37:00,P0218,CJ Beksul Beef Bulgogi Sauce 500g,Seasoned/Sauce/Powder,8,250.0,0.0,2000.0
T2025002209,2025-11-08,09:12:00,P0275,Haitai Sweet Potato Snack,Snacks,1,95.0,0.0,95.0
T2025002209,2025-11-08,09:12:00,P0296,Lotte Cereal Choco,Snacks,10,55.0,0.0,550.0
T2025002209,2025-11-08,09:12:00,P0261,Lotte Choco Heim,Snacks,8,120.0,0.0,960.0
T2025002210,2025-11-08,18:33:00,P0228,Sempio Gochujang (500g),Seasoned/Sauce/Powder,1,145.0,0.05,137.75
T2025002210,2025-11-08,18:33:00,P0237,O'Food Tteokbokki Sauce,Seasoned/Sauce/Powder,1,120.0,0.0,120.0
T2025002211,2025-11-08,14:09:00,P0038,(Kaya) Korean Rice 1Kg,Dry Food,6,100.0,0.0,600.0
T2025002211,2025-11-08,14:09:00,P0047,Dongwon Spicy Tuna,Dry Food,5,80.0,0.0,400.0
T2025002212,2025-11-08,18:41:00,P0164,Samyang Buldak 4 Cheese 145g,Noodles,9,88.0,0.0,792.0
T2025002212,2025-11-08,18:41:00,P0171,Tempura Udon Big Cup,Noodles,8,75.0,0.0,600.0
T2025002213,2025-11-08,17:18:00,P0006,Chung Jung One Soy Sauce,Condiments,6,140.0,0.0,840.0
T2025002213,2025-11-08,17:18:00,P0008,Ottogi Corn Syrup,Condiments,4,98.0,0.0,392.0
T2025002214,2025-11-08,08:15:00,P0083,Moguchon Smoked Bacon 200g,Food Frozen,2,320.0,0.2,512.0
T2025002214,2025-11-08,08:15:00,P0077,Daerim  Vienna Sausage 1Kg,Food Frozen,8,580.0,0.0,4640.0
T2025002214,2025-11-08,08:15:00,P0082,Daerim  Crab Sticks 1Kg,Food Frozen,8,350.0,0.0,2800.0
T2025002215,2025-11-08,12:15:00,P0180,Samyang Curry Ramen,Noodles,2,68.0,0.2,108.8
T2025002215,2025-11-08,12:15:00,P0153,Samyang Buldak Cheese Cup,Noodles,4,110.0,0.05,418.0
T2025002215,2025-11-08,12:15:00,P0183,Samyang Kimchi Ramen Bowl,Noodles,5,65.0,0.0,325.0
T2025002215,2025-11-08,12:15:00,P0163,Samyang Buldak Rose 140g,Noodles,6,88.0,0.0,528.0
T2025002215,2025-11-08,12:15:00,P0193,Paldo Gomtang Ramen,Noodles,2,56.0,0.0,112.0
T2025002216,2025-11-08,19:30:00,P0004,O'Food Korean Chili Oil,Condiments,1,160.0,0.0,160.0
T2025002217,2025-11-08,15:39:00,P0190,Nongshim Tempura Udon Cup,Noodles,4,60.0,0.0,240.0
T2025002217,2025-11-08,15:39:00,P0157,Nongshim Yachae Ramyeon 100g,Noodles,7,93.0,0.0,651.0
T2025002217,2025-11-08,15:39:00,P0183,Samyang Kimchi Ramen Bowl,Noodles,1,65.0,0.0,65.0
T2025002218,2025-11-08,10:52:00,P0287,Nongshim Banana Kick 75g,Snacks,4,80.0,0.1,288.0
T2025002218,2025-11-08,10:52:00,P0262,Orion Custard Pineapple,Snacks,7,120.0,0.0,840.0
T2025002218,2025-11-08,10:52:00,P0272,Haitai  Sunkist Candy 125g,Snacks,3,95.0,0.0,285.0
T2025002218,2025-11-08,10:52:00,P0246,Post Almond Flakes,Snacks,8,245.0,0.0,1960.0
T2025002219,2025-11-08,16:47:00,P0037,Ottogi Cup Spaghetti,Dry Food,10,110.0,0.15,935.0
T2025002220,2025-11-08,17:01:00,P0057,Jongga Pogi Kimchi 500g,Food Fresh/Meat/Sidedish,4,315.0,0.25,945.0
T2025002221,2025-11-08,19:44:00,P0284,Kkokal Sweet Corn Snack,Snacks,10,80.0,0.0,800.0
T2025002221,2025-11-08,19:44:00,P0257,Lotte Almond Chocolate,Snacks,4,130.0,0.0,520.0
T2025002221,2025-11-08,19:44:00,P0259,Nongshim Sengseng U-Dong,Snacks,1,125.0,0.0,125.0
T2025002221,2025-11-08,19:44:00,P0299,Lotte Xylitol Green Gum,Snacks,1,55.0,0.0,55.0
T2025002222,2025-11-08,15:47:00,P0084,Assi Vegetable Dumplings 675g,Food Frozen,7,285.0,0.0,1995.0
T2025002222,2025-11-08,15:47:00,P0094,MWC Frank Sausage 5Pcs,Food Frozen,1,173.0,0.0,173.0
T2025002222,2025-11-08,15:47:00,P0101,Daerim  Fish Cake Stick,Food Frozen,2,77.0,0.0,154.0
T2025002222,2025-11-08,15:47:00,P0096,Daerim  Vienna Sausage 170g,Food Frozen,10,145.0,0.0,1450.0
T2025002223,2025-11-08,18:37:00,P0109,(꽃샘) Concentrated Flavored Drink 600g,Liquor/Beverage,6,370.0,0.0,2220.0
T2025002223,2025-11-08,18:37:00,P0117,Maxim Kanu Dark Roast 10 Sticks,Liquor/Beverage,2,260.0,0.0,520.0
T2025002223,2025-11-08,18:37:00,P0123,Cass Cold Brewed Beer 500mL,Liquor/Beverage,5,170.0,0.0,850.0
T2025002223,2025-11-08,18:37:00,P0141,Woongjin Yogurt Apple 340mL,Liquor/Beverage,2,60.0,0.15,102.0
T2025002224,2025-11-08,19:23:00,P0157,Nongshim Yachae Ramyeon 100g,Noodles,3,93.0,0.0,279.0
T2025002224,2025-11-08,19:23:00,P0152,Samyang Buldak Original Cup,Noodles,6,110.0,0.05,627.0
T2025002224,2025-11-08,19:23:00,P0186,Ottogi Chachelin Blackbean 145g,Noodles,2,60.0,0.0,120.0
T2025002224,2025-11-08,19:23:00,P0193,Paldo Gomtang Ramen,Noodles,7,56.0,0.0,392.0
T2025002224,2025-11-08,19:23:00,P0181,Paldo Bibim Cold Noodles,Noodles,8,65.0,0.15,442.0
T2025002224,2025-11-08,19:23:00,P0196,Paldo Cheese Ramen,Noodles,6,55.0,0.0,330.0
T2025002225,2025-11-08,19:28:00,P0003,Sempio Sesame Oil,Condiments,8,185.0,0.0,1480.0
T2025002225,2025-11-08,19:28:00,P0009,CJ Beksul Corn Syrup,Condiments,1,95.0,0.0,95.0
T2025002225,2025-11-08,19:28:00,P0004,O'Food Korean Chili Oil,Condiments,6,160.0,0.0,960.0
T2025002225,2025-11-08,19:28:00,P0005,Ottogi Gold Mayonnaise 300g,Condiments,9,150.0,0.15,1147.5
T2025002226,2025-11-08,15:43:00,P0285,Corn Choco,Snacks,10,80.0,0.0,800.0
T2025002226,2025-11-08,15:43:00,P0268,Samlip Walnut Pie,Snacks,9,110.0,0.0,990.0
T2025002227,2025-11-08,21:07:00,P0239,Ottogi Curry Hot,Seasoned/Sauce/Powder,9,115.0,0.0,1035.0
T2025002227,2025-11-08,21:07:00,P0219,CJ Beksul Spicy Pork Sauce 500g,Seasoned/Sauce/Powder,6,240.0,0.0,1440.0
T2025002227,2025-11-08,21:07:00,P0215,Ottogi Wasabi Powder 300g,Seasoned/Sauce/Powder,8,290.0,0.0,2320.0
T2025002227,2025-11-08,21:07:00,P0240,Ottogi Spaghetti Sauce,Seasoned/Sauce/Powder,3,115.0,0.0,345.0
T2025002228,2025-11-08,15:00:00,P0038,(Kaya) Korean Rice 1Kg,Dry Food,6,100.0,0.0,600.0
T2025002228,2025-11-08,15:00:00,P0039,Ottogi 3Mins Curry,Dry Food,8,99.0,0.0,792.0
T2025002228,2025-11-08,15:00:00,P0014,Bibigo Beef Seaweed Soup,Dry Food,2,264.0,0.15,448.8
T2025002229,2025-11-08,15:08:00,P0099,Daerim  Chaw Spicy Stick 90g,Food Frozen,1,80.0,0.0,80.0
T2025002229,2025-11-08,15:08:00,P0088,Dongwon  Real Crabs 144g ,Food Frozen,9,259.0,0.0,2331.0
T2025002229,2025-11-08,15:08:00,P0100,Binggrae Ice Cream Sandwich,Food Frozen,7,80.0,0.0,560.0
T2025002229,2025-11-08,15:08:00,P0076,CJ  Crispy Hotdog,Food Frozen,9,640.0,0.0,5760.0
T2025002229,2025-11-08,15:08:00,P0084,Assi Vegetable Dumplings 675g,Food Frozen,4,285.0,0.0,1140.0
T2025002230,2025-11-08,13:49:00,P0110,Mitte Hot Choco Original 300g,Liquor/Beverage,1,370.0,0.0,370.0
T2025002230,2025-11-08,13:49:00,P0105,White Gold Coffee 100Sticks,Liquor/Beverage,4,1150.0,0.0,4600.0
T2025002230,2025-11-08,13:49:00,P0133,Sunhari Blueberry 360mL,Liquor/Beverage,3,120.0,0.0,360.0
T2025002230,2025-11-08,13:49:00,P0122,Chamisul Original Soju,Liquor/Beverage,1,175.0,0.0,175.0
T2025002230,2025-11-08,13:49:00,P0125,Jinro Fresh Soju,Liquor/Beverage,3,170.0,0.0,510.0
T2025002231,2025-11-08,17:04:00,P0068,Enoki Mushroom 150G 2Packs,Food Fresh/Meat/Sidedish,6,120.0,0.0,720.0
T2025002231,2025-11-08,17:04:00,P0050,Boneless Rib Eye 250g,Food Fresh/Meat/Sidedish,9,750.0,0.25,5062.5
T2025002231,2025-11-08,17:04:00,P0058,Homemade Kimchi 850g,Food Fresh/Meat/Sidedish,6,290.0,0.0,1740.0
T2025002232,2025-11-08,09:44:00,P0052,Shine Beef Bulgogi Pack,Food Fresh/Meat/Sidedish,6,550.0,0.0,3300.0
T2025002232,2025-11-08,09:44:00,P0058,Homemade Kimchi 850g,Food Fresh/Meat/Sidedish,3,290.0,0.0,870.0
T2025002232,2025-11-08,09:44:00,P0065,Sempio Spicy Stir-Fried Dried Squid,Food Fresh/Meat/Sidedish,4,175.0,0.2,560.0
T2025002232,2025-11-08,09:44:00,P0060,Homemade Spring Onion Kimchi 350g,Food Fresh/Meat/Sidedish,2,250.0,0.0,500.0
T2025002232,2025-11-08,09:44:00,P0049,Our Home Kimchi 1Kg,Food Fresh/Meat/Sidedish,7,320.5,0.2,1794.8
T2025002232,2025-11-08,09:44:00,P0071,Kongsarang Firm Tofu,Food Fresh/Meat/Sidedish,7,65.0,0.15,386.75
T2025002233,2025-11-08,21:38:00,P0272,Haitai  Sunkist Candy 125g,Snacks,1,95.0,0.25,71.25
T2025002233,2025-11-08,21:38:00,P0248,Choco Pie Black Sugar 12Pcs,Snacks,5,200.0,0.0,1000.0
T2025002233,2025-11-08,21:38:00,P0286,Crown Caramel Maple Corn,Snacks,5,80.0,0.0,400.0
T2025002233,2025-11-08,21:38:00,P0275,Haitai Sweet Potato Snack,Snacks,8,95.0,0.0,760.0
T2025002233,2025-11-08,21:38:00,P0258,Orion Custard Choco Cake,Snacks,6,130.0,0.0,780.0
T2025002234,2025-11-08,09:50:00,P0051,Us Premium Rib Eye 500g,Food Fresh/Meat/Sidedish,7,725.0,0.0,5075.0
T2025002234,2025-11-08,09:50:00,P0059,Pork Belly (Samgyupsal) 500g,Food Fresh/Meat/Sidedish,8,275.0,0.25,1650.0
T2025002234,2025-11-08,09:50:00,P0064,Kimbab Radish 400g,Food Fresh/Meat/Sidedish,8,185.0,0.0,1480.0
T2025002235,2025-11-08,17:20:00,P0255,Bibigo Crispy Seaweed Snack,Snacks,7,140.0,0.0,980.0
T2025002235,2025-11-08,17:20:00,P0276,Orion Sun Chips Korean BBQ,Snacks,9,90.0,0.05,769.5
T2025002235,2025-11-08,17:20:00,P0272,Haitai  Sunkist Candy 125g,Snacks,9,95.0,0.0,855.0
T2025002235,2025-11-08,17:20:00,P0285,Corn Choco,Snacks,4,80.0,0.0,320.0
T2025002236,2025-11-08,18:59:00,P0155,Nongshim Dungji Mul Nengmyeon (Cold Noodle),Noodles,1,95.0,0.05,90.25
T2025002236,2025-11-08,18:59:00,P0198,Paldo Koreno Beef Noodle 100g,Noodles,6,50.0,0.15,255.0
T2025002237,2025-11-08,15:58:00,P0155,Nongshim Dungji Mul Nengmyeon (Cold Noodle),Noodles,7,95.0,0.05,631.75
T2025002237,2025-11-08,15:58:00,P0176,Ottogi Cheese Bokki Cup,Noodles,2,72.0,0.0,144.0
T2025002237,2025-11-08,15:58:00,P0203,Jin Ramen Spicy Cup,Noodles,5,50.0,0.0,250.0
T2025002237,2025-11-08,15:58:00,P0206,Nongshim Chapagetti,Noodles,4,45.0,0.0,180.0
T2025002237,2025-11-08,15:58:00,P0191,Paldo Teumsae Ramen,Noodles,9,60.0,0.0,540.0
T2025002237,2025-11-08,15:58:00,P0157,Nongshim Yachae Ramyeon 100g,Noodles,2,93.0,0.0,186.0
T2025002238,2025-11-08,08:08:00,P0066,Imported Kimchi Big Tub 850g,Food Fresh/Meat/Sidedish,5,150.0,0.0,750.0
T2025002238,2025-11-08,08:08:00,P0071,Kongsarang Firm Tofu,Food Fresh/Meat/Sidedish,4,65.0,0.05,247.0
T2025002238,2025-11-08,08:08:00,P0062,Dried Anchovy Small 100g,Food Fresh/Meat/Sidedish,1,240.0,0.0,240.0
T2025002238,2025-11-08,08:08:00,P0049,Our Home Kimchi 1Kg,Food Fresh/Meat/Sidedish,8,320.5,0.0,2564.0
T2025002239,2025-11-08,13:17:00,P0009,CJ Beksul Corn Syrup,Condiments,4,95.0,0.25,285.0
T2025002239,2025-11-08,13:17:00,P0004,O'Food Korean Chili Oil,Condiments,7,160.0,0.0,1120.0
T2025002240,2025-11-08,09:53:00,P0157,Nongshim Yachae Ramyeon 100g,Noodles,7,93.0,0.0,651.0
T2025002240,2025-11-08,09:53:00,P0191,Paldo Teumsae Ramen,Noodles,6,60.0,0.0,360.0
T2025002240,2025-11-08,09:53:00,P0202,Nongshim Ansung Tangmen,Noodles,4,50.0,0.0,200.0
T2025002240,2025-11-08,09:53:00,P0190,Nongshim Tempura Udon Cup,Noodles,7,60.0,0.0,420.0
T2025002240,2025-11-08,09:53:00,P0161,Paldo Wang Cup,Noodles,2,90.0,0.0,180.0
T2025002241,2025-11-08,10:33:00,P0162,Ottogi Jin Jjampong,Noodles,2,90.0,0.0,180.0
T2025002241,2025-11-08,10:33:00,P0157,Nongshim Yachae Ramyeon 100g,Noodles,3,93.0,0.0,279.0
T2025002241,2025-11-08,10:33:00,P0175,Samyang Jjajang Hot Chicken,Noodles,6,75.0,0.0,450.0
T2025002242,2025-11-08,18:19:00,P0272,Haitai  Sunkist Candy 125g,Snacks,5,95.0,0.0,475.0
T2025002242,2025-11-08,18:19:00,P0278,Haitai O! Karto Chips,Snacks,4,88.0,0.0,352.0
T2025002242,2025-11-08,18:19:00,P0298,Pepero White Cookie,Snacks,6,55.0,0.0,330.0
T2025002242,2025-11-08,18:19:00,P0271,Orion Choco Chip Cookies,Snacks,5,100.0,0.0,500.0
T2025002243,2025-11-08,13:59:00,P0101,Daerim  Fish Cake Stick,Food Frozen,8,77.0,0.0,616.0
T2025002243,2025-11-08,13:59:00,P0096,Daerim  Vienna Sausage 170g,Food Frozen,10,145.0,0.0,1450.0
T2025002244,2025-11-08,17:45:00,P0287,Nongshim Banana Kick 75g,Snacks,4,80.0,0.0,320.0
T2025002245,2025-11-08,20:34:00,P0159,Nongshim Neuguri Cup 111g,Noodles,2,90.0,0.0,180.0
T2025002245,2025-11-08,20:34:00,P0178,Samyang Mala Buldak,Noodles,10,70.0,0.0,700.0
T2025002245,2025-11-08,20:34:00,P0171,Tempura Udon Big Cup,Noodles,1,75.0,0.0,75.0
T2025002246,2025-11-08,16:27:00,P0002,Ottogi Gold Mayonnaise 500g,Condiments,4,235.0,0.0,940.0
T2025002246,2025-11-08,16:27:00,P0003,Sempio Sesame Oil,Condiments,6,185.0,0.2,888.0
T2025002246,2025-11-08,16:27:00,P0004,O'Food Korean Chili Oil,Condiments,6,160.0,0.0,960.0
T2025002246,2025-11-08,16:27:00,P0007,Samyang Spicy Mayo,Condiments,4,130.0,0.0,520.0
T2025002247,2025-11-08,14:22:00,P0236,CJ  Soybean Paste 500g,Seasoned/Sauce/Powder,9,123.0,0.0,1107.0
T2025002248,2025-11-08,14:36:00,P0041,CJ Hetbahn Multi-Grain Rice,Dry Food,10,95.0,0.1,855.0
T2025002248,2025-11-08,14:36:00,P0034,CJ  Cooked Rice,Dry Food,10,116.0,0.0,1160.0
T2025002248,2025-11-08,14:36:00,P0042,CJ Hetbahn Brown Rice,Dry Food,5,95.0,0.0,475.0
T2025002248,2025-11-08,14:36:00,P0046,CJ Beksul Potato Starch,Dry Food,7,85.0,0.0,595.0
T2025002248,2025-11-08,14:36:00,P0031,Yopokki Cheese Cup 120g,Dry Food,2,120.0,0.2,192.0
T2025002248,2025-11-08,14:36:00,P0027,Yopokki Cheese 240g,Dry Food,1,145.0,0.0,145.0
T2025002249,2025-11-08,21:14:00,P0185,Nongshim Shin Non-Frying Ramen 97g,Noodles,9,60.0,0.0,540.0
T2025002249,2025-11-08,21:14:00,P0211,Ottogi Jin Ramen Hot,Noodles,5,40.0,0.2,160.0
T2025002249,2025-11-08,21:14:00,P0173,Nongshim Jjapageti,Noodles,6,75.0,0.0,450.0
T2025002250,2025-11-08,21:03:00,P0009,CJ Beksul Corn Syrup,Condiments,9,95.0,0.0,855.0
T2025002251,2025-11-08,12:12:00,P0295,Pepero Almond,Snacks,3,55.0,0.0,165.0
T2025002251,2025-11-08,12:12:00,P0285,Corn Choco,Snacks,4,80.0,0.0,320.0
T2025002251,2025-11-08,12:12:00,P0249,Lotte Chocopie 12Pcs,Snacks,2,200.0,0.0,400.0
T2025002251,2025-11-08,12:12:00,P0286,Crown Caramel Maple Corn,Snacks,10,80.0,0.0,800.0
T2025002251,2025-11-08,12:12:00,P0255,Bibigo Crispy Seaweed Snack,Snacks,4,140.0,0.0,560.0
T2025002252,2025-11-08,10:11:00,P0071,Kongsarang Firm Tofu,Food Fresh/Meat/Sidedish,5,65.0,0.0,325.0
T2025002252,2025-11-08,10:11:00,P0068,Enoki Mushroom 150G 2Packs,Food Fresh/Meat/Sidedish,3,120.0,0.0,360.0
T2025002252,2025-11-08,10:11:00,P0061,Dried Anchovy Medium 100g,Food Fresh/Meat/Sidedish,9,240.0,0.0,2160.0
T2025002252,2025-11-08,10:11:00,P0069,Bibigo Beef Bone Soup,Food Fresh/Meat/Sidedish,5,110.0,0.0,550.0
T2025002252,2025-11-08,10:11:00,P0059,Pork Belly (Samgyupsal) 500g,Food Fresh/Meat/Sidedish,1,275.0,0.0,275.0
T2025002253,2025-11-08,11:38:00,P0135,KSD Peach Rice Wine 750mL,Liquor/Beverage,4,105.0,0.0,420.0
T2025002253,2025-11-08,11:38:00,P0130,Sunhari Apple 360mL,Liquor/Beverage,4,120.0,0.0,480.0
T2025002253,2025-11-08,11:38:00,P0132,Sunhari Strawberry 360mL,Liquor/Beverage,1,120.0,0.0,120.0
T2025002254,2025-11-08,16:53:00,P0052,Shine Beef Bulgogi Pack,Food Fresh/Meat/Sidedish,8,550.0,0.0,4400.0
T2025002254,2025-11-08,16:53:00,P0056,Us Beef Strips 500g,Food Fresh/Meat/Sidedish,7,375.0,0.0,2625.0
T2025002254,2025-11-08,16:53:00,P0050,Boneless Rib Eye 250g,Food Fresh/Meat/Sidedish,8,750.0,0.2,4800.0
T2025002254,2025-11-08,16:53:00,P0066,Imported Kimchi Big Tub 850g,Food Fresh/Meat/Sidedish,5,150.0,0.0,750.0
T2025002254,2025-11-08,16:53:00,P0055,Beef Enoki Roll 500g,Food Fresh/Meat/Sidedish,2,410.0,0.0,820.0
T2025002255,2025-11-08,10:20:00,P0108,Ottogi Honey Citron Tea 1Kg,Liquor/Beverage,10,530.0,0.0,5300.0
T2025002255,2025-11-08,10:20:00,P0128,Chamiseul Fresh 360mL,Liquor/Beverage,3,120.0,0.0,360.0
T2025002255,2025-11-08,10:20:00,P0123,Cass Cold Brewed Beer 500mL,Liquor/Beverage,8,170.0,0.1,1224.0
T2025002255,2025-11-08,10:20:00,P0118,Brown Rice Green Tea 50Pcs,Liquor/Beverage,3,257.0,0.0,771.0
T2025002256,2025-11-08,12:23:00,P0002,Ottogi Gold Mayonnaise 500g,Condiments,4,235.0,0.0,940.0
T2025002256,2025-11-08,12:23:00,P0005,Ottogi Gold Mayonnaise 300g,Condiments,3,150.0,0.0,450.0
T2025002257,2025-11-08,13:14:00,P0034,CJ  Cooked Rice,Dry Food,6,116.0,0.0,696.0
T2025002257,2025-11-08,13:14:00,P0024,O'Food Kimchi Soup Mix,Dry Food,2,150.0,0.0,300.0
T2025002258,2025-11-08,15:07:00,P0117,Maxim Kanu Dark Roast 10 Sticks,Liquor/Beverage,4,260.0,0.0,1040.0
T2025002258,2025-11-08,15:07:00,P0113,Binggre Melon Milk 200mL 6Pcs,Liquor/Beverage,3,290.0,0.0,870.0
T2025002259,2025-11-08,13:51:00,P0162,Ottogi Jin Jjampong,Noodles,6,90.0,0.0,540.0
T2025002259,2025-11-08,13:51:00,P0203,Jin Ramen Spicy Cup,Noodles,3,50.0,0.0,150.0
T2025002259,2025-11-08,13:51:00,P0160,Paldo Wang Cup Kimchi,Noodles,5,90.0,0.0,450.0
T2025002260,2025-11-08,09:22:00,P0030,Yopokki Onion Butter 120g Cup,Dry Food,4,120.0,0.0,480.0
T2025002261,2025-11-08,08:01:00,P0293,Lotte Sand Biscuit,Snacks,2,75.0,0.0,150.0
T2025002261,2025-11-08,08:01:00,P0257,Lotte Almond Chocolate,Snacks,10,130.0,0.2,1040.0
T2025002261,2025-11-08,08:01:00,P0260,Binch Biscuit,Snacks,5,120.0,0.0,600.0
T2025002262,2025-11-08,20:59:00,P0003,Sempio Sesame Oil,Condiments,7,185.0,0.0,1295.0
T2025002262,2025-11-08,20:59:00,P0004,O'Food Korean Chili Oil,Condiments,7,160.0,0.0,1120.0
T2025002262,2025-11-08,20:59:00,P0002,Ottogi Gold Mayonnaise 500g,Condiments,7,235.0,0.0,1645.0
T2025002263,2025-11-08,17:04:00,P0240,Ottogi Spaghetti Sauce,Seasoned/Sauce/Powder,2,115.0,0.0,230.0
T2025002263,2025-11-08,17:04:00,P0242,CJ  Gochujang 200g,Seasoned/Sauce/Powder,4,100.0,0.0,400.0
T2025002263,2025-11-08,17:04:00,P0228,Sempio Gochujang (500g),Seasoned/Sauce/Powder,3,145.0,0.2,348.0
T2025002263,2025-11-08,17:04:00,P0221,CJ  Gochujang 500g,Seasoned/Sauce/Powder,3,220.0,0.0,660.0
T2025002264,2025-11-08,14:56:00,P0084,Assi Vegetable Dumplings 675g,Food Frozen,4,285.0,0.0,1140.0
T2025002264,2025-11-08,14:56:00,P0083,Moguchon Smoked Bacon 200g,Food Frozen,4,320.0,0.0,1280.0
T2025002264,2025-11-08,14:56:00,P0080,Samyang Buldak Original Spicy Mandu 700g,Food Frozen,2,410.0,0.0,820.0
T2025002264,2025-11-08,14:56:00,P0103,Daerim  Chaw Stick 100g,Food Frozen,10,73.0,0.25,547.5
T2025002265,2025-11-08,19:45:00,P0006,Chung Jung One Soy Sauce,Condiments,9,140.0,0.0,1260.0
T2025002265,2025-11-08,19:45:00,P0003,Sempio Sesame Oil,Condiments,7,185.0,0.0,1295.0
T2025002265,2025-11-08,19:45:00,P0004,O'Food Korean Chili Oil,Condiments,3,160.0,0.0,480.0
T2025002265,2025-11-08,19:45:00,P0005,Ottogi Gold Mayonnaise 300g,Condiments,6,150.0,0.0,900.0
T2025002266,2025-11-08,10:09:00,P0046,CJ Beksul Potato Starch,Dry Food,6,85.0,0.0,510.0
T2025002266,2025-11-08,10:09:00,P0024,O'Food Kimchi Soup Mix,Dry Food,4,150.0,0.0,600.0
T2025002267,2025-11-08,10:48:00,P0228,Sempio Gochujang (500g),Seasoned/Sauce/Powder,2,145.0,0.0,290.0
T2025002267,2025-11-08,10:48:00,P0229,O'Food Korean BBQ Sauce,Seasoned/Sauce/Powder,5,145.0,0.0,725.0
T2025002267,2025-11-08,10:48:00,P0241,CJ Anchovy Sauce 500g,Seasoned/Sauce/Powder,4,105.0,0.05,399.0
T2025002267,2025-11-08,10:48:00,P0216,CJ Beksul Chicken Frying Mix 1Kg,Seasoned/Sauce/Powder,8,257.0,0.0,2056.0
T2025002267,2025-11-08,10:48:00,P0238,Ottogi Curry Mild,Seasoned/Sauce/Powder,7,115.0,0.0,805.0
T2025002267,2025-11-08,10:48:00,P0227,CJ Beksul Beef Bulgogi Sauce 290g,Seasoned/Sauce/Powder,10,150.0,0.0,1500.0
T2025002268,2025-11-08,18:55:00,P0073,Perilla Leaves 2Packs,Food Fresh/Meat/Sidedish,3,40.0,0.0,120.0
T2025002268,2025-11-08,18:55:00,P0070,Skinless Garlic 150G,Food Fresh/Meat/Sidedish,8,65.0,0.1,468.0
T2025002268,2025-11-08,18:55:00,P0061,Dried Anchovy Medium 100g,Food Fresh/Meat/Sidedish,3,240.0,0.0,720.0
T2025002268,2025-11-08,18:55:00,P0056,Us Beef Strips 500g,Food Fresh/Meat/Sidedish,9,375.0,0.0,3375.0
T2025002269,2025-11-08,20:16:00,P0193,Paldo Gomtang Ramen,Noodles,2,56.0,0.0,112.0
T2025002270,2025-11-08,17:20:00,P0028,CJ Bibigo Seaweed Soup,Dry Food,3,140.0,0.0,420.0
T2025002270,2025-11-08,17:20:00,P0024,O'Food Kimchi Soup Mix,Dry Food,4,150.0,0.0,600.0
T2025002270,2025-11-08,17:20:00,P0011,CJ  Cooked Rice Plain 210g,Dry Food,6,365.0,0.0,2190.0
T2025002270,2025-11-08,17:20:00,P0033,CJ Beksul Frying Mix,Dry Food,2,120.0,0.0,240.0
T2025002270,2025-11-08,17:20:00,P0043,CJ Hetbahn Cooked Barley,Dry Food,10,95.0,0.0,950.0
T2025002271,2025-11-08,16:55:00,P0188,Nagasaki Jjampong,Noodles,8,60.0,0.0,480.0
T2025002271,2025-11-08,16:55:00,P0162,Ottogi Jin Jjampong,Noodles,5,90.0,0.0,450.0
T2025002271,2025-11-08,16:55:00,P0171,Tempura Udon Big Cup,Noodles,8,75.0,0.0,600.0
T2025002271,2025-11-08,16:55:00,P0169,Samyang Buldak Stew Type 145g,Noodles,10,80.0,0.0,800.0
T2025002271,2025-11-08,16:55:00,P0163,Samyang Buldak Rose 140g,Noodles,5,88.0,0.0,440.0
T2025002272,2025-11-08,21:10:00,P0239,Ottogi Curry Hot,Seasoned/Sauce/Powder,5,115.0,0.0,575.0
T2025002272,2025-11-08,21:10:00,P0240,Ottogi Spaghetti Sauce,Seasoned/Sauce/Powder,4,115.0,0.0,460.0
T2025002272,2025-11-08,21:10:00,P0218,CJ Beksul Beef Bulgogi Sauce 500g,Seasoned/Sauce/Powder,8,250.0,0.0,2000.0
T2025002272,2025-11-08,21:10:00,P0223,Jin Soy Sauce For Soup 860mL,Seasoned/Sauce/Powder,5,205.0,0.0,1025.0
T2025002272,2025-11-08,21:10:00,P0220,CJ  Tteokbokki Sauce 150G 2Pcs,Seasoned/Sauce/Powder,9,235.0,0.0,2115.0
T2025002272,2025-11-08,21:10:00,P0214,Jin Soy Sauce Rich & Savory 860mL,Seasoned/Sauce/Powder,1,315.0,0.0,315.0
T2025002273,2025-11-08,18:14:00,P0266,Bibigo Seaweed Crisps,Snacks,2,110.0,0.0,220.0
T2025002273,2025-11-08,18:14:00,P0277,Orion Turtle Chips Sweet Corn,Snacks,9,89.0,0.0,801.0
T2025002273,2025-11-08,18:14:00,P0265,Orion Almond Candy,Snacks,6,110.0,0.0,660.0
T2025002274,2025-11-08,16:58:00,P0078,Spanish Mackerel 340g,Food Frozen,3,500.0,0.1,1350.0
T2025002274,2025-11-08,16:58:00,P0081,Assi Shrimp Wanton 600g,Food Frozen,3,400.0,0.0,1200.0
T2025002274,2025-11-08,16:58:00,P0101,Daerim  Fish Cake Stick,Food Frozen,9,77.0,0.0,693.0
T2025002274,2025-11-08,16:58:00,P0104,Pepero Original,Food Frozen,5,55.0,0.0,275.0
T2025002275,2025-11-08,17:12:00,P0127,Lets Be Mild Coffee Can 4Pcs,Liquor/Beverage,5,128.0,0.0,640.0
T2025002275,2025-11-08,17:12:00,P0147,Binggrae Coffee Milk,Liquor/Beverage,2,48.0,0.0,96.0
T2025002275,2025-11-08,17:12:00,P0134,KSD Green Grape Rice Wine 750mL,Liquor/Beverage,1,105.0,0.0,105.0
T2025002276,2025-11-08,16:20:00,P0003,Sempio Sesame Oil,Condiments,2,185.0,0.0,370.0
T2025002276,2025-11-08,16:20:00,P0006,Chung Jung One Soy Sauce,Condiments,9,140.0,0.0,1260.0
T2025002277,2025-11-08,11:32:00,P0255,Bibigo Crispy Seaweed Snack,Snacks,8,140.0,0.2,896.0
T2025002277,2025-11-08,11:32:00,P0292,Orion Goraebab Crackers,Snacks,2,75.0,0.0,150.0
T2025002277,2025-11-08,11:32:00,P0263,Samlip Honey Castella,Snacks,8,120.0,0.0,960.0
T2025002277,2025-11-08,11:32:00,P0250,Haitai Honey Butter Almonds,Snacks,1,190.0,0.0,190.0
T2025002277,2025-11-08,11:32:00,P0276,Orion Sun Chips Korean BBQ,Snacks,5,90.0,0.0,450.0
T2025002278,2025-11-08,10:44:00,P0009,CJ Beksul Corn Syrup,Condiments,6,95.0,0.0,570.0
T2025002278,2025-11-08,10:44:00,P0008,Ottogi Corn Syrup,Condiments,8,98.0,0.0,784.0
T2025002278,2025-11-08,10:44:00,P0007,Samyang Spicy Mayo,Condiments,7,130.0,0.0,910.0
T2025002278,2025-11-08,10:44:00,P0001,Ottogi Sesame Oil 500mL,Condiments,2,590.5,0.0,1181.0
T2025002278,2025-11-08,10:44:00,P0004,O'Food Korean Chili Oil,Condiments,4,160.0,0.0,640.0
T2025002279,2025-11-08,19:10:00,P0183,Samyang Kimchi Ramen Bowl,Noodles,3,65.0,0.0,195.0
T2025002279,2025-11-08,19:10:00,P0189,Ottogi Bodle Cheese Ramen,Noodles,1,60.0,0.0,60.0
T2025002280,2025-11-08,17:48:00,P0021,Bibigo Kimbab Kim 10Sheets,Dry Food,7,161.0,0.0,1127.0
T2025002281,2025-11-08,20:30:00,P0053,Shine Spicy Pork Bulgogi Pack,Food Fresh/Meat/Sidedish,3,500.0,0.05,1425.0
T2025002281,2025-11-08,20:30:00,P0067,Wasabi Radish Wrapper 340g,Food Fresh/Meat/Sidedish,7,145.0,0.0,1015.0
T2025002282,2025-11-08,19:14:00,P0091,CJ Bibigo Japchae,Food Frozen,2,220.0,0.05,418.0
T2025002282,2025-11-08,19:14:00,P0099,Daerim  Chaw Spicy Stick 90g,Food Frozen,3,80.0,0.0,240.0
T2025002282,2025-11-08,19:14:00,P0101,Daerim  Fish Cake Stick,Food Frozen,3,77.0,0.05,219.45
T2025002282,2025-11-08,19:14:00,P0083,Moguchon Smoked Bacon 200g,Food Frozen,8,320.0,0.05,2432.0
T2025002283,2025-11-08,21:55:00,P0080,Samyang Buldak Original Spicy Mandu 700g,Food Frozen,5,410.0,0.0,2050.0
T2025002283,2025-11-08,21:55:00,P0078,Spanish Mackerel 340g,Food Frozen,6,500.0,0.0,3000.0
T2025002283,2025-11-08,21:55:00,P0089,Jongga Rice Cake 1Kg,Food Frozen,5,230.0,0.0,1150.0
T2025002283,2025-11-08,21:55:00,P0096,Daerim  Vienna Sausage 170g,Food Frozen,5,145.0,0.0,725.0
T2025002284,2025-11-08,14:39:00,P0058,Homemade Kimchi 850g,Food Fresh/Meat/Sidedish,5,290.0,0.0,1450.0
T2025002284,2025-11-08,14:39:00,P0056,Us Beef Strips 500g,Food Fresh/Meat/Sidedish,3,375.0,0.0,1125.0
T2025002284,2025-11-08,14:39:00,P0060,Homemade Spring Onion Kimchi 350g,Food Fresh/Meat/Sidedish,7,250.0,0.0,1750.0
T2025002284,2025-11-08,14:39:00,P0067,Wasabi Radish Wrapper 340g,Food Fresh/Meat/Sidedish,8,145.0,0.0,1160.0
T2025002284,2025-11-08,14:39:00,P0068,Enoki Mushroom 150G 2Packs,Food Fresh/Meat/Sidedish,9,120.0,0.0,1080.0
T2025002285,2025-11-08,09:37:00,P0008,Ottogi Corn Syrup,Condiments,7,98.0,0.0,686.0
T2025002286,2025-11-08,12:22:00,P0269,Lotte Soft Strawberry Milk Candy 79g,Snacks,1,105.0,0.0,105.0
T2025002286,2025-11-08,12:22:00,P0247,Choco Pie Green Tea 12Pcs,Snacks,7,200.0,0.0,1400.0
T2025002286,2025-11-08,12:22:00,P0261,Lotte Choco Heim,Snacks,10,120.0,0.0,1200.0
T2025002286,2025-11-08,12:22:00,P0277,Orion Turtle Chips Sweet Corn,Snacks,1,89.0,0.0,89.0
T2025002286,2025-11-08,12:22:00,P0300,Can Choco Balls,Snacks,10,45.0,0.0,450.0
T2025002286,2025-11-08,12:22:00,P0263,Samlip Honey Castella,Snacks,2,120.0,0.0,240.0
T2025002287,2025-11-08,14:08:00,P0164,Samyang Buldak 4 Cheese 145g,Noodles,9,88.0,0.0,792.0
T2025002287,2025-11-08,14:08:00,P0180,Samyang Curry Ramen,Noodles,10,68.0,0.0,680.0
T2025002287,2025-11-08,14:08:00,P0200,Paldo Koreno Kimchi Noodle,Noodles,7,50.0,0.0,350.0
T2025002287,2025-11-08,14:08:00,P0159,Nongshim Neuguri Cup 111g,Noodles,5,90.0,0.0,450.0
T2025002288,2025-11-08,12:23:00,P0047,Dongwon Spicy Tuna,Dry Food,8,80.0,0.0,640.0
T2025002288,2025-11-08,12:23:00,P0014,Bibigo Beef Seaweed Soup,Dry Food,8,264.0,0.15,1795.2
T2025002288,2025-11-08,12:23:00,P0031,Yopokki Cheese Cup 120g,Dry Food,3,120.0,0.2,288.0
T2025002289,2025-11-08,11:01:00,P0007,Samyang Spicy Mayo,Condiments,6,130.0,0.2,624.0
T2025002289,2025-11-08,11:01:00,P0005,Ottogi Gold Mayonnaise 300g,Condiments,2,150.0,0.0,300.0
T2025002289,2025-11-08,11:01:00,P0002,Ottogi Gold Mayonnaise 500g,Condiments,5,235.0,0.0,1175.0
T2025002290,2025-11-08,13:44:00,P0042,CJ Hetbahn Brown Rice,Dry Food,1,95.0,0.05,90.25
T2025002290,2025-11-08,13:44:00,P0046,CJ Beksul Potato Starch,Dry Food,9,85.0,0.0,765.0
T2025002290,2025-11-08,13:44:00,P0011,CJ  Cooked Rice Plain 210g,Dry Food,4,365.0,0.0,1460.0
T2025002291,2025-11-08,17:14:00,P0268,Samlip Walnut Pie,Snacks,8,110.0,0.0,880.0
T2025002291,2025-11-08,17:14:00,P0249,Lotte Chocopie 12Pcs,Snacks,3,200.0,0.1,540.0
T2025002291,2025-11-08,17:14:00,P0248,Choco Pie Black Sugar 12Pcs,Snacks,9,200.0,0.0,1800.0
T2025002291,2025-11-08,17:14:00,P0275,Haitai Sweet Potato Snack,Snacks,10,95.0,0.0,950.0
T2025002291,2025-11-08,17:14:00,P0251,Oil Fried & Salted Peanuts,Snacks,3,185.0,0.0,555.0
T2025002292,2025-11-08,11:04:00,P0264,Lotte Ghana Dark Chocolate,Snacks,5,115.0,0.0,575.0
T2025002292,2025-11-08,11:04:00,P0258,Orion Custard Choco Cake,Snacks,2,130.0,0.0,260.0
T2025002292,2025-11-08,11:04:00,P0295,Pepero Almond,Snacks,3,55.0,0.0,165.0
T2025002292,2025-11-08,11:04:00,P0261,Lotte Choco Heim,Snacks,1,120.0,0.0,120.0
T2025002292,2025-11-08,11:04:00,P0250,Haitai Honey Butter Almonds,Snacks,9,190.0,0.0,1710.0
T2025002293,2025-11-08,21:55:00,P0153,Samyang Buldak Cheese Cup,Noodles,5,110.0,0.25,412.5
T2025002293,2025-11-08,21:55:00,P0175,Samyang Jjajang Hot Chicken,Noodles,6,75.0,0.0,450.0
T2025002293,2025-11-08,21:55:00,P0181,Paldo Bibim Cold Noodles,Noodles,9,65.0,0.0,585.0
T2025002293,2025-11-08,21:55:00,P0207,Ottogi Yeul Ramen 120g,Noodles,7,40.0,0.15,238.0
T2025002294,2025-11-08,18:19:00,P0097,Daerim  Cheese Vienna Sausage 105g,Food Frozen,5,120.0,0.0,600.0
T2025002294,2025-11-08,18:19:00,P0092,Daerim  Crab Stick 500g,Food Frozen,10,210.0,0.0,2100.0
T2025002294,2025-11-08,18:19:00,P0096,Daerim  Vienna Sausage 170g,Food Frozen,2,145.0,0.1,261.0
T2025002295,2025-11-08,12:10:00,P0092,Daerim  Crab Stick 500g,Food Frozen,3,210.0,0.0,630.0
T2025002295,2025-11-08,12:10:00,P0103,Daerim  Chaw Stick 100g,Food Frozen,1,73.0,0.0,73.0
T2025002296,2025-11-08,21:08:00,P0146,Binggrae Yogurt Drink,Liquor/Beverage,9,55.0,0.0,495.0
T2025002296,2025-11-08,21:08:00,P0139,Paldo Pororo Juice,Liquor/Beverage,8,65.0,0.15,442.0
T2025002297,2025-11-08,09:36:00,P0161,Paldo Wang Cup,Noodles,5,90.0,0.0,450.0
T2025002297,2025-11-08,09:36:00,P0164,Samyang Buldak 4 Cheese 145g,Noodles,9,88.0,0.0,792.0
T2025002297,2025-11-08,09:36:00,P0183,Samyang Kimchi Ramen Bowl,Noodles,3,65.0,0.0,195.0
T2025002297,2025-11-08,09:36:00,P0197,Nongshim Seafood Ramyun,Noodles,2,52.0,0.0,104.0
T2025002298,2025-11-08,14:59:00,P0300,Can Choco Balls,Snacks,9,45.0,0.0,405.0
T2025002298,2025-11-08,14:59:00,P0262,Orion Custard Pineapple,Snacks,6,120.0,0.0,720.0
T2025002298,2025-11-08,14:59:00,P0268,Samlip Walnut Pie,Snacks,3,110.0,0.0,330.0
T2025002298,2025-11-08,14:59:00,P0250,Haitai Honey Butter Almonds,Snacks,6,190.0,0.0,1140.0
T2025002298,2025-11-08,14:59:00,P0274,Haitai Matdongsan,Snacks,6,95.0,0.0,570.0
T2025002298,2025-11-08,14:59:00,P0298,Pepero White Cookie,Snacks,6,55.0,0.0,330.0
T2025002299,2025-11-08,20:34:00,P0295,Pepero Almond,Snacks,7,55.0,0.2,308.0
T2025002299,2025-11-08,20:34:00,P0293,Lotte Sand Biscuit,Snacks,4,75.0,0.0,300.0
T2025002299,2025-11-08,20:34:00,P0246,Post Almond Flakes,Snacks,6,245.0,0.0,1470.0
T2025002299,2025-11-08,20:34:00,P0252,Lotte Banana Choco Pie 12Pcs,Snacks,6,180.0,0.25,810.0
T2025002299,2025-11-08,20:34:00,P0277,Orion Turtle Chips Sweet Corn,Snacks,1,89.0,0.0,89.0
T2025002300,2025-11-08,10:26:00,P0083,Moguchon Smoked Bacon 200g,Food Frozen,2,320.0,0.0,640.0
T2025002301,2025-11-08,09:54:00,P0075,Bibigo Mul Mandu 370g 2Packs,Food Frozen,8,695.0,0.0,5560.0
T2025002301,2025-11-08,09:54:00,P0077,Daerim  Vienna Sausage 1Kg,Food Frozen,2,580.0,0.0,1160.0
T2025002301,2025-11-08,09:54:00,P0097,Daerim  Cheese Vienna Sausage 105g,Food Frozen,9,120.0,0.0,1080.0
T2025002301,2025-11-08,09:54:00,P0079,Daerim  Kimbab Ham 1Kg,Food Frozen,7,480.0,0.0,3360.0
T2025002301,2025-11-08,09:54:00,P0078,Spanish Mackerel 340g,Food Frozen,1,500.0,0.0,500.0
T2025002302,2025-11-08,16:42:00,P0288,Nongshim Honey Rice Snack,Snacks,3,80.0,0.05,228.0
T2025002302,2025-11-08,16:42:00,P0256,Orion Custard Cake,Snacks,1,130.0,0.0,130.0
T2025002302,2025-11-08,16:42:00,P0253,Orion Market O Brownie,Snacks,2,170.0,0.0,340.0
T2025002302,2025-11-08,16:42:00,P0285,Corn Choco,Snacks,3,80.0,0.0,240.0
T2025002302,2025-11-08,16:42:00,P0299,Lotte Xylitol Green Gum,Snacks,10,55.0,0.15,467.5
T2025002303,2025-11-08,21:20:00,P0048,Dongwon Light Tuna,Dry Food,3,75.0,0.0,225.0
T2025002303,2025-11-08,21:20:00,P0027,Yopokki Cheese 240g,Dry Food,5,145.0,0.0,725.0
T2025002303,2025-11-08,21:20:00,P0020,CJ Beksul Hotteok Mix,Dry Food,9,185.0,0.0,1665.0
T2025002304,2025-11-08,10:46:00,P0123,Cass Cold Brewed Beer 500mL,Liquor/Beverage,2,170.0,0.25,255.0
T2025002304,2025-11-08,10:46:00,P0119,Sempio Yuzu Tea,Liquor/Beverage,6,250.0,0.0,1500.0
T2025002304,2025-11-08,10:46:00,P0105,White Gold Coffee 100Sticks,Liquor/Beverage,6,1150.0,0.25,5175.0
T2025002305,2025-11-08,17:17:00,P0103,Daerim  Chaw Stick 100g,Food Frozen,1,73.0,0.0,73.0
T2025002306,2025-11-08,08:22:00,P0135,KSD Peach Rice Wine 750mL,Liquor/Beverage,3,105.0,0.0,315.0
T2025002306,2025-11-08,08:22:00,P0144,Nongshim Welchs Strawberry 355mL,Liquor/Beverage,7,60.0,0.2,336.0
T2025002307,2025-11-08,10:39:00,P0081,Assi Shrimp Wanton 600g,Food Frozen,4,400.0,0.0,1600.0
T2025002307,2025-11-08,10:39:00,P0079,Daerim  Kimbab Ham 1Kg,Food Frozen,8,480.0,0.0,3840.0
T2025002307,2025-11-08,10:39:00,P0096,Daerim  Vienna Sausage 170g,Food Frozen,8,145.0,0.2,928.0
T2025002307,2025-11-08,10:39:00,P0094,MWC Frank Sausage 5Pcs,Food Frozen,8,173.0,0.05,1314.8
T2025002307,2025-11-08,10:39:00,P0092,Daerim  Crab Stick 500g,Food Frozen,8,210.0,0.0,1680.0
T2025002307,2025-11-08,10:39:00,P0099,Daerim  Chaw Spicy Stick 90g,Food Frozen,8,80.0,0.0,640.0
T2025002308,2025-11-08,13:38:00,P0288,Nongshim Honey Rice Snack,Snacks,2,80.0,0.0,160.0
T2025002308,2025-11-08,13:38:00,P0293,Lotte Sand Biscuit,Snacks,1,75.0,0.0,75.0
T2025002308,2025-11-08,13:38:00,P0289,Crown Corn Chips,Snacks,8,80.0,0.0,640.0
T2025002309,2025-11-08,20:10:00,P0009,CJ Beksul Corn Syrup,Condiments,6,95.0,0.0,570.0
T2025002309,2025-11-08,20:10:00,P0001,Ottogi Sesame Oil 500mL,Condiments,9,590.5,0.0,5314.5
T2025002309,2025-11-08,20:10:00,P0004,O'Food Korean Chili Oil,Condiments,4,160.0,0.0,640.0
T2025002310,2025-11-08,15:05:00,P0220,CJ  Tteokbokki Sauce 150G 2Pcs,Seasoned/Sauce/Powder,10,235.0,0.0,2350.0
T2025002310,2025-11-08,15:05:00,P0239,Ottogi Curry Hot,Seasoned/Sauce/Powder,10,115.0,0.0,1150.0
T2025002311,2025-11-08,19:56:00,P0289,Crown Corn Chips,Snacks,4,80.0,0.0,320.0
T2025002311,2025-11-08,19:56:00,P0261,Lotte Choco Heim,Snacks,10,120.0,0.0,1200.0
T2025002311,2025-11-08,19:56:00,P0298,Pepero White Cookie,Snacks,9,55.0,0.0,495.0
T2025002311,2025-11-08,19:56:00,P0274,Haitai Matdongsan,Snacks,7,95.0,0.0,665.0
T2025002312,2025-11-08,17:26:00,P0153,Samyang Buldak Cheese Cup,Noodles,6,110.0,0.0,660.0
T2025002312,2025-11-08,17:26:00,P0158,Nongshim Shin Ramen Black,Noodles,1,92.0,0.0,92.0
T2025002312,2025-11-08,17:26:00,P0209,Ottogi Kimchi Ramen,Noodles,3,40.0,0.0,120.0
T2025002312,2025-11-08,17:26:00,P0159,Nongshim Neuguri Cup 111g,Noodles,10,90.0,0.0,900.0
T2025002313,2025-11-08,13:55:00,P0125,Jinro Fresh Soju,Liquor/Beverage,9,170.0,0.0,1530.0
T2025002314,2025-11-08,10:07:00,P0002,Ottogi Gold Mayonnaise 500g,Condiments,1,235.0,0.0,235.0
T2025002314,2025-11-08,10:07:00,P0009,CJ Beksul Corn Syrup,Condiments,8,95.0,0.0,760.0
T2025002314,2025-11-08,10:07:00,P0003,Sempio Sesame Oil,Condiments,5,185.0,0.15,786.25
T2025002314,2025-11-08,10:07:00,P0001,Ottogi Sesame Oil 500mL,Condiments,5,590.5,0.0,2952.5
T2025002315,2025-11-08,11:36:00,P0212,Beef Dasida (Soup Stock) 1Kg,Seasoned/Sauce/Powder,6,550.0,0.0,3300.0
T2025002315,2025-11-08,11:36:00,P0224,Seasoned Seaweed 200g,Seasoned/Sauce/Powder,9,190.0,0.0,1710.0
T2025002315,2025-11-08,11:36:00,P0213,Sempio Yondu 500mL,Seasoned/Sauce/Powder,3,345.0,0.0,1035.0
T2025002315,2025-11-08,11:36:00,P0226,CJ Beksul Sweet Korean Pancake Mix 400g,Seasoned/Sauce/Powder,6,155.0,0.0,930.0
T2025002315,2025-11-08,11:36:00,P0238,Ottogi Curry Mild,Seasoned/Sauce/Powder,6,115.0,0.0,690.0
T2025002315,2025-11-08,11:36:00,P0234,CJ Beksul Spicy Pork Sauce 290g,Seasoned/Sauce/Powder,4,130.0,0.0,520.0
T2025002316,2025-11-08,11:05:00,P0095,Samlip Fish Cake Sheets,Food Frozen,10,150.0,0.0,1500.0
T2025002316,2025-11-08,11:05:00,P0083,Moguchon Smoked Bacon 200g,Food Frozen,5,320.0,0.0,1600.0
T2025002316,2025-11-08,11:05:00,P0086,CJ Bibigo Gyoza Dumplings,Food Frozen,3,270.0,0.0,810.0
T2025002317,2025-11-08,17:35:00,P0084,Assi Vegetable Dumplings 675g,Food Frozen,4,285.0,0.0,1140.0
T2025002318,2025-11-08,20:36:00,P0133,Sunhari Blueberry 360mL,Liquor/Beverage,10,120.0,0.0,1200.0
T2025002318,2025-11-08,20:36:00,P0140,Woongjin Yogurt Peach 340mL,Liquor/Beverage,2,60.0,0.0,120.0
T2025002318,2025-11-08,20:36:00,P0105,White Gold Coffee 100Sticks,Liquor/Beverage,6,1150.0,0.0,6900.0
T2025002319,2025-11-08,21:38:00,P0064,Kimbab Radish 400g,Food Fresh/Meat/Sidedish,8,185.0,0.0,1480.0
T2025002320,2025-11-08,11:30:00,P0024,O'Food Kimchi Soup Mix,Dry Food,8,150.0,0.0,1200.0
T2025002321,2025-11-08,21:37:00,P0092,Daerim  Crab Stick 500g,Food Frozen,3,210.0,0.15,535.5
T2025002322,2025-11-08,12:36:00,P0178,Samyang Mala Buldak,Noodles,10,70.0,0.0,700.0
T2025002322,2025-11-08,12:36:00,P0163,Samyang Buldak Rose 140g,Noodles,1,88.0,0.0,88.0
T2025002322,2025-11-08,12:36:00,P0177,Ottogi Beef Seaweed Soup Ramen,Noodles,2,70.0,0.0,140.0
T2025002322,2025-11-08,12:36:00,P0175,Samyang Jjajang Hot Chicken,Noodles,2,75.0,0.0,150.0
T2025002322,2025-11-08,12:36:00,P0198,Paldo Koreno Beef Noodle 100g,Noodles,2,50.0,0.0,100.0
T2025002322,2025-11-08,12:36:00,P0161,Paldo Wang Cup,Noodles,4,90.0,0.0,360.0
T2025002323,2025-11-08,10:21:00,P0094,MWC Frank Sausage 5Pcs,Food Frozen,8,173.0,0.0,1384.0
T2025002323,2025-11-08,10:21:00,P0079,Daerim  Kimbab Ham 1Kg,Food Frozen,8,480.0,0.0,3840.0
T2025002323,2025-11-08,10:21:00,P0089,Jongga Rice Cake 1Kg,Food Frozen,1,230.0,0.0,230.0
T2025002324,2025-11-08,10:33:00,P0150,Samyang Buldak Rosã Ramen 105g,Noodles,5,110.0,0.0,550.0
T2025002324,2025-11-08,10:33:00,P0177,Ottogi Beef Seaweed Soup Ramen,Noodles,8,70.0,0.15,476.0
T2025002324,2025-11-08,10:33:00,P0160,Paldo Wang Cup Kimchi,Noodles,5,90.0,0.0,450.0
T2025002324,2025-11-08,10:33:00,P0199,Paldo Koreno Shrimp Noodle,Noodles,3,50.0,0.0,150.0
T2025002324,2025-11-08,10:33:00,P0153,Samyang Buldak Cheese Cup,Noodles,3,110.0,0.0,330.0
T2025002325,2025-11-08,11:18:00,P0279,Orion O! Karto Sweet Corn,Snacks,3,88.0,0.0,264.0
T2025002325,2025-11-08,11:18:00,P0282,Orion Choco Boy,Snacks,8,85.0,0.2,544.0
T2025002325,2025-11-08,11:18:00,P0283,Orion Ogingo Ttangkong,Snacks,7,83.0,0.0,581.0
T2025002326,2025-11-08,20:20:00,P0238,Ottogi Curry Mild,Seasoned/Sauce/Powder,7,115.0,0.0,805.0
T2025002326,2025-11-08,20:20:00,P0228,Sempio Gochujang (500g),Seasoned/Sauce/Powder,9,145.0,0.0,1305.0
T2025002326,2025-11-08,20:20:00,P0242,CJ  Gochujang 200g,Seasoned/Sauce/Powder,2,100.0,0.0,200.0
T2025002326,2025-11-08,20:20:00,P0222,CJ  Soybean Paste 1Kg,Seasoned/Sauce/Powder,2,208.0,0.0,416.0
T2025002326,2025-11-08,20:20:00,P0233,O'Food Korean Fried Chicken Sauce,Seasoned/Sauce/Powder,10,135.0,0.0,1350.0
T2025002327,2025-11-08,10:22:00,P0069,Bibigo Beef Bone Soup,Food Fresh/Meat/Sidedish,4,110.0,0.0,440.0
T2025002328,2025-11-08,19:35:00,P0023,Dongwon  Luncheon Meat 340g,Dry Food,8,155.0,0.2,992.0
T2025002328,2025-11-08,19:35:00,P0045,CJ Beksul Wheat Flour,Dry Food,9,90.0,0.0,810.0
T2025002328,2025-11-08,19:35:00,P0010,Daerim  Big Smoke Ham 1Kg,Dry Food,7,480.0,0.0,3360.0
T2025002329,2025-11-08,19:57:00,P0124,Terra Lager Beer 500mL,Liquor/Beverage,4,170.0,0.0,680.0
T2025002329,2025-11-08,19:57:00,P0127,Lets Be Mild Coffee Can 4Pcs,Liquor/Beverage,6,128.0,0.1,691.2
T2025002329,2025-11-08,19:57:00,P0119,Sempio Yuzu Tea,Liquor/Beverage,3,250.0,0.0,750.0
T2025002330,2025-11-08,15:04:00,P0281,Haitai Ace Crackers,Snacks,6,85.0,0.0,510.0
T2025002330,2025-11-08,15:04:00,P0282,Orion Choco Boy,Snacks,10,85.0,0.15,722.5
T2025002330,2025-11-08,15:04:00,P0272,Haitai  Sunkist Candy 125g,Snacks,9,95.0,0.05,812.25
T2025002331,2025-11-08,09:32:00,P0068,Enoki Mushroom 150G 2Packs,Food Fresh/Meat/Sidedish,8,120.0,0.0,960.0
T2025002331,2025-11-08,09:32:00,P0055,Beef Enoki Roll 500g,Food Fresh/Meat/Sidedish,9,410.0,0.1,3321.0
T2025002332,2025-11-09,09:48:00,P0208,Ottogi Jin Ramen Mild,Noodles,4,40.0,0.0,160.0
T2025002332,2025-11-09,09:48:00,P0151,Samyang Buldak 4 Cheese Ramen 110g,Noodles,6,110.0,0.0,660.0
T2025002332,2025-11-09,09:48:00,P0198,Paldo Koreno Beef Noodle 100g,Noodles,3,50.0,0.0,150.0
T2025002332,2025-11-09,09:48:00,P0207,Ottogi Yeul Ramen 120g,Noodles,3,40.0,0.0,120.0
T2025002332,2025-11-09,09:48:00,P0196,Paldo Cheese Ramen,Noodles,5,55.0,0.15,233.75
T2025002332,2025-11-09,09:48:00,P0175,Samyang Jjajang Hot Chicken,Noodles,10,75.0,0.25,562.5
T2025002333,2025-11-09,21:16:00,P0219,CJ Beksul Spicy Pork Sauce 500g,Seasoned/Sauce/Powder,2,240.0,0.0,480.0
T2025002333,2025-11-09,21:16:00,P0230,CJ Beksul Pancake Sauce,Seasoned/Sauce/Powder,3,145.0,0.1,391.5
T2025002333,2025-11-09,21:16:00,P0215,Ottogi Wasabi Powder 300g,Seasoned/Sauce/Powder,2,290.0,0.0,580.0
T2025002333,2025-11-09,21:16:00,P0228,Sempio Gochujang (500g),Seasoned/Sauce/Powder,1,145.0,0.15,123.25
T2025002333,2025-11-09,21:16:00,P0225,Chung Jung One Soybean Paste,Seasoned/Sauce/Powder,1,160.0,0.0,160.0
T2025002334,2025-11-09,18:45:00,P0072,Kongsarang Soft Tofu,Food Fresh/Meat/Sidedish,3,65.0,0.0,195.0
T2025002334,2025-11-09,18:45:00,P0061,Dried Anchovy Medium 100g,Food Fresh/Meat/Sidedish,7,240.0,0.0,1680.0
T2025002334,2025-11-09,18:45:00,P0049,Our Home Kimchi 1Kg,Food Fresh/Meat/Sidedish,1,320.5,0.0,320.5
T2025002334,2025-11-09,18:45:00,P0054,Chadolbagi Wagyu 500g,Food Fresh/Meat/Sidedish,1,475.0,0.2,380.0
T2025002334,2025-11-09,18:45:00,P0060,Homemade Spring Onion Kimchi 350g,Food Fresh/Meat/Sidedish,5,250.0,0.0,1250.0
T2025002334,2025-11-09,18:45:00,P0069,Bibigo Beef Bone Soup,Food Fresh/Meat/Sidedish,1,110.0,0.0,110.0
T2025002335,2025-11-09,12:34:00,P0218,CJ Beksul Beef Bulgogi Sauce 500g,Seasoned/Sauce/Powder,9,250.0,0.0,2250.0
T2025002335,2025-11-09,12:34:00,P0227,CJ Beksul Beef Bulgogi Sauce 290g,Seasoned/Sauce/Powder,7,150.0,0.0,1050.0
T2025002335,2025-11-09,12:34:00,P0234,CJ Beksul Spicy Pork Sauce 290g,Seasoned/Sauce/Powder,9,130.0,0.05,1111.5
T2025002336,2025-11-09,08:22:00,P0062,Dried Anchovy Small 100g,Food Fresh/Meat/Sidedish,10,240.0,0.0,2400.0
T2025002337,2025-11-09,20:35:00,P0277,Orion Turtle Chips Sweet Corn,Snacks,1,89.0,0.0,89.0
T2025002337,2025-11-09,20:35:00,P0284,Kkokal Sweet Corn Snack,Snacks,5,80.0,0.0,400.0
T2025002337,2025-11-09,20:35:00,P0280,Nongshim Potato Sticks,Snacks,8,85.0,0.15,578.0
T2025002337,2025-11-09,20:35:00,P0290,Doritos Galbi Chicken,Snacks,5,77.0,0.0,385.0
T2025002338,2025-11-09,21:17:00,P0279,Orion O! Karto Sweet Corn,Snacks,4,88.0,0.0,352.0
T2025002338,2025-11-09,21:17:00,P0255,Bibigo Crispy Seaweed Snack,Snacks,3,140.0,0.0,420.0
T2025002338,2025-11-09,21:17:00,P0261,Lotte Choco Heim,Snacks,9,120.0,0.0,1080.0
T2025002338,2025-11-09,21:17:00,P0247,Choco Pie Green Tea 12Pcs,Snacks,8,200.0,0.05,1520.0
T2025002339,2025-11-09,12:01:00,P0143,Nongshim Welchs Grape 355mL,Liquor/Beverage,2,60.0,0.0,120.0
T2025002339,2025-11-09,12:01:00,P0114,Banana Milk 200mL 6Pcs,Liquor/Beverage,6,290.0,0.0,1740.0
T2025002340,2025-11-09,08:59:00,P0148,Binggrae Strawberry Milk,Liquor/Beverage,8,45.0,0.0,360.0
T2025002340,2025-11-09,08:59:00,P0106,Mocha Gold Coffee 100Sticks,Liquor/Beverage,8,1100.0,0.0,8800.0
T2025002340,2025-11-09,08:59:00,P0147,Binggrae Coffee Milk,Liquor/Beverage,7,48.0,0.0,336.0
T2025002340,2025-11-09,08:59:00,P0123,Cass Cold Brewed Beer 500mL,Liquor/Beverage,10,170.0,0.0,1700.0
T2025002340,2025-11-09,08:59:00,P0109,(꽃샘) Concentrated Flavored Drink 600g,Liquor/Beverage,10,370.0,0.0,3700.0
T2025002340,2025-11-09,08:59:00,P0131,Sunhari Yogurt 360mL,Liquor/Beverage,1,120.0,0.0,120.0
T2025002341,2025-11-09,18:24:00,P0025,Sempio Yellow Peach In Can 400g,Dry Food,3,145.0,0.0,435.0
T2025002342,2025-11-09,20:52:00,P0294,Pepero Strawberry,Snacks,10,55.0,0.15,467.5
T2025002342,2025-11-09,20:52:00,P0284,Kkokal Sweet Corn Snack,Snacks,4,80.0,0.0,320.0
T2025002342,2025-11-09,20:52:00,P0248,Choco Pie Black Sugar 12Pcs,Snacks,8,200.0,0.0,1600.0
T2025002343,2025-11-09,10:02:00,P0094,MWC Frank Sausage 5Pcs,Food Frozen,5,173.0,0.0,865.0
T2025002343,2025-11-09,10:02:00,P0091,CJ Bibigo Japchae,Food Frozen,5,220.0,0.0,1100.0
T2025002344,2025-11-09,18:20:00,P0193,Paldo Gomtang Ramen,Noodles,10,56.0,0.0,560.0
T2025002345,2025-11-09,13:21:00,P0096,Daerim  Vienna Sausage 170g,Food Frozen,7,145.0,0.0,1015.0
T2025002345,2025-11-09,13:21:00,P0097,Daerim  Cheese Vienna Sausage 105g,Food Frozen,7,120.0,0.0,840.0
T2025002346,2025-11-09,20:43:00,P0022,Ottogi Tteokbokki Cup,Dry Food,5,160.0,0.15,680.0
T2025002346,2025-11-09,20:43:00,P0031,Yopokki Cheese Cup 120g,Dry Food,6,120.0,0.0,720.0
T2025002346,2025-11-09,20:43:00,P0047,Dongwon Spicy Tuna,Dry Food,8,80.0,0.0,640.0
T2025002346,2025-11-09,20:43:00,P0033,CJ Beksul Frying Mix,Dry Food,9,120.0,0.0,1080.0
T2025002346,2025-11-09,20:43:00,P0017,Bibigo Seaweed Flakes 50g,Dry Food,3,210.0,0.2,504.0
T2025002347,2025-11-09,19:55:00,P0017,Bibigo Seaweed Flakes 50g,Dry Food,5,210.0,0.0,1050.0
T2025002347,2025-11-09,19:55:00,P0039,Ottogi 3Mins Curry,Dry Food,9,99.0,0.0,891.0
T2025002348,2025-11-09,10:39:00,P0103,Daerim  Chaw Stick 100g,Food Frozen,3,73.0,0.0,219.0
T2025002349,2025-11-09,09:56:00,P0239,Ottogi Curry Hot,Seasoned/Sauce/Powder,9,115.0,0.0,1035.0
T2025002349,2025-11-09,09:56:00,P0242,CJ  Gochujang 200g,Seasoned/Sauce/Powder,3,100.0,0.2,240.0
T2025002349,2025-11-09,09:56:00,P0226,CJ Beksul Sweet Korean Pancake Mix 400g,Seasoned/Sauce/Powder,1,155.0,0.0,155.0
T2025002349,2025-11-09,09:56:00,P0219,CJ Beksul Spicy Pork Sauce 500g,Seasoned/Sauce/Powder,5,240.0,0.0,1200.0
T2025002349,2025-11-09,09:56:00,P0240,Ottogi Spaghetti Sauce,Seasoned/Sauce/Powder,6,115.0,0.0,690.0
T2025002349,2025-11-09,09:56:00,P0232,O'Food Tofu Stew Base,Seasoned/Sauce/Powder,7,135.0,0.0,945.0
T2025002350,2025-11-09,13:40:00,P0098,Daerim  Crabstick 216g,Food Frozen,6,98.0,0.0,588.0
T2025002350,2025-11-09,13:40:00,P0099,Daerim  Chaw Spicy Stick 90g,Food Frozen,7,80.0,0.0,560.0
T2025002350,2025-11-09,13:40:00,P0096,Daerim  Vienna Sausage 170g,Food Frozen,4,145.0,0.0,580.0
T2025002350,2025-11-09,13:40:00,P0087,Bibigo Crispy Seaweed Roll,Food Frozen,10,260.0,0.0,2600.0
T2025002350,2025-11-09,13:40:00,P0081,Assi Shrimp Wanton 600g,Food Frozen,9,400.0,0.0,3600.0
T2025002350,2025-11-09,13:40:00,P0104,Pepero Original,Food Frozen,10,55.0,0.0,550.0
T2025002351,2025-11-09,08:26:00,P0081,Assi Shrimp Wanton 600g,Food Frozen,2,400.0,0.0,800.0
T2025002352,2025-11-09,21:22:00,P0081,Assi Shrimp Wanton 600g,Food Frozen,10,400.0,0.0,4000.0
T2025002352,2025-11-09,21:22:00,P0083,Moguchon Smoked Bacon 200g,Food Frozen,3,320.0,0.1,864.0
T2025002352,2025-11-09,21:22:00,P0096,Daerim  Vienna Sausage 170g,Food Frozen,8,145.0,0.0,1160.0
T2025002353,2025-11-09,18:00:00,P0260,Binch Biscuit,Snacks,10,120.0,0.0,1200.0
T2025002353,2025-11-09,18:00:00,P0282,Orion Choco Boy,Snacks,6,85.0,0.0,510.0
T2025002353,2025-11-09,18:00:00,P0265,Orion Almond Candy,Snacks,2,110.0,0.0,220.0
T2025002354,2025-11-09,10:20:00,P0106,Mocha Gold Coffee 100Sticks,Liquor/Beverage,4,1100.0,0.0,4400.0
T2025002354,2025-11-09,10:20:00,P0130,Sunhari Apple 360mL,Liquor/Beverage,9,120.0,0.0,1080.0
T2025002354,2025-11-09,10:20:00,P0129,Sunhari Grape 360mL,Liquor/Beverage,4,120.0,0.0,480.0
T2025002354,2025-11-09,10:20:00,P0128,Chamiseul Fresh 360mL,Liquor/Beverage,3,120.0,0.0,360.0
T2025002354,2025-11-09,10:20:00,P0140,Woongjin Yogurt Peach 340mL,Liquor/Beverage,2,60.0,0.0,120.0
T2025002354,2025-11-09,10:20:00,P0113,Binggre Melon Milk 200mL 6Pcs,Liquor/Beverage,1,290.0,0.0,290.0
T2025002355,2025-11-09,21:38:00,P0202,Nongshim Ansung Tangmen,Noodles,3,50.0,0.0,150.0
T2025002356,2025-11-09,09:04:00,P0231,O'Food Bulgogi Marinade,Seasoned/Sauce/Powder,7,145.0,0.05,964.25
T2025002356,2025-11-09,09:04:00,P0232,O'Food Tofu Stew Base,Seasoned/Sauce/Powder,7,135.0,0.0,945.0
T2025002356,2025-11-09,09:04:00,P0238,Ottogi Curry Mild,Seasoned/Sauce/Powder,8,115.0,0.0,920.0
T2025002356,2025-11-09,09:04:00,P0229,O'Food Korean BBQ Sauce,Seasoned/Sauce/Powder,6,145.0,0.0,870.0
T2025002356,2025-11-09,09:04:00,P0239,Ottogi Curry Hot,Seasoned/Sauce/Powder,9,115.0,0.0,1035.0
T2025002357,2025-11-09,14:10:00,P0159,Nongshim Neuguri Cup 111g,Noodles,5,90.0,0.0,450.0
T2025002357,2025-11-09,14:10:00,P0168,Samyang Carbo Buldak,Noodles,10,88.0,0.0,880.0
T2025002358,2025-11-09,08:48:00,P0211,Ottogi Jin Ramen Hot,Noodles,3,40.0,0.0,120.0
T2025002358,2025-11-09,08:48:00,P0183,Samyang Kimchi Ramen Bowl,Noodles,10,65.0,0.0,650.0
T2025002358,2025-11-09,08:48:00,P0191,Paldo Teumsae Ramen,Noodles,7,60.0,0.0,420.0
T2025002358,2025-11-09,08:48:00,P0170,Ottogi Jin Jjajang,Noodles,3,80.0,0.0,240.0
T2025002359,2025-11-09,20:26:00,P0167,Samyang Cheese Buldak,Noodles,9,88.0,0.0,792.0
T2025002360,2025-11-09,10:28:00,P0059,Pork Belly (Samgyupsal) 500g,Food Fresh/Meat/Sidedish,9,275.0,0.0,2475.0
T2025002360,2025-11-09,10:28:00,P0073,Perilla Leaves 2Packs,Food Fresh/Meat/Sidedish,7,40.0,0.0,280.0
T2025002361,2025-11-09,13:05:00,P0205,Ottogi Yeul Ramen,Noodles,5,48.0,0.0,240.0
T2025002361,2025-11-09,13:05:00,P0208,Ottogi Jin Ramen Mild,Noodles,5,40.0,0.0,200.0
T2025002361,2025-11-09,13:05:00,P0163,Samyang Buldak Rose 140g,Noodles,7,88.0,0.0,616.0
T2025002362,2025-11-09,13:57:00,P0218,CJ Beksul Beef Bulgogi Sauce 500g,Seasoned/Sauce/Powder,7,250.0,0.0,1750.0
T2025002362,2025-11-09,13:57:00,P0230,CJ Beksul Pancake Sauce,Seasoned/Sauce/Powder,4,145.0,0.0,580.0
T2025002363,2025-11-09,10:55:00,P0061,Dried Anchovy Medium 100g,Food Fresh/Meat/Sidedish,5,240.0,0.25,900.0
T2025002363,2025-11-09,10:55:00,P0050,Boneless Rib Eye 250g,Food Fresh/Meat/Sidedish,9,750.0,0.0,6750.0
T2025002363,2025-11-09,10:55:00,P0069,Bibigo Beef Bone Soup,Food Fresh/Meat/Sidedish,7,110.0,0.0,770.0
T2025002364,2025-11-09,14:50:00,P0224,Seasoned Seaweed 200g,Seasoned/Sauce/Powder,10,190.0,0.0,1900.0
T2025002365,2025-11-09,17:26:00,P0200,Paldo Koreno Kimchi Noodle,Noodles,8,50.0,0.0,400.0
T2025002365,2025-11-09,17:26:00,P0170,Ottogi Jin Jjajang,Noodles,2,80.0,0.0,160.0
T2025002366,2025-11-09,09:49:00,P0288,Nongshim Honey Rice Snack,Snacks,6,80.0,0.0,480.0
T2025002366,2025-11-09,09:49:00,P0244,Wasabi Almond 190g,Snacks,3,440.0,0.0,1320.0
T2025002367,2025-11-09,19:37:00,P0172,Ottogi Jin Hot Big Cup,Noodles,9,75.0,0.25,506.25
T2025002368,2025-11-09,19:57:00,P0127,Lets Be Mild Coffee Can 4Pcs,Liquor/Beverage,2,128.0,0.0,256.0
T2025002368,2025-11-09,19:57:00,P0119,Sempio Yuzu Tea,Liquor/Beverage,4,250.0,0.0,1000.0
T2025002368,2025-11-09,19:57:00,P0136,Cass Fresh Beer,Liquor/Beverage,6,85.0,0.0,510.0
T2025002368,2025-11-09,19:57:00,P0109,(꽃샘) Concentrated Flavored Drink 600g,Liquor/Beverage,4,370.0,0.0,1480.0
T2025002369,2025-11-09,08:03:00,P0031,Yopokki Cheese Cup 120g,Dry Food,2,120.0,0.0,240.0
T2025002369,2025-11-09,08:03:00,P0017,Bibigo Seaweed Flakes 50g,Dry Food,9,210.0,0.0,1890.0
T2025002369,2025-11-09,08:03:00,P0042,CJ Hetbahn Brown Rice,Dry Food,10,95.0,0.1,855.0
T2025002370,2025-11-09,21:42:00,P0074,Bibigo Fried Dumplings 450g,Food Frozen,9,740.0,0.0,6660.0
T2025002371,2025-11-09,10:17:00,P0119,Sempio Yuzu Tea,Liquor/Beverage,2,250.0,0.0,500.0
T2025002371,2025-11-09,10:17:00,P0129,Sunhari Grape 360mL,Liquor/Beverage,2,120.0,0.0,240.0
T2025002371,2025-11-09,10:17:00,P0114,Banana Milk 200mL 6Pcs,Liquor/Beverage,4,290.0,0.25,870.0
T2025002371,2025-11-09,10:17:00,P0123,Cass Cold Brewed Beer 500mL,Liquor/Beverage,8,170.0,0.1,1224.0
T2025002371,2025-11-09,10:17:00,P0131,Sunhari Yogurt 360mL,Liquor/Beverage,8,120.0,0.0,960.0
T2025002372,2025-11-09,12:18:00,P0094,MWC Frank Sausage 5Pcs,Food Frozen,8,173.0,0.0,1384.0
T2025002372,2025-11-09,12:18:00,P0077,Daerim  Vienna Sausage 1Kg,Food Frozen,8,580.0,0.0,4640.0
T2025002372,2025-11-09,12:18:00,P0100,Binggrae Ice Cream Sandwich,Food Frozen,6,80.0,0.15,408.0
T2025002372,2025-11-09,12:18:00,P0099,Daerim  Chaw Spicy Stick 90g,Food Frozen,10,80.0,0.0,800.0
T2025002372,2025-11-09,12:18:00,P0075,Bibigo Mul Mandu 370g 2Packs,Food Frozen,10,695.0,0.0,6950.0
T2025002372,2025-11-09,12:18:00,P0080,Samyang Buldak Original Spicy Mandu 700g,Food Frozen,3,410.0,0.0,1230.0
T2025002373,2025-11-09,09:55:00,P0039,Ottogi 3Mins Curry,Dry Food,4,99.0,0.2,316.8
T2025002373,2025-11-09,09:55:00,P0044,Ottogi Vegetable Soup 80g,Dry Food,6,90.0,0.25,405.0
T2025002373,2025-11-09,09:55:00,P0026,Yopokki Sweet & Spicy 280g,Dry Food,9,145.0,0.0,1305.0
T2025002373,2025-11-09,09:55:00,P0045,CJ Beksul Wheat Flour,Dry Food,2,90.0,0.1,162.0
T2025002373,2025-11-09,09:55:00,P0028,CJ Bibigo Seaweed Soup,Dry Food,10,140.0,0.0,1400.0
T2025002374,2025-11-09,09:58:00,P0127,Lets Be Mild Coffee Can 4Pcs,Liquor/Beverage,8,128.0,0.0,1024.0
T2025002374,2025-11-09,09:58:00,P0133,Sunhari Blueberry 360mL,Liquor/Beverage,10,120.0,0.1,1080.0
T2025002375,2025-11-09,10:17:00,P0219,CJ Beksul Spicy Pork Sauce 500g,Seasoned/Sauce/Powder,9,240.0,0.0,2160.0
T2025002375,2025-11-09,10:17:00,P0221,CJ  Gochujang 500g,Seasoned/Sauce/Powder,1,220.0,0.0,220.0
T2025002375,2025-11-09,10:17:00,P0228,Sempio Gochujang (500g),Seasoned/Sauce/Powder,4,145.0,0.0,580.0
T2025002375,2025-11-09,10:17:00,P0231,O'Food Bulgogi Marinade,Seasoned/Sauce/Powder,2,145.0,0.0,290.0
T2025002375,2025-11-09,10:17:00,P0237,O'Food Tteokbokki Sauce,Seasoned/Sauce/Powder,2,120.0,0.0,240.0
T2025002375,2025-11-09,10:17:00,P0218,CJ Beksul Beef Bulgogi Sauce 500g,Seasoned/Sauce/Powder,3,250.0,0.0,750.0
T2025002376,2025-11-09,11:06:00,P0214,Jin Soy Sauce Rich & Savory 860mL,Seasoned/Sauce/Powder,10,315.0,0.2,2520.0
T2025002377,2025-11-09,18:51:00,P0101,Daerim  Fish Cake Stick,Food Frozen,6,77.0,0.1,415.8
T2025002377,2025-11-09,18:51:00,P0092,Daerim  Crab Stick 500g,Food Frozen,10,210.0,0.0,2100.0
T2025002378,2025-11-09,15:07:00,P0108,Ottogi Honey Citron Tea 1Kg,Liquor/Beverage,2,530.0,0.0,1060.0
T2025002379,2025-11-09,15:23:00,P0002,Ottogi Gold Mayonnaise 500g,Condiments,7,235.0,0.0,1645.0
T2025002379,2025-11-09,15:23:00,P0008,Ottogi Corn Syrup,Condiments,1,98.0,0.0,98.0
T2025002380,2025-11-09,14:19:00,P0072,Kongsarang Soft Tofu,Food Fresh/Meat/Sidedish,7,65.0,0.0,455.0
T2025002381,2025-11-09,21:23:00,P0013,Dongwon  Whelk In Can 140g,Dry Food,5,280.0,0.0,1400.0
T2025002381,2025-11-09,21:23:00,P0048,Dongwon Light Tuna,Dry Food,9,75.0,0.0,675.0
T2025002382,2025-11-09,16:44:00,P0133,Sunhari Blueberry 360mL,Liquor/Beverage,5,120.0,0.0,600.0
T2025002383,2025-11-09,11:24:00,P0005,Ottogi Gold Mayonnaise 300g,Condiments,1,150.0,0.05,142.5
T2025002383,2025-11-09,11:24:00,P0003,Sempio Sesame Oil,Condiments,7,185.0,0.0,1295.0
T2025002384,2025-11-09,18:20:00,P0125,Jinro Fresh Soju,Liquor/Beverage,5,170.0,0.0,850.0
T2025002384,2025-11-09,18:20:00,P0146,Binggrae Yogurt Drink,Liquor/Beverage,1,55.0,0.0,55.0
T2025002384,2025-11-09,18:20:00,P0139,Paldo Pororo Juice,Liquor/Beverage,5,65.0,0.0,325.0
T2025002385,2025-11-09,19:26:00,P0049,Our Home Kimchi 1Kg,Food Fresh/Meat/Sidedish,6,320.5,0.0,1923.0
T2025002386,2025-11-09,09:38:00,P0214,Jin Soy Sauce Rich & Savory 860mL,Seasoned/Sauce/Powder,3,315.0,0.05,897.75
T2025002386,2025-11-09,09:38:00,P0241,CJ Anchovy Sauce 500g,Seasoned/Sauce/Powder,9,105.0,0.0,945.0
T2025002386,2025-11-09,09:38:00,P0234,CJ Beksul Spicy Pork Sauce 290g,Seasoned/Sauce/Powder,9,130.0,0.0,1170.0
T2025002386,2025-11-09,09:38:00,P0232,O'Food Tofu Stew Base,Seasoned/Sauce/Powder,7,135.0,0.0,945.0
T2025002386,2025-11-09,09:38:00,P0215,Ottogi Wasabi Powder 300g,Seasoned/Sauce/Powder,8,290.0,0.0,2320.0
T2025002387,2025-11-09,17:59:00,P0101,Daerim  Fish Cake Stick,Food Frozen,3,77.0,0.0,231.0
T2025002387,2025-11-09,17:59:00,P0103,Daerim  Chaw Stick 100g,Food Frozen,1,73.0,0.0,73.0
T2025002387,2025-11-09,17:59:00,P0084,Assi Vegetable Dumplings 675g,Food Frozen,7,285.0,0.0,1995.0
T2025002387,2025-11-09,17:59:00,P0091,CJ Bibigo Japchae,Food Frozen,8,220.0,0.0,1760.0
T2025002387,2025-11-09,17:59:00,P0074,Bibigo Fried Dumplings 450g,Food Frozen,10,740.0,0.0,7400.0
T2025002388,2025-11-09,14:42:00,P0246,Post Almond Flakes,Snacks,1,245.0,0.0,245.0
T2025002388,2025-11-09,14:42:00,P0294,Pepero Strawberry,Snacks,7,55.0,0.0,385.0
T2025002388,2025-11-09,14:42:00,P0259,Nongshim Sengseng U-Dong,Snacks,1,125.0,0.0,125.0
T2025002389,2025-11-09,11:33:00,P0239,Ottogi Curry Hot,Seasoned/Sauce/Powder,9,115.0,0.0,1035.0
T2025002389,2025-11-09,11:33:00,P0241,CJ Anchovy Sauce 500g,Seasoned/Sauce/Powder,9,105.0,0.0,945.0
T2025002389,2025-11-09,11:33:00,P0242,CJ  Gochujang 200g,Seasoned/Sauce/Powder,4,100.0,0.0,400.0
T2025002389,2025-11-09,11:33:00,P0226,CJ Beksul Sweet Korean Pancake Mix 400g,Seasoned/Sauce/Powder,6,155.0,0.0,930.0
T2025002390,2025-11-09,12:27:00,P0064,Kimbab Radish 400g,Food Fresh/Meat/Sidedish,8,185.0,0.0,1480.0
T2025002390,2025-11-09,12:27:00,P0059,Pork Belly (Samgyupsal) 500g,Food Fresh/Meat/Sidedish,5,275.0,0.0,1375.0
T2025002390,2025-11-09,12:27:00,P0055,Beef Enoki Roll 500g,Food Fresh/Meat/Sidedish,9,410.0,0.0,3690.0
T2025002390,2025-11-09,12:27:00,P0061,Dried Anchovy Medium 100g,Food Fresh/Meat/Sidedish,8,240.0,0.0,1920.0
T2025002391,2025-11-09,13:14:00,P0052,Shine Beef Bulgogi Pack,Food Fresh/Meat/Sidedish,7,550.0,0.0,3850.0
T2025002391,2025-11-09,13:14:00,P0070,Skinless Garlic 150G,Food Fresh/Meat/Sidedish,3,65.0,0.1,175.5
T2025002391,2025-11-09,13:14:00,P0056,Us Beef Strips 500g,Food Fresh/Meat/Sidedish,8,375.0,0.2,2400.0
T2025002391,2025-11-09,13:14:00,P0053,Shine Spicy Pork Bulgogi Pack,Food Fresh/Meat/Sidedish,10,500.0,0.1,4500.0
T2025002391,2025-11-09,13:14:00,P0062,Dried Anchovy Small 100g,Food Fresh/Meat/Sidedish,2,240.0,0.15,408.0
T2025002392,2025-11-09,21:51:00,P0084,Assi Vegetable Dumplings 675g,Food Frozen,5,285.0,0.0,1425.0
T2025002393,2025-11-09,16:43:00,P0009,CJ Beksul Corn Syrup,Condiments,2,95.0,0.0,190.0
T2025002393,2025-11-09,16:43:00,P0007,Samyang Spicy Mayo,Condiments,6,130.0,0.0,780.0
T2025002393,2025-11-09,16:43:00,P0003,Sempio Sesame Oil,Condiments,9,185.0,0.0,1665.0
T2025002393,2025-11-09,16:43:00,P0001,Ottogi Sesame Oil 500mL,Condiments,4,590.5,0.15,2007.7
T2025002394,2025-11-09,21:32:00,P0238,Ottogi Curry Mild,Seasoned/Sauce/Powder,5,115.0,0.0,575.0
T2025002394,2025-11-09,21:32:00,P0219,CJ Beksul Spicy Pork Sauce 500g,Seasoned/Sauce/Powder,2,240.0,0.0,480.0
T2025002394,2025-11-09,21:32:00,P0243,CJ  Ssamjang 170g,Seasoned/Sauce/Powder,6,88.0,0.0,528.0
T2025002394,2025-11-09,21:32:00,P0233,O'Food Korean Fried Chicken Sauce,Seasoned/Sauce/Powder,1,135.0,0.0,135.0
T2025002395,2025-11-09,10:01:00,P0064,Kimbab Radish 400g,Food Fresh/Meat/Sidedish,1,185.0,0.0,185.0
T2025002395,2025-11-09,10:01:00,P0067,Wasabi Radish Wrapper 340g,Food Fresh/Meat/Sidedish,7,145.0,0.0,1015.0
T2025002396,2025-11-09,09:24:00,P0109,(꽃샘) Concentrated Flavored Drink 600g,Liquor/Beverage,1,370.0,0.0,370.0
T2025002397,2025-11-09,09:20:00,P0243,CJ  Ssamjang 170g,Seasoned/Sauce/Powder,2,88.0,0.0,176.0
T2025002397,2025-11-09,09:20:00,P0221,CJ  Gochujang 500g,Seasoned/Sauce/Powder,4,220.0,0.25,660.0
T2025002397,2025-11-09,09:20:00,P0228,Sempio Gochujang (500g),Seasoned/Sauce/Powder,4,145.0,0.1,522.0
T2025002398,2025-11-09,14:06:00,P0221,CJ  Gochujang 500g,Seasoned/Sauce/Powder,8,220.0,0.25,1320.0
T2025002398,2025-11-09,14:06:00,P0231,O'Food Bulgogi Marinade,Seasoned/Sauce/Powder,9,145.0,0.0,1305.0
T2025002398,2025-11-09,14:06:00,P0213,Sempio Yondu 500mL,Seasoned/Sauce/Powder,4,345.0,0.0,1380.0
T2025002399,2025-11-09,16:31:00,P0225,Chung Jung One Soybean Paste,Seasoned/Sauce/Powder,3,160.0,0.0,480.0
T2025002400,2025-11-09,18:19:00,P0110,Mitte Hot Choco Original 300g,Liquor/Beverage,5,370.0,0.0,1850.0
T2025002400,2025-11-09,18:19:00,P0127,Lets Be Mild Coffee Can 4Pcs,Liquor/Beverage,5,128.0,0.0,640.0
T2025002400,2025-11-09,18:19:00,P0134,KSD Green Grape Rice Wine 750mL,Liquor/Beverage,3,105.0,0.0,315.0
T2025002401,2025-11-09,08:24:00,P0184,Nongshim Baehongdong Bibimyeon 137g,Noodles,5,61.0,0.1,274.5
T2025002401,2025-11-09,08:24:00,P0202,Nongshim Ansung Tangmen,Noodles,10,50.0,0.2,400.0
T2025002401,2025-11-09,08:24:00,P0151,Samyang Buldak 4 Cheese Ramen 110g,Noodles,7,110.0,0.0,770.0
T2025002401,2025-11-09,08:24:00,P0166,Samyang Buldak Original,Noodles,1,88.0,0.0,88.0
T2025002401,2025-11-09,08:24:00,P0163,Samyang Buldak Rose 140g,Noodles,1,88.0,0.0,88.0
T2025002401,2025-11-09,08:24:00,P0211,Ottogi Jin Ramen Hot,Noodles,1,40.0,0.25,30.0
T2025002402,2025-11-09,18:07:00,P0056,Us Beef Strips 500g,Food Fresh/Meat/Sidedish,4,375.0,0.0,1500.0
T2025002402,2025-11-09,18:07:00,P0052,Shine Beef Bulgogi Pack,Food Fresh/Meat/Sidedish,5,550.0,0.0,2750.0
T2025002402,2025-11-09,18:07:00,P0073,Perilla Leaves 2Packs,Food Fresh/Meat/Sidedish,6,40.0,0.0,240.0
T2025002402,2025-11-09,18:07:00,P0050,Boneless Rib Eye 250g,Food Fresh/Meat/Sidedish,7,750.0,0.0,5250.0
T2025002402,2025-11-09,18:07:00,P0067,Wasabi Radish Wrapper 340g,Food Fresh/Meat/Sidedish,8,145.0,0.0,1160.0
T2025002403,2025-11-09,19:38:00,P0072,Kongsarang Soft Tofu,Food Fresh/Meat/Sidedish,7,65.0,0.0,455.0
T2025002403,2025-11-09,19:38:00,P0055,Beef Enoki Roll 500g,Food Fresh/Meat/Sidedish,6,410.0,0.0,2460.0
T2025002403,2025-11-09,19:38:00,P0064,Kimbab Radish 400g,Food Fresh/Meat/Sidedish,2,185.0,0.0,370.0
T2025002403,2025-11-09,19:38:00,P0063,Our Home Kimchi 1Kg Jar,Food Fresh/Meat/Sidedish,5,190.0,0.0,950.0
T2025002404,2025-11-09,15:03:00,P0240,Ottogi Spaghetti Sauce,Seasoned/Sauce/Powder,7,115.0,0.0,805.0
T2025002404,2025-11-09,15:03:00,P0221,CJ  Gochujang 500g,Seasoned/Sauce/Powder,5,220.0,0.0,1100.0
T2025002404,2025-11-09,15:03:00,P0234,CJ Beksul Spicy Pork Sauce 290g,Seasoned/Sauce/Powder,5,130.0,0.0,650.0
T2025002405,2025-11-09,18:15:00,P0123,Cass Cold Brewed Beer 500mL,Liquor/Beverage,6,170.0,0.0,1020.0
T2025002405,2025-11-09,18:15:00,P0138,Kirin Ichiban Beer 330mL,Liquor/Beverage,1,68.0,0.0,68.0
T2025002405,2025-11-09,18:15:00,P0114,Banana Milk 200mL 6Pcs,Liquor/Beverage,1,290.0,0.0,290.0
T2025002406,2025-11-09,12:18:00,P0073,Perilla Leaves 2Packs,Food Fresh/Meat/Sidedish,8,40.0,0.0,320.0
T2025002406,2025-11-09,12:18:00,P0052,Shine Beef Bulgogi Pack,Food Fresh/Meat/Sidedish,9,550.0,0.0,4950.0
T2025002407,2025-11-09,15:55:00,P0268,Samlip Walnut Pie,Snacks,6,110.0,0.0,660.0
T2025002407,2025-11-09,15:55:00,P0291,Crown Sando Biscuit,Snacks,3,75.0,0.0,225.0
T2025002407,2025-11-09,15:55:00,P0259,Nongshim Sengseng U-Dong,Snacks,1,125.0,0.0,125.0
T2025002407,2025-11-09,15:55:00,P0262,Orion Custard Pineapple,Snacks,5,120.0,0.0,600.0
T2025002407,2025-11-09,15:55:00,P0273,Haitai  Plumcandy 130g,Snacks,4,95.0,0.0,380.0
T2025002408,2025-11-09,18:49:00,P0049,Our Home Kimchi 1Kg,Food Fresh/Meat/Sidedish,9,320.5,0.1,2596.05
T2025002409,2025-11-09,15:14:00,P0076,CJ  Crispy Hotdog,Food Frozen,1,640.0,0.0,640.0
T2025002410,2025-11-09,19:33:00,P0027,Yopokki Cheese 240g,Dry Food,7,145.0,0.0,1015.0
T2025002410,2025-11-09,19:33:00,P0045,CJ Beksul Wheat Flour,Dry Food,3,90.0,0.0,270.0
T2025002410,2025-11-09,19:33:00,P0032,Samlip Mini Kimbap,Dry Food,6,120.0,0.0,720.0
T2025002410,2025-11-09,19:33:00,P0034,CJ  Cooked Rice,Dry Food,8,116.0,0.1,835.2
T2025002410,2025-11-09,19:33:00,P0011,CJ  Cooked Rice Plain 210g,Dry Food,2,365.0,0.2,584.0
T2025002411,2025-11-09,13:45:00,P0203,Jin Ramen Spicy Cup,Noodles,10,50.0,0.0,500.0
T2025002411,2025-11-09,13:45:00,P0185,Nongshim Shin Non-Frying Ramen 97g,Noodles,5,60.0,0.0,300.0
T2025002411,2025-11-09,13:45:00,P0173,Nongshim Jjapageti,Noodles,10,75.0,0.25,562.5
T2025002411,2025-11-09,13:45:00,P0167,Samyang Cheese Buldak,Noodles,7,88.0,0.0,616.0
T2025002411,2025-11-09,13:45:00,P0193,Paldo Gomtang Ramen,Noodles,10,56.0,0.0,560.0
T2025002411,2025-11-09,13:45:00,P0204,Ottogi Cup Ramen Kimchi,Noodles,10,50.0,0.0,500.0
T2025002412,2025-11-09,17:19:00,P0051,Us Premium Rib Eye 500g,Food Fresh/Meat/Sidedish,9,725.0,0.0,6525.0
T2025002412,2025-11-09,17:19:00,P0061,Dried Anchovy Medium 100g,Food Fresh/Meat/Sidedish,8,240.0,0.1,1728.0
T2025002412,2025-11-09,17:19:00,P0073,Perilla Leaves 2Packs,Food Fresh/Meat/Sidedish,2,40.0,0.0,80.0
T2025002413,2025-11-09,13:27:00,P0087,Bibigo Crispy Seaweed Roll,Food Frozen,5,260.0,0.0,1300.0
T2025002413,2025-11-09,13:27:00,P0082,Daerim  Crab Sticks 1Kg,Food Frozen,9,350.0,0.0,3150.0
T2025002414,2025-11-09,09:19:00,P0065,Sempio Spicy Stir-Fried Dried Squid,Food Fresh/Meat/Sidedish,4,175.0,0.0,700.0
T2025002414,2025-11-09,09:19:00,P0063,Our Home Kimchi 1Kg Jar,Food Fresh/Meat/Sidedish,2,190.0,0.0,380.0
T2025002415,2025-11-09,18:03:00,P0287,Nongshim Banana Kick 75g,Snacks,10,80.0,0.0,800.0
T2025002415,2025-11-09,18:03:00,P0285,Corn Choco,Snacks,1,80.0,0.0,80.0
T2025002415,2025-11-09,18:03:00,P0272,Haitai  Sunkist Candy 125g,Snacks,10,95.0,0.0,950.0
T2025002415,2025-11-09,18:03:00,P0284,Kkokal Sweet Corn Snack,Snacks,4,80.0,0.0,320.0
T2025002416,2025-11-09,11:14:00,P0235,O'Food Kimchi Base Sauce,Seasoned/Sauce/Powder,8,130.0,0.0,1040.0
T2025002416,2025-11-09,11:14:00,P0239,Ottogi Curry Hot,Seasoned/Sauce/Powder,1,115.0,0.0,115.0
T2025002416,2025-11-09,11:14:00,P0223,Jin Soy Sauce For Soup 860mL,Seasoned/Sauce/Powder,8,205.0,0.0,1640.0
T2025002416,2025-11-09,11:14:00,P0241,CJ Anchovy Sauce 500g,Seasoned/Sauce/Powder,2,105.0,0.0,210.0
T2025002416,2025-11-09,11:14:00,P0218,CJ Beksul Beef Bulgogi Sauce 500g,Seasoned/Sauce/Powder,8,250.0,0.05,1900.0
T2025002417,2025-11-09,21:09:00,P0103,Daerim  Chaw Stick 100g,Food Frozen,6,73.0,0.0,438.0
T2025002417,2025-11-09,21:09:00,P0090,Nongmin Rice Cake 1Kg,Food Frozen,6,220.0,0.0,1320.0
T2025002417,2025-11-09,21:09:00,P0084,Assi Vegetable Dumplings 675g,Food Frozen,6,285.0,0.0,1710.0
T2025002417,2025-11-09,21:09:00,P0076,CJ  Crispy Hotdog,Food Frozen,4,640.0,0.2,2048.0
T2025002417,2025-11-09,21:09:00,P0075,Bibigo Mul Mandu 370g 2Packs,Food Frozen,4,695.0,0.0,2780.0
T2025002418,2025-11-09,17:21:00,P0097,Daerim  Cheese Vienna Sausage 105g,Food Frozen,3,120.0,0.2,288.0
T2025002419,2025-11-09,12:07:00,P0215,Ottogi Wasabi Powder 300g,Seasoned/Sauce/Powder,6,290.0,0.0,1740.0
T2025002420,2025-11-09,14:15:00,P0001,Ottogi Sesame Oil 500mL,Condiments,7,590.5,0.1,3720.15
T2025002420,2025-11-09,14:15:00,P0002,Ottogi Gold Mayonnaise 500g,Condiments,2,235.0,0.0,470.0
T2025002421,2025-11-09,20:57:00,P0136,Cass Fresh Beer,Liquor/Beverage,1,85.0,0.0,85.0
T2025002421,2025-11-09,20:57:00,P0105,White Gold Coffee 100Sticks,Liquor/Beverage,4,1150.0,0.0,4600.0
T2025002421,2025-11-09,20:57:00,P0132,Sunhari Strawberry 360mL,Liquor/Beverage,4,120.0,0.05,456.0
T2025002421,2025-11-09,20:57:00,P0107,Ottogi Honey Ginger Tea 1Kg,Liquor/Beverage,2,530.0,0.0,1060.0
T2025002421,2025-11-09,20:57:00,P0137,Hite Beer Can,Liquor/Beverage,4,80.0,0.0,320.0
T2025002422,2025-11-09,15:57:00,P0002,Ottogi Gold Mayonnaise 500g,Condiments,10,235.0,0.1,2115.0
T2025002422,2025-11-09,15:57:00,P0004,O'Food Korean Chili Oil,Condiments,8,160.0,0.0,1280.0
T2025002422,2025-11-09,15:57:00,P0003,Sempio Sesame Oil,Condiments,9,185.0,0.05,1581.75
T2025002422,2025-11-09,15:57:00,P0005,Ottogi Gold Mayonnaise 300g,Condiments,5,150.0,0.0,750.0
T2025002423,2025-11-09,21:49:00,P0156,Nongshim Ramyun King Bowl,Noodles,4,95.0,0.0,380.0
T2025002424,2025-11-09,20:46:00,P0058,Homemade Kimchi 850g,Food Fresh/Meat/Sidedish,6,290.0,0.0,1740.0
T2025002424,2025-11-09,20:46:00,P0063,Our Home Kimchi 1Kg Jar,Food Fresh/Meat/Sidedish,9,190.0,0.25,1282.5
T2025002424,2025-11-09,20:46:00,P0052,Shine Beef Bulgogi Pack,Food Fresh/Meat/Sidedish,7,550.0,0.0,3850.0
T2025002424,2025-11-09,20:46:00,P0065,Sempio Spicy Stir-Fried Dried Squid,Food Fresh/Meat/Sidedish,9,175.0,0.0,1575.0
T2025002425,2025-11-09,10:31:00,P0002,Ottogi Gold Mayonnaise 500g,Condiments,10,235.0,0.1,2115.0
T2025002425,2025-11-09,10:31:00,P0006,Chung Jung One Soy Sauce,Condiments,10,140.0,0.15,1190.0
T2025002425,2025-11-09,10:31:00,P0003,Sempio Sesame Oil,Condiments,6,185.0,0.0,1110.0
T2025002425,2025-11-09,10:31:00,P0008,Ottogi Corn Syrup,Condiments,1,98.0,0.0,98.0
T2025002426,2025-11-09,13:55:00,P0149,Binggrae Mango Milk,Liquor/Beverage,2,45.0,0.0,90.0
T2025002426,2025-11-09,13:55:00,P0108,Ottogi Honey Citron Tea 1Kg,Liquor/Beverage,9,530.0,0.0,4770.0
T2025002426,2025-11-09,13:55:00,P0144,Nongshim Welchs Strawberry 355mL,Liquor/Beverage,1,60.0,0.0,60.0
T2025002427,2025-11-09,16:29:00,P0239,Ottogi Curry Hot,Seasoned/Sauce/Powder,7,115.0,0.0,805.0
T2025002428,2025-11-09,08:30:00,P0008,Ottogi Corn Syrup,Condiments,9,98.0,0.1,793.8
T2025002428,2025-11-09,08:30:00,P0009,CJ Beksul Corn Syrup,Condiments,10,95.0,0.0,950.0
T2025002428,2025-11-09,08:30:00,P0005,Ottogi Gold Mayonnaise 300g,Condiments,6,150.0,0.0,900.0
T2025002428,2025-11-09,08:30:00,P0003,Sempio Sesame Oil,Condiments,7,185.0,0.0,1295.0
T2025002428,2025-11-09,08:30:00,P0007,Samyang Spicy Mayo,Condiments,10,130.0,0.0,1300.0
T2025002429,2025-11-09,17:17:00,P0039,Ottogi 3Mins Curry,Dry Food,5,99.0,0.0,495.0
T2025002430,2025-11-09,10:36:00,P0217,Ottogi Roasted Sesame Seeds 200g,Seasoned/Sauce/Powder,3,255.0,0.0,765.0
T2025002431,2025-11-09,16:16:00,P0270,Samlip Custard Cream Cake,Snacks,9,105.0,0.0,945.0
T2025002431,2025-11-09,16:16:00,P0276,Orion Sun Chips Korean BBQ,Snacks,5,90.0,0.1,405.0
T2025002431,2025-11-09,16:16:00,P0253,Orion Market O Brownie,Snacks,4,170.0,0.0,680.0
T2025002431,2025-11-09,16:16:00,P0259,Nongshim Sengseng U-Dong,Snacks,2,125.0,0.25,187.5
T2025002431,2025-11-09,16:16:00,P0247,Choco Pie Green Tea 12Pcs,Snacks,5,200.0,0.15,850.0
T2025002432,2025-11-09,10:03:00,P0119,Sempio Yuzu Tea,Liquor/Beverage,8,250.0,0.0,2000.0
T2025002432,2025-11-09,10:03:00,P0114,Banana Milk 200mL 6Pcs,Liquor/Beverage,3,290.0,0.0,870.0
T2025002432,2025-11-09,10:03:00,P0112,Teazen Diet Tea Berry 10 Sticks,Liquor/Beverage,1,290.0,0.0,290.0
T2025002432,2025-11-09,10:03:00,P0115,Strawberry Milk 200mL 6Pcs,Liquor/Beverage,6,290.0,0.0,1740.0
T2025002433,2025-11-09,18:44:00,P0009,CJ Beksul Corn Syrup,Condiments,6,95.0,0.2,456.0
T2025002433,2025-11-09,18:44:00,P0003,Sempio Sesame Oil,Condiments,9,185.0,0.0,1665.0
T2025002433,2025-11-09,18:44:00,P0005,Ottogi Gold Mayonnaise 300g,Condiments,2,150.0,0.0,300.0
T2025002434,2025-11-09,11:12:00,P0167,Samyang Cheese Buldak,Noodles,5,88.0,0.0,440.0
T2025002434,2025-11-09,11:12:00,P0195,Ottogi Jin Mild Small Cup,Noodles,2,55.0,0.0,110.0
T2025002434,2025-11-09,11:12:00,P0174,Ottogi Cheese Bokki Cup,Noodles,3,75.0,0.0,225.0
T2025002435,2025-11-09,12:29:00,P0267,Lotte Pepero White Cookie,Snacks,5,110.0,0.0,550.0
T2025002435,2025-11-09,12:29:00,P0246,Post Almond Flakes,Snacks,4,245.0,0.0,980.0
T2025002435,2025-11-09,12:29:00,P0247,Choco Pie Green Tea 12Pcs,Snacks,6,200.0,0.05,1140.0
T2025002436,2025-11-09,21:38:00,P0223,Jin Soy Sauce For Soup 860mL,Seasoned/Sauce/Powder,6,205.0,0.0,1230.0
T2025002436,2025-11-09,21:38:00,P0225,Chung Jung One Soybean Paste,Seasoned/Sauce/Powder,8,160.0,0.25,960.0
T2025002437,2025-11-09,11:40:00,P0065,Sempio Spicy Stir-Fried Dried Squid,Food Fresh/Meat/Sidedish,6,175.0,0.0,1050.0
T2025002437,2025-11-09,11:40:00,P0051,Us Premium Rib Eye 500g,Food Fresh/Meat/Sidedish,2,725.0,0.0,1450.0
T2025002437,2025-11-09,11:40:00,P0062,Dried Anchovy Small 100g,Food Fresh/Meat/Sidedish,5,240.0,0.0,1200.0
T2025002438,2025-11-09,15:30:00,P0079,Daerim  Kimbab Ham 1Kg,Food Frozen,10,480.0,0.0,4800.0
T2025002438,2025-11-09,15:30:00,P0088,Dongwon  Real Crabs 144g ,Food Frozen,1,259.0,0.0,259.0
T2025002438,2025-11-09,15:30:00,P0101,Daerim  Fish Cake Stick,Food Frozen,6,77.0,0.0,462.0
T2025002438,2025-11-09,15:30:00,P0081,Assi Shrimp Wanton 600g,Food Frozen,5,400.0,0.0,2000.0
T2025002438,2025-11-09,15:30:00,P0080,Samyang Buldak Original Spicy Mandu 700g,Food Frozen,1,410.0,0.0,410.0
T2025002439,2025-11-09,19:38:00,P0028,CJ Bibigo Seaweed Soup,Dry Food,9,140.0,0.0,1260.0
T2025002439,2025-11-09,19:38:00,P0043,CJ Hetbahn Cooked Barley,Dry Food,4,95.0,0.0,380.0
T2025002440,2025-11-09,11:43:00,P0008,Ottogi Corn Syrup,Condiments,7,98.0,0.2,548.8
T2025002440,2025-11-09,11:43:00,P0002,Ottogi Gold Mayonnaise 500g,Condiments,4,235.0,0.0,940.0
T2025002440,2025-11-09,11:43:00,P0003,Sempio Sesame Oil,Condiments,4,185.0,0.0,740.0
T2025002440,2025-11-09,11:43:00,P0007,Samyang Spicy Mayo,Condiments,3,130.0,0.1,351.0
T2025002441,2025-11-09,11:22:00,P0174,Ottogi Cheese Bokki Cup,Noodles,2,75.0,0.0,150.0
T2025002441,2025-11-09,11:22:00,P0154,Nongshim Jjawang,Noodles,6,100.0,0.0,600.0
T2025002441,2025-11-09,11:22:00,P0206,Nongshim Chapagetti,Noodles,5,45.0,0.0,225.0
T2025002441,2025-11-09,11:22:00,P0185,Nongshim Shin Non-Frying Ramen 97g,Noodles,8,60.0,0.0,480.0
T2025002441,2025-11-09,11:22:00,P0205,Ottogi Yeul Ramen,Noodles,2,48.0,0.0,96.0
T2025002441,2025-11-09,11:22:00,P0184,Nongshim Baehongdong Bibimyeon 137g,Noodles,1,61.0,0.05,57.95
T2025002442,2025-11-09,10:16:00,P0003,Sempio Sesame Oil,Condiments,4,185.0,0.0,740.0
T2025002442,2025-11-09,10:16:00,P0005,Ottogi Gold Mayonnaise 300g,Condiments,7,150.0,0.0,1050.0
T2025002442,2025-11-09,10:16:00,P0008,Ottogi Corn Syrup,Condiments,6,98.0,0.0,588.0
T2025002443,2025-11-09,21:57:00,P0109,(꽃샘) Concentrated Flavored Drink 600g,Liquor/Beverage,6,370.0,0.15,1887.0
T2025002443,2025-11-09,21:57:00,P0149,Binggrae Mango Milk,Liquor/Beverage,5,45.0,0.0,225.0
T2025002443,2025-11-09,21:57:00,P0143,Nongshim Welchs Grape 355mL,Liquor/Beverage,1,60.0,0.0,60.0
T2025002443,2025-11-09,21:57:00,P0140,Woongjin Yogurt Peach 340mL,Liquor/Beverage,4,60.0,0.0,240.0
T2025002443,2025-11-09,21:57:00,P0122,Chamisul Original Soju,Liquor/Beverage,4,175.0,0.0,700.0
T2025002444,2025-11-09,17:17:00,P0184,Nongshim Baehongdong Bibimyeon 137g,Noodles,6,61.0,0.0,366.0
T2025002444,2025-11-09,17:17:00,P0186,Ottogi Chachelin Blackbean 145g,Noodles,5,60.0,0.0,300.0
T2025002444,2025-11-09,17:17:00,P0162,Ottogi Jin Jjampong,Noodles,4,90.0,0.0,360.0
T2025002444,2025-11-09,17:17:00,P0189,Ottogi Bodle Cheese Ramen,Noodles,1,60.0,0.25,45.0
T2025002444,2025-11-09,17:17:00,P0181,Paldo Bibim Cold Noodles,Noodles,1,65.0,0.0,65.0
T2025002444,2025-11-09,17:17:00,P0160,Paldo Wang Cup Kimchi,Noodles,5,90.0,0.0,450.0
T2025002445,2025-11-09,10:13:00,P0225,Chung Jung One Soybean Paste,Seasoned/Sauce/Powder,5,160.0,0.0,800.0
T2025002445,2025-11-09,10:13:00,P0232,O'Food Tofu Stew Base,Seasoned/Sauce/Powder,6,135.0,0.0,810.0
T2025002445,2025-11-09,10:13:00,P0214,Jin Soy Sauce Rich & Savory 860mL,Seasoned/Sauce/Powder,6,315.0,0.0,1890.0
T2025002445,2025-11-09,10:13:00,P0212,Beef Dasida (Soup Stock) 1Kg,Seasoned/Sauce/Powder,8,550.0,0.05,4180.0
T2025002446,2025-11-09,08:03:00,P0004,O'Food Korean Chili Oil,Condiments,10,160.0,0.0,1600.0
T2025002447,2025-11-09,13:30:00,P0003,Sempio Sesame Oil,Condiments,5,185.0,0.0,925.0
T2025002447,2025-11-09,13:30:00,P0004,O'Food Korean Chili Oil,Condiments,7,160.0,0.0,1120.0
T2025002447,2025-11-09,13:30:00,P0001,Ottogi Sesame Oil 500mL,Condiments,9,590.5,0.0,5314.5
T2025002447,2025-11-09,13:30:00,P0009,CJ Beksul Corn Syrup,Condiments,4,95.0,0.0,380.0
T2025002448,2025-11-09,18:41:00,P0003,Sempio Sesame Oil,Condiments,8,185.0,0.0,1480.0
T2025002449,2025-11-09,12:48:00,P0023,Dongwon  Luncheon Meat 340g,Dry Food,3,155.0,0.0,465.0
T2025002450,2025-11-09,10:44:00,P0054,Chadolbagi Wagyu 500g,Food Fresh/Meat/Sidedish,6,475.0,0.0,2850.0
T2025002451,2025-11-09,17:38:00,P0276,Orion Sun Chips Korean BBQ,Snacks,5,90.0,0.0,450.0
T2025002451,2025-11-09,17:38:00,P0269,Lotte Soft Strawberry Milk Candy 79g,Snacks,4,105.0,0.0,420.0
T2025002451,2025-11-09,17:38:00,P0278,Haitai O! Karto Chips,Snacks,10,88.0,0.1,792.0
T2025002451,2025-11-09,17:38:00,P0295,Pepero Almond,Snacks,10,55.0,0.0,550.0
T2025002451,2025-11-09,17:38:00,P0277,Orion Turtle Chips Sweet Corn,Snacks,6,89.0,0.0,534.0
T2025002451,2025-11-09,17:38:00,P0261,Lotte Choco Heim,Snacks,1,120.0,0.0,120.0
T2025002452,2025-11-09,16:19:00,P0196,Paldo Cheese Ramen,Noodles,5,55.0,0.0,275.0
T2025002452,2025-11-09,16:19:00,P0173,Nongshim Jjapageti,Noodles,1,75.0,0.0,75.0
T2025002453,2025-11-09,17:38:00,P0018,(Kaya) Korean Rice 1.5Kg,Dry Food,5,190.0,0.0,950.0
T2025002453,2025-11-09,17:38:00,P0042,CJ Hetbahn Brown Rice,Dry Food,8,95.0,0.0,760.0
T2025002453,2025-11-09,17:38:00,P0045,CJ Beksul Wheat Flour,Dry Food,2,90.0,0.0,180.0
T2025002453,2025-11-09,17:38:00,P0032,Samlip Mini Kimbap,Dry Food,8,120.0,0.0,960.0
T2025002453,2025-11-09,17:38:00,P0021,Bibigo Kimbab Kim 10Sheets,Dry Food,8,161.0,0.0,1288.0
T2025002454,2025-11-09,10:21:00,P0199,Paldo Koreno Shrimp Noodle,Noodles,3,50.0,0.0,150.0
T2025002454,2025-11-09,10:21:00,P0204,Ottogi Cup Ramen Kimchi,Noodles,9,50.0,0.0,450.0
T2025002454,2025-11-09,10:21:00,P0165,Samyang Cream Carbo Buldak 140g,Noodles,6,88.0,0.0,528.0
T2025002454,2025-11-09,10:21:00,P0207,Ottogi Yeul Ramen 120g,Noodles,6,40.0,0.0,240.0
T2025002455,2025-11-09,14:47:00,P0080,Samyang Buldak Original Spicy Mandu 700g,Food Frozen,1,410.0,0.0,410.0
T2025002455,2025-11-09,14:47:00,P0095,Samlip Fish Cake Sheets,Food Frozen,6,150.0,0.0,900.0
T2025002455,2025-11-09,14:47:00,P0087,Bibigo Crispy Seaweed Roll,Food Frozen,5,260.0,0.0,1300.0
T2025002456,2025-11-09,09:20:00,P0232,O'Food Tofu Stew Base,Seasoned/Sauce/Powder,6,135.0,0.0,810.0
T2025002456,2025-11-09,09:20:00,P0213,Sempio Yondu 500mL,Seasoned/Sauce/Powder,2,345.0,0.0,690.0
T2025002457,2025-11-09,09:19:00,P0258,Orion Custard Choco Cake,Snacks,7,130.0,0.0,910.0
T2025002457,2025-11-09,09:19:00,P0291,Crown Sando Biscuit,Snacks,8,75.0,0.0,600.0
T2025002457,2025-11-09,09:19:00,P0271,Orion Choco Chip Cookies,Snacks,5,100.0,0.0,500.0
T2025002457,2025-11-09,09:19:00,P0265,Orion Almond Candy,Snacks,9,110.0,0.0,990.0
T2025002457,2025-11-09,09:19:00,P0263,Samlip Honey Castella,Snacks,4,120.0,0.0,480.0
T2025002457,2025-11-09,09:19:00,P0257,Lotte Almond Chocolate,Snacks,3,130.0,0.0,390.0
T2025002458,2025-11-09,08:59:00,P0004,O'Food Korean Chili Oil,Condiments,1,160.0,0.0,160.0
T2025002458,2025-11-09,08:59:00,P0002,Ottogi Gold Mayonnaise 500g,Condiments,2,235.0,0.0,470.0
T2025002458,2025-11-09,08:59:00,P0009,CJ Beksul Corn Syrup,Condiments,10,95.0,0.0,950.0
T2025002458,2025-11-09,08:59:00,P0008,Ottogi Corn Syrup,Condiments,7,98.0,0.0,686.0
T2025002459,2025-11-09,15:03:00,P0006,Chung Jung One Soy Sauce,Condiments,3,140.0,0.0,420.0
T2025002459,2025-11-09,15:03:00,P0005,Ottogi Gold Mayonnaise 300g,Condiments,10,150.0,0.0,1500.0
T2025002459,2025-11-09,15:03:00,P0007,Samyang Spicy Mayo,Condiments,6,130.0,0.0,780.0
T2025002459,2025-11-09,15:03:00,P0001,Ottogi Sesame Oil 500mL,Condiments,7,590.5,0.25,3100.12
T2025002460,2025-11-09,08:06:00,P0106,Mocha Gold Coffee 100Sticks,Liquor/Beverage,6,1100.0,0.0,6600.0
T2025002461,2025-11-09,17:16:00,P0221,CJ  Gochujang 500g,Seasoned/Sauce/Powder,9,220.0,0.0,1980.0
T2025002461,2025-11-09,17:16:00,P0212,Beef Dasida (Soup Stock) 1Kg,Seasoned/Sauce/Powder,9,550.0,0.1,4455.0
T2025002461,2025-11-09,17:16:00,P0237,O'Food Tteokbokki Sauce,Seasoned/Sauce/Powder,9,120.0,0.0,1080.0
T2025002462,2025-11-09,20:50:00,P0134,KSD Green Grape Rice Wine 750mL,Liquor/Beverage,9,105.0,0.0,945.0
T2025002462,2025-11-09,20:50:00,P0146,Binggrae Yogurt Drink,Liquor/Beverage,7,55.0,0.1,346.5
T2025002462,2025-11-09,20:50:00,P0116,Maxim Mocha Gold Coffee Mix 20Pcs,Liquor/Beverage,3,275.0,0.0,825.0
T2025002463,2025-11-09,19:38:00,P0265,Orion Almond Candy,Snacks,6,110.0,0.0,660.0
T2025002463,2025-11-09,19:38:00,P0252,Lotte Banana Choco Pie 12Pcs,Snacks,7,180.0,0.0,1260.0
T2025002463,2025-11-09,19:38:00,P0283,Orion Ogingo Ttangkong,Snacks,10,83.0,0.0,830.0
T2025002463,2025-11-09,19:38:00,P0274,Haitai Matdongsan,Snacks,5,95.0,0.0,475.0
T2025002463,2025-11-09,19:38:00,P0276,Orion Sun Chips Korean BBQ,Snacks,4,90.0,0.0,360.0
T2025002463,2025-11-09,19:38:00,P0261,Lotte Choco Heim,Snacks,10,120.0,0.0,1200.0
T2025002464,2025-11-09,14:17:00,P0004,O'Food Korean Chili Oil,Condiments,9,160.0,0.0,1440.0
T2025002464,2025-11-09,14:17:00,P0008,Ottogi Corn Syrup,Condiments,7,98.0,0.0,686.0
T2025002464,2025-11-09,14:17:00,P0002,Ottogi Gold Mayonnaise 500g,Condiments,6,235.0,0.0,1410.0
T2025002465,2025-11-09,20:49:00,P0001,Ottogi Sesame Oil 500mL,Condiments,3,590.5,0.0,1771.5
T2025002465,2025-11-09,20:49:00,P0004,O'Food Korean Chili Oil,Condiments,2,160.0,0.0,320.0
T2025002466,2025-11-09,12:15:00,P0006,Chung Jung One Soy Sauce,Condiments,2,140.0,0.0,280.0
T2025002466,2025-11-09,12:15:00,P0002,Ottogi Gold Mayonnaise 500g,Condiments,10,235.0,0.0,2350.0
T2025002466,2025-11-09,12:15:00,P0001,Ottogi Sesame Oil 500mL,Condiments,5,590.5,0.0,2952.5
T2025002467,2025-11-09,12:37:00,P0296,Lotte Cereal Choco,Snacks,6,55.0,0.2,264.0
T2025002467,2025-11-09,12:37:00,P0290,Doritos Galbi Chicken,Snacks,10,77.0,0.0,770.0
T2025002467,2025-11-09,12:37:00,P0267,Lotte Pepero White Cookie,Snacks,1,110.0,0.0,110.0
T2025002467,2025-11-09,12:37:00,P0297,Pepero Choco Filled,Snacks,7,55.0,0.0,385.0
T2025002468,2025-11-09,16:46:00,P0036,Dongwon  Tuna Light Can 150g,Dry Food,7,110.0,0.0,770.0
T2025002468,2025-11-09,16:46:00,P0037,Ottogi Cup Spaghetti,Dry Food,4,110.0,0.0,440.0
T2025002469,2025-11-09,12:58:00,P0032,Samlip Mini Kimbap,Dry Food,2,120.0,0.0,240.0
T2025002469,2025-11-09,12:58:00,P0042,CJ Hetbahn Brown Rice,Dry Food,4,95.0,0.0,380.0
T2025002469,2025-11-09,12:58:00,P0012,Ottogi Glass Noodle 1Kg,Dry Food,3,300.0,0.0,900.0
T2025002469,2025-11-09,12:58:00,P0014,Bibigo Beef Seaweed Soup,Dry Food,9,264.0,0.0,2376.0
T2025002470,2025-11-09,09:58:00,P0066,Imported Kimchi Big Tub 850g,Food Fresh/Meat/Sidedish,9,150.0,0.2,1080.0
T2025002470,2025-11-09,09:58:00,P0065,Sempio Spicy Stir-Fried Dried Squid,Food Fresh/Meat/Sidedish,8,175.0,0.0,1400.0
T2025002470,2025-11-09,09:58:00,P0053,Shine Spicy Pork Bulgogi Pack,Food Fresh/Meat/Sidedish,9,500.0,0.0,4500.0
T2025002470,2025-11-09,09:58:00,P0052,Shine Beef Bulgogi Pack,Food Fresh/Meat/Sidedish,6,550.0,0.0,3300.0
T2025002471,2025-11-09,12:41:00,P0052,Shine Beef Bulgogi Pack,Food Fresh/Meat/Sidedish,4,550.0,0.25,1650.0
T2025002472,2025-11-09,09:09:00,P0077,Daerim  Vienna Sausage 1Kg,Food Frozen,1,580.0,0.0,580.0
T2025002472,2025-11-09,09:09:00,P0076,CJ  Crispy Hotdog,Food Frozen,8,640.0,0.0,5120.0
T2025002473,2025-11-09,09:02:00,P0224,Seasoned Seaweed 200g,Seasoned/Sauce/Powder,7,190.0,0.0,1330.0
T2025002473,2025-11-09,09:02:00,P0229,O'Food Korean BBQ Sauce,Seasoned/Sauce/Powder,5,145.0,0.0,725.0
T2025002473,2025-11-09,09:02:00,P0241,CJ Anchovy Sauce 500g,Seasoned/Sauce/Powder,5,105.0,0.0,525.0
T2025002473,2025-11-09,09:02:00,P0213,Sempio Yondu 500mL,Seasoned/Sauce/Powder,1,345.0,0.0,345.0
T2025002474,2025-11-09,19:10:00,P0234,CJ Beksul Spicy Pork Sauce 290g,Seasoned/Sauce/Powder,10,130.0,0.0,1300.0
T2025002474,2025-11-09,19:10:00,P0221,CJ  Gochujang 500g,Seasoned/Sauce/Powder,3,220.0,0.0,660.0
T2025002475,2025-11-09,15:08:00,P0140,Woongjin Yogurt Peach 340mL,Liquor/Beverage,8,60.0,0.0,480.0
T2025002476,2025-11-09,16:12:00,P0133,Sunhari Blueberry 360mL,Liquor/Beverage,7,120.0,0.0,840.0
T2025002477,2025-11-09,20:59:00,P0077,Daerim  Vienna Sausage 1Kg,Food Frozen,10,580.0,0.0,5800.0
T2025002478,2025-11-09,11:50:00,P0006,Chung Jung One Soy Sauce,Condiments,2,140.0,0.25,210.0
T2025002478,2025-11-09,11:50:00,P0002,Ottogi Gold Mayonnaise 500g,Condiments,6,235.0,0.0,1410.0
T2025002478,2025-11-09,11:50:00,P0004,O'Food Korean Chili Oil,Condiments,5,160.0,0.15,680.0
T2025002478,2025-11-09,11:50:00,P0008,Ottogi Corn Syrup,Condiments,3,98.0,0.0,294.0
T2025002479,2025-11-09,16:05:00,P0158,Nongshim Shin Ramen Black,Noodles,1,92.0,0.0,92.0
T2025002479,2025-11-09,16:05:00,P0208,Ottogi Jin Ramen Mild,Noodles,3,40.0,0.0,120.0
T2025002479,2025-11-09,16:05:00,P0160,Paldo Wang Cup Kimchi,Noodles,7,90.0,0.25,472.5
T2025002480,2025-11-09,13:47:00,P0272,Haitai  Sunkist Candy 125g,Snacks,3,95.0,0.0,285.0
T2025002480,2025-11-09,13:47:00,P0296,Lotte Cereal Choco,Snacks,4,55.0,0.05,209.0
T2025002480,2025-11-09,13:47:00,P0277,Orion Turtle Chips Sweet Corn,Snacks,5,89.0,0.0,445.0
T2025002481,2025-11-09,11:41:00,P0273,Haitai  Plumcandy 130g,Snacks,8,95.0,0.0,760.0
T2025002481,2025-11-09,11:41:00,P0265,Orion Almond Candy,Snacks,7,110.0,0.0,770.0
T2025002481,2025-11-09,11:41:00,P0274,Haitai Matdongsan,Snacks,10,95.0,0.0,950.0
T2025002482,2025-11-09,21:24:00,P0266,Bibigo Seaweed Crisps,Snacks,3,110.0,0.0,330.0
T2025002482,2025-11-09,21:24:00,P0273,Haitai  Plumcandy 130g,Snacks,10,95.0,0.0,950.0
T2025002482,2025-11-09,21:24:00,P0262,Orion Custard Pineapple,Snacks,1,120.0,0.0,120.0
T2025002482,2025-11-09,21:24:00,P0260,Binch Biscuit,Snacks,2,120.0,0.0,240.0
T2025002483,2025-11-09,12:31:00,P0009,CJ Beksul Corn Syrup,Condiments,1,95.0,0.0,95.0
T2025002483,2025-11-09,12:31:00,P0002,Ottogi Gold Mayonnaise 500g,Condiments,7,235.0,0.0,1645.0
T2025002483,2025-11-09,12:31:00,P0004,O'Food Korean Chili Oil,Condiments,4,160.0,0.0,640.0
T2025002483,2025-11-09,12:31:00,P0003,Sempio Sesame Oil,Condiments,7,185.0,0.0,1295.0
T2025002483,2025-11-09,12:31:00,P0006,Chung Jung One Soy Sauce,Condiments,4,140.0,0.0,560.0
T2025002484,2025-11-09,12:54:00,P0263,Samlip Honey Castella,Snacks,6,120.0,0.0,720.0
T2025002484,2025-11-09,12:54:00,P0284,Kkokal Sweet Corn Snack,Snacks,9,80.0,0.0,720.0
T2025002485,2025-11-09,11:51:00,P0234,CJ Beksul Spicy Pork Sauce 290g,Seasoned/Sauce/Powder,5,130.0,0.0,650.0
T2025002485,2025-11-09,11:51:00,P0224,Seasoned Seaweed 200g,Seasoned/Sauce/Powder,5,190.0,0.0,950.0
T2025002485,2025-11-09,11:51:00,P0241,CJ Anchovy Sauce 500g,Seasoned/Sauce/Powder,1,105.0,0.0,105.0
T2025002485,2025-11-09,11:51:00,P0238,Ottogi Curry Mild,Seasoned/Sauce/Powder,5,115.0,0.05,546.25
T2025002486,2025-11-09,09:35:00,P0253,Orion Market O Brownie,Snacks,3,170.0,0.0,510.0
T2025002486,2025-11-09,09:35:00,P0266,Bibigo Seaweed Crisps,Snacks,3,110.0,0.0,330.0
T2025002486,2025-11-09,09:35:00,P0291,Crown Sando Biscuit,Snacks,1,75.0,0.0,75.0
T2025002486,2025-11-09,09:35:00,P0287,Nongshim Banana Kick 75g,Snacks,10,80.0,0.1,720.0
T2025002486,2025-11-09,09:35:00,P0271,Orion Choco Chip Cookies,Snacks,9,100.0,0.0,900.0
T2025002487,2025-11-09,12:46:00,P0238,Ottogi Curry Mild,Seasoned/Sauce/Powder,6,115.0,0.0,690.0
T2025002487,2025-11-09,12:46:00,P0239,Ottogi Curry Hot,Seasoned/Sauce/Powder,6,115.0,0.0,690.0
T2025002487,2025-11-09,12:46:00,P0218,CJ Beksul Beef Bulgogi Sauce 500g,Seasoned/Sauce/Powder,7,250.0,0.0,1750.0
T2025002487,2025-11-09,12:46:00,P0214,Jin Soy Sauce Rich & Savory 860mL,Seasoned/Sauce/Powder,10,315.0,0.0,3150.0
T2025002488,2025-11-09,17:38:00,P0061,Dried Anchovy Medium 100g,Food Fresh/Meat/Sidedish,1,240.0,0.0,240.0
T2025002488,2025-11-09,17:38:00,P0051,Us Premium Rib Eye 500g,Food Fresh/Meat/Sidedish,6,725.0,0.0,4350.0
T2025002488,2025-11-09,17:38:00,P0055,Beef Enoki Roll 500g,Food Fresh/Meat/Sidedish,8,410.0,0.05,3116.0
T2025002488,2025-11-09,17:38:00,P0069,Bibigo Beef Bone Soup,Food Fresh/Meat/Sidedish,1,110.0,0.0,110.0
T2025002488,2025-11-09,17:38:00,P0049,Our Home Kimchi 1Kg,Food Fresh/Meat/Sidedish,9,320.5,0.0,2884.5
T2025002488,2025-11-09,17:38:00,P0057,Jongga Pogi Kimchi 500g,Food Fresh/Meat/Sidedish,5,315.0,0.0,1575.0
T2025002489,2025-11-09,14:02:00,P0229,O'Food Korean BBQ Sauce,Seasoned/Sauce/Powder,8,145.0,0.0,1160.0
T2025002489,2025-11-09,14:02:00,P0224,Seasoned Seaweed 200g,Seasoned/Sauce/Powder,9,190.0,0.05,1624.5
T2025002489,2025-11-09,14:02:00,P0213,Sempio Yondu 500mL,Seasoned/Sauce/Powder,3,345.0,0.0,1035.0
T2025002489,2025-11-09,14:02:00,P0232,O'Food Tofu Stew Base,Seasoned/Sauce/Powder,7,135.0,0.2,756.0
T2025002490,2025-11-09,11:53:00,P0162,Ottogi Jin Jjampong,Noodles,3,90.0,0.0,270.0
T2025002490,2025-11-09,11:53:00,P0187,Paldo Bibim Men,Noodles,4,60.0,0.15,204.0
T2025002490,2025-11-09,11:53:00,P0166,Samyang Buldak Original,Noodles,4,88.0,0.0,352.0
T2025002491,2025-11-09,19:39:00,P0009,CJ Beksul Corn Syrup,Condiments,3,95.0,0.05,270.75
T2025002491,2025-11-09,19:39:00,P0006,Chung Jung One Soy Sauce,Condiments,4,140.0,0.0,560.0
T2025002492,2025-11-09,21:06:00,P0119,Sempio Yuzu Tea,Liquor/Beverage,6,250.0,0.0,1500.0
T2025002492,2025-11-09,21:06:00,P0126,Woongjin Yogurt Pineapple 1.5L,Liquor/Beverage,9,135.0,0.25,911.25
T2025002492,2025-11-09,21:06:00,P0136,Cass Fresh Beer,Liquor/Beverage,5,85.0,0.0,425.0
T2025002493,2025-11-09,20:23:00,P0055,Beef Enoki Roll 500g,Food Fresh/Meat/Sidedish,6,410.0,0.25,1845.0
T2025002493,2025-11-09,20:23:00,P0067,Wasabi Radish Wrapper 340g,Food Fresh/Meat/Sidedish,8,145.0,0.0,1160.0
T2025002493,2025-11-09,20:23:00,P0061,Dried Anchovy Medium 100g,Food Fresh/Meat/Sidedish,8,240.0,0.15,1632.0
T2025002493,2025-11-09,20:23:00,P0063,Our Home Kimchi 1Kg Jar,Food Fresh/Meat/Sidedish,4,190.0,0.0,760.0
T2025002493,2025-11-09,20:23:00,P0065,Sempio Spicy Stir-Fried Dried Squid,Food Fresh/Meat/Sidedish,6,175.0,0.0,1050.0
T2025002493,2025-11-09,20:23:00,P0058,Homemade Kimchi 850g,Food Fresh/Meat/Sidedish,10,290.0,0.0,2900.0
T2025002494,2025-11-09,17:39:00,P0063,Our Home Kimchi 1Kg Jar,Food Fresh/Meat/Sidedish,4,190.0,0.0,760.0
T2025002494,2025-11-09,17:39:00,P0069,Bibigo Beef Bone Soup,Food Fresh/Meat/Sidedish,7,110.0,0.0,770.0
T2025002494,2025-11-09,17:39:00,P0068,Enoki Mushroom 150G 2Packs,Food Fresh/Meat/Sidedish,2,120.0,0.0,240.0
T2025002494,2025-11-09,17:39:00,P0058,Homemade Kimchi 850g,Food Fresh/Meat/Sidedish,1,290.0,0.1,261.0
T2025002494,2025-11-09,17:39:00,P0057,Jongga Pogi Kimchi 500g,Food Fresh/Meat/Sidedish,8,315.0,0.0,2520.0
T2025002494,2025-11-09,17:39:00,P0070,Skinless Garlic 150G,Food Fresh/Meat/Sidedish,6,65.0,0.0,390.0
T2025002495,2025-11-09,21:55:00,P0172,Ottogi Jin Hot Big Cup,Noodles,7,75.0,0.0,525.0
T2025002495,2025-11-09,21:55:00,P0162,Ottogi Jin Jjampong,Noodles,3,90.0,0.0,270.0
T2025002495,2025-11-09,21:55:00,P0203,Jin Ramen Spicy Cup,Noodles,1,50.0,0.0,50.0
T2025002495,2025-11-09,21:55:00,P0206,Nongshim Chapagetti,Noodles,6,45.0,0.2,216.0
T2025002495,2025-11-09,21:55:00,P0193,Paldo Gomtang Ramen,Noodles,3,56.0,0.05,159.6
T2025002496,2025-11-09,10:25:00,P0174,Ottogi Cheese Bokki Cup,Noodles,4,75.0,0.0,300.0
T2025002496,2025-11-09,10:25:00,P0190,Nongshim Tempura Udon Cup,Noodles,4,60.0,0.0,240.0
T2025002496,2025-11-09,10:25:00,P0154,Nongshim Jjawang,Noodles,3,100.0,0.0,300.0
T2025002496,2025-11-09,10:25:00,P0195,Ottogi Jin Mild Small Cup,Noodles,6,55.0,0.0,330.0
T2025002496,2025-11-09,10:25:00,P0182,Paldo Ilpoom Jjajang,Noodles,8,65.0,0.0,520.0
T2025002497,2025-11-09,15:45:00,P0256,Orion Custard Cake,Snacks,7,130.0,0.0,910.0
T2025002497,2025-11-09,15:45:00,P0272,Haitai  Sunkist Candy 125g,Snacks,1,95.0,0.0,95.0
T2025002497,2025-11-09,15:45:00,P0295,Pepero Almond,Snacks,7,55.0,0.0,385.0
T2025002498,2025-11-09,10:54:00,P0294,Pepero Strawberry,Snacks,8,55.0,0.0,440.0
T2025002498,2025-11-09,10:54:00,P0245,Honey Butter Almond 190g,Snacks,9,420.0,0.0,3780.0
T2025002498,2025-11-09,10:54:00,P0250,Haitai Honey Butter Almonds,Snacks,6,190.0,0.0,1140.0
T2025002498,2025-11-09,10:54:00,P0244,Wasabi Almond 190g,Snacks,3,440.0,0.0,1320.0
T2025002499,2025-11-09,11:28:00,P0134,KSD Green Grape Rice Wine 750mL,Liquor/Beverage,9,105.0,0.0,945.0
T2025002499,2025-11-09,11:28:00,P0106,Mocha Gold Coffee 100Sticks,Liquor/Beverage,10,1100.0,0.0,11000.0
T2025002499,2025-11-09,11:28:00,P0139,Paldo Pororo Juice,Liquor/Beverage,6,65.0,0.0,390.0
T2025002500,2025-11-09,19:27:00,P0232,O'Food Tofu Stew Base,Seasoned/Sauce/Powder,2,135.0,0.25,202.5
T2025002501,2025-11-09,10:25:00,P0091,CJ Bibigo Japchae,Food Frozen,8,220.0,0.0,1760.0
T2025002501,2025-11-09,10:25:00,P0075,Bibigo Mul Mandu 370g 2Packs,Food Frozen,10,695.0,0.0,6950.0
T2025002501,2025-11-09,10:25:00,P0100,Binggrae Ice Cream Sandwich,Food Frozen,8,80.0,0.25,480.0
T2025002501,2025-11-09,10:25:00,P0104,Pepero Original,Food Frozen,7,55.0,0.0,385.0
T2025002501,2025-11-09,10:25:00,P0088,Dongwon  Real Crabs 144g ,Food Frozen,10,259.0,0.25,1942.5
T2025002501,2025-11-09,10:25:00,P0090,Nongmin Rice Cake 1Kg,Food Frozen,6,220.0,0.0,1320.0
T2025002502,2025-11-09,09:26:00,P0037,Ottogi Cup Spaghetti,Dry Food,5,110.0,0.0,550.0
T2025002503,2025-11-09,13:16:00,P0077,Daerim  Vienna Sausage 1Kg,Food Frozen,8,580.0,0.2,3712.0
T2025002504,2025-11-09,20:17:00,P0093,Bibigo Kimchi Fried Rice,Food Frozen,6,190.0,0.0,1140.0
T2025002504,2025-11-09,20:17:00,P0090,Nongmin Rice Cake 1Kg,Food Frozen,1,220.0,0.25,165.0
T2025002504,2025-11-09,20:17:00,P0082,Daerim  Crab Sticks 1Kg,Food Frozen,10,350.0,0.0,3500.0
T2025002504,2025-11-09,20:17:00,P0089,Jongga Rice Cake 1Kg,Food Frozen,9,230.0,0.0,2070.0
T2025002504,2025-11-09,20:17:00,P0088,Dongwon  Real Crabs 144g ,Food Frozen,1,259.0,0.0,259.0
T2025002504,2025-11-09,20:17:00,P0094,MWC Frank Sausage 5Pcs,Food Frozen,3,173.0,0.0,519.0
T2025002505,2025-11-09,12:32:00,P0054,Chadolbagi Wagyu 500g,Food Fresh/Meat/Sidedish,5,475.0,0.0,2375.0
T2025002505,2025-11-09,12:32:00,P0068,Enoki Mushroom 150G 2Packs,Food Fresh/Meat/Sidedish,7,120.0,0.0,840.0
T2025002505,2025-11-09,12:32:00,P0050,Boneless Rib Eye 250g,Food Fresh/Meat/Sidedish,3,750.0,0.0,2250.0
T2025002506,2025-11-09,08:34:00,P0025,Sempio Yellow Peach In Can 400g,Dry Food,7,145.0,0.0,1015.0
T2025002506,2025-11-09,08:34:00,P0042,CJ Hetbahn Brown Rice,Dry Food,4,95.0,0.0,380.0
T2025002506,2025-11-09,08:34:00,P0023,Dongwon  Luncheon Meat 340g,Dry Food,3,155.0,0.0,465.0
T2025002506,2025-11-09,08:34:00,P0048,Dongwon Light Tuna,Dry Food,2,75.0,0.05,142.5
T2025002507,2025-11-09,20:59:00,P0139,Paldo Pororo Juice,Liquor/Beverage,10,65.0,0.0,650.0
T2025002507,2025-11-09,20:59:00,P0132,Sunhari Strawberry 360mL,Liquor/Beverage,5,120.0,0.0,600.0
T2025002508,2025-11-09,15:02:00,P0031,Yopokki Cheese Cup 120g,Dry Food,5,120.0,0.0,600.0
T2025002508,2025-11-09,15:02:00,P0011,CJ  Cooked Rice Plain 210g,Dry Food,6,365.0,0.0,2190.0
T2025002508,2025-11-09,15:02:00,P0014,Bibigo Beef Seaweed Soup,Dry Food,7,264.0,0.0,1848.0
T2025002508,2025-11-09,15:02:00,P0027,Yopokki Cheese 240g,Dry Food,6,145.0,0.0,870.0
T2025002508,2025-11-09,15:02:00,P0029,CJ Beksul Pancake Flour,Dry Food,7,125.0,0.0,875.0
T2025002508,2025-11-09,15:02:00,P0037,Ottogi Cup Spaghetti,Dry Food,10,110.0,0.0,1100.0
T2025002509,2025-11-09,17:41:00,P0003,Sempio Sesame Oil,Condiments,7,185.0,0.0,1295.0
T2025002510,2025-11-09,17:19:00,P0005,Ottogi Gold Mayonnaise 300g,Condiments,3,150.0,0.0,450.0
T2025002511,2025-11-09,10:54:00,P0041,CJ Hetbahn Multi-Grain Rice,Dry Food,5,95.0,0.0,475.0
T2025002511,2025-11-09,10:54:00,P0043,CJ Hetbahn Cooked Barley,Dry Food,4,95.0,0.0,380.0
T2025002511,2025-11-09,10:54:00,P0039,Ottogi 3Mins Curry,Dry Food,1,99.0,0.0,99.0
T2025002511,2025-11-09,10:54:00,P0018,(Kaya) Korean Rice 1.5Kg,Dry Food,1,190.0,0.0,190.0
T2025002512,2025-11-09,13:43:00,P0068,Enoki Mushroom 150G 2Packs,Food Fresh/Meat/Sidedish,1,120.0,0.0,120.0
T2025002513,2025-11-09,18:15:00,P0119,Sempio Yuzu Tea,Liquor/Beverage,4,250.0,0.1,900.0
T2025002513,2025-11-09,18:15:00,P0136,Cass Fresh Beer,Liquor/Beverage,8,85.0,0.0,680.0
T2025002513,2025-11-09,18:15:00,P0146,Binggrae Yogurt Drink,Liquor/Beverage,8,55.0,0.0,440.0
T2025002514,2025-11-09,10:19:00,P0203,Jin Ramen Spicy Cup,Noodles,6,50.0,0.0,300.0
T2025002515,2025-11-09,14:22:00,P0164,Samyang Buldak 4 Cheese 145g,Noodles,3,88.0,0.0,264.0
T2025002515,2025-11-09,14:22:00,P0163,Samyang Buldak Rose 140g,Noodles,1,88.0,0.05,83.6
T2025002515,2025-11-09,14:22:00,P0158,Nongshim Shin Ramen Black,Noodles,8,92.0,0.05,699.2
T2025002515,2025-11-09,14:22:00,P0202,Nongshim Ansung Tangmen,Noodles,6,50.0,0.0,300.0
T2025002515,2025-11-09,14:22:00,P0152,Samyang Buldak Original Cup,Noodles,9,110.0,0.0,990.0
T2025002516,2025-11-09,18:35:00,P0139,Paldo Pororo Juice,Liquor/Beverage,3,65.0,0.2,156.0
T2025002516,2025-11-09,18:35:00,P0145,Binggrae Melon Soda,Liquor/Beverage,1,60.0,0.05,57.0
T2025002516,2025-11-09,18:35:00,P0107,Ottogi Honey Ginger Tea 1Kg,Liquor/Beverage,4,530.0,0.0,2120.0
T2025002516,2025-11-09,18:35:00,P0120,Aloe Vera Juice 1.5L,Liquor/Beverage,10,175.0,0.0,1750.0
T2025002516,2025-11-09,18:35:00,P0129,Sunhari Grape 360mL,Liquor/Beverage,7,120.0,0.0,840.0
T2025002517,2025-11-09,20:53:00,P0078,Spanish Mackerel 340g,Food Frozen,8,500.0,0.0,4000.0
T2025002517,2025-11-09,20:53:00,P0101,Daerim  Fish Cake Stick,Food Frozen,4,77.0,0.0,308.0
T2025002517,2025-11-09,20:53:00,P0089,Jongga Rice Cake 1Kg,Food Frozen,1,230.0,0.0,230.0
T2025002517,2025-11-09,20:53:00,P0097,Daerim  Cheese Vienna Sausage 105g,Food Frozen,1,120.0,0.0,120.0
T2025002517,2025-11-09,20:53:00,P0092,Daerim  Crab Stick 500g,Food Frozen,1,210.0,0.25,157.5
T2025002518,2025-11-09,16:25:00,P0171,Tempura Udon Big Cup,Noodles,2,75.0,0.0,150.0
T2025002518,2025-11-09,16:25:00,P0173,Nongshim Jjapageti,Noodles,2,75.0,0.0,150.0
T2025002518,2025-11-09,16:25:00,P0163,Samyang Buldak Rose 140g,Noodles,8,88.0,0.1,633.6
T2025002519,2025-11-09,21:59:00,P0288,Nongshim Honey Rice Snack,Snacks,10,80.0,0.0,800.0
T2025002519,2025-11-09,21:59:00,P0296,Lotte Cereal Choco,Snacks,2,55.0,0.0,110.0
T2025002519,2025-11-09,21:59:00,P0278,Haitai O! Karto Chips,Snacks,2,88.0,0.0,176.0
T2025002520,2025-11-09,10:52:00,P0226,CJ Beksul Sweet Korean Pancake Mix 400g,Seasoned/Sauce/Powder,4,155.0,0.0,620.0
T2025002520,2025-11-09,10:52:00,P0223,Jin Soy Sauce For Soup 860mL,Seasoned/Sauce/Powder,4,205.0,0.0,820.0
T2025002520,2025-11-09,10:52:00,P0234,CJ Beksul Spicy Pork Sauce 290g,Seasoned/Sauce/Powder,8,130.0,0.0,1040.0
T2025002520,2025-11-09,10:52:00,P0215,Ottogi Wasabi Powder 300g,Seasoned/Sauce/Powder,6,290.0,0.0,1740.0
T2025002520,2025-11-09,10:52:00,P0227,CJ Beksul Beef Bulgogi Sauce 290g,Seasoned/Sauce/Powder,4,150.0,0.0,600.0
T2025002521,2025-11-09,21:56:00,P0099,Daerim  Chaw Spicy Stick 90g,Food Frozen,9,80.0,0.0,720.0
T2025002521,2025-11-09,21:56:00,P0081,Assi Shrimp Wanton 600g,Food Frozen,5,400.0,0.0,2000.0
T2025002521,2025-11-09,21:56:00,P0088,Dongwon  Real Crabs 144g ,Food Frozen,4,259.0,0.0,1036.0
T2025002522,2025-11-09,09:16:00,P0099,Daerim  Chaw Spicy Stick 90g,Food Frozen,9,80.0,0.0,720.0
T2025002522,2025-11-09,09:16:00,P0086,CJ Bibigo Gyoza Dumplings,Food Frozen,6,270.0,0.0,1620.0
T2025002522,2025-11-09,09:16:00,P0079,Daerim  Kimbab Ham 1Kg,Food Frozen,7,480.0,0.0,3360.0
T2025002522,2025-11-09,09:16:00,P0093,Bibigo Kimchi Fried Rice,Food Frozen,3,190.0,0.0,570.0
T2025002523,2025-11-09,21:37:00,P0255,Bibigo Crispy Seaweed Snack,Snacks,5,140.0,0.0,700.0
T2025002523,2025-11-09,21:37:00,P0258,Orion Custard Choco Cake,Snacks,7,130.0,0.0,910.0
T2025002523,2025-11-09,21:37:00,P0299,Lotte Xylitol Green Gum,Snacks,1,55.0,0.0,55.0
T2025002524,2025-11-09,20:05:00,P0027,Yopokki Cheese 240g,Dry Food,10,145.0,0.0,1450.0
T2025002524,2025-11-09,20:05:00,P0037,Ottogi Cup Spaghetti,Dry Food,5,110.0,0.0,550.0
T2025002524,2025-11-09,20:05:00,P0016,Dongwon  Vegetable Tuna Can 150g 2Pcs,Dry Food,10,235.0,0.0,2350.0
T2025002524,2025-11-09,20:05:00,P0028,CJ Bibigo Seaweed Soup,Dry Food,6,140.0,0.0,840.0
T2025002524,2025-11-09,20:05:00,P0019,Haepyo Crispy Seaweed 9Pcs,Dry Food,3,188.0,0.0,564.0
T2025002525,2025-11-09,08:15:00,P0243,CJ  Ssamjang 170g,Seasoned/Sauce/Powder,1,88.0,0.0,88.0
T2025002525,2025-11-09,08:15:00,P0223,Jin Soy Sauce For Soup 860mL,Seasoned/Sauce/Powder,8,205.0,0.0,1640.0
T2025002525,2025-11-09,08:15:00,P0233,O'Food Korean Fried Chicken Sauce,Seasoned/Sauce/Powder,7,135.0,0.0,945.0
T2025002525,2025-11-09,08:15:00,P0235,O'Food Kimchi Base Sauce,Seasoned/Sauce/Powder,4,130.0,0.0,520.0
T2025002526,2025-11-09,17:38:00,P0226,CJ Beksul Sweet Korean Pancake Mix 400g,Seasoned/Sauce/Powder,6,155.0,0.0,930.0
T2025002526,2025-11-09,17:38:00,P0214,Jin Soy Sauce Rich & Savory 860mL,Seasoned/Sauce/Powder,1,315.0,0.0,315.0
T2025002526,2025-11-09,17:38:00,P0224,Seasoned Seaweed 200g,Seasoned/Sauce/Powder,9,190.0,0.0,1710.0
T2025002526,2025-11-09,17:38:00,P0219,CJ Beksul Spicy Pork Sauce 500g,Seasoned/Sauce/Powder,5,240.0,0.0,1200.0
T2025002526,2025-11-09,17:38:00,P0216,CJ Beksul Chicken Frying Mix 1Kg,Seasoned/Sauce/Powder,3,257.0,0.0,771.0
T2025002527,2025-11-09,17:24:00,P0144,Nongshim Welchs Strawberry 355mL,Liquor/Beverage,9,60.0,0.0,540.0
T2025002527,2025-11-09,17:24:00,P0125,Jinro Fresh Soju,Liquor/Beverage,3,170.0,0.0,510.0
T2025002527,2025-11-09,17:24:00,P0118,Brown Rice Green Tea 50Pcs,Liquor/Beverage,6,257.0,0.0,1542.0
T2025002528,2025-11-09,09:24:00,P0109,(꽃샘) Concentrated Flavored Drink 600g,Liquor/Beverage,5,370.0,0.0,1850.0
T2025002528,2025-11-09,09:24:00,P0116,Maxim Mocha Gold Coffee Mix 20Pcs,Liquor/Beverage,1,275.0,0.0,275.0
T2025002528,2025-11-09,09:24:00,P0138,Kirin Ichiban Beer 330mL,Liquor/Beverage,2,68.0,0.0,136.0
T2025002529,2025-11-09,16:10:00,P0004,O'Food Korean Chili Oil,Condiments,9,160.0,0.0,1440.0
T2025002529,2025-11-09,16:10:00,P0007,Samyang Spicy Mayo,Condiments,4,130.0,0.0,520.0
T2025002530,2025-11-09,11:22:00,P0133,Sunhari Blueberry 360mL,Liquor/Beverage,1,120.0,0.0,120.0
T2025002530,2025-11-09,11:22:00,P0118,Brown Rice Green Tea 50Pcs,Liquor/Beverage,7,257.0,0.0,1799.0
T2025002530,2025-11-09,11:22:00,P0106,Mocha Gold Coffee 100Sticks,Liquor/Beverage,7,1100.0,0.0,7700.0
T2025002531,2025-11-09,12:10:00,P0248,Choco Pie Black Sugar 12Pcs,Snacks,6,200.0,0.0,1200.0
T2025002531,2025-11-09,12:10:00,P0255,Bibigo Crispy Seaweed Snack,Snacks,4,140.0,0.0,560.0
T2025002532,2025-11-09,09:46:00,P0005,Ottogi Gold Mayonnaise 300g,Condiments,3,150.0,0.0,450.0
T2025002532,2025-11-09,09:46:00,P0003,Sempio Sesame Oil,Condiments,4,185.0,0.0,740.0
T2025002532,2025-11-09,09:46:00,P0006,Chung Jung One Soy Sauce,Condiments,8,140.0,0.2,896.0
T2025002533,2025-11-09,21:41:00,P0209,Ottogi Kimchi Ramen,Noodles,3,40.0,0.05,114.0
T2025002533,2025-11-09,21:41:00,P0188,Nagasaki Jjampong,Noodles,3,60.0,0.2,144.0
T2025002533,2025-11-09,21:41:00,P0154,Nongshim Jjawang,Noodles,9,100.0,0.0,900.0
T2025002534,2025-11-09,11:37:00,P0036,Dongwon  Tuna Light Can 150g,Dry Food,10,110.0,0.0,1100.0
T2025002534,2025-11-09,11:37:00,P0032,Samlip Mini Kimbap,Dry Food,2,120.0,0.2,192.0
T2025002534,2025-11-09,11:37:00,P0040,Ottogi Sweet Corn 340g,Dry Food,10,95.0,0.0,950.0
T2025002534,2025-11-09,11:37:00,P0048,Dongwon Light Tuna,Dry Food,7,75.0,0.0,525.0
T2025002535,2025-11-09,10:14:00,P0003,Sempio Sesame Oil,Condiments,10,185.0,0.0,1850.0
T2025002535,2025-11-09,10:14:00,P0007,Samyang Spicy Mayo,Condiments,3,130.0,0.0,390.0
T2025002535,2025-11-09,10:14:00,P0006,Chung Jung One Soy Sauce,Condiments,5,140.0,0.0,700.0
T2025002535,2025-11-09,10:14:00,P0002,Ottogi Gold Mayonnaise 500g,Condiments,2,235.0,0.0,470.0
T2025002535,2025-11-09,10:14:00,P0004,O'Food Korean Chili Oil,Condiments,3,160.0,0.0,480.0
T2025002536,2025-11-09,17:25:00,P0136,Cass Fresh Beer,Liquor/Beverage,5,85.0,0.1,382.5
T2025002536,2025-11-09,17:25:00,P0125,Jinro Fresh Soju,Liquor/Beverage,2,170.0,0.0,340.0
T2025002536,2025-11-09,17:25:00,P0131,Sunhari Yogurt 360mL,Liquor/Beverage,6,120.0,0.0,720.0
T2025002537,2025-11-09,10:12:00,P0006,Chung Jung One Soy Sauce,Condiments,3,140.0,0.15,357.0
T2025002537,2025-11-09,10:12:00,P0001,Ottogi Sesame Oil 500mL,Condiments,7,590.5,0.0,4133.5
T2025002538,2025-11-09,11:21:00,P0001,Ottogi Sesame Oil 500mL,Condiments,8,590.5,0.0,4724.0
T2025002539,2025-11-09,10:07:00,P0214,Jin Soy Sauce Rich & Savory 860mL,Seasoned/Sauce/Powder,9,315.0,0.0,2835.0
T2025002539,2025-11-09,10:07:00,P0238,Ottogi Curry Mild,Seasoned/Sauce/Powder,7,115.0,0.0,805.0
T2025002539,2025-11-09,10:07:00,P0231,O'Food Bulgogi Marinade,Seasoned/Sauce/Powder,9,145.0,0.0,1305.0
T2025002540,2025-11-09,14:40:00,P0229,O'Food Korean BBQ Sauce,Seasoned/Sauce/Powder,6,145.0,0.0,870.0
T2025002540,2025-11-09,14:40:00,P0241,CJ Anchovy Sauce 500g,Seasoned/Sauce/Powder,1,105.0,0.0,105.0
T2025002540,2025-11-09,14:40:00,P0227,CJ Beksul Beef Bulgogi Sauce 290g,Seasoned/Sauce/Powder,5,150.0,0.0,750.0
T2025002540,2025-11-09,14:40:00,P0242,CJ  Gochujang 200g,Seasoned/Sauce/Powder,9,100.0,0.0,900.0
T2025002540,2025-11-09,14:40:00,P0224,Seasoned Seaweed 200g,Seasoned/Sauce/Powder,9,190.0,0.0,1710.0
T2025002541,2025-11-09,14:14:00,P0162,Ottogi Jin Jjampong,Noodles,9,90.0,0.0,810.0
T2025002541,2025-11-09,14:14:00,P0166,Samyang Buldak Original,Noodles,2,88.0,0.0,176.0
T2025002541,2025-11-09,14:14:00,P0175,Samyang Jjajang Hot Chicken,Noodles,5,75.0,0.0,375.0
T2025002542,2025-11-09,14:03:00,P0001,Ottogi Sesame Oil 500mL,Condiments,3,590.5,0.0,1771.5
T2025002542,2025-11-09,14:03:00,P0007,Samyang Spicy Mayo,Condiments,8,130.0,0.1,936.0
T2025002542,2025-11-09,14:03:00,P0005,Ottogi Gold Mayonnaise 300g,Condiments,1,150.0,0.0,150.0
T2025002543,2025-11-09,20:46:00,P0003,Sempio Sesame Oil,Condiments,3,185.0,0.2,444.0
T2025002543,2025-11-09,20:46:00,P0002,Ottogi Gold Mayonnaise 500g,Condiments,1,235.0,0.05,223.25
T2025002543,2025-11-09,20:46:00,P0009,CJ Beksul Corn Syrup,Condiments,7,95.0,0.0,665.0
T2025002543,2025-11-09,20:46:00,P0001,Ottogi Sesame Oil 500mL,Condiments,8,590.5,0.0,4724.0
T2025002543,2025-11-09,20:46:00,P0004,O'Food Korean Chili Oil,Condiments,10,160.0,0.0,1600.0
T2025002544,2025-11-09,13:57:00,P0217,Ottogi Roasted Sesame Seeds 200g,Seasoned/Sauce/Powder,6,255.0,0.0,1530.0
T2025002544,2025-11-09,13:57:00,P0213,Sempio Yondu 500mL,Seasoned/Sauce/Powder,10,345.0,0.0,3450.0
T2025002544,2025-11-09,13:57:00,P0225,Chung Jung One Soybean Paste,Seasoned/Sauce/Powder,9,160.0,0.0,1440.0
T2025002544,2025-11-09,13:57:00,P0229,O'Food Korean BBQ Sauce,Seasoned/Sauce/Powder,8,145.0,0.0,1160.0
T2025002545,2025-11-09,21:09:00,P0138,Kirin Ichiban Beer 330mL,Liquor/Beverage,7,68.0,0.0,476.0
T2025002545,2025-11-09,21:09:00,P0134,KSD Green Grape Rice Wine 750mL,Liquor/Beverage,2,105.0,0.0,210.0
T2025002546,2025-11-09,08:00:00,P0053,Shine Spicy Pork Bulgogi Pack,Food Fresh/Meat/Sidedish,5,500.0,0.0,2500.0
T2025002547,2025-11-09,14:05:00,P0075,Bibigo Mul Mandu 370g 2Packs,Food Frozen,5,695.0,0.0,3475.0
T2025002547,2025-11-09,14:05:00,P0088,Dongwon  Real Crabs 144g ,Food Frozen,9,259.0,0.0,2331.0
T2025002548,2025-11-09,17:44:00,P0218,CJ Beksul Beef Bulgogi Sauce 500g,Seasoned/Sauce/Powder,4,250.0,0.0,1000.0
T2025002548,2025-11-09,17:44:00,P0214,Jin Soy Sauce Rich & Savory 860mL,Seasoned/Sauce/Powder,5,315.0,0.0,1575.0
T2025002548,2025-11-09,17:44:00,P0230,CJ Beksul Pancake Sauce,Seasoned/Sauce/Powder,1,145.0,0.0,145.0
T2025002548,2025-11-09,17:44:00,P0243,CJ  Ssamjang 170g,Seasoned/Sauce/Powder,6,88.0,0.0,528.0
T2025002548,2025-11-09,17:44:00,P0221,CJ  Gochujang 500g,Seasoned/Sauce/Powder,2,220.0,0.0,440.0
T2025002549,2025-11-09,09:33:00,P0207,Ottogi Yeul Ramen 120g,Noodles,3,40.0,0.0,120.0
T2025002549,2025-11-09,09:33:00,P0201,Sewoo Tang Small Cup,Noodles,7,50.0,0.0,350.0
T2025002549,2025-11-09,09:33:00,P0186,Ottogi Chachelin Blackbean 145g,Noodles,3,60.0,0.0,180.0
T2025002549,2025-11-09,09:33:00,P0210,2Mins Snack Men,Noodles,8,40.0,0.0,320.0
T2025002549,2025-11-09,09:33:00,P0183,Samyang Kimchi Ramen Bowl,Noodles,6,65.0,0.0,390.0
T2025002549,2025-11-09,09:33:00,P0204,Ottogi Cup Ramen Kimchi,Noodles,5,50.0,0.0,250.0
T2025002550,2025-11-09,14:56:00,P0059,Pork Belly (Samgyupsal) 500g,Food Fresh/Meat/Sidedish,10,275.0,0.0,2750.0
T2025002550,2025-11-09,14:56:00,P0067,Wasabi Radish Wrapper 340g,Food Fresh/Meat/Sidedish,3,145.0,0.0,435.0
T2025002550,2025-11-09,14:56:00,P0062,Dried Anchovy Small 100g,Food Fresh/Meat/Sidedish,6,240.0,0.0,1440.0
T2025002551,2025-11-09,18:03:00,P0018,(Kaya) Korean Rice 1.5Kg,Dry Food,10,190.0,0.0,1900.0
T2025002551,2025-11-09,18:03:00,P0024,O'Food Kimchi Soup Mix,Dry Food,8,150.0,0.0,1200.0
T2025002551,2025-11-09,18:03:00,P0040,Ottogi Sweet Corn 340g,Dry Food,7,95.0,0.0,665.0
T2025002551,2025-11-09,18:03:00,P0021,Bibigo Kimbab Kim 10Sheets,Dry Food,1,161.0,0.0,161.0
T2025002551,2025-11-09,18:03:00,P0046,CJ Beksul Potato Starch,Dry Food,5,85.0,0.0,425.0
T2025002551,2025-11-09,18:03:00,P0036,Dongwon  Tuna Light Can 150g,Dry Food,9,110.0,0.0,990.0
T2025002552,2025-11-09,18:43:00,P0092,Daerim  Crab Stick 500g,Food Frozen,9,210.0,0.0,1890.0
T2025002552,2025-11-09,18:43:00,P0078,Spanish Mackerel 340g,Food Frozen,1,500.0,0.05,475.0
T2025002552,2025-11-09,18:43:00,P0091,CJ Bibigo Japchae,Food Frozen,1,220.0,0.0,220.0
T2025002552,2025-11-09,18:43:00,P0084,Assi Vegetable Dumplings 675g,Food Frozen,8,285.0,0.05,2166.0
T2025002552,2025-11-09,18:43:00,P0099,Daerim  Chaw Spicy Stick 90g,Food Frozen,6,80.0,0.0,480.0
T2025002553,2025-11-09,18:00:00,P0217,Ottogi Roasted Sesame Seeds 200g,Seasoned/Sauce/Powder,10,255.0,0.0,2550.0
T2025002553,2025-11-09,18:00:00,P0242,CJ  Gochujang 200g,Seasoned/Sauce/Powder,1,100.0,0.0,100.0
T2025002553,2025-11-09,18:00:00,P0239,Ottogi Curry Hot,Seasoned/Sauce/Powder,2,115.0,0.0,230.0
T2025002553,2025-11-09,18:00:00,P0234,CJ Beksul Spicy Pork Sauce 290g,Seasoned/Sauce/Powder,10,130.0,0.0,1300.0
T2025002553,2025-11-09,18:00:00,P0213,Sempio Yondu 500mL,Seasoned/Sauce/Powder,8,345.0,0.0,2760.0
T2025002554,2025-11-09,20:08:00,P0070,Skinless Garlic 150G,Food Fresh/Meat/Sidedish,10,65.0,0.0,650.0
T2025002554,2025-11-09,20:08:00,P0051,Us Premium Rib Eye 500g,Food Fresh/Meat/Sidedish,1,725.0,0.0,725.0
T2025002555,2025-11-09,19:32:00,P0062,Dried Anchovy Small 100g,Food Fresh/Meat/Sidedish,10,240.0,0.0,2400.0
T2025002555,2025-11-09,19:32:00,P0067,Wasabi Radish Wrapper 340g,Food Fresh/Meat/Sidedish,2,145.0,0.0,290.0
T2025002555,2025-11-09,19:32:00,P0055,Beef Enoki Roll 500g,Food Fresh/Meat/Sidedish,3,410.0,0.1,1107.0
T2025002555,2025-11-09,19:32:00,P0071,Kongsarang Firm Tofu,Food Fresh/Meat/Sidedish,9,65.0,0.0,585.0
T2025002555,2025-11-09,19:32:00,P0052,Shine Beef Bulgogi Pack,Food Fresh/Meat/Sidedish,8,550.0,0.0,4400.0
T2025002556,2025-11-09,17:30:00,P0005,Ottogi Gold Mayonnaise 300g,Condiments,10,150.0,0.0,1500.0
T2025002557,2025-11-09,10:29:00,P0174,Ottogi Cheese Bokki Cup,Noodles,7,75.0,0.0,525.0
T2025002558,2025-11-09,09:33:00,P0261,Lotte Choco Heim,Snacks,6,120.0,0.0,720.0
T2025002558,2025-11-09,09:33:00,P0286,Crown Caramel Maple Corn,Snacks,10,80.0,0.0,800.0
T2025002559,2025-11-09,15:37:00,P0131,Sunhari Yogurt 360mL,Liquor/Beverage,5,120.0,0.0,600.0
T2025002559,2025-11-09,15:37:00,P0121,Lotte Chum Churum Soju,Liquor/Beverage,3,175.0,0.0,525.0
T2025002559,2025-11-09,15:37:00,P0136,Cass Fresh Beer,Liquor/Beverage,10,85.0,0.0,850.0
T2025002559,2025-11-09,15:37:00,P0106,Mocha Gold Coffee 100Sticks,Liquor/Beverage,6,1100.0,0.05,6270.0
T2025002559,2025-11-09,15:37:00,P0144,Nongshim Welchs Strawberry 355mL,Liquor/Beverage,4,60.0,0.0,240.0
T2025002559,2025-11-09,15:37:00,P0133,Sunhari Blueberry 360mL,Liquor/Beverage,4,120.0,0.0,480.0
T2025002560,2025-11-09,20:24:00,P0298,Pepero White Cookie,Snacks,4,55.0,0.0,220.0
T2025002560,2025-11-09,20:24:00,P0280,Nongshim Potato Sticks,Snacks,10,85.0,0.15,722.5
T2025002560,2025-11-09,20:24:00,P0285,Corn Choco,Snacks,4,80.0,0.0,320.0
T2025002560,2025-11-09,20:24:00,P0252,Lotte Banana Choco Pie 12Pcs,Snacks,8,180.0,0.0,1440.0
T2025002560,2025-11-09,20:24:00,P0276,Orion Sun Chips Korean BBQ,Snacks,1,90.0,0.0,90.0
T2025002560,2025-11-09,20:24:00,P0290,Doritos Galbi Chicken,Snacks,8,77.0,0.1,554.4
T2025002561,2025-11-09,11:33:00,P0285,Corn Choco,Snacks,5,80.0,0.0,400.0
T2025002561,2025-11-09,11:33:00,P0297,Pepero Choco Filled,Snacks,3,55.0,0.0,165.0
T2025002561,2025-11-09,11:33:00,P0284,Kkokal Sweet Corn Snack,Snacks,6,80.0,0.0,480.0
T2025002561,2025-11-09,11:33:00,P0258,Orion Custard Choco Cake,Snacks,9,130.0,0.0,1170.0
T2025002561,2025-11-09,11:33:00,P0247,Choco Pie Green Tea 12Pcs,Snacks,9,200.0,0.0,1800.0
T2025002562,2025-11-09,16:19:00,P0073,Perilla Leaves 2Packs,Food Fresh/Meat/Sidedish,10,40.0,0.0,400.0
T2025002562,2025-11-09,16:19:00,P0060,Homemade Spring Onion Kimchi 350g,Food Fresh/Meat/Sidedish,1,250.0,0.0,250.0
T2025002562,2025-11-09,16:19:00,P0064,Kimbab Radish 400g,Food Fresh/Meat/Sidedish,5,185.0,0.25,693.75
T2025002562,2025-11-09,16:19:00,P0067,Wasabi Radish Wrapper 340g,Food Fresh/Meat/Sidedish,6,145.0,0.0,870.0
T2025002563,2025-11-09,18:06:00,P0202,Nongshim Ansung Tangmen,Noodles,8,50.0,0.0,400.0
T2025002563,2025-11-09,18:06:00,P0168,Samyang Carbo Buldak,Noodles,8,88.0,0.0,704.0
T2025002564,2025-11-09,16:03:00,P0270,Samlip Custard Cream Cake,Snacks,9,105.0,0.0,945.0
T2025002565,2025-11-09,08:50:00,P0286,Crown Caramel Maple Corn,Snacks,6,80.0,0.0,480.0
T2025002566,2025-11-09,11:31:00,P0286,Crown Caramel Maple Corn,Snacks,4,80.0,0.0,320.0
T2025002567,2025-11-09,12:17:00,P0172,Ottogi Jin Hot Big Cup,Noodles,5,75.0,0.0,375.0
T2025002567,2025-11-09,12:17:00,P0210,2Mins Snack Men,Noodles,5,40.0,0.05,190.0
T2025002567,2025-11-09,12:17:00,P0188,Nagasaki Jjampong,Noodles,3,60.0,0.1,162.0
T2025002568,2025-11-09,10:21:00,P0228,Sempio Gochujang (500g),Seasoned/Sauce/Powder,7,145.0,0.0,1015.0
T2025002568,2025-11-09,10:21:00,P0217,Ottogi Roasted Sesame Seeds 200g,Seasoned/Sauce/Powder,1,255.0,0.0,255.0
T2025002568,2025-11-09,10:21:00,P0216,CJ Beksul Chicken Frying Mix 1Kg,Seasoned/Sauce/Powder,2,257.0,0.0,514.0
T2025002568,2025-11-09,10:21:00,P0226,CJ Beksul Sweet Korean Pancake Mix 400g,Seasoned/Sauce/Powder,5,155.0,0.0,775.0
T2025002568,2025-11-09,10:21:00,P0212,Beef Dasida (Soup Stock) 1Kg,Seasoned/Sauce/Powder,6,550.0,0.0,3300.0
T2025002569,2025-11-09,15:37:00,P0008,Ottogi Corn Syrup,Condiments,10,98.0,0.0,980.0
T2025002569,2025-11-09,15:37:00,P0003,Sempio Sesame Oil,Condiments,4,185.0,0.0,740.0
T2025002569,2025-11-09,15:37:00,P0004,O'Food Korean Chili Oil,Condiments,5,160.0,0.0,800.0
T2025002569,2025-11-09,15:37:00,P0009,CJ Beksul Corn Syrup,Condiments,2,95.0,0.0,190.0
T2025002569,2025-11-09,15:37:00,P0002,Ottogi Gold Mayonnaise 500g,Condiments,10,235.0,0.0,2350.0
T2025002570,2025-11-09,13:33:00,P0108,Ottogi Honey Citron Tea 1Kg,Liquor/Beverage,9,530.0,0.0,4770.0
T2025002570,2025-11-09,13:33:00,P0122,Chamisul Original Soju,Liquor/Beverage,5,175.0,0.0,875.0
T2025002570,2025-11-09,13:33:00,P0125,Jinro Fresh Soju,Liquor/Beverage,2,170.0,0.0,340.0
T2025002570,2025-11-09,13:33:00,P0142,Nongshim Welchs White Grape 355mL,Liquor/Beverage,8,60.0,0.0,480.0
T2025002571,2025-11-09,18:47:00,P0022,Ottogi Tteokbokki Cup,Dry Food,1,160.0,0.15,136.0
T2025002571,2025-11-09,18:47:00,P0042,CJ Hetbahn Brown Rice,Dry Food,2,95.0,0.0,190.0
T2025002571,2025-11-09,18:47:00,P0019,Haepyo Crispy Seaweed 9Pcs,Dry Food,1,188.0,0.05,178.6
T2025002571,2025-11-09,18:47:00,P0018,(Kaya) Korean Rice 1.5Kg,Dry Food,5,190.0,0.0,950.0
T2025002571,2025-11-09,18:47:00,P0021,Bibigo Kimbab Kim 10Sheets,Dry Food,10,161.0,0.0,1610.0
T2025002572,2025-11-09,12:59:00,P0074,Bibigo Fried Dumplings 450g,Food Frozen,3,740.0,0.0,2220.0
T2025002573,2025-11-09,09:17:00,P0026,Yopokki Sweet & Spicy 280g,Dry Food,6,145.0,0.0,870.0
T2025002573,2025-11-09,09:17:00,P0013,Dongwon  Whelk In Can 140g,Dry Food,2,280.0,0.0,560.0
T2025002573,2025-11-09,09:17:00,P0025,Sempio Yellow Peach In Can 400g,Dry Food,6,145.0,0.0,870.0
T2025002573,2025-11-09,09:17:00,P0032,Samlip Mini Kimbap,Dry Food,7,120.0,0.0,840.0
T2025002573,2025-11-09,09:17:00,P0028,CJ Bibigo Seaweed Soup,Dry Food,5,140.0,0.0,700.0
T2025002574,2025-11-09,11:08:00,P0236,CJ  Soybean Paste 500g,Seasoned/Sauce/Powder,4,123.0,0.0,492.0
T2025002574,2025-11-09,11:08:00,P0218,CJ Beksul Beef Bulgogi Sauce 500g,Seasoned/Sauce/Powder,8,250.0,0.0,2000.0
T2025002575,2025-11-09,21:40:00,P0234,CJ Beksul Spicy Pork Sauce 290g,Seasoned/Sauce/Powder,10,130.0,0.0,1300.0
T2025002575,2025-11-09,21:40:00,P0230,CJ Beksul Pancake Sauce,Seasoned/Sauce/Powder,2,145.0,0.0,290.0
T2025002575,2025-11-09,21:40:00,P0221,CJ  Gochujang 500g,Seasoned/Sauce/Powder,3,220.0,0.0,660.0
T2025002575,2025-11-09,21:40:00,P0243,CJ  Ssamjang 170g,Seasoned/Sauce/Powder,6,88.0,0.0,528.0
T2025002575,2025-11-09,21:40:00,P0215,Ottogi Wasabi Powder 300g,Seasoned/Sauce/Powder,9,290.0,0.0,2610.0
T2025002575,2025-11-09,21:40:00,P0225,Chung Jung One Soybean Paste,Seasoned/Sauce/Powder,8,160.0,0.0,1280.0
T2025002576,2025-11-09,13:01:00,P0060,Homemade Spring Onion Kimchi 350g,Food Fresh/Meat/Sidedish,5,250.0,0.0,1250.0
T2025002576,2025-11-09,13:01:00,P0072,Kongsarang Soft Tofu,Food Fresh/Meat/Sidedish,10,65.0,0.0,650.0
T2025002576,2025-11-09,13:01:00,P0064,Kimbab Radish 400g,Food Fresh/Meat/Sidedish,10,185.0,0.15,1572.5
T2025002576,2025-11-09,13:01:00,P0054,Chadolbagi Wagyu 500g,Food Fresh/Meat/Sidedish,10,475.0,0.0,4750.0
T2025002577,2025-11-09,19:26:00,P0239,Ottogi Curry Hot,Seasoned/Sauce/Powder,8,115.0,0.0,920.0
T2025002577,2025-11-09,19:26:00,P0227,CJ Beksul Beef Bulgogi Sauce 290g,Seasoned/Sauce/Powder,7,150.0,0.0,1050.0
T2025002578,2025-11-09,16:26:00,P0237,O'Food Tteokbokki Sauce,Seasoned/Sauce/Powder,1,120.0,0.0,120.0
T2025002579,2025-11-09,14:01:00,P0214,Jin Soy Sauce Rich & Savory 860mL,Seasoned/Sauce/Powder,9,315.0,0.05,2693.25
T2025002579,2025-11-09,14:01:00,P0243,CJ  Ssamjang 170g,Seasoned/Sauce/Powder,9,88.0,0.0,792.0
T2025002579,2025-11-09,14:01:00,P0239,Ottogi Curry Hot,Seasoned/Sauce/Powder,5,115.0,0.0,575.0
T2025002580,2025-11-09,09:21:00,P0209,Ottogi Kimchi Ramen,Noodles,2,40.0,0.0,80.0
T2025002580,2025-11-09,09:21:00,P0196,Paldo Cheese Ramen,Noodles,4,55.0,0.0,220.0
T2025002580,2025-11-09,09:21:00,P0173,Nongshim Jjapageti,Noodles,6,75.0,0.0,450.0
T2025002580,2025-11-09,09:21:00,P0166,Samyang Buldak Original,Noodles,4,88.0,0.0,352.0
T2025002580,2025-11-09,09:21:00,P0188,Nagasaki Jjampong,Noodles,10,60.0,0.0,600.0
T2025002580,2025-11-09,09:21:00,P0178,Samyang Mala Buldak,Noodles,2,70.0,0.0,140.0
T2025002581,2025-11-09,21:02:00,P0135,KSD Peach Rice Wine 750mL,Liquor/Beverage,5,105.0,0.0,525.0
T2025002582,2025-11-09,13:57:00,P0106,Mocha Gold Coffee 100Sticks,Liquor/Beverage,4,1100.0,0.0,4400.0
T2025002582,2025-11-09,13:57:00,P0109,(꽃샘) Concentrated Flavored Drink 600g,Liquor/Beverage,8,370.0,0.0,2960.0
T2025002582,2025-11-09,13:57:00,P0147,Binggrae Coffee Milk,Liquor/Beverage,2,48.0,0.05,91.2
T2025002582,2025-11-09,13:57:00,P0135,KSD Peach Rice Wine 750mL,Liquor/Beverage,4,105.0,0.0,420.0
T2025002583,2025-11-09,14:30:00,P0050,Boneless Rib Eye 250g,Food Fresh/Meat/Sidedish,10,750.0,0.0,7500.0
T2025002583,2025-11-09,14:30:00,P0070,Skinless Garlic 150G,Food Fresh/Meat/Sidedish,2,65.0,0.0,130.0
T2025002583,2025-11-09,14:30:00,P0053,Shine Spicy Pork Bulgogi Pack,Food Fresh/Meat/Sidedish,8,500.0,0.15,3400.0
T2025002583,2025-11-09,14:30:00,P0051,Us Premium Rib Eye 500g,Food Fresh/Meat/Sidedish,7,725.0,0.0,5075.0
T2025002583,2025-11-09,14:30:00,P0065,Sempio Spicy Stir-Fried Dried Squid,Food Fresh/Meat/Sidedish,10,175.0,0.0,1750.0
T2025002584,2025-11-09,11:55:00,P0296,Lotte Cereal Choco,Snacks,7,55.0,0.0,385.0
T2025002584,2025-11-09,11:55:00,P0297,Pepero Choco Filled,Snacks,2,55.0,0.0,110.0
T2025002584,2025-11-09,11:55:00,P0274,Haitai Matdongsan,Snacks,1,95.0,0.0,95.0
T2025002584,2025-11-09,11:55:00,P0263,Samlip Honey Castella,Snacks,2,120.0,0.0,240.0
T2025002584,2025-11-09,11:55:00,P0298,Pepero White Cookie,Snacks,1,55.0,0.0,55.0
T2025002584,2025-11-09,11:55:00,P0257,Lotte Almond Chocolate,Snacks,3,130.0,0.0,390.0
T2025002585,2025-11-09,09:24:00,P0092,Daerim  Crab Stick 500g,Food Frozen,8,210.0,0.0,1680.0
T2025002585,2025-11-09,09:24:00,P0095,Samlip Fish Cake Sheets,Food Frozen,8,150.0,0.0,1200.0
T2025002585,2025-11-09,09:24:00,P0101,Daerim  Fish Cake Stick,Food Frozen,7,77.0,0.0,539.0
T2025002585,2025-11-09,09:24:00,P0074,Bibigo Fried Dumplings 450g,Food Frozen,6,740.0,0.0,4440.0
T2025002586,2025-11-09,12:12:00,P0008,Ottogi Corn Syrup,Condiments,9,98.0,0.0,882.0
T2025002586,2025-11-09,12:12:00,P0009,CJ Beksul Corn Syrup,Condiments,8,95.0,0.0,760.0
T2025002587,2025-11-09,19:10:00,P0010,Daerim  Big Smoke Ham 1Kg,Dry Food,9,480.0,0.0,4320.0
T2025002587,2025-11-09,19:10:00,P0032,Samlip Mini Kimbap,Dry Food,6,120.0,0.0,720.0
T2025002587,2025-11-09,19:10:00,P0014,Bibigo Beef Seaweed Soup,Dry Food,5,264.0,0.2,1056.0
T2025002587,2025-11-09,19:10:00,P0046,CJ Beksul Potato Starch,Dry Food,2,85.0,0.2,136.0
T2025002588,2025-11-09,11:11:00,P0043,CJ Hetbahn Cooked Barley,Dry Food,2,95.0,0.0,190.0
T2025002588,2025-11-09,11:11:00,P0021,Bibigo Kimbab Kim 10Sheets,Dry Food,1,161.0,0.1,144.9
T2025002588,2025-11-09,11:11:00,P0034,CJ  Cooked Rice,Dry Food,2,116.0,0.0,232.0
T2025002588,2025-11-09,11:11:00,P0040,Ottogi Sweet Corn 340g,Dry Food,4,95.0,0.0,380.0
T2025002588,2025-11-09,11:11:00,P0048,Dongwon Light Tuna,Dry Food,3,75.0,0.2,180.0
T2025002588,2025-11-09,11:11:00,P0018,(Kaya) Korean Rice 1.5Kg,Dry Food,6,190.0,0.0,1140.0
T2025002589,2025-11-09,16:18:00,P0004,O'Food Korean Chili Oil,Condiments,1,160.0,0.25,120.0
T2025002589,2025-11-09,16:18:00,P0002,Ottogi Gold Mayonnaise 500g,Condiments,3,235.0,0.0,705.0
T2025002589,2025-11-09,16:18:00,P0008,Ottogi Corn Syrup,Condiments,1,98.0,0.0,98.0
T2025002589,2025-11-09,16:18:00,P0009,CJ Beksul Corn Syrup,Condiments,1,95.0,0.0,95.0
T2025002590,2025-11-09,19:34:00,P0155,Nongshim Dungji Mul Nengmyeon (Cold Noodle),Noodles,3,95.0,0.0,285.0
T2025002590,2025-11-09,19:34:00,P0202,Nongshim Ansung Tangmen,Noodles,4,50.0,0.0,200.0
T2025002590,2025-11-09,19:34:00,P0201,Sewoo Tang Small Cup,Noodles,1,50.0,0.15,42.5
T2025002590,2025-11-09,19:34:00,P0179,Ottogi Ramen Bokki Cup,Noodles,10,69.0,0.0,690.0
T2025002590,2025-11-09,19:34:00,P0187,Paldo Bibim Men,Noodles,4,60.0,0.2,192.0
T2025002591,2025-11-09,13:30:00,P0007,Samyang Spicy Mayo,Condiments,9,130.0,0.05,1111.5
T2025002591,2025-11-09,13:30:00,P0006,Chung Jung One Soy Sauce,Condiments,8,140.0,0.15,952.0
T2025002591,2025-11-09,13:30:00,P0001,Ottogi Sesame Oil 500mL,Condiments,6,590.5,0.0,3543.0
T2025002592,2025-11-09,11:04:00,P0053,Shine Spicy Pork Bulgogi Pack,Food Fresh/Meat/Sidedish,7,500.0,0.0,3500.0
T2025002592,2025-11-09,11:04:00,P0054,Chadolbagi Wagyu 500g,Food Fresh/Meat/Sidedish,8,475.0,0.0,3800.0
T2025002592,2025-11-09,11:04:00,P0061,Dried Anchovy Medium 100g,Food Fresh/Meat/Sidedish,1,240.0,0.0,240.0
T2025002592,2025-11-09,11:04:00,P0057,Jongga Pogi Kimchi 500g,Food Fresh/Meat/Sidedish,8,315.0,0.0,2520.0
T2025002592,2025-11-09,11:04:00,P0064,Kimbab Radish 400g,Food Fresh/Meat/Sidedish,2,185.0,0.0,370.0
T2025002593,2025-11-09,11:00:00,P0297,Pepero Choco Filled,Snacks,1,55.0,0.0,55.0
T2025002594,2025-11-09,20:44:00,P0208,Ottogi Jin Ramen Mild,Noodles,7,40.0,0.0,280.0
T2025002594,2025-11-09,20:44:00,P0188,Nagasaki Jjampong,Noodles,8,60.0,0.15,408.0
T2025002594,2025-11-09,20:44:00,P0155,Nongshim Dungji Mul Nengmyeon (Cold Noodle),Noodles,4,95.0,0.0,380.0
T2025002594,2025-11-09,20:44:00,P0192,Nongshim Soon Veggie Ramen,Noodles,2,58.0,0.25,87.0
T2025002594,2025-11-09,20:44:00,P0164,Samyang Buldak 4 Cheese 145g,Noodles,1,88.0,0.0,88.0
T2025002595,2025-11-09,14:29:00,P0172,Ottogi Jin Hot Big Cup,Noodles,7,75.0,0.0,525.0
T2025002595,2025-11-09,14:29:00,P0176,Ottogi Cheese Bokki Cup,Noodles,5,72.0,0.0,360.0
T2025002595,2025-11-09,14:29:00,P0185,Nongshim Shin Non-Frying Ramen 97g,Noodles,6,60.0,0.0,360.0
T2025002595,2025-11-09,14:29:00,P0190,Nongshim Tempura Udon Cup,Noodles,9,60.0,0.0,540.0
T2025002595,2025-11-09,14:29:00,P0167,Samyang Cheese Buldak,Noodles,8,88.0,0.0,704.0
T2025002595,2025-11-09,14:29:00,P0153,Samyang Buldak Cheese Cup,Noodles,7,110.0,0.0,770.0
T2025002596,2025-11-09,13:31:00,P0097,Daerim  Cheese Vienna Sausage 105g,Food Frozen,3,120.0,0.0,360.0
T2025002596,2025-11-09,13:31:00,P0074,Bibigo Fried Dumplings 450g,Food Frozen,4,740.0,0.05,2812.0
T2025002596,2025-11-09,13:31:00,P0101,Daerim  Fish Cake Stick,Food Frozen,2,77.0,0.0,154.0
T2025002596,2025-11-09,13:31:00,P0082,Daerim  Crab Sticks 1Kg,Food Frozen,9,350.0,0.0,3150.0
T2025002597,2025-11-09,19:47:00,P0108,Ottogi Honey Citron Tea 1Kg,Liquor/Beverage,6,530.0,0.0,3180.0
T2025002597,2025-11-09,19:47:00,P0133,Sunhari Blueberry 360mL,Liquor/Beverage,3,120.0,0.0,360.0
T2025002597,2025-11-09,19:47:00,P0125,Jinro Fresh Soju,Liquor/Beverage,8,170.0,0.0,1360.0
T2025002598,2025-11-09,16:34:00,P0084,Assi Vegetable Dumplings 675g,Food Frozen,8,285.0,0.0,2280.0
T2025002598,2025-11-09,16:34:00,P0091,CJ Bibigo Japchae,Food Frozen,8,220.0,0.0,1760.0
T2025002599,2025-11-09,19:33:00,P0065,Sempio Spicy Stir-Fried Dried Squid,Food Fresh/Meat/Sidedish,3,175.0,0.0,525.0
T2025002600,2025-11-09,08:16:00,P0117,Maxim Kanu Dark Roast 10 Sticks,Liquor/Beverage,1,260.0,0.0,260.0
T2025002600,2025-11-09,08:16:00,P0138,Kirin Ichiban Beer 330mL,Liquor/Beverage,10,68.0,0.0,680.0
T2025002601,2025-11-09,09:33:00,P0241,CJ Anchovy Sauce 500g,Seasoned/Sauce/Powder,10,105.0,0.2,840.0
T2025002601,2025-11-09,09:33:00,P0216,CJ Beksul Chicken Frying Mix 1Kg,Seasoned/Sauce/Powder,5,257.0,0.25,963.75
T2025002601,2025-11-09,09:33:00,P0228,Sempio Gochujang (500g),Seasoned/Sauce/Powder,7,145.0,0.0,1015.0
T2025002602,2025-11-09,17:49:00,P0147,Binggrae Coffee Milk,Liquor/Beverage,6,48.0,0.0,288.0
T2025002602,2025-11-09,17:49:00,P0140,Woongjin Yogurt Peach 340mL,Liquor/Beverage,10,60.0,0.0,600.0
T2025002603,2025-11-09,12:16:00,P0086,CJ Bibigo Gyoza Dumplings,Food Frozen,2,270.0,0.0,540.0
T2025002603,2025-11-09,12:16:00,P0079,Daerim  Kimbab Ham 1Kg,Food Frozen,3,480.0,0.0,1440.0
T2025002603,2025-11-09,12:16:00,P0081,Assi Shrimp Wanton 600g,Food Frozen,1,400.0,0.05,380.0
T2025002603,2025-11-09,12:16:00,P0103,Daerim  Chaw Stick 100g,Food Frozen,2,73.0,0.0,146.0
T2025002604,2025-11-09,20:59:00,P0266,Bibigo Seaweed Crisps,Snacks,2,110.0,0.0,220.0
T2025002605,2025-11-09,17:42:00,P0275,Haitai Sweet Potato Snack,Snacks,4,95.0,0.0,380.0
T2025002605,2025-11-09,17:42:00,P0297,Pepero Choco Filled,Snacks,2,55.0,0.0,110.0
T2025002605,2025-11-09,17:42:00,P0268,Samlip Walnut Pie,Snacks,1,110.0,0.0,110.0
T2025002605,2025-11-09,17:42:00,P0248,Choco Pie Black Sugar 12Pcs,Snacks,2,200.0,0.0,400.0
T2025002606,2025-11-09,08:38:00,P0188,Nagasaki Jjampong,Noodles,8,60.0,0.25,360.0
T2025002607,2025-11-09,17:19:00,P0184,Nongshim Baehongdong Bibimyeon 137g,Noodles,9,61.0,0.0,549.0
T2025002607,2025-11-09,17:19:00,P0198,Paldo Koreno Beef Noodle 100g,Noodles,6,50.0,0.0,300.0
T2025002607,2025-11-09,17:19:00,P0174,Ottogi Cheese Bokki Cup,Noodles,1,75.0,0.0,75.0
T2025002607,2025-11-09,17:19:00,P0204,Ottogi Cup Ramen Kimchi,Noodles,1,50.0,0.0,50.0
T2025002608,2025-11-09,13:35:00,P0032,Samlip Mini Kimbap,Dry Food,10,120.0,0.0,1200.0
T2025002609,2025-11-09,20:04:00,P0256,Orion Custard Cake,Snacks,4,130.0,0.0,520.0
T2025002609,2025-11-09,20:04:00,P0271,Orion Choco Chip Cookies,Snacks,5,100.0,0.0,500.0
T2025002610,2025-11-09,08:07:00,P0005,Ottogi Gold Mayonnaise 300g,Condiments,1,150.0,0.05,142.5
T2025002610,2025-11-09,08:07:00,P0007,Samyang Spicy Mayo,Condiments,3,130.0,0.0,390.0
T2025002610,2025-11-09,08:07:00,P0006,Chung Jung One Soy Sauce,Condiments,5,140.0,0.0,700.0
T2025002610,2025-11-09,08:07:00,P0002,Ottogi Gold Mayonnaise 500g,Condiments,2,235.0,0.0,470.0
T2025002610,2025-11-09,08:07:00,P0008,Ottogi Corn Syrup,Condiments,9,98.0,0.0,882.0
T2025002611,2025-11-09,16:38:00,P0221,CJ  Gochujang 500g,Seasoned/Sauce/Powder,6,220.0,0.0,1320.0
T2025002611,2025-11-09,16:38:00,P0225,Chung Jung One Soybean Paste,Seasoned/Sauce/Powder,7,160.0,0.0,1120.0
T2025002611,2025-11-09,16:38:00,P0230,CJ Beksul Pancake Sauce,Seasoned/Sauce/Powder,2,145.0,0.0,290.0
T2025002611,2025-11-09,16:38:00,P0236,CJ  Soybean Paste 500g,Seasoned/Sauce/Powder,5,123.0,0.0,615.0
T2025002611,2025-11-09,16:38:00,P0215,Ottogi Wasabi Powder 300g,Seasoned/Sauce/Powder,2,290.0,0.25,435.0
T2025002612,2025-11-09,12:46:00,P0287,Nongshim Banana Kick 75g,Snacks,8,80.0,0.0,640.0
T2025002612,2025-11-09,12:46:00,P0249,Lotte Chocopie 12Pcs,Snacks,7,200.0,0.0,1400.0
T2025002612,2025-11-09,12:46:00,P0252,Lotte Banana Choco Pie 12Pcs,Snacks,2,180.0,0.25,270.0
T2025002612,2025-11-09,12:46:00,P0288,Nongshim Honey Rice Snack,Snacks,6,80.0,0.0,480.0
T2025002612,2025-11-09,12:46:00,P0292,Orion Goraebab Crackers,Snacks,4,75.0,0.1,270.0
T2025002613,2025-11-09,13:18:00,P0219,CJ Beksul Spicy Pork Sauce 500g,Seasoned/Sauce/Powder,8,240.0,0.0,1920.0
T2025002613,2025-11-09,13:18:00,P0233,O'Food Korean Fried Chicken Sauce,Seasoned/Sauce/Powder,8,135.0,0.0,1080.0
T2025002614,2025-11-09,15:34:00,P0224,Seasoned Seaweed 200g,Seasoned/Sauce/Powder,8,190.0,0.0,1520.0
T2025002614,2025-11-09,15:34:00,P0223,Jin Soy Sauce For Soup 860mL,Seasoned/Sauce/Powder,9,205.0,0.0,1845.0
T2025002614,2025-11-09,15:34:00,P0236,CJ  Soybean Paste 500g,Seasoned/Sauce/Powder,1,123.0,0.0,123.0
T2025002614,2025-11-09,15:34:00,P0222,CJ  Soybean Paste 1Kg,Seasoned/Sauce/Powder,4,208.0,0.0,832.0
T2025002614,2025-11-09,15:34:00,P0228,Sempio Gochujang (500g),Seasoned/Sauce/Powder,2,145.0,0.0,290.0
T2025002615,2025-11-09,16:34:00,P0273,Haitai  Plumcandy 130g,Snacks,1,95.0,0.0,95.0
T2025002615,2025-11-09,16:34:00,P0264,Lotte Ghana Dark Chocolate,Snacks,2,115.0,0.1,207.0
T2025002615,2025-11-09,16:34:00,P0299,Lotte Xylitol Green Gum,Snacks,7,55.0,0.0,385.0
T2025002615,2025-11-09,16:34:00,P0291,Crown Sando Biscuit,Snacks,2,75.0,0.0,150.0
T2025002616,2025-11-09,14:47:00,P0160,Paldo Wang Cup Kimchi,Noodles,9,90.0,0.0,810.0
T2025002616,2025-11-09,14:47:00,P0158,Nongshim Shin Ramen Black,Noodles,5,92.0,0.0,460.0
T2025002616,2025-11-09,14:47:00,P0173,Nongshim Jjapageti,Noodles,8,75.0,0.0,600.0
T2025002616,2025-11-09,14:47:00,P0198,Paldo Koreno Beef Noodle 100g,Noodles,1,50.0,0.05,47.5
T2025002617,2025-11-09,18:55:00,P0069,Bibigo Beef Bone Soup,Food Fresh/Meat/Sidedish,3,110.0,0.0,330.0
T2025002617,2025-11-09,18:55:00,P0071,Kongsarang Firm Tofu,Food Fresh/Meat/Sidedish,6,65.0,0.0,390.0
T2025002617,2025-11-09,18:55:00,P0067,Wasabi Radish Wrapper 340g,Food Fresh/Meat/Sidedish,7,145.0,0.0,1015.0
T2025002618,2025-11-09,16:53:00,P0005,Ottogi Gold Mayonnaise 300g,Condiments,9,150.0,0.0,1350.0
T2025002618,2025-11-09,16:53:00,P0006,Chung Jung One Soy Sauce,Condiments,1,140.0,0.2,112.0
T2025002618,2025-11-09,16:53:00,P0003,Sempio Sesame Oil,Condiments,2,185.0,0.0,370.0
T2025002618,2025-11-09,16:53:00,P0008,Ottogi Corn Syrup,Condiments,10,98.0,0.0,980.0
T2025002619,2025-11-09,21:36:00,P0156,Nongshim Ramyun King Bowl,Noodles,7,95.0,0.0,665.0
T2025002619,2025-11-09,21:36:00,P0166,Samyang Buldak Original,Noodles,10,88.0,0.0,880.0
T2025002619,2025-11-09,21:36:00,P0207,Ottogi Yeul Ramen 120g,Noodles,4,40.0,0.05,152.0
T2025002620,2025-11-09,17:02:00,P0181,Paldo Bibim Cold Noodles,Noodles,4,65.0,0.0,260.0
T2025002620,2025-11-09,17:02:00,P0150,Samyang Buldak Rosã Ramen 105g,Noodles,4,110.0,0.0,440.0
T2025002620,2025-11-09,17:02:00,P0183,Samyang Kimchi Ramen Bowl,Noodles,8,65.0,0.0,520.0
T2025002620,2025-11-09,17:02:00,P0194,Shin Ramen Kimchi,Noodles,1,55.0,0.0,55.0
T2025002620,2025-11-09,17:02:00,P0197,Nongshim Seafood Ramyun,Noodles,10,52.0,0.0,520.0
T2025002621,2025-11-09,09:06:00,P0147,Binggrae Coffee Milk,Liquor/Beverage,5,48.0,0.0,240.0
T2025002621,2025-11-09,09:06:00,P0138,Kirin Ichiban Beer 330mL,Liquor/Beverage,10,68.0,0.0,680.0
T2025002621,2025-11-09,09:06:00,P0133,Sunhari Blueberry 360mL,Liquor/Beverage,9,120.0,0.0,1080.0
T2025002621,2025-11-09,09:06:00,P0146,Binggrae Yogurt Drink,Liquor/Beverage,6,55.0,0.0,330.0
T2025002621,2025-11-09,09:06:00,P0131,Sunhari Yogurt 360mL,Liquor/Beverage,2,120.0,0.0,240.0
T2025002621,2025-11-09,09:06:00,P0117,Maxim Kanu Dark Roast 10 Sticks,Liquor/Beverage,7,260.0,0.0,1820.0
T2025002622,2025-11-09,12:13:00,P0028,CJ Bibigo Seaweed Soup,Dry Food,2,140.0,0.0,280.0
T2025002622,2025-11-09,12:13:00,P0042,CJ Hetbahn Brown Rice,Dry Food,3,95.0,0.0,285.0
T2025002622,2025-11-09,12:13:00,P0047,Dongwon Spicy Tuna,Dry Food,4,80.0,0.0,320.0
T2025002622,2025-11-09,12:13:00,P0014,Bibigo Beef Seaweed Soup,Dry Food,10,264.0,0.0,2640.0
T2025002623,2025-11-09,13:03:00,P0281,Haitai Ace Crackers,Snacks,9,85.0,0.0,765.0
T2025002623,2025-11-09,13:03:00,P0248,Choco Pie Black Sugar 12Pcs,Snacks,4,200.0,0.0,800.0
T2025002623,2025-11-09,13:03:00,P0258,Orion Custard Choco Cake,Snacks,10,130.0,0.0,1300.0
T2025002623,2025-11-09,13:03:00,P0245,Honey Butter Almond 190g,Snacks,1,420.0,0.0,420.0
T2025002623,2025-11-09,13:03:00,P0279,Orion O! Karto Sweet Corn,Snacks,5,88.0,0.25,330.0
T2025002624,2025-11-09,17:50:00,P0052,Shine Beef Bulgogi Pack,Food Fresh/Meat/Sidedish,5,550.0,0.0,2750.0
T2025002625,2025-11-09,15:48:00,P0090,Nongmin Rice Cake 1Kg,Food Frozen,1,220.0,0.25,165.0
T2025002625,2025-11-09,15:48:00,P0102,MWC Tteok Galbi Bar,Food Frozen,4,75.0,0.0,300.0
T2025002625,2025-11-09,15:48:00,P0078,Spanish Mackerel 340g,Food Frozen,5,500.0,0.0,2500.0
T2025002626,2025-11-09,09:34:00,P0136,Cass Fresh Beer,Liquor/Beverage,10,85.0,0.2,680.0
T2025002627,2025-11-09,19:49:00,P0059,Pork Belly (Samgyupsal) 500g,Food Fresh/Meat/Sidedish,1,275.0,0.0,275.0
T2025002627,2025-11-09,19:49:00,P0052,Shine Beef Bulgogi Pack,Food Fresh/Meat/Sidedish,1,550.0,0.0,550.0
T2025002628,2025-11-09,10:44:00,P0131,Sunhari Yogurt 360mL,Liquor/Beverage,8,120.0,0.0,960.0
T2025002628,2025-11-09,10:44:00,P0118,Brown Rice Green Tea 50Pcs,Liquor/Beverage,2,257.0,0.0,514.0
T2025002628,2025-11-09,10:44:00,P0127,Lets Be Mild Coffee Can 4Pcs,Liquor/Beverage,4,128.0,0.0,512.0
T2025002628,2025-11-09,10:44:00,P0116,Maxim Mocha Gold Coffee Mix 20Pcs,Liquor/Beverage,5,275.0,0.0,1375.0
T2025002628,2025-11-09,10:44:00,P0115,Strawberry Milk 200mL 6Pcs,Liquor/Beverage,6,290.0,0.0,1740.0
T2025002628,2025-11-09,10:44:00,P0138,Kirin Ichiban Beer 330mL,Liquor/Beverage,3,68.0,0.05,193.8
T2025002629,2025-11-09,16:09:00,P0114,Banana Milk 200mL 6Pcs,Liquor/Beverage,5,290.0,0.1,1305.0
T2025002629,2025-11-09,16:09:00,P0131,Sunhari Yogurt 360mL,Liquor/Beverage,3,120.0,0.0,360.0
T2025002629,2025-11-09,16:09:00,P0117,Maxim Kanu Dark Roast 10 Sticks,Liquor/Beverage,3,260.0,0.0,780.0
T2025002630,2025-11-09,11:41:00,P0203,Jin Ramen Spicy Cup,Noodles,9,50.0,0.0,450.0
T2025002631,2025-11-09,19:53:00,P0291,Crown Sando Biscuit,Snacks,7,75.0,0.0,525.0
T2025002631,2025-11-09,19:53:00,P0274,Haitai Matdongsan,Snacks,7,95.0,0.25,498.75
T2025002632,2025-11-09,12:24:00,P0249,Lotte Chocopie 12Pcs,Snacks,2,200.0,0.0,400.0
T2025002632,2025-11-09,12:24:00,P0263,Samlip Honey Castella,Snacks,9,120.0,0.0,1080.0
T2025002633,2025-11-09,10:49:00,P0107,Ottogi Honey Ginger Tea 1Kg,Liquor/Beverage,4,530.0,0.0,2120.0
T2025002633,2025-11-09,10:49:00,P0144,Nongshim Welchs Strawberry 355mL,Liquor/Beverage,8,60.0,0.0,480.0
T2025002633,2025-11-09,10:49:00,P0149,Binggrae Mango Milk,Liquor/Beverage,9,45.0,0.0,405.0
T2025002634,2025-11-09,13:19:00,P0143,Nongshim Welchs Grape 355mL,Liquor/Beverage,2,60.0,0.0,120.0
T2025002634,2025-11-09,13:19:00,P0126,Woongjin Yogurt Pineapple 1.5L,Liquor/Beverage,10,135.0,0.0,1350.0
T2025002634,2025-11-09,13:19:00,P0148,Binggrae Strawberry Milk,Liquor/Beverage,10,45.0,0.0,450.0
T2025002634,2025-11-09,13:19:00,P0133,Sunhari Blueberry 360mL,Liquor/Beverage,7,120.0,0.0,840.0
T2025002634,2025-11-09,13:19:00,P0130,Sunhari Apple 360mL,Liquor/Beverage,3,120.0,0.0,360.0
T2025002635,2025-11-09,08:56:00,P0285,Corn Choco,Snacks,7,80.0,0.0,560.0
T2025002635,2025-11-09,08:56:00,P0300,Can Choco Balls,Snacks,1,45.0,0.0,45.0
T2025002636,2025-11-09,08:13:00,P0168,Samyang Carbo Buldak,Noodles,4,88.0,0.0,352.0
T2025002636,2025-11-09,08:13:00,P0169,Samyang Buldak Stew Type 145g,Noodles,10,80.0,0.15,680.0
T2025002636,2025-11-09,08:13:00,P0155,Nongshim Dungji Mul Nengmyeon (Cold Noodle),Noodles,9,95.0,0.0,855.0
T2025002636,2025-11-09,08:13:00,P0154,Nongshim Jjawang,Noodles,8,100.0,0.0,800.0
T2025002636,2025-11-09,08:13:00,P0183,Samyang Kimchi Ramen Bowl,Noodles,9,65.0,0.1,526.5
T2025002637,2025-11-09,21:02:00,P0291,Crown Sando Biscuit,Snacks,10,75.0,0.0,750.0
T2025002637,2025-11-09,21:02:00,P0272,Haitai  Sunkist Candy 125g,Snacks,3,95.0,0.0,285.0
T2025002637,2025-11-09,21:02:00,P0273,Haitai  Plumcandy 130g,Snacks,7,95.0,0.0,665.0
T2025002637,2025-11-09,21:02:00,P0255,Bibigo Crispy Seaweed Snack,Snacks,2,140.0,0.2,224.0
T2025002637,2025-11-09,21:02:00,P0296,Lotte Cereal Choco,Snacks,10,55.0,0.0,550.0
T2025002637,2025-11-09,21:02:00,P0290,Doritos Galbi Chicken,Snacks,4,77.0,0.0,308.0
T2025002638,2025-11-09,13:17:00,P0116,Maxim Mocha Gold Coffee Mix 20Pcs,Liquor/Beverage,9,275.0,0.0,2475.0
T2025002638,2025-11-09,13:17:00,P0124,Terra Lager Beer 500mL,Liquor/Beverage,8,170.0,0.0,1360.0
T2025002638,2025-11-09,13:17:00,P0141,Woongjin Yogurt Apple 340mL,Liquor/Beverage,6,60.0,0.0,360.0
T2025002639,2025-11-09,15:07:00,P0094,MWC Frank Sausage 5Pcs,Food Frozen,8,173.0,0.0,1384.0
T2025002639,2025-11-09,15:07:00,P0083,Moguchon Smoked Bacon 200g,Food Frozen,6,320.0,0.0,1920.0
T2025002639,2025-11-09,15:07:00,P0098,Daerim  Crabstick 216g,Food Frozen,2,98.0,0.0,196.0
T2025002639,2025-11-09,15:07:00,P0103,Daerim  Chaw Stick 100g,Food Frozen,3,73.0,0.0,219.0
T2025002639,2025-11-09,15:07:00,P0085,Bibigo Bulgogi Mandu,Food Frozen,5,280.0,0.0,1400.0
T2025002640,2025-11-09,18:17:00,P0132,Sunhari Strawberry 360mL,Liquor/Beverage,5,120.0,0.0,600.0
T2025002640,2025-11-09,18:17:00,P0107,Ottogi Honey Ginger Tea 1Kg,Liquor/Beverage,5,530.0,0.0,2650.0
T2025002640,2025-11-09,18:17:00,P0146,Binggrae Yogurt Drink,Liquor/Beverage,4,55.0,0.0,220.0
T2025002640,2025-11-09,18:17:00,P0130,Sunhari Apple 360mL,Liquor/Beverage,1,120.0,0.0,120.0
T2025002640,2025-11-09,18:17:00,P0121,Lotte Chum Churum Soju,Liquor/Beverage,2,175.0,0.0,350.0
T2025002640,2025-11-09,18:17:00,P0131,Sunhari Yogurt 360mL,Liquor/Beverage,4,120.0,0.0,480.0
T2025002641,2025-11-09,16:29:00,P0290,Doritos Galbi Chicken,Snacks,9,77.0,0.0,693.0
T2025002641,2025-11-09,16:29:00,P0245,Honey Butter Almond 190g,Snacks,5,420.0,0.0,2100.0
T2025002641,2025-11-09,16:29:00,P0293,Lotte Sand Biscuit,Snacks,1,75.0,0.05,71.25
T2025002641,2025-11-09,16:29:00,P0268,Samlip Walnut Pie,Snacks,5,110.0,0.0,550.0
T2025002641,2025-11-09,16:29:00,P0266,Bibigo Seaweed Crisps,Snacks,10,110.0,0.0,1100.0
T2025002641,2025-11-09,16:29:00,P0262,Orion Custard Pineapple,Snacks,4,120.0,0.0,480.0
T2025002642,2025-11-09,10:10:00,P0079,Daerim  Kimbab Ham 1Kg,Food Frozen,3,480.0,0.0,1440.0
T2025002643,2025-11-09,14:43:00,P0059,Pork Belly (Samgyupsal) 500g,Food Fresh/Meat/Sidedish,5,275.0,0.0,1375.0
T2025002643,2025-11-09,14:43:00,P0069,Bibigo Beef Bone Soup,Food Fresh/Meat/Sidedish,7,110.0,0.0,770.0
T2025002644,2025-11-09,18:35:00,P0083,Moguchon Smoked Bacon 200g,Food Frozen,9,320.0,0.0,2880.0
T2025002644,2025-11-09,18:35:00,P0081,Assi Shrimp Wanton 600g,Food Frozen,7,400.0,0.0,2800.0
T2025002644,2025-11-09,18:35:00,P0101,Daerim  Fish Cake Stick,Food Frozen,8,77.0,0.0,616.0
T2025002644,2025-11-09,18:35:00,P0104,Pepero Original,Food Frozen,9,55.0,0.0,495.0
T2025002644,2025-11-09,18:35:00,P0098,Daerim  Crabstick 216g,Food Frozen,4,98.0,0.0,392.0
T2025002644,2025-11-09,18:35:00,P0103,Daerim  Chaw Stick 100g,Food Frozen,1,73.0,0.0,73.0
T2025002645,2025-11-09,13:04:00,P0105,White Gold Coffee 100Sticks,Liquor/Beverage,9,1150.0,0.0,10350.0
T2025002645,2025-11-09,13:04:00,P0149,Binggrae Mango Milk,Liquor/Beverage,7,45.0,0.0,315.0
T2025002645,2025-11-09,13:04:00,P0127,Lets Be Mild Coffee Can 4Pcs,Liquor/Beverage,6,128.0,0.0,768.0
T2025002646,2025-11-09,08:50:00,P0002,Ottogi Gold Mayonnaise 500g,Condiments,5,235.0,0.0,1175.0
T2025002646,2025-11-09,08:50:00,P0007,Samyang Spicy Mayo,Condiments,5,130.0,0.0,650.0
T2025002646,2025-11-09,08:50:00,P0006,Chung Jung One Soy Sauce,Condiments,6,140.0,0.0,840.0
T2025002647,2025-11-09,21:28:00,P0131,Sunhari Yogurt 360mL,Liquor/Beverage,6,120.0,0.0,720.0
T2025002647,2025-11-09,21:28:00,P0109,(꽃샘) Concentrated Flavored Drink 600g,Liquor/Beverage,4,370.0,0.0,1480.0
T2025002647,2025-11-09,21:28:00,P0130,Sunhari Apple 360mL,Liquor/Beverage,6,120.0,0.0,720.0
T2025002647,2025-11-09,21:28:00,P0105,White Gold Coffee 100Sticks,Liquor/Beverage,7,1150.0,0.0,8050.0
T2025002647,2025-11-09,21:28:00,P0121,Lotte Chum Churum Soju,Liquor/Beverage,10,175.0,0.0,1750.0
T2025002648,2025-11-09,09:50:00,P0216,CJ Beksul Chicken Frying Mix 1Kg,Seasoned/Sauce/Powder,7,257.0,0.0,1799.0
T2025002648,2025-11-09,09:50:00,P0213,Sempio Yondu 500mL,Seasoned/Sauce/Powder,9,345.0,0.0,3105.0
T2025002648,2025-11-09,09:50:00,P0226,CJ Beksul Sweet Korean Pancake Mix 400g,Seasoned/Sauce/Powder,6,155.0,0.0,930.0
T2025002648,2025-11-09,09:50:00,P0233,O'Food Korean Fried Chicken Sauce,Seasoned/Sauce/Powder,3,135.0,0.0,405.0
T2025002649,2025-11-09,16:31:00,P0222,CJ  Soybean Paste 1Kg,Seasoned/Sauce/Powder,2,208.0,0.1,374.4
T2025002650,2025-11-09,10:42:00,P0085,Bibigo Bulgogi Mandu,Food Frozen,6,280.0,0.0,1680.0
T2025002650,2025-11-09,10:42:00,P0099,Daerim  Chaw Spicy Stick 90g,Food Frozen,10,80.0,0.0,800.0
T2025002650,2025-11-09,10:42:00,P0084,Assi Vegetable Dumplings 675g,Food Frozen,10,285.0,0.0,2850.0
T2025002650,2025-11-09,10:42:00,P0080,Samyang Buldak Original Spicy Mandu 700g,Food Frozen,10,410.0,0.0,4100.0
T2025002651,2025-11-09,16:03:00,P0288,Nongshim Honey Rice Snack,Snacks,6,80.0,0.0,480.0
T2025002651,2025-11-09,16:03:00,P0271,Orion Choco Chip Cookies,Snacks,1,100.0,0.0,100.0
T2025002651,2025-11-09,16:03:00,P0266,Bibigo Seaweed Crisps,Snacks,5,110.0,0.0,550.0
T2025002652,2025-11-09,13:48:00,P0280,Nongshim Potato Sticks,Snacks,6,85.0,0.0,510.0
T2025002652,2025-11-09,13:48:00,P0253,Orion Market O Brownie,Snacks,1,170.0,0.1,153.0
T2025002652,2025-11-09,13:48:00,P0274,Haitai Matdongsan,Snacks,1,95.0,0.0,95.0
T2025002652,2025-11-09,13:48:00,P0246,Post Almond Flakes,Snacks,5,245.0,0.0,1225.0
T2025002652,2025-11-09,13:48:00,P0295,Pepero Almond,Snacks,2,55.0,0.0,110.0
T2025002653,2025-11-09,13:25:00,P0073,Perilla Leaves 2Packs,Food Fresh/Meat/Sidedish,2,40.0,0.0,80.0
T2025002653,2025-11-09,13:25:00,P0071,Kongsarang Firm Tofu,Food Fresh/Meat/Sidedish,3,65.0,0.15,165.75
T2025002653,2025-11-09,13:25:00,P0061,Dried Anchovy Medium 100g,Food Fresh/Meat/Sidedish,8,240.0,0.25,1440.0
T2025002653,2025-11-09,13:25:00,P0057,Jongga Pogi Kimchi 500g,Food Fresh/Meat/Sidedish,2,315.0,0.0,630.0
T2025002653,2025-11-09,13:25:00,P0070,Skinless Garlic 150G,Food Fresh/Meat/Sidedish,6,65.0,0.0,390.0
T2025002653,2025-11-09,13:25:00,P0068,Enoki Mushroom 150G 2Packs,Food Fresh/Meat/Sidedish,5,120.0,0.2,480.0
T2025002654,2025-11-09,09:19:00,P0091,CJ Bibigo Japchae,Food Frozen,2,220.0,0.2,352.0
T2025002655,2025-11-09,14:18:00,P0238,Ottogi Curry Mild,Seasoned/Sauce/Powder,6,115.0,0.0,690.0
T2025002655,2025-11-09,14:18:00,P0242,CJ  Gochujang 200g,Seasoned/Sauce/Powder,10,100.0,0.0,1000.0
T2025002655,2025-11-09,14:18:00,P0240,Ottogi Spaghetti Sauce,Seasoned/Sauce/Powder,6,115.0,0.05,655.5
T2025002656,2025-11-09,15:50:00,P0116,Maxim Mocha Gold Coffee Mix 20Pcs,Liquor/Beverage,6,275.0,0.25,1237.5
T2025002657,2025-11-09,21:32:00,P0300,Can Choco Balls,Snacks,4,45.0,0.0,180.0
T2025002657,2025-11-09,21:32:00,P0291,Crown Sando Biscuit,Snacks,1,75.0,0.0,75.0
T2025002658,2025-11-09,15:54:00,P0001,Ottogi Sesame Oil 500mL,Condiments,10,590.5,0.0,5905.0
T2025002658,2025-11-09,15:54:00,P0004,O'Food Korean Chili Oil,Condiments,7,160.0,0.0,1120.0
T2025002658,2025-11-09,15:54:00,P0007,Samyang Spicy Mayo,Condiments,5,130.0,0.0,650.0
T2025002659,2025-11-09,21:26:00,P0128,Chamiseul Fresh 360mL,Liquor/Beverage,3,120.0,0.0,360.0
T2025002659,2025-11-09,21:26:00,P0136,Cass Fresh Beer,Liquor/Beverage,3,85.0,0.0,255.0
T2025002659,2025-11-09,21:26:00,P0120,Aloe Vera Juice 1.5L,Liquor/Beverage,4,175.0,0.0,700.0
T2025002659,2025-11-09,21:26:00,P0148,Binggrae Strawberry Milk,Liquor/Beverage,3,45.0,0.0,135.0
T2025002659,2025-11-09,21:26:00,P0139,Paldo Pororo Juice,Liquor/Beverage,8,65.0,0.0,520.0
T2025002659,2025-11-09,21:26:00,P0144,Nongshim Welchs Strawberry 355mL,Liquor/Beverage,10,60.0,0.0,600.0
T2025002660,2025-11-09,11:19:00,P0068,Enoki Mushroom 150G 2Packs,Food Fresh/Meat/Sidedish,3,120.0,0.0,360.0
T2025002660,2025-11-09,11:19:00,P0066,Imported Kimchi Big Tub 850g,Food Fresh/Meat/Sidedish,2,150.0,0.0,300.0
T2025002660,2025-11-09,11:19:00,P0073,Perilla Leaves 2Packs,Food Fresh/Meat/Sidedish,2,40.0,0.0,80.0
T2025002661,2025-11-09,10:31:00,P0022,Ottogi Tteokbokki Cup,Dry Food,9,160.0,0.2,1152.0
T2025002661,2025-11-09,10:31:00,P0034,CJ  Cooked Rice,Dry Food,4,116.0,0.0,464.0
T2025002662,2025-11-09,08:50:00,P0235,O'Food Kimchi Base Sauce,Seasoned/Sauce/Powder,6,130.0,0.0,780.0
T2025002662,2025-11-09,08:50:00,P0231,O'Food Bulgogi Marinade,Seasoned/Sauce/Powder,4,145.0,0.0,580.0
T2025002662,2025-11-09,08:50:00,P0243,CJ  Ssamjang 170g,Seasoned/Sauce/Powder,7,88.0,0.25,462.0
T2025002662,2025-11-09,08:50:00,P0221,CJ  Gochujang 500g,Seasoned/Sauce/Powder,10,220.0,0.25,1650.0
T2025002663,2025-11-09,19:51:00,P0005,Ottogi Gold Mayonnaise 300g,Condiments,5,150.0,0.1,675.0
T2025002664,2025-11-09,17:48:00,P0230,CJ Beksul Pancake Sauce,Seasoned/Sauce/Powder,7,145.0,0.05,964.25
T2025002664,2025-11-09,17:48:00,P0238,Ottogi Curry Mild,Seasoned/Sauce/Powder,3,115.0,0.0,345.0
T2025002665,2025-11-09,08:56:00,P0230,CJ Beksul Pancake Sauce,Seasoned/Sauce/Powder,7,145.0,0.0,1015.0
T2025002665,2025-11-09,08:56:00,P0227,CJ Beksul Beef Bulgogi Sauce 290g,Seasoned/Sauce/Powder,4,150.0,0.0,600.0
T2025002665,2025-11-09,08:56:00,P0237,O'Food Tteokbokki Sauce,Seasoned/Sauce/Powder,10,120.0,0.0,1200.0
T2025002665,2025-11-09,08:56:00,P0233,O'Food Korean Fried Chicken Sauce,Seasoned/Sauce/Powder,4,135.0,0.0,540.0
T2025002665,2025-11-09,08:56:00,P0235,O'Food Kimchi Base Sauce,Seasoned/Sauce/Powder,2,130.0,0.0,260.0
T2025002665,2025-11-09,08:56:00,P0217,Ottogi Roasted Sesame Seeds 200g,Seasoned/Sauce/Powder,7,255.0,0.0,1785.0
T2025002666,2025-11-09,08:42:00,P0298,Pepero White Cookie,Snacks,3,55.0,0.0,165.0
T2025002666,2025-11-09,08:42:00,P0256,Orion Custard Cake,Snacks,6,130.0,0.0,780.0
T2025002666,2025-11-09,08:42:00,P0253,Orion Market O Brownie,Snacks,8,170.0,0.0,1360.0
T2025002666,2025-11-09,08:42:00,P0290,Doritos Galbi Chicken,Snacks,5,77.0,0.0,385.0
T2025002666,2025-11-09,08:42:00,P0263,Samlip Honey Castella,Snacks,3,120.0,0.0,360.0
T2025002667,2025-11-09,10:59:00,P0203,Jin Ramen Spicy Cup,Noodles,10,50.0,0.0,500.0
T2025002668,2025-11-09,17:45:00,P0247,Choco Pie Green Tea 12Pcs,Snacks,5,200.0,0.0,1000.0
T2025002668,2025-11-09,17:45:00,P0261,Lotte Choco Heim,Snacks,9,120.0,0.0,1080.0
T2025002668,2025-11-09,17:45:00,P0284,Kkokal Sweet Corn Snack,Snacks,4,80.0,0.0,320.0
T2025002668,2025-11-09,17:45:00,P0299,Lotte Xylitol Green Gum,Snacks,2,55.0,0.05,104.5
T2025002668,2025-11-09,17:45:00,P0259,Nongshim Sengseng U-Dong,Snacks,2,125.0,0.0,250.0
T2025002668,2025-11-09,17:45:00,P0298,Pepero White Cookie,Snacks,6,55.0,0.0,330.0
T2025002669,2025-11-09,21:34:00,P0073,Perilla Leaves 2Packs,Food Fresh/Meat/Sidedish,6,40.0,0.0,240.0
T2025002669,2025-11-09,21:34:00,P0063,Our Home Kimchi 1Kg Jar,Food Fresh/Meat/Sidedish,10,190.0,0.0,1900.0
T2025002669,2025-11-09,21:34:00,P0065,Sempio Spicy Stir-Fried Dried Squid,Food Fresh/Meat/Sidedish,10,175.0,0.0,1750.0
T2025002669,2025-11-09,21:34:00,P0060,Homemade Spring Onion Kimchi 350g,Food Fresh/Meat/Sidedish,1,250.0,0.0,250.0
T2025002669,2025-11-09,21:34:00,P0066,Imported Kimchi Big Tub 850g,Food Fresh/Meat/Sidedish,9,150.0,0.0,1350.0
T2025002669,2025-11-09,21:34:00,P0054,Chadolbagi Wagyu 500g,Food Fresh/Meat/Sidedish,6,475.0,0.0,2850.0
T2025002670,2025-11-09,08:06:00,P0032,Samlip Mini Kimbap,Dry Food,2,120.0,0.0,240.0
T2025002670,2025-11-09,08:06:00,P0013,Dongwon  Whelk In Can 140g,Dry Food,2,280.0,0.0,560.0
T2025002670,2025-11-09,08:06:00,P0038,(Kaya) Korean Rice 1Kg,Dry Food,5,100.0,0.1,450.0
T2025002670,2025-11-09,08:06:00,P0010,Daerim  Big Smoke Ham 1Kg,Dry Food,9,480.0,0.05,4104.0
T2025002670,2025-11-09,08:06:00,P0036,Dongwon  Tuna Light Can 150g,Dry Food,4,110.0,0.0,440.0
T2025002671,2025-11-09,09:48:00,P0247,Choco Pie Green Tea 12Pcs,Snacks,2,200.0,0.0,400.0
T2025002671,2025-11-09,09:48:00,P0294,Pepero Strawberry,Snacks,2,55.0,0.0,110.0
T2025002671,2025-11-09,09:48:00,P0283,Orion Ogingo Ttangkong,Snacks,10,83.0,0.0,830.0
T2025002672,2025-11-09,08:27:00,P0091,CJ Bibigo Japchae,Food Frozen,7,220.0,0.0,1540.0
T2025002673,2025-11-09,12:36:00,P0226,CJ Beksul Sweet Korean Pancake Mix 400g,Seasoned/Sauce/Powder,2,155.0,0.2,248.0
T2025002673,2025-11-09,12:36:00,P0239,Ottogi Curry Hot,Seasoned/Sauce/Powder,9,115.0,0.0,1035.0
T2025002673,2025-11-09,12:36:00,P0224,Seasoned Seaweed 200g,Seasoned/Sauce/Powder,1,190.0,0.0,190.0
T2025002673,2025-11-09,12:36:00,P0218,CJ Beksul Beef Bulgogi Sauce 500g,Seasoned/Sauce/Powder,6,250.0,0.1,1350.0
T2025002673,2025-11-09,12:36:00,P0223,Jin Soy Sauce For Soup 860mL,Seasoned/Sauce/Powder,10,205.0,0.0,2050.0
T2025002674,2025-11-09,12:49:00,P0066,Imported Kimchi Big Tub 850g,Food Fresh/Meat/Sidedish,1,150.0,0.0,150.0
T2025002674,2025-11-09,12:49:00,P0067,Wasabi Radish Wrapper 340g,Food Fresh/Meat/Sidedish,3,145.0,0.0,435.0
T2025002674,2025-11-09,12:49:00,P0050,Boneless Rib Eye 250g,Food Fresh/Meat/Sidedish,6,750.0,0.0,4500.0
T2025002675,2025-11-09,12:37:00,P0007,Samyang Spicy Mayo,Condiments,7,130.0,0.0,910.0
T2025002675,2025-11-09,12:37:00,P0003,Sempio Sesame Oil,Condiments,9,185.0,0.0,1665.0
T2025002675,2025-11-09,12:37:00,P0001,Ottogi Sesame Oil 500mL,Condiments,6,590.5,0.0,3543.0
T2025002676,2025-11-09,08:09:00,P0008,Ottogi Corn Syrup,Condiments,4,98.0,0.1,352.8
T2025002676,2025-11-09,08:09:00,P0001,Ottogi Sesame Oil 500mL,Condiments,6,590.5,0.0,3543.0
T2025002676,2025-11-09,08:09:00,P0003,Sempio Sesame Oil,Condiments,4,185.0,0.0,740.0
T2025002677,2025-11-09,12:02:00,P0235,O'Food Kimchi Base Sauce,Seasoned/Sauce/Powder,2,130.0,0.0,260.0
T2025002677,2025-11-09,12:02:00,P0220,CJ  Tteokbokki Sauce 150G 2Pcs,Seasoned/Sauce/Powder,9,235.0,0.0,2115.0
T2025002677,2025-11-09,12:02:00,P0239,Ottogi Curry Hot,Seasoned/Sauce/Powder,2,115.0,0.0,230.0
T2025002677,2025-11-09,12:02:00,P0214,Jin Soy Sauce Rich & Savory 860mL,Seasoned/Sauce/Powder,6,315.0,0.0,1890.0
T2025002677,2025-11-09,12:02:00,P0223,Jin Soy Sauce For Soup 860mL,Seasoned/Sauce/Powder,5,205.0,0.2,820.0
T2025002678,2025-11-09,09:31:00,P0238,Ottogi Curry Mild,Seasoned/Sauce/Powder,5,115.0,0.0,575.0
T2025002678,2025-11-09,09:31:00,P0221,CJ  Gochujang 500g,Seasoned/Sauce/Powder,9,220.0,0.0,1980.0
T2025002678,2025-11-09,09:31:00,P0240,Ottogi Spaghetti Sauce,Seasoned/Sauce/Powder,7,115.0,0.0,805.0
T2025002678,2025-11-09,09:31:00,P0222,CJ  Soybean Paste 1Kg,Seasoned/Sauce/Powder,4,208.0,0.25,624.0
T2025002678,2025-11-09,09:31:00,P0223,Jin Soy Sauce For Soup 860mL,Seasoned/Sauce/Powder,7,205.0,0.0,1435.0
T2025002679,2025-11-09,08:13:00,P0140,Woongjin Yogurt Peach 340mL,Liquor/Beverage,7,60.0,0.2,336.0
T2025002680,2025-11-09,12:56:00,P0004,O'Food Korean Chili Oil,Condiments,5,160.0,0.0,800.0
T2025002680,2025-11-09,12:56:00,P0006,Chung Jung One Soy Sauce,Condiments,10,140.0,0.0,1400.0
T2025002681,2025-11-09,18:59:00,P0252,Lotte Banana Choco Pie 12Pcs,Snacks,8,180.0,0.0,1440.0
T2025002681,2025-11-09,18:59:00,P0272,Haitai  Sunkist Candy 125g,Snacks,7,95.0,0.0,665.0
T2025002682,2025-11-09,08:32:00,P0075,Bibigo Mul Mandu 370g 2Packs,Food Frozen,1,695.0,0.0,695.0
T2025002682,2025-11-09,08:32:00,P0085,Bibigo Bulgogi Mandu,Food Frozen,1,280.0,0.0,280.0
T2025002682,2025-11-09,08:32:00,P0100,Binggrae Ice Cream Sandwich,Food Frozen,7,80.0,0.05,532.0
T2025002682,2025-11-09,08:32:00,P0099,Daerim  Chaw Spicy Stick 90g,Food Frozen,10,80.0,0.0,800.0
T2025002682,2025-11-09,08:32:00,P0102,MWC Tteok Galbi Bar,Food Frozen,3,75.0,0.0,225.0
T2025002682,2025-11-09,08:32:00,P0095,Samlip Fish Cake Sheets,Food Frozen,8,150.0,0.0,1200.0
T2025002683,2025-11-09,20:43:00,P0084,Assi Vegetable Dumplings 675g,Food Frozen,10,285.0,0.0,2850.0
T2025002683,2025-11-09,20:43:00,P0082,Daerim  Crab Sticks 1Kg,Food Frozen,3,350.0,0.0,1050.0
T2025002683,2025-11-09,20:43:00,P0080,Samyang Buldak Original Spicy Mandu 700g,Food Frozen,5,410.0,0.05,1947.5
T2025002684,2025-11-09,14:33:00,P0007,Samyang Spicy Mayo,Condiments,7,130.0,0.0,910.0
T2025002684,2025-11-09,14:33:00,P0002,Ottogi Gold Mayonnaise 500g,Condiments,1,235.0,0.05,223.25
T2025002684,2025-11-09,14:33:00,P0004,O'Food Korean Chili Oil,Condiments,4,160.0,0.0,640.0
T2025002685,2025-11-09,09:36:00,P0242,CJ  Gochujang 200g,Seasoned/Sauce/Powder,3,100.0,0.0,300.0
T2025002685,2025-11-09,09:36:00,P0220,CJ  Tteokbokki Sauce 150G 2Pcs,Seasoned/Sauce/Powder,2,235.0,0.0,470.0
T2025002685,2025-11-09,09:36:00,P0235,O'Food Kimchi Base Sauce,Seasoned/Sauce/Powder,4,130.0,0.0,520.0
T2025002685,2025-11-09,09:36:00,P0225,Chung Jung One Soybean Paste,Seasoned/Sauce/Powder,3,160.0,0.05,456.0
T2025002686,2025-11-09,11:48:00,P0211,Ottogi Jin Ramen Hot,Noodles,4,40.0,0.0,160.0
T2025002686,2025-11-09,11:48:00,P0193,Paldo Gomtang Ramen,Noodles,3,56.0,0.0,168.0
T2025002686,2025-11-09,11:48:00,P0159,Nongshim Neuguri Cup 111g,Noodles,4,90.0,0.0,360.0
T2025002686,2025-11-09,11:48:00,P0196,Paldo Cheese Ramen,Noodles,10,55.0,0.0,550.0
T2025002686,2025-11-09,11:48:00,P0188,Nagasaki Jjampong,Noodles,2,60.0,0.0,120.0
T2025002686,2025-11-09,11:48:00,P0168,Samyang Carbo Buldak,Noodles,5,88.0,0.0,440.0
T2025002687,2025-11-09,21:05:00,P0130,Sunhari Apple 360mL,Liquor/Beverage,4,120.0,0.0,480.0
T2025002687,2025-11-09,21:05:00,P0105,White Gold Coffee 100Sticks,Liquor/Beverage,6,1150.0,0.0,6900.0
T2025002687,2025-11-09,21:05:00,P0132,Sunhari Strawberry 360mL,Liquor/Beverage,8,120.0,0.0,960.0
T2025002687,2025-11-09,21:05:00,P0124,Terra Lager Beer 500mL,Liquor/Beverage,10,170.0,0.1,1530.0
T2025002688,2025-11-09,18:00:00,P0249,Lotte Chocopie 12Pcs,Snacks,6,200.0,0.0,1200.0
