Transaction_Id,Date,Time,Product_ID,Product_Name,Category,Quantity,Unit_Price,Discount,Total_Amount
T2025000001,2025-11-03,18:54:00,P0125,Jinro Fresh Soju,Liquor/Beverage,2,170.0,0.0,340.0
T2025000001,2025-11-03,18:54:00,P0032,Samlip Mini Kimbap,Dry Food,2,120.0,0.0,240.0
T2025000001,2025-11-03,18:54:00,P0076,CJ  Crispy Hotdog,Food Frozen,1,640.0,0.0,640.0
T2025000001,2025-11-03,18:54:00,P0071,Kongsarang Firm Tofu,Food Fresh/Meat/Sidedish,5,65.0,0.1,292.5
T2025000002,2025-11-03,18:05:00,P0257,Lotte Almond Chocolate,Snacks,1,130.0,0.0,130.0
T2025000002,2025-11-03,18:05:00,P0180,Samyang Curry Ramen,Noodles,4,68.0,0.0,272.0
T2025000002,2025-11-03,18:05:00,P0181,Paldo Bibim Cold Noodles,Noodles,2,65.0,0.0,130.0
T2025000002,2025-11-03,18:05:00,P0001,Ottogi Sesame Oil 500mL,Condiments,1,590.5,0.15,501.93
T2025000002,2025-11-03,18:05:00,P0102,MWC Tteok Galbi Bar,Food Frozen,3,75.0,0.0,225.0
T2025000003,2025-11-03,13:29:00,P0115,Strawberry Milk 200mL 6Pcs,Liquor/Beverage,1,290.0,0.0,290.0
T2025000003,2025-11-03,13:29:00,P0177,Ottogi Beef Seaweed Soup Ramen,Noodles,1,70.0,0.0,70.0
T2025000003,2025-11-03,13:29:00,P0165,Samyang Cream Carbo Buldak 140g,Noodles,1,88.0,0.1,79.2
T2025000003,2025-11-03,13:29:00,P0241,CJ Anchovy Sauce 500g,Seasoned/Sauce/Powder,2,105.0,0.0,210.0
T2025000004,2025-11-03,19:47:00,P0124,Terra Lager Beer 500mL,Liquor/Beverage,1,170.0,0.0,170.0
T2025000004,2025-11-03,19:47:00,P0027,Yopokki Cheese 240g,Dry Food,1,145.0,0.0,145.0
T2025000005,2025-11-03,17:05:00,P0125,Jinro Fresh Soju,Liquor/Beverage,1,170.0,0.0,170.0
T2025000005,2025-11-03,17:05:00,P0279,Orion O! Karto Sweet Corn,Snacks,3,88.0,0.0,264.0
T2025000005,2025-11-03,17:05:00,P0291,Crown Sando Biscuit,Snacks,2,75.0,0.0,150.0
T2025000005,2025-11-03,17:05:00,P0240,Ottogi Spaghetti Sauce,Seasoned/Sauce/Powder,2,115.0,0.0,230.0
T2025000006,2025-11-03,13:19:00,P0140,Woongjin Yogurt Peach 340mL,Liquor/Beverage,1,60.0,0.0,60.0
T2025000006,2025-11-03,13:19:00,P0296,Lotte Cereal Choco,Snacks,4,55.0,0.0,220.0
T2025000007,2025-11-03,12:43:00,P0148,Binggrae Strawberry Milk,Liquor/Beverage,3,45.0,0.0,135.0
T2025000008,2025-11-03,19:43:00,P0190,Nongshim Tempura Udon Cup,Noodles,5,60.0,0.0,300.0
T2025000008,2025-11-03,19:43:00,P0040,Ottogi Sweet Corn 340g,Dry Food,3,95.0,0.05,270.75
T2025000009,2025-11-03,17:16:00,P0172,Ottogi Jin Hot Big Cup,Noodles,1,75.0,0.0,75.0
T2025000009,2025-11-03,17:16:00,P0125,Jinro Fresh Soju,Liquor/Beverage,2,170.0,0.0,340.0
T2025000009,2025-11-03,17:16:00,P0283,Orion Ogingo Ttangkong,Snacks,3,83.0,0.0,249.0
T2025000009,2025-11-03,17:16:00,P0232,O'Food Tofu Stew Base,Seasoned/Sauce/Powder,2,135.0,0.0,270.0
T2025000009,2025-11-03,17:16:00,P0048,Dongwon Light Tuna,Dry Food,2,75.0,0.0,150.0
T2025000010,2025-11-03,17:17:00,P0123,Cass Cold Brewed Beer 500mL,Liquor/Beverage,1,170.0,0.0,170.0
T2025000010,2025-11-03,17:17:00,P0157,Nongshim Yachae Ramyeon 100g,Noodles,3,93.0,0.0,279.0
T2025000010,2025-11-03,17:17:00,P0153,Samyang Buldak Cheese Cup,Noodles,2,110.0,0.0,220.0
T2025000011,2025-11-03,21:42:00,P0147,Binggrae Coffee Milk,Liquor/Beverage,3,48.0,0.0,144.0
T2025000011,2025-11-03,21:42:00,P0166,Samyang Buldak Original,Noodles,3,88.0,0.0,264.0
T2025000011,2025-11-03,21:42:00,P0038,(Kaya) Korean Rice 1Kg,Dry Food,1,100.0,0.0,100.0
T2025000012,2025-11-03,11:18:00,P0131,Sunhari Yogurt 360mL,Liquor/Beverage,1,120.0,0.0,120.0
T2025000012,2025-11-03,11:18:00,P0281,Haitai Ace Crackers,Snacks,3,85.0,0.0,255.0
T2025000012,2025-11-03,11:18:00,P0245,Honey Butter Almond 190g,Snacks,1,420.0,0.0,420.0
T2025000012,2025-11-03,11:18:00,P0039,Ottogi 3Mins Curry,Dry Food,2,99.0,0.0,198.0
T2025000013,2025-11-03,12:58:00,P0124,Terra Lager Beer 500mL,Liquor/Beverage,1,170.0,0.0,170.0
T2025000013,2025-11-03,12:58:00,P0297,Pepero Choco Filled,Snacks,3,55.0,0.0,165.0
T2025000014,2025-11-03,18:57:00,P0245,Honey Butter Almond 190g,Snacks,1,420.0,0.0,420.0
T2025000014,2025-11-03,18:57:00,P0180,Samyang Curry Ramen,Noodles,4,68.0,0.0,272.0
T2025000014,2025-11-03,18:57:00,P0071,Kongsarang Firm Tofu,Food Fresh/Meat/Sidedish,1,65.0,0.0,65.0
T2025000014,2025-11-03,18:57:00,P0188,Nagasaki Jjampong,Noodles,3,60.0,0.0,180.0
T2025000014,2025-11-03,18:57:00,P0123,Cass Cold Brewed Beer 500mL,Liquor/Beverage,2,170.0,0.0,340.0
T2025000015,2025-11-03,17:56:00,P0191,Paldo Teumsae Ramen,Noodles,1,60.0,0.0,60.0
T2025000015,2025-11-03,17:56:00,P0179,Ottogi Ramen Bokki Cup,Noodles,2,69.0,0.0,138.0
T2025000015,2025-11-03,17:56:00,P0182,Paldo Ilpoom Jjajang,Noodles,2,65.0,0.0,130.0
T2025000015,2025-11-03,17:56:00,P0078,Spanish Mackerel 340g,Food Frozen,1,500.0,0.0,500.0
T2025000015,2025-11-03,17:56:00,P0266,Bibigo Seaweed Crisps,Snacks,2,110.0,0.0,220.0
T2025000016,2025-11-03,09:23:00,P0095,Samlip Fish Cake Sheets,Food Frozen,2,150.0,0.0,300.0
T2025000016,2025-11-03,09:23:00,P0008,Ottogi Corn Syrup,Condiments,3,98.0,0.05,279.3
T2025000016,2025-11-03,09:23:00,P0239,Ottogi Curry Hot,Seasoned/Sauce/Powder,3,115.0,0.0,345.0
T2025000016,2025-11-03,09:23:00,P0194,Shin Ramen Kimchi,Noodles,1,55.0,0.0,55.0
T2025000016,2025-11-03,09:23:00,P0250,Haitai Honey Butter Almonds,Snacks,1,190.0,0.0,190.0
T2025000017,2025-11-03,20:00:00,P0193,Paldo Gomtang Ramen,Noodles,1,56.0,0.0,56.0
T2025000017,2025-11-03,20:00:00,P0177,Ottogi Beef Seaweed Soup Ramen,Noodles,3,70.0,0.0,210.0
T2025000017,2025-11-03,20:00:00,P0152,Samyang Buldak Original Cup,Noodles,1,110.0,0.0,110.0
T2025000017,2025-11-03,20:00:00,P0003,Sempio Sesame Oil,Condiments,2,185.0,0.0,370.0
T2025000017,2025-11-03,20:00:00,P0064,Kimbab Radish 400g,Food Fresh/Meat/Sidedish,1,185.0,0.0,185.0
T2025000018,2025-11-03,18:58:00,P0149,Binggrae Mango Milk,Liquor/Beverage,5,45.0,0.0,225.0
T2025000018,2025-11-03,18:58:00,P0178,Samyang Mala Buldak,Noodles,1,70.0,0.15,59.5
T2025000018,2025-11-03,18:58:00,P0009,CJ Beksul Corn Syrup,Condiments,3,95.0,0.0,285.0
T2025000018,2025-11-03,18:58:00,P0104,Pepero Original,Food Frozen,1,55.0,0.0,55.0
T2025000019,2025-11-03,18:21:00,P0149,Binggrae Mango Milk,Liquor/Beverage,3,45.0,0.0,135.0
T2025000019,2025-11-03,18:21:00,P0257,Lotte Almond Chocolate,Snacks,2,130.0,0.0,260.0
T2025000019,2025-11-03,18:21:00,P0295,Pepero Almond,Snacks,5,55.0,0.0,275.0
T2025000019,2025-11-03,18:21:00,P0291,Crown Sando Biscuit,Snacks,3,75.0,0.0,225.0
T2025000020,2025-11-03,18:56:00,P0245,Honey Butter Almond 190g,Snacks,1,420.0,0.0,420.0
T2025000020,2025-11-03,18:56:00,P0178,Samyang Mala Buldak,Noodles,5,70.0,0.0,350.0
T2025000020,2025-11-03,18:56:00,P0158,Nongshim Shin Ramen Black,Noodles,1,92.0,0.0,92.0
T2025000020,2025-11-03,18:56:00,P0069,Bibigo Beef Bone Soup,Food Fresh/Meat/Sidedish,2,110.0,0.0,220.0
T2025000020,2025-11-03,18:56:00,P0177,Ottogi Beef Seaweed Soup Ramen,Noodles,2,70.0,0.0,140.0
T2025000021,2025-11-03,18:24:00,P0140,Woongjin Yogurt Peach 340mL,Liquor/Beverage,2,60.0,0.0,120.0
T2025000021,2025-11-03,18:24:00,P0276,Orion Sun Chips Korean BBQ,Snacks,3,90.0,0.0,270.0
T2025000021,2025-11-03,18:24:00,P0292,Orion Goraebab Crackers,Snacks,2,75.0,0.0,150.0
T2025000021,2025-11-03,18:24:00,P0032,Samlip Mini Kimbap,Dry Food,2,120.0,0.0,240.0
T2025000021,2025-11-03,18:24:00,P0080,Samyang Buldak Original Spicy Mandu 700g,Food Frozen,1,410.0,0.0,410.0
T2025000022,2025-11-03,13:03:00,P0264,Lotte Ghana Dark Chocolate,Snacks,2,115.0,0.0,230.0
T2025000022,2025-11-03,13:03:00,P0239,Ottogi Curry Hot,Seasoned/Sauce/Powder,1,115.0,0.0,115.0
T2025000023,2025-11-03,12:37:00,P0122,Chamisul Original Soju,Liquor/Beverage,1,175.0,0.0,175.0
T2025000023,2025-11-03,12:37:00,P0295,Pepero Almond,Snacks,4,55.0,0.0,220.0
T2025000025,2025-11-03,12:13:00,P0295,Pepero Almond,Snacks,1,55.0,0.0,55.0
T2025000025,2025-11-03,12:13:00,P0190,Nongshim Tempura Udon Cup,Noodles,3,60.0,0.0,180.0
T2025000025,2025-11-03,12:13:00,P0194,Shin Ramen Kimchi,Noodles,1,55.0,0.0,55.0
T2025000025,2025-11-03,12:13:00,P0184,Nongshim Baehongdong Bibimyeon 137g,Noodles,2,61.0,0.0,122.0
T2025000025,2025-11-03,12:13:00,P0101,Daerim  Fish Cake Stick,Food Frozen,3,77.0,0.0,231.0
T2025000026,2025-11-03,12:17:00,P0124,Terra Lager Beer 500mL,Liquor/Beverage,1,170.0,0.0,170.0
T2025000026,2025-11-03,12:17:00,P0295,Pepero Almond,Snacks,4,55.0,0.0,220.0
T2025000026,2025-11-03,12:17:00,P0282,Orion Choco Boy,Snacks,2,85.0,0.0,170.0
T2025000026,2025-11-03,12:17:00,P0008,Ottogi Corn Syrup,Condiments,3,98.0,0.0,294.0
T2025000027,2025-11-03,10:04:00,P0198,Paldo Koreno Beef Noodle 100g,Noodles,2,50.0,0.0,100.0
T2025000027,2025-11-03,10:04:00,P0121,Lotte Chum Churum Soju,Liquor/Beverage,1,175.0,0.0,175.0
T2025000027,2025-11-03,10:04:00,P0008,Ottogi Corn Syrup,Condiments,1,98.0,0.0,98.0
T2025000027,2025-11-03,10:04:00,P0171,Tempura Udon Big Cup,Noodles,1,75.0,0.0,75.0
T2025000027,2025-11-03,10:04:00,P0261,Lotte Choco Heim,Snacks,1,120.0,0.0,120.0
T2025000028,2025-11-03,16:03:00,P0295,Pepero Almond,Snacks,4,55.0,0.0,220.0
T2025000028,2025-11-03,16:03:00,P0197,Nongshim Seafood Ramyun,Noodles,5,52.0,0.0,260.0
T2025000028,2025-11-03,16:03:00,P0284,Kkokal Sweet Corn Snack,Snacks,3,80.0,0.0,240.0
T2025000028,2025-11-03,16:03:00,P0206,Nongshim Chapagetti,Noodles,5,45.0,0.0,225.0
T2025000028,2025-11-03,16:03:00,P0175,Samyang Jjajang Hot Chicken,Noodles,3,75.0,0.0,225.0
T2025000029,2025-11-03,19:01:00,P0133,Sunhari Blueberry 360mL,Liquor/Beverage,3,120.0,0.1,324.0
T2025000029,2025-11-03,19:01:00,P0253,Orion Market O Brownie,Snacks,1,170.0,0.0,170.0
T2025000029,2025-11-03,19:01:00,P0043,CJ Hetbahn Cooked Barley,Dry Food,2,95.0,0.0,190.0
T2025000029,2025-11-03,19:01:00,P0005,Ottogi Gold Mayonnaise 300g,Condiments,1,150.0,0.0,150.0
T2025000030,2025-11-03,13:41:00,P0181,Paldo Bibim Cold Noodles,Noodles,5,65.0,0.0,325.0
T2025000030,2025-11-03,13:41:00,P0297,Pepero Choco Filled,Snacks,2,55.0,0.0,110.0
T2025000030,2025-11-03,13:41:00,P0018,(Kaya) Korean Rice 1.5Kg,Dry Food,2,190.0,0.0,380.0
T2025000030,2025-11-03,13:41:00,P0125,Jinro Fresh Soju,Liquor/Beverage,1,170.0,0.05,161.5
T2025000030,2025-11-03,13:41:00,P0210,2Mins Snack Men,Noodles,1,40.0,0.0,40.0
T2025000031,2025-11-03,12:20:00,P0114,Banana Milk 200mL 6Pcs,Liquor/Beverage,1,290.0,0.0,290.0
T2025000031,2025-11-03,12:20:00,P0020,CJ Beksul Hotteok Mix,Dry Food,2,185.0,0.0,370.0
T2025000032,2025-11-03,16:23:00,P0124,Terra Lager Beer 500mL,Liquor/Beverage,1,170.0,0.0,170.0
T2025000032,2025-11-03,16:23:00,P0298,Pepero White Cookie,Snacks,3,55.0,0.0,165.0
T2025000032,2025-11-03,16:23:00,P0088,Dongwon  Real Crabs 144g ,Food Frozen,1,259.0,0.15,220.15
T2025000033,2025-11-03,12:03:00,P0143,Nongshim Welchs Grape 355mL,Liquor/Beverage,1,60.0,0.0,60.0
T2025000033,2025-11-03,12:03:00,P0251,Oil Fried & Salted Peanuts,Snacks,2,185.0,0.0,370.0
T2025000033,2025-11-03,12:03:00,P0270,Samlip Custard Cream Cake,Snacks,2,105.0,0.0,210.0
T2025000033,2025-11-03,12:03:00,P0289,Crown Corn Chips,Snacks,2,80.0,0.0,160.0
T2025000033,2025-11-03,12:03:00,P0052,Shine Beef Bulgogi Pack,Food Fresh/Meat/Sidedish,1,550.0,0.0,550.0
T2025000034,2025-11-03,13:58:00,P0294,Pepero Strawberry,Snacks,4,55.0,0.0,220.0
T2025000034,2025-11-03,13:58:00,P0188,Nagasaki Jjampong,Noodles,4,60.0,0.0,240.0
T2025000034,2025-11-03,13:58:00,P0190,Nongshim Tempura Udon Cup,Noodles,4,60.0,0.1,216.0
T2025000034,2025-11-03,13:58:00,P0007,Samyang Spicy Mayo,Condiments,2,130.0,0.0,260.0
T2025000035,2025-11-03,17:16:00,P0298,Pepero White Cookie,Snacks,4,55.0,0.0,220.0
T2025000035,2025-11-03,17:16:00,P0203,Jin Ramen Spicy Cup,Noodles,4,50.0,0.0,200.0
T2025000035,2025-11-03,17:16:00,P0193,Paldo Gomtang Ramen,Noodles,4,56.0,0.0,224.0
T2025000035,2025-11-03,17:16:00,P0158,Nongshim Shin Ramen Black,Noodles,3,92.0,0.0,276.0
T2025000036,2025-11-03,16:00:00,P0125,Jinro Fresh Soju,Liquor/Beverage,2,170.0,0.0,340.0
T2025000036,2025-11-03,16:00:00,P0035,CJ  Multi-Grains Cooked Rice 210g,Dry Food,1,110.0,0.0,110.0
T2025000037,2025-11-03,18:37:00,P0188,Nagasaki Jjampong,Noodles,2,60.0,0.0,120.0
T2025000037,2025-11-03,18:37:00,P0172,Ottogi Jin Hot Big Cup,Noodles,2,75.0,0.0,150.0
T2025000037,2025-11-03,18:37:00,P0190,Nongshim Tempura Udon Cup,Noodles,4,60.0,0.0,240.0
T2025000038,2025-11-03,09:06:00,P0114,Banana Milk 200mL 6Pcs,Liquor/Beverage,1,290.0,0.0,290.0
T2025000038,2025-11-03,09:06:00,P0252,Lotte Banana Choco Pie 12Pcs,Snacks,1,180.0,0.0,180.0
T2025000038,2025-11-03,09:06:00,P0152,Samyang Buldak Original Cup,Noodles,2,110.0,0.0,220.0
T2025000038,2025-11-03,09:06:00,P0166,Samyang Buldak Original,Noodles,2,88.0,0.05,167.2
T2025000038,2025-11-03,09:06:00,P0183,Samyang Kimchi Ramen Bowl,Noodles,4,65.0,0.0,260.0
T2025000039,2025-11-03,19:10:00,P0124,Terra Lager Beer 500mL,Liquor/Beverage,1,170.0,0.0,170.0
T2025000039,2025-11-03,19:10:00,P0296,Lotte Cereal Choco,Snacks,4,55.0,0.0,220.0
T2025000039,2025-11-03,19:10:00,P0175,Samyang Jjajang Hot Chicken,Noodles,3,75.0,0.0,225.0
T2025000040,2025-11-03,18:01:00,P0139,Paldo Pororo Juice,Liquor/Beverage,3,65.0,0.0,195.0
T2025000040,2025-11-03,18:01:00,P0286,Crown Caramel Maple Corn,Snacks,2,80.0,0.0,160.0
T2025000040,2025-11-03,18:01:00,P0008,Ottogi Corn Syrup,Condiments,3,98.0,0.0,294.0
T2025000041,2025-11-03,17:50:00,P0125,Jinro Fresh Soju,Liquor/Beverage,1,170.0,0.0,170.0
T2025000041,2025-11-03,17:50:00,P0269,Lotte Soft Strawberry Milk Candy 79g,Snacks,3,105.0,0.1,283.5
T2025000041,2025-11-03,17:50:00,P0192,Nongshim Soon Veggie Ramen,Noodles,1,58.0,0.0,58.0
T2025000041,2025-11-03,17:50:00,P0026,Yopokki Sweet & Spicy 280g,Dry Food,1,145.0,0.0,145.0
T2025000042,2025-11-03,18:54:00,P0144,Nongshim Welchs Strawberry 355mL,Liquor/Beverage,5,60.0,0.05,285.0
T2025000042,2025-11-03,18:54:00,P0282,Orion Choco Boy,Snacks,2,85.0,0.05,161.5
T2025000042,2025-11-03,18:54:00,P0166,Samyang Buldak Original,Noodles,2,88.0,0.0,176.0
T2025000042,2025-11-03,18:54:00,P0041,CJ Hetbahn Multi-Grain Rice,Dry Food,3,95.0,0.0,285.0
T2025000043,2025-11-03,12:14:00,P0199,Paldo Koreno Shrimp Noodle,Noodles,2,50.0,0.0,100.0
T2025000043,2025-11-03,12:14:00,P0032,Samlip Mini Kimbap,Dry Food,1,120.0,0.0,120.0
T2025000043,2025-11-03,12:14:00,P0007,Samyang Spicy Mayo,Condiments,2,130.0,0.0,260.0
T2025000044,2025-11-03,19:02:00,P0154,Nongshim Jjawang,Noodles,1,100.0,0.0,100.0
T2025000044,2025-11-03,19:02:00,P0204,Ottogi Cup Ramen Kimchi,Noodles,5,50.0,0.0,250.0
T2025000044,2025-11-03,19:02:00,P0203,Jin Ramen Spicy Cup,Noodles,1,50.0,0.0,50.0
T2025000044,2025-11-03,19:02:00,P0027,Yopokki Cheese 240g,Dry Food,1,145.0,0.0,145.0
T2025000045,2025-11-03,18:16:00,P0123,Cass Cold Brewed Beer 500mL,Liquor/Beverage,1,170.0,0.0,170.0
T2025000045,2025-11-03,18:16:00,P0245,Honey Butter Almond 190g,Snacks,1,420.0,0.0,420.0
T2025000046,2025-11-03,18:40:00,P0162,Ottogi Jin Jjampong,Noodles,1,90.0,0.0,90.0
T2025000046,2025-11-03,18:40:00,P0135,KSD Peach Rice Wine 750mL,Liquor/Beverage,2,105.0,0.0,210.0
T2025000046,2025-11-03,18:40:00,P0295,Pepero Almond,Snacks,2,55.0,0.0,110.0
T2025000046,2025-11-03,18:40:00,P0200,Paldo Koreno Kimchi Noodle,Noodles,3,50.0,0.0,150.0
T2025000046,2025-11-03,18:40:00,P0299,Lotte Xylitol Green Gum,Snacks,5,55.0,0.0,275.0
T2025000047,2025-11-03,11:18:00,P0123,Cass Cold Brewed Beer 500mL,Liquor/Beverage,1,170.0,0.0,170.0
T2025000048,2025-11-03,12:22:00,P0140,Woongjin Yogurt Peach 340mL,Liquor/Beverage,2,60.0,0.0,120.0
T2025000048,2025-11-03,12:22:00,P0296,Lotte Cereal Choco,Snacks,5,55.0,0.0,275.0
T2025000048,2025-11-03,12:22:00,P0204,Ottogi Cup Ramen Kimchi,Noodles,2,50.0,0.0,100.0
T2025000048,2025-11-03,12:22:00,P0039,Ottogi 3Mins Curry,Dry Food,1,99.0,0.0,99.0
T2025000049,2025-11-03,17:08:00,P0027,Yopokki Cheese 240g,Dry Food,2,145.0,0.0,290.0
T2025000049,2025-11-03,17:08:00,P0009,CJ Beksul Corn Syrup,Condiments,3,95.0,0.0,285.0
T2025000050,2025-11-03,16:31:00,P0135,KSD Peach Rice Wine 750mL,Liquor/Beverage,3,105.0,0.0,315.0
T2025000050,2025-11-03,16:31:00,P0295,Pepero Almond,Snacks,5,55.0,0.0,275.0
T2025000050,2025-11-03,16:31:00,P0193,Paldo Gomtang Ramen,Noodles,1,56.0,0.0,56.0
T2025000051,2025-11-03,14:52:00,P0281,Haitai Ace Crackers,Snacks,1,85.0,0.0,85.0
T2025000051,2025-11-03,14:52:00,P0282,Orion Choco Boy,Snacks,3,85.0,0.0,255.0
T2025000052,2025-11-03,15:13:00,P0105,White Gold Coffee 100Sticks,Liquor/Beverage,1,1150.0,0.0,1150.0
T2025000052,2025-11-03,15:13:00,P0245,Honey Butter Almond 190g,Snacks,1,420.0,0.0,420.0
T2025000052,2025-11-03,15:13:00,P0299,Lotte Xylitol Green Gum,Snacks,3,55.0,0.0,165.0
T2025000053,2025-11-03,13:51:00,P0163,Samyang Buldak Rose 140g,Noodles,2,88.0,0.0,176.0
T2025000053,2025-11-03,13:51:00,P0009,CJ Beksul Corn Syrup,Condiments,2,95.0,0.0,190.0
T2025000053,2025-11-03,13:51:00,P0129,Sunhari Grape 360mL,Liquor/Beverage,2,120.0,0.0,240.0
T2025000053,2025-11-03,13:51:00,P0245,Honey Butter Almond 190g,Snacks,1,420.0,0.0,420.0
T2025000053,2025-11-03,13:51:00,P0184,Nongshim Baehongdong Bibimyeon 137g,Noodles,3,61.0,0.0,183.0
T2025000054,2025-11-03,15:07:00,P0117,Maxim Kanu Dark Roast 10 Sticks,Liquor/Beverage,2,260.0,0.0,520.0
T2025000054,2025-11-03,15:07:00,P0018,(Kaya) Korean Rice 1.5Kg,Dry Food,2,190.0,0.0,380.0
T2025000055,2025-11-03,11:24:00,P0188,Nagasaki Jjampong,Noodles,4,60.0,0.0,240.0
T2025000055,2025-11-03,11:24:00,P0162,Ottogi Jin Jjampong,Noodles,2,90.0,0.15,153.0
T2025000055,2025-11-03,11:24:00,P0123,Cass Cold Brewed Beer 500mL,Liquor/Beverage,2,170.0,0.0,340.0
T2025000055,2025-11-03,11:24:00,P0185,Nongshim Shin Non-Frying Ramen 97g,Noodles,5,60.0,0.0,300.0
T2025000055,2025-11-03,11:24:00,P0253,Orion Market O Brownie,Snacks,1,170.0,0.0,170.0
T2025000056,2025-11-03,19:55:00,P0264,Lotte Ghana Dark Chocolate,Snacks,3,115.0,0.0,345.0
T2025000056,2025-11-03,19:55:00,P0284,Kkokal Sweet Corn Snack,Snacks,3,80.0,0.0,240.0
T2025000056,2025-11-03,19:55:00,P0293,Lotte Sand Biscuit,Snacks,2,75.0,0.0,150.0
T2025000056,2025-11-03,19:55:00,P0022,Ottogi Tteokbokki Cup,Dry Food,2,160.0,0.0,320.0
T2025000056,2025-11-03,19:55:00,P0236,CJ  Soybean Paste 500g,Seasoned/Sauce/Powder,2,123.0,0.1,221.4
T2025000057,2025-11-03,11:49:00,P0123,Cass Cold Brewed Beer 500mL,Liquor/Beverage,1,170.0,0.15,144.5
T2025000057,2025-11-03,11:49:00,P0006,Chung Jung One Soy Sauce,Condiments,2,140.0,0.0,280.0
T2025000058,2025-11-03,11:41:00,P0148,Binggrae Strawberry Milk,Liquor/Beverage,4,45.0,0.1,162.0
T2025000058,2025-11-03,11:41:00,P0295,Pepero Almond,Snacks,5,55.0,0.0,275.0
T2025000058,2025-11-03,11:41:00,P0152,Samyang Buldak Original Cup,Noodles,3,110.0,0.0,330.0
T2025000058,2025-11-03,11:41:00,P0172,Ottogi Jin Hot Big Cup,Noodles,3,75.0,0.0,225.0
T2025000058,2025-11-03,11:41:00,P0175,Samyang Jjajang Hot Chicken,Noodles,2,75.0,0.0,150.0
T2025000059,2025-11-03,12:08:00,P0144,Nongshim Welchs Strawberry 355mL,Liquor/Beverage,4,60.0,0.0,240.0
T2025000059,2025-11-03,12:08:00,P0257,Lotte Almond Chocolate,Snacks,1,130.0,0.0,130.0
T2025000059,2025-11-03,12:08:00,P0263,Samlip Honey Castella,Snacks,3,120.0,0.0,360.0
T2025000059,2025-11-03,12:08:00,P0280,Nongshim Potato Sticks,Snacks,2,85.0,0.0,170.0
T2025000060,2025-11-03,08:10:00,P0295,Pepero Almond,Snacks,3,55.0,0.0,165.0
T2025000060,2025-11-03,08:10:00,P0256,Orion Custard Cake,Snacks,1,130.0,0.0,130.0
T2025000061,2025-11-03,20:40:00,P0295,Pepero Almond,Snacks,2,55.0,0.0,110.0
T2025000061,2025-11-03,20:40:00,P0298,Pepero White Cookie,Snacks,1,55.0,0.0,55.0
T2025000062,2025-11-03,21:23:00,P0192,Nongshim Soon Veggie Ramen,Noodles,2,58.0,0.0,116.0
T2025000063,2025-11-03,18:07:00,P0284,Kkokal Sweet Corn Snack,Snacks,2,80.0,0.0,160.0
T2025000063,2025-11-03,18:07:00,P0203,Jin Ramen Spicy Cup,Noodles,1,50.0,0.1,45.0
T2025000064,2025-11-03,17:22:00,P0110,Mitte Hot Choco Original 300g,Liquor/Beverage,2,370.0,0.0,740.0
T2025000064,2025-11-03,17:22:00,P0294,Pepero Strawberry,Snacks,4,55.0,0.0,220.0
T2025000064,2025-11-03,17:22:00,P0295,Pepero Almond,Snacks,1,55.0,0.0,55.0
T2025000064,2025-11-03,17:22:00,P0277,Orion Turtle Chips Sweet Corn,Snacks,2,89.0,0.0,178.0
T2025000064,2025-11-03,17:22:00,P0235,O'Food Kimchi Base Sauce,Seasoned/Sauce/Powder,2,130.0,0.0,260.0
T2025000065,2025-11-03,19:08:00,P0072,Kongsarang Soft Tofu,Food Fresh/Meat/Sidedish,3,65.0,0.0,195.0
T2025000066,2025-11-03,12:39:00,P0162,Ottogi Jin Jjampong,Noodles,2,90.0,0.0,180.0
T2025000066,2025-11-03,12:39:00,P0286,Crown Caramel Maple Corn,Snacks,1,80.0,0.0,80.0
T2025000066,2025-11-03,12:39:00,P0173,Nongshim Jjapageti,Noodles,1,75.0,0.0,75.0
T2025000066,2025-11-03,12:39:00,P0240,Ottogi Spaghetti Sauce,Seasoned/Sauce/Powder,3,115.0,0.0,345.0
T2025000066,2025-11-03,12:39:00,P0245,Honey Butter Almond 190g,Snacks,1,420.0,0.0,420.0
T2025000067,2025-11-03,18:08:00,P0257,Lotte Almond Chocolate,Snacks,2,130.0,0.0,260.0
T2025000067,2025-11-03,18:08:00,P0191,Paldo Teumsae Ramen,Noodles,3,60.0,0.0,180.0
T2025000067,2025-11-03,18:08:00,P0125,Jinro Fresh Soju,Liquor/Beverage,2,170.0,0.0,340.0
T2025000067,2025-11-03,18:08:00,P0172,Ottogi Jin Hot Big Cup,Noodles,2,75.0,0.0,150.0
T2025000067,2025-11-03,18:08:00,P0282,Orion Choco Boy,Snacks,2,85.0,0.0,170.0
T2025000068,2025-11-03,18:25:00,P0292,Orion Goraebab Crackers,Snacks,1,75.0,0.0,75.0
T2025000068,2025-11-03,18:25:00,P0185,Nongshim Shin Non-Frying Ramen 97g,Noodles,3,60.0,0.0,180.0
T2025000068,2025-11-03,18:25:00,P0198,Paldo Koreno Beef Noodle 100g,Noodles,1,50.0,0.1,45.0
T2025000068,2025-11-03,18:25:00,P0288,Nongshim Honey Rice Snack,Snacks,3,80.0,0.0,240.0
T2025000068,2025-11-03,18:25:00,P0019,Haepyo Crispy Seaweed 9Pcs,Dry Food,2,188.0,0.0,376.0
T2025000069,2025-11-03,13:18:00,P0298,Pepero White Cookie,Snacks,3,55.0,0.0,165.0
T2025000069,2025-11-03,13:18:00,P0173,Nongshim Jjapageti,Noodles,2,75.0,0.0,150.0
T2025000069,2025-11-03,13:18:00,P0026,Yopokki Sweet & Spicy 280g,Dry Food,2,145.0,0.0,290.0
T2025000069,2025-11-03,13:18:00,P0004,O'Food Korean Chili Oil,Condiments,1,160.0,0.15,136.0
T2025000070,2025-11-03,14:03:00,P0237,O'Food Tteokbokki Sauce,Seasoned/Sauce/Powder,3,120.0,0.0,360.0
T2025000071,2025-11-03,20:03:00,P0129,Sunhari Grape 360mL,Liquor/Beverage,2,120.0,0.0,240.0
T2025000071,2025-11-03,20:03:00,P0252,Lotte Banana Choco Pie 12Pcs,Snacks,2,180.0,0.0,360.0
T2025000071,2025-11-03,20:03:00,P0172,Ottogi Jin Hot Big Cup,Noodles,3,75.0,0.0,225.0
T2025000072,2025-11-03,21:31:00,P0191,Paldo Teumsae Ramen,Noodles,2,60.0,0.1,108.0
T2025000072,2025-11-03,21:31:00,P0048,Dongwon Light Tuna,Dry Food,1,75.0,0.0,75.0
T2025000072,2025-11-03,21:31:00,P0007,Samyang Spicy Mayo,Condiments,1,130.0,0.0,130.0
T2025000072,2025-11-03,21:31:00,P0240,Ottogi Spaghetti Sauce,Seasoned/Sauce/Powder,2,115.0,0.0,230.0
T2025000073,2025-11-03,11:03:00,P0286,Crown Caramel Maple Corn,Snacks,1,80.0,0.0,80.0
T2025000073,2025-11-03,11:03:00,P0072,Kongsarang Soft Tofu,Food Fresh/Meat/Sidedish,5,65.0,0.0,325.0
T2025000074,2025-11-03,12:08:00,P0125,Jinro Fresh Soju,Liquor/Beverage,1,170.0,0.0,170.0
T2025000074,2025-11-03,12:08:00,P0300,Can Choco Balls,Snacks,5,45.0,0.0,225.0
T2025000074,2025-11-03,12:08:00,P0295,Pepero Almond,Snacks,3,55.0,0.0,165.0
T2025000074,2025-11-03,12:08:00,P0279,Orion O! Karto Sweet Corn,Snacks,2,88.0,0.0,176.0
T2025000074,2025-11-03,12:08:00,P0048,Dongwon Light Tuna,Dry Food,2,75.0,0.0,150.0
T2025000075,2025-11-03,19:41:00,P0139,Paldo Pororo Juice,Liquor/Beverage,3,65.0,0.0,195.0
T2025000075,2025-11-03,19:41:00,P0041,CJ Hetbahn Multi-Grain Rice,Dry Food,3,95.0,0.15,242.25
T2025000076,2025-11-03,17:44:00,P0073,Perilla Leaves 2Packs,Food Fresh/Meat/Sidedish,4,40.0,0.0,160.0
T2025000076,2025-11-03,17:44:00,P0007,Samyang Spicy Mayo,Condiments,1,130.0,0.0,130.0
T2025000076,2025-11-03,17:44:00,P0199,Paldo Koreno Shrimp Noodle,Noodles,3,50.0,0.1,135.0
T2025000076,2025-11-03,17:44:00,P0144,Nongshim Welchs Strawberry 355mL,Liquor/Beverage,4,60.0,0.0,240.0
T2025000076,2025-11-03,17:44:00,P0211,Ottogi Jin Ramen Hot,Noodles,3,40.0,0.0,120.0
T2025000077,2025-11-03,12:07:00,P0203,Jin Ramen Spicy Cup,Noodles,4,50.0,0.0,200.0
T2025000077,2025-11-03,12:07:00,P0292,Orion Goraebab Crackers,Snacks,1,75.0,0.05,71.25
T2025000077,2025-11-03,12:07:00,P0048,Dongwon Light Tuna,Dry Food,1,75.0,0.0,75.0
T2025000077,2025-11-03,12:07:00,P0183,Samyang Kimchi Ramen Bowl,Noodles,5,65.0,0.0,325.0
T2025000077,2025-11-03,12:07:00,P0295,Pepero Almond,Snacks,4,55.0,0.05,209.0
T2025000078,2025-11-03,12:47:00,P0125,Jinro Fresh Soju,Liquor/Beverage,1,170.0,0.0,170.0
T2025000078,2025-11-03,12:47:00,P0166,Samyang Buldak Original,Noodles,1,88.0,0.0,88.0
T2025000079,2025-11-03,14:25:00,P0297,Pepero Choco Filled,Snacks,1,55.0,0.0,55.0
T2025000079,2025-11-03,14:25:00,P0182,Paldo Ilpoom Jjajang,Noodles,1,65.0,0.0,65.0
T2025000080,2025-11-04,19:28:00,P0274,Haitai Matdongsan,Snacks,3,95.0,0.05,270.75
T2025000080,2025-11-04,19:28:00,P0166,Samyang Buldak Original,Noodles,3,88.0,0.0,264.0
T2025000080,2025-11-04,19:28:00,P0005,Ottogi Gold Mayonnaise 300g,Condiments,1,150.0,0.0,150.0
T2025000081,2025-11-04,14:13:00,P0278,Haitai O! Karto Chips,Snacks,3,88.0,0.0,264.0
T2025000081,2025-11-04,14:13:00,P0286,Crown Caramel Maple Corn,Snacks,3,80.0,0.15,204.0
T2025000081,2025-11-04,14:13:00,P0209,Ottogi Kimchi Ramen,Noodles,5,40.0,0.15,170.0
T2025000081,2025-11-04,14:13:00,P0123,Cass Cold Brewed Beer 500mL,Liquor/Beverage,2,170.0,0.0,340.0
T2025000081,2025-11-04,14:13:00,P0184,Nongshim Baehongdong Bibimyeon 137g,Noodles,1,61.0,0.0,61.0
T2025000082,2025-11-04,13:47:00,P0122,Chamisul Original Soju,Liquor/Beverage,1,175.0,0.0,175.0
T2025000082,2025-11-04,13:47:00,P0259,Nongshim Sengseng U-Dong,Snacks,1,125.0,0.0,125.0
T2025000082,2025-11-04,13:47:00,P0184,Nongshim Baehongdong Bibimyeon 137g,Noodles,1,61.0,0.15,51.85
T2025000082,2025-11-04,13:47:00,P0175,Samyang Jjajang Hot Chicken,Noodles,2,75.0,0.0,150.0
T2025000082,2025-11-04,13:47:00,P0011,CJ  Cooked Rice Plain 210g,Dry Food,1,365.0,0.0,365.0
T2025000083,2025-11-04,13:41:00,P0125,Jinro Fresh Soju,Liquor/Beverage,1,170.0,0.0,170.0
T2025000083,2025-11-04,13:41:00,P0239,Ottogi Curry Hot,Seasoned/Sauce/Powder,1,115.0,0.0,115.0
T2025000083,2025-11-04,13:41:00,P0166,Samyang Buldak Original,Noodles,1,88.0,0.1,79.2
T2025000084,2025-11-04,16:20:00,P0278,Haitai O! Karto Chips,Snacks,2,88.0,0.0,176.0
T2025000084,2025-11-04,16:20:00,P0297,Pepero Choco Filled,Snacks,2,55.0,0.0,110.0
T2025000084,2025-11-04,16:20:00,P0019,Haepyo Crispy Seaweed 9Pcs,Dry Food,1,188.0,0.0,188.0
T2025000084,2025-11-04,16:20:00,P0004,O'Food Korean Chili Oil,Condiments,2,160.0,0.0,320.0
T2025000085,2025-11-04,18:38:00,P0274,Haitai Matdongsan,Snacks,1,95.0,0.0,95.0
T2025000085,2025-11-04,18:38:00,P0235,O'Food Kimchi Base Sauce,Seasoned/Sauce/Powder,2,130.0,0.0,260.0
T2025000085,2025-11-04,18:38:00,P0293,Lotte Sand Biscuit,Snacks,2,75.0,0.0,150.0
T2025000085,2025-11-04,18:38:00,P0200,Paldo Koreno Kimchi Noodle,Noodles,2,50.0,0.15,85.0
T2025000085,2025-11-04,18:38:00,P0166,Samyang Buldak Original,Noodles,1,88.0,0.0,88.0
T2025000086,2025-11-04,12:19:00,P0143,Nongshim Welchs Grape 355mL,Liquor/Beverage,2,60.0,0.0,120.0
T2025000087,2025-11-04,18:01:00,P0245,Honey Butter Almond 190g,Snacks,1,420.0,0.0,420.0
T2025000087,2025-11-04,18:01:00,P0299,Lotte Xylitol Green Gum,Snacks,1,55.0,0.0,55.0
T2025000087,2025-11-04,18:01:00,P0294,Pepero Strawberry,Snacks,1,55.0,0.15,46.75
T2025000087,2025-11-04,18:01:00,P0165,Samyang Cream Carbo Buldak 140g,Noodles,1,88.0,0.0,88.0
T2025000087,2025-11-04,18:01:00,P0048,Dongwon Light Tuna,Dry Food,1,75.0,0.0,75.0
T2025000088,2025-11-04,08:46:00,P0143,Nongshim Welchs Grape 355mL,Liquor/Beverage,5,60.0,0.0,300.0
T2025000088,2025-11-04,08:46:00,P0257,Lotte Almond Chocolate,Snacks,1,130.0,0.0,130.0
T2025000088,2025-11-04,08:46:00,P0247,Choco Pie Green Tea 12Pcs,Snacks,2,200.0,0.0,400.0
T2025000088,2025-11-04,08:46:00,P0008,Ottogi Corn Syrup,Condiments,2,98.0,0.0,196.0
T2025000089,2025-11-04,10:42:00,P0122,Chamisul Original Soju,Liquor/Beverage,1,175.0,0.1,157.5
T2025000089,2025-11-04,10:42:00,P0295,Pepero Almond,Snacks,2,55.0,0.0,110.0
T2025000089,2025-11-04,10:42:00,P0257,Lotte Almond Chocolate,Snacks,2,130.0,0.0,260.0
T2025000089,2025-11-04,10:42:00,P0152,Samyang Buldak Original Cup,Noodles,1,110.0,0.0,110.0
T2025000090,2025-11-04,12:00:00,P0104,Pepero Original,Food Frozen,5,55.0,0.0,275.0
T2025000091,2025-11-04,11:08:00,P0145,Binggrae Melon Soda,Liquor/Beverage,5,60.0,0.0,300.0
T2025000091,2025-11-04,11:08:00,P0161,Paldo Wang Cup,Noodles,3,90.0,0.15,229.5
T2025000091,2025-11-04,11:08:00,P0152,Samyang Buldak Original Cup,Noodles,1,110.0,0.0,110.0
T2025000091,2025-11-04,11:08:00,P0195,Ottogi Jin Mild Small Cup,Noodles,5,55.0,0.0,275.0
T2025000091,2025-11-04,11:08:00,P0080,Samyang Buldak Original Spicy Mandu 700g,Food Frozen,1,410.0,0.0,410.0
T2025000092,2025-11-04,12:05:00,P0131,Sunhari Yogurt 360mL,Liquor/Beverage,3,120.0,0.0,360.0
T2025000093,2025-11-04,20:59:00,P0208,Ottogi Jin Ramen Mild,Noodles,5,40.0,0.0,200.0
T2025000093,2025-11-04,20:59:00,P0171,Tempura Udon Big Cup,Noodles,3,75.0,0.0,225.0
T2025000093,2025-11-04,20:59:00,P0166,Samyang Buldak Original,Noodles,3,88.0,0.05,250.8
T2025000094,2025-11-04,12:18:00,P0137,Hite Beer Can,Liquor/Beverage,2,80.0,0.0,160.0
T2025000094,2025-11-04,12:18:00,P0266,Bibigo Seaweed Crisps,Snacks,2,110.0,0.0,220.0
T2025000094,2025-11-04,12:18:00,P0295,Pepero Almond,Snacks,2,55.0,0.15,93.5
T2025000094,2025-11-04,12:18:00,P0282,Orion Choco Boy,Snacks,1,85.0,0.0,85.0
T2025000095,2025-11-04,11:08:00,P0099,Daerim  Chaw Spicy Stick 90g,Food Frozen,2,80.0,0.0,160.0
T2025000095,2025-11-04,11:08:00,P0184,Nongshim Baehongdong Bibimyeon 137g,Noodles,3,61.0,0.0,183.0
T2025000095,2025-11-04,11:08:00,P0171,Tempura Udon Big Cup,Noodles,2,75.0,0.0,150.0
T2025000095,2025-11-04,11:08:00,P0125,Jinro Fresh Soju,Liquor/Beverage,2,170.0,0.0,340.0
T2025000095,2025-11-04,11:08:00,P0011,CJ  Cooked Rice Plain 210g,Dry Food,1,365.0,0.0,365.0
T2025000096,2025-11-04,19:45:00,P0139,Paldo Pororo Juice,Liquor/Beverage,5,65.0,0.0,325.0
T2025000096,2025-11-04,19:45:00,P0287,Nongshim Banana Kick 75g,Snacks,3,80.0,0.0,240.0
T2025000096,2025-11-04,19:45:00,P0282,Orion Choco Boy,Snacks,2,85.0,0.0,170.0
T2025000096,2025-11-04,19:45:00,P0096,Daerim  Vienna Sausage 170g,Food Frozen,2,145.0,0.0,290.0
T2025000097,2025-11-04,19:41:00,P0127,Lets Be Mild Coffee Can 4Pcs,Liquor/Beverage,2,128.0,0.0,256.0
T2025000097,2025-11-04,19:41:00,P0281,Haitai Ace Crackers,Snacks,3,85.0,0.0,255.0
T2025000097,2025-11-04,19:41:00,P0289,Crown Corn Chips,Snacks,2,80.0,0.0,160.0
T2025000097,2025-11-04,19:41:00,P0046,CJ Beksul Potato Starch,Dry Food,1,85.0,0.05,80.75
T2025000097,2025-11-04,19:41:00,P0009,CJ Beksul Corn Syrup,Condiments,2,95.0,0.0,190.0
T2025000098,2025-11-04,18:09:00,P0141,Woongjin Yogurt Apple 340mL,Liquor/Beverage,5,60.0,0.0,300.0
T2025000098,2025-11-04,18:09:00,P0291,Crown Sando Biscuit,Snacks,3,75.0,0.0,225.0
T2025000098,2025-11-04,18:09:00,P0211,Ottogi Jin Ramen Hot,Noodles,4,40.0,0.0,160.0
T2025000098,2025-11-04,18:09:00,P0177,Ottogi Beef Seaweed Soup Ramen,Noodles,2,70.0,0.0,140.0
T2025000098,2025-11-04,18:09:00,P0175,Samyang Jjajang Hot Chicken,Noodles,1,75.0,0.05,71.25
T2025000099,2025-11-04,18:15:00,P0114,Banana Milk 200mL 6Pcs,Liquor/Beverage,1,290.0,0.0,290.0
T2025000099,2025-11-04,18:15:00,P0199,Paldo Koreno Shrimp Noodle,Noodles,1,50.0,0.0,50.0
T2025000099,2025-11-04,18:15:00,P0211,Ottogi Jin Ramen Hot,Noodles,4,40.0,0.0,160.0
T2025000099,2025-11-04,18:15:00,P0240,Ottogi Spaghetti Sauce,Seasoned/Sauce/Powder,2,115.0,0.0,230.0
T2025000099,2025-11-04,18:15:00,P0194,Shin Ramen Kimchi,Noodles,4,55.0,0.0,220.0
T2025000100,2025-11-04,21:22:00,P0145,Binggrae Melon Soda,Liquor/Beverage,3,60.0,0.0,180.0
T2025000100,2025-11-04,21:22:00,P0194,Shin Ramen Kimchi,Noodles,1,55.0,0.0,55.0
T2025000101,2025-11-04,12:04:00,P0290,Doritos Galbi Chicken,Snacks,2,77.0,0.0,154.0
T2025000101,2025-11-04,12:04:00,P0158,Nongshim Shin Ramen Black,Noodles,1,92.0,0.0,92.0
T2025000101,2025-11-04,12:04:00,P0231,O'Food Bulgogi Marinade,Seasoned/Sauce/Powder,1,145.0,0.0,145.0
T2025000102,2025-11-04,19:03:00,P0124,Terra Lager Beer 500mL,Liquor/Beverage,2,170.0,0.0,340.0
T2025000102,2025-11-04,19:03:00,P0015,(Dae Joo) Gochugaru 500g,Dry Food,1,255.0,0.0,255.0
T2025000103,2025-11-04,15:18:00,P0250,Haitai Honey Butter Almonds,Snacks,2,190.0,0.0,380.0
T2025000103,2025-11-04,15:18:00,P0262,Orion Custard Pineapple,Snacks,2,120.0,0.0,240.0
T2025000103,2025-11-04,15:18:00,P0183,Samyang Kimchi Ramen Bowl,Noodles,5,65.0,0.0,325.0
T2025000103,2025-11-04,15:18:00,P0048,Dongwon Light Tuna,Dry Food,3,75.0,0.0,225.0
T2025000104,2025-11-04,18:26:00,P0268,Samlip Walnut Pie,Snacks,1,110.0,0.0,110.0
T2025000104,2025-11-04,18:26:00,P0297,Pepero Choco Filled,Snacks,2,55.0,0.0,110.0
T2025000104,2025-11-04,18:26:00,P0198,Paldo Koreno Beef Noodle 100g,Noodles,1,50.0,0.0,50.0
T2025000104,2025-11-04,18:26:00,P0208,Ottogi Jin Ramen Mild,Noodles,5,40.0,0.15,170.0
T2025000104,2025-11-04,18:26:00,P0009,CJ Beksul Corn Syrup,Condiments,1,95.0,0.0,95.0
T2025000105,2025-11-04,17:28:00,P0291,Crown Sando Biscuit,Snacks,1,75.0,0.1,67.5
T2025000105,2025-11-04,17:28:00,P0282,Orion Choco Boy,Snacks,1,85.0,0.0,85.0
T2025000105,2025-11-04,17:28:00,P0030,Yopokki Onion Butter 120g Cup,Dry Food,1,120.0,0.0,120.0
T2025000105,2025-11-04,17:28:00,P0100,Binggrae Ice Cream Sandwich,Food Frozen,2,80.0,0.0,160.0
T2025000106,2025-11-04,13:51:00,P0245,Honey Butter Almond 190g,Snacks,1,420.0,0.0,420.0
T2025000106,2025-11-04,13:51:00,P0005,Ottogi Gold Mayonnaise 300g,Condiments,2,150.0,0.0,300.0
T2025000107,2025-11-04,19:15:00,P0286,Crown Caramel Maple Corn,Snacks,1,80.0,0.0,80.0
T2025000107,2025-11-04,19:15:00,P0288,Nongshim Honey Rice Snack,Snacks,2,80.0,0.0,160.0
T2025000107,2025-11-04,19:15:00,P0027,Yopokki Cheese 240g,Dry Food,2,145.0,0.0,290.0
T2025000108,2025-11-04,13:59:00,P0172,Ottogi Jin Hot Big Cup,Noodles,1,75.0,0.0,75.0
T2025000108,2025-11-04,13:59:00,P0252,Lotte Banana Choco Pie 12Pcs,Snacks,2,180.0,0.0,360.0
T2025000108,2025-11-04,13:59:00,P0171,Tempura Udon Big Cup,Noodles,2,75.0,0.0,150.0
T2025000108,2025-11-04,13:59:00,P0193,Paldo Gomtang Ramen,Noodles,4,56.0,0.0,224.0
T2025000108,2025-11-04,13:59:00,P0298,Pepero White Cookie,Snacks,4,55.0,0.0,220.0
T2025000109,2025-11-04,12:37:00,P0295,Pepero Almond,Snacks,1,55.0,0.0,55.0
T2025000109,2025-11-04,12:37:00,P0293,Lotte Sand Biscuit,Snacks,1,75.0,0.0,75.0
T2025000109,2025-11-04,12:37:00,P0183,Samyang Kimchi Ramen Bowl,Noodles,1,65.0,0.0,65.0
T2025000110,2025-11-04,19:01:00,P0290,Doritos Galbi Chicken,Snacks,2,77.0,0.0,154.0
T2025000110,2025-11-04,19:01:00,P0136,Cass Fresh Beer,Liquor/Beverage,2,85.0,0.0,170.0
T2025000110,2025-11-04,19:01:00,P0214,Jin Soy Sauce Rich & Savory 860mL,Seasoned/Sauce/Powder,1,315.0,0.0,315.0
T2025000110,2025-11-04,19:01:00,P0049,Our Home Kimchi 1Kg,Food Fresh/Meat/Sidedish,1,320.5,0.0,320.5
T2025000110,2025-11-04,19:01:00,P0076,CJ  Crispy Hotdog,Food Frozen,1,640.0,0.0,640.0
T2025000111,2025-11-04,13:39:00,P0114,Banana Milk 200mL 6Pcs,Liquor/Beverage,1,290.0,0.1,261.0
T2025000111,2025-11-04,13:39:00,P0295,Pepero Almond,Snacks,2,55.0,0.0,110.0
T2025000111,2025-11-04,13:39:00,P0206,Nongshim Chapagetti,Noodles,2,45.0,0.05,85.5
T2025000111,2025-11-04,13:39:00,P0171,Tempura Udon Big Cup,Noodles,1,75.0,0.0,75.0
T2025000111,2025-11-04,13:39:00,P0166,Samyang Buldak Original,Noodles,3,88.0,0.0,264.0
T2025000112,2025-11-04,18:36:00,P0149,Binggrae Mango Milk,Liquor/Beverage,5,45.0,0.0,225.0
T2025000112,2025-11-04,18:36:00,P0281,Haitai Ace Crackers,Snacks,2,85.0,0.0,170.0
T2025000112,2025-11-04,18:36:00,P0263,Samlip Honey Castella,Snacks,3,120.0,0.15,306.0
T2025000112,2025-11-04,18:36:00,P0016,Dongwon  Vegetable Tuna Can 150g 2Pcs,Dry Food,2,235.0,0.0,470.0
T2025000113,2025-11-04,12:11:00,P0125,Jinro Fresh Soju,Liquor/Beverage,2,170.0,0.0,340.0
T2025000113,2025-11-04,12:11:00,P0298,Pepero White Cookie,Snacks,3,55.0,0.0,165.0
T2025000113,2025-11-04,12:11:00,P0257,Lotte Almond Chocolate,Snacks,1,130.0,0.0,130.0
T2025000113,2025-11-04,12:11:00,P0295,Pepero Almond,Snacks,1,55.0,0.0,55.0
T2025000114,2025-11-04,11:26:00,P0114,Banana Milk 200mL 6Pcs,Liquor/Beverage,1,290.0,0.0,290.0
T2025000114,2025-11-04,11:26:00,P0070,Skinless Garlic 150G,Food Fresh/Meat/Sidedish,4,65.0,0.0,260.0
T2025000115,2025-11-04,12:14:00,P0123,Cass Cold Brewed Beer 500mL,Liquor/Beverage,1,170.0,0.05,161.5
T2025000115,2025-11-04,12:14:00,P0294,Pepero Strawberry,Snacks,2,55.0,0.0,110.0
T2025000115,2025-11-04,12:14:00,P0273,Haitai  Plumcandy 130g,Snacks,2,95.0,0.0,190.0
T2025000115,2025-11-04,12:14:00,P0097,Daerim  Cheese Vienna Sausage 105g,Food Frozen,1,120.0,0.0,120.0
T2025000116,2025-11-04,14:27:00,P0245,Honey Butter Almond 190g,Snacks,1,420.0,0.0,420.0
T2025000116,2025-11-04,14:27:00,P0171,Tempura Udon Big Cup,Noodles,2,75.0,0.0,150.0
T2025000116,2025-11-04,14:27:00,P0042,CJ Hetbahn Brown Rice,Dry Food,1,95.0,0.0,95.0
T2025000116,2025-11-04,14:27:00,P0225,Chung Jung One Soybean Paste,Seasoned/Sauce/Powder,2,160.0,0.0,320.0
T2025000117,2025-11-04,19:22:00,P0205,Ottogi Yeul Ramen,Noodles,4,48.0,0.05,182.4
T2025000117,2025-11-04,19:22:00,P0171,Tempura Udon Big Cup,Noodles,1,75.0,0.05,71.25
T2025000117,2025-11-04,19:22:00,P0036,Dongwon  Tuna Light Can 150g,Dry Food,1,110.0,0.0,110.0
T2025000117,2025-11-04,19:22:00,P0009,CJ Beksul Corn Syrup,Condiments,2,95.0,0.0,190.0
T2025000118,2025-11-04,14:47:00,P0287,Nongshim Banana Kick 75g,Snacks,1,80.0,0.0,80.0
T2025000118,2025-11-04,14:47:00,P0295,Pepero Almond,Snacks,5,55.0,0.0,275.0
T2025000118,2025-11-04,14:47:00,P0245,Honey Butter Almond 190g,Snacks,1,420.0,0.0,420.0
T2025000118,2025-11-04,14:47:00,P0180,Samyang Curry Ramen,Noodles,3,68.0,0.0,204.0
T2025000119,2025-11-04,19:26:00,P0276,Orion Sun Chips Korean BBQ,Snacks,1,90.0,0.0,90.0
T2025000119,2025-11-04,19:26:00,P0295,Pepero Almond,Snacks,5,55.0,0.15,233.75
T2025000119,2025-11-04,19:26:00,P0170,Ottogi Jin Jjajang,Noodles,3,80.0,0.0,240.0
T2025000119,2025-11-04,19:26:00,P0152,Samyang Buldak Original Cup,Noodles,3,110.0,0.0,330.0
T2025000120,2025-11-04,12:50:00,P0142,Nongshim Welchs White Grape 355mL,Liquor/Beverage,3,60.0,0.15,153.0
T2025000120,2025-11-04,12:50:00,P0271,Orion Choco Chip Cookies,Snacks,2,100.0,0.0,200.0
T2025000120,2025-11-04,12:50:00,P0264,Lotte Ghana Dark Chocolate,Snacks,3,115.0,0.0,345.0
T2025000121,2025-11-04,19:35:00,P0144,Nongshim Welchs Strawberry 355mL,Liquor/Beverage,3,60.0,0.0,180.0
T2025000122,2025-11-04,17:41:00,P0137,Hite Beer Can,Liquor/Beverage,2,80.0,0.0,160.0
T2025000122,2025-11-04,17:41:00,P0271,Orion Choco Chip Cookies,Snacks,1,100.0,0.0,100.0
T2025000122,2025-11-04,17:41:00,P0096,Daerim  Vienna Sausage 170g,Food Frozen,2,145.0,0.0,290.0
T2025000123,2025-11-04,19:49:00,P0123,Cass Cold Brewed Beer 500mL,Liquor/Beverage,1,170.0,0.15,144.5
T2025000123,2025-11-04,19:49:00,P0292,Orion Goraebab Crackers,Snacks,3,75.0,0.0,225.0
T2025000123,2025-11-04,19:49:00,P0290,Doritos Galbi Chicken,Snacks,2,77.0,0.0,154.0
T2025000123,2025-11-04,19:49:00,P0277,Orion Turtle Chips Sweet Corn,Snacks,1,89.0,0.0,89.0
T2025000123,2025-11-04,19:49:00,P0242,CJ  Gochujang 200g,Seasoned/Sauce/Powder,1,100.0,0.0,100.0
T2025000124,2025-11-04,09:15:00,P0143,Nongshim Welchs Grape 355mL,Liquor/Beverage,4,60.0,0.0,240.0
T2025000124,2025-11-04,09:15:00,P0162,Ottogi Jin Jjampong,Noodles,1,90.0,0.0,90.0
T2025000125,2025-11-04,17:54:00,P0261,Lotte Choco Heim,Snacks,2,120.0,0.0,240.0
T2025000125,2025-11-04,17:54:00,P0290,Doritos Galbi Chicken,Snacks,3,77.0,0.0,231.0
T2025000125,2025-11-04,17:54:00,P0282,Orion Choco Boy,Snacks,3,85.0,0.0,255.0
T2025000125,2025-11-04,17:54:00,P0098,Daerim  Crabstick 216g,Food Frozen,3,98.0,0.0,294.0
T2025000126,2025-11-04,20:53:00,P0156,Nongshim Ramyun King Bowl,Noodles,3,95.0,0.0,285.0
T2025000126,2025-11-04,20:53:00,P0189,Ottogi Bodle Cheese Ramen,Noodles,3,60.0,0.0,180.0
T2025000126,2025-11-04,20:53:00,P0179,Ottogi Ramen Bokki Cup,Noodles,1,69.0,0.0,69.0
T2025000126,2025-11-04,20:53:00,P0285,Corn Choco,Snacks,2,80.0,0.15,136.0
T2025000126,2025-11-04,20:53:00,P0143,Nongshim Welchs Grape 355mL,Liquor/Beverage,3,60.0,0.0,180.0
T2025000127,2025-11-04,12:21:00,P0128,Chamiseul Fresh 360mL,Liquor/Beverage,1,120.0,0.0,120.0
T2025000127,2025-11-04,12:21:00,P0267,Lotte Pepero White Cookie,Snacks,2,110.0,0.0,220.0
T2025000127,2025-11-04,12:21:00,P0291,Crown Sando Biscuit,Snacks,3,75.0,0.0,225.0
T2025000127,2025-11-04,12:21:00,P0296,Lotte Cereal Choco,Snacks,3,55.0,0.0,165.0
T2025000128,2025-11-04,13:09:00,P0124,Terra Lager Beer 500mL,Liquor/Beverage,1,170.0,0.0,170.0
T2025000128,2025-11-04,13:09:00,P0192,Nongshim Soon Veggie Ramen,Noodles,5,58.0,0.0,290.0
T2025000128,2025-11-04,13:09:00,P0025,Sempio Yellow Peach In Can 400g,Dry Food,1,145.0,0.0,145.0
T2025000129,2025-11-04,12:45:00,P0200,Paldo Koreno Kimchi Noodle,Noodles,3,50.0,0.0,150.0
T2025000129,2025-11-04,12:45:00,P0207,Ottogi Yeul Ramen 120g,Noodles,1,40.0,0.0,40.0
T2025000129,2025-11-04,12:45:00,P0125,Jinro Fresh Soju,Liquor/Beverage,2,170.0,0.0,340.0
T2025000129,2025-11-04,12:45:00,P0268,Samlip Walnut Pie,Snacks,3,110.0,0.0,330.0
T2025000129,2025-11-04,12:45:00,P0293,Lotte Sand Biscuit,Snacks,3,75.0,0.0,225.0
T2025000130,2025-11-04,18:44:00,P0256,Orion Custard Cake,Snacks,2,130.0,0.0,260.0
T2025000130,2025-11-04,18:44:00,P0272,Haitai  Sunkist Candy 125g,Snacks,3,95.0,0.0,285.0
T2025000130,2025-11-04,18:44:00,P0022,Ottogi Tteokbokki Cup,Dry Food,1,160.0,0.0,160.0
T2025000130,2025-11-04,18:44:00,P0241,CJ Anchovy Sauce 500g,Seasoned/Sauce/Powder,2,105.0,0.0,210.0
T2025000131,2025-11-04,17:18:00,P0245,Honey Butter Almond 190g,Snacks,1,420.0,0.0,420.0
T2025000131,2025-11-04,17:18:00,P0266,Bibigo Seaweed Crisps,Snacks,1,110.0,0.0,110.0
T2025000131,2025-11-04,17:18:00,P0250,Haitai Honey Butter Almonds,Snacks,2,190.0,0.0,380.0
T2025000132,2025-11-04,19:06:00,P0139,Paldo Pororo Juice,Liquor/Beverage,3,65.0,0.0,195.0
T2025000132,2025-11-04,19:06:00,P0183,Samyang Kimchi Ramen Bowl,Noodles,5,65.0,0.0,325.0
T2025000133,2025-11-04,18:55:00,P0282,Orion Choco Boy,Snacks,1,85.0,0.0,85.0
T2025000133,2025-11-04,18:55:00,P0269,Lotte Soft Strawberry Milk Candy 79g,Snacks,3,105.0,0.15,267.75
T2025000133,2025-11-04,18:55:00,P0188,Nagasaki Jjampong,Noodles,5,60.0,0.0,300.0
T2025000133,2025-11-04,18:55:00,P0203,Jin Ramen Spicy Cup,Noodles,3,50.0,0.0,150.0
T2025000134,2025-11-04,17:49:00,P0263,Samlip Honey Castella,Snacks,3,120.0,0.1,324.0
T2025000134,2025-11-04,17:49:00,P0199,Paldo Koreno Shrimp Noodle,Noodles,2,50.0,0.0,100.0
T2025000134,2025-11-04,17:49:00,P0183,Samyang Kimchi Ramen Bowl,Noodles,3,65.0,0.0,195.0
T2025000134,2025-11-04,17:49:00,P0140,Woongjin Yogurt Peach 340mL,Liquor/Beverage,2,60.0,0.0,120.0
T2025000134,2025-11-04,17:49:00,P0168,Samyang Carbo Buldak,Noodles,2,88.0,0.15,149.6
T2025000135,2025-11-04,18:54:00,P0247,Choco Pie Green Tea 12Pcs,Snacks,2,200.0,0.1,360.0
T2025000135,2025-11-04,18:54:00,P0264,Lotte Ghana Dark Chocolate,Snacks,1,115.0,0.0,115.0
T2025000135,2025-11-04,18:54:00,P0245,Honey Butter Almond 190g,Snacks,1,420.0,0.0,420.0
T2025000136,2025-11-04,17:52:00,P0141,Woongjin Yogurt Apple 340mL,Liquor/Beverage,4,60.0,0.0,240.0
T2025000136,2025-11-04,17:52:00,P0245,Honey Butter Almond 190g,Snacks,1,420.0,0.0,420.0
T2025000136,2025-11-04,17:52:00,P0187,Paldo Bibim Men,Noodles,3,60.0,0.0,180.0
T2025000136,2025-11-04,17:52:00,P0007,Samyang Spicy Mayo,Condiments,2,130.0,0.0,260.0
T2025000137,2025-11-04,18:46:00,P0038,(Kaya) Korean Rice 1Kg,Dry Food,3,100.0,0.0,300.0
T2025000137,2025-11-04,18:46:00,P0226,CJ Beksul Sweet Korean Pancake Mix 400g,Seasoned/Sauce/Powder,1,155.0,0.0,155.0
T2025000138,2025-11-04,12:27:00,P0245,Honey Butter Almond 190g,Snacks,1,420.0,0.0,420.0
T2025000138,2025-11-04,12:27:00,P0262,Orion Custard Pineapple,Snacks,2,120.0,0.0,240.0
T2025000138,2025-11-04,12:27:00,P0274,Haitai Matdongsan,Snacks,1,95.0,0.0,95.0
T2025000138,2025-11-04,12:27:00,P0175,Samyang Jjajang Hot Chicken,Noodles,2,75.0,0.0,150.0
T2025000138,2025-11-04,12:27:00,P0172,Ottogi Jin Hot Big Cup,Noodles,1,75.0,0.0,75.0
T2025000139,2025-11-04,08:56:00,P0114,Banana Milk 200mL 6Pcs,Liquor/Beverage,1,290.0,0.0,290.0
T2025000140,2025-11-04,11:28:00,P0245,Honey Butter Almond 190g,Snacks,1,420.0,0.0,420.0
T2025000140,2025-11-04,11:28:00,P0254,Honey Roasted Peanuts,Snacks,2,165.0,0.0,330.0
T2025000140,2025-11-04,11:28:00,P0257,Lotte Almond Chocolate,Snacks,2,130.0,0.0,260.0
T2025000140,2025-11-04,11:28:00,P0125,Jinro Fresh Soju,Liquor/Beverage,1,170.0,0.0,170.0
T2025000140,2025-11-04,11:28:00,P0005,Ottogi Gold Mayonnaise 300g,Condiments,2,150.0,0.0,300.0
T2025000141,2025-11-04,13:19:00,P0150,Samyang Buldak Rosã Ramen 105g,Noodles,3,110.0,0.0,330.0
T2025000141,2025-11-04,13:19:00,P0166,Samyang Buldak Original,Noodles,1,88.0,0.05,83.6
T2025000141,2025-11-04,13:19:00,P0193,Paldo Gomtang Ramen,Noodles,5,56.0,0.0,280.0
T2025000142,2025-11-04,19:35:00,P0113,Binggre Melon Milk 200mL 6Pcs,Liquor/Beverage,1,290.0,0.0,290.0
T2025000142,2025-11-04,19:35:00,P0152,Samyang Buldak Original Cup,Noodles,1,110.0,0.0,110.0
T2025000142,2025-11-04,19:35:00,P0044,Ottogi Vegetable Soup 80g,Dry Food,2,90.0,0.05,171.0
T2025000142,2025-11-04,19:35:00,P0005,Ottogi Gold Mayonnaise 300g,Condiments,1,150.0,0.0,150.0
T2025000143,2025-11-04,11:09:00,P0245,Honey Butter Almond 190g,Snacks,1,420.0,0.0,420.0
T2025000143,2025-11-04,11:09:00,P0284,Kkokal Sweet Corn Snack,Snacks,3,80.0,0.0,240.0
T2025000143,2025-11-04,11:09:00,P0277,Orion Turtle Chips Sweet Corn,Snacks,3,89.0,0.0,267.0
T2025000143,2025-11-04,11:09:00,P0102,MWC Tteok Galbi Bar,Food Frozen,1,75.0,0.0,75.0
T2025000145,2025-11-04,20:29:00,P0245,Honey Butter Almond 190g,Snacks,1,420.0,0.0,420.0
T2025000145,2025-11-04,20:29:00,P0298,Pepero White Cookie,Snacks,1,55.0,0.0,55.0
T2025000146,2025-11-04,20:10:00,P0184,Nongshim Baehongdong Bibimyeon 137g,Noodles,5,61.0,0.0,305.0
T2025000146,2025-11-04,20:10:00,P0224,Seasoned Seaweed 200g,Seasoned/Sauce/Powder,1,190.0,0.0,190.0
T2025000146,2025-11-04,20:10:00,P0271,Orion Choco Chip Cookies,Snacks,2,100.0,0.0,200.0
T2025000146,2025-11-04,20:10:00,P0205,Ottogi Yeul Ramen,Noodles,1,48.0,0.0,48.0
T2025000146,2025-11-04,20:10:00,P0193,Paldo Gomtang Ramen,Noodles,4,56.0,0.0,224.0
T2025000147,2025-11-04,11:46:00,P0122,Chamisul Original Soju,Liquor/Beverage,2,175.0,0.0,350.0
T2025000147,2025-11-04,11:46:00,P0252,Lotte Banana Choco Pie 12Pcs,Snacks,2,180.0,0.0,360.0
T2025000147,2025-11-04,11:46:00,P0295,Pepero Almond,Snacks,5,55.0,0.0,275.0
T2025000147,2025-11-04,11:46:00,P0166,Samyang Buldak Original,Noodles,1,88.0,0.0,88.0
T2025000147,2025-11-04,11:46:00,P0009,CJ Beksul Corn Syrup,Condiments,3,95.0,0.0,285.0
T2025000148,2025-11-04,11:20:00,P0274,Haitai Matdongsan,Snacks,2,95.0,0.0,190.0
T2025000148,2025-11-04,11:20:00,P0294,Pepero Strawberry,Snacks,2,55.0,0.0,110.0
T2025000148,2025-11-04,11:20:00,P0245,Honey Butter Almond 190g,Snacks,1,420.0,0.0,420.0
T2025000148,2025-11-04,11:20:00,P0178,Samyang Mala Buldak,Noodles,4,70.0,0.0,280.0
T2025000149,2025-11-04,18:47:00,P0204,Ottogi Cup Ramen Kimchi,Noodles,1,50.0,0.0,50.0
T2025000149,2025-11-04,18:47:00,P0150,Samyang Buldak Rosã Ramen 105g,Noodles,1,110.0,0.0,110.0
T2025000149,2025-11-04,18:47:00,P0196,Paldo Cheese Ramen,Noodles,2,55.0,0.0,110.0
T2025000150,2025-11-04,17:56:00,P0122,Chamisul Original Soju,Liquor/Beverage,2,175.0,0.0,350.0
T2025000150,2025-11-04,17:56:00,P0193,Paldo Gomtang Ramen,Noodles,4,56.0,0.15,190.4
T2025000150,2025-11-04,17:56:00,P0171,Tempura Udon Big Cup,Noodles,3,75.0,0.05,213.75
T2025000150,2025-11-04,17:56:00,P0192,Nongshim Soon Veggie Ramen,Noodles,5,58.0,0.0,290.0
T2025000151,2025-11-04,13:35:00,P0149,Binggrae Mango Milk,Liquor/Beverage,3,45.0,0.0,135.0
T2025000151,2025-11-04,13:35:00,P0151,Samyang Buldak 4 Cheese Ramen 110g,Noodles,1,110.0,0.0,110.0
T2025000152,2025-11-04,08:15:00,P0138,Kirin Ichiban Beer 330mL,Liquor/Beverage,5,68.0,0.0,340.0
T2025000152,2025-11-04,08:15:00,P0261,Lotte Choco Heim,Snacks,3,120.0,0.0,360.0
T2025000152,2025-11-04,08:15:00,P0295,Pepero Almond,Snacks,1,55.0,0.0,55.0
T2025000152,2025-11-04,08:15:00,P0022,Ottogi Tteokbokki Cup,Dry Food,2,160.0,0.15,272.0
T2025000152,2025-11-04,08:15:00,P0218,CJ Beksul Beef Bulgogi Sauce 500g,Seasoned/Sauce/Powder,2,250.0,0.0,500.0
T2025000153,2025-11-04,19:22:00,P0171,Tempura Udon Big Cup,Noodles,3,75.0,0.0,225.0
T2025000153,2025-11-04,19:22:00,P0095,Samlip Fish Cake Sheets,Food Frozen,2,150.0,0.0,300.0
T2025000153,2025-11-04,19:22:00,P0107,Ottogi Honey Ginger Tea 1Kg,Liquor/Beverage,1,530.0,0.0,530.0
T2025000153,2025-11-04,19:22:00,P0294,Pepero Strawberry,Snacks,5,55.0,0.0,275.0
T2025000153,2025-11-04,19:22:00,P0226,CJ Beksul Sweet Korean Pancake Mix 400g,Seasoned/Sauce/Powder,1,155.0,0.0,155.0
T2025000154,2025-11-04,18:55:00,P0245,Honey Butter Almond 190g,Snacks,1,420.0,0.0,420.0
T2025000154,2025-11-04,18:55:00,P0296,Lotte Cereal Choco,Snacks,4,55.0,0.0,220.0
T2025000154,2025-11-04,18:55:00,P0205,Ottogi Yeul Ramen,Noodles,3,48.0,0.0,144.0
T2025000154,2025-11-04,18:55:00,P0170,Ottogi Jin Jjajang,Noodles,3,80.0,0.15,204.0
T2025000155,2025-11-04,11:17:00,P0144,Nongshim Welchs Strawberry 355mL,Liquor/Beverage,3,60.0,0.0,180.0
T2025000155,2025-11-04,11:17:00,P0102,MWC Tteok Galbi Bar,Food Frozen,2,75.0,0.0,150.0
T2025000157,2025-11-04,19:43:00,P0269,Lotte Soft Strawberry Milk Candy 79g,Snacks,2,105.0,0.0,210.0
T2025000157,2025-11-04,19:43:00,P0295,Pepero Almond,Snacks,2,55.0,0.0,110.0
T2025000158,2025-11-04,12:17:00,P0122,Chamisul Original Soju,Liquor/Beverage,1,175.0,0.0,175.0
T2025000158,2025-11-04,12:17:00,P0245,Honey Butter Almond 190g,Snacks,1,420.0,0.0,420.0
T2025000158,2025-11-04,12:17:00,P0238,Ottogi Curry Mild,Seasoned/Sauce/Powder,1,115.0,0.0,115.0
T2025000158,2025-11-04,12:17:00,P0152,Samyang Buldak Original Cup,Noodles,1,110.0,0.0,110.0
T2025000159,2025-11-04,12:08:00,P0120,Aloe Vera Juice 1.5L,Liquor/Beverage,2,175.0,0.0,350.0
T2025000159,2025-11-04,12:08:00,P0274,Haitai Matdongsan,Snacks,3,95.0,0.0,285.0
T2025000159,2025-11-04,12:08:00,P0265,Orion Almond Candy,Snacks,1,110.0,0.0,110.0
T2025000159,2025-11-04,12:08:00,P0183,Samyang Kimchi Ramen Bowl,Noodles,3,65.0,0.05,185.25
T2025000159,2025-11-04,12:08:00,P0152,Samyang Buldak Original Cup,Noodles,3,110.0,0.0,330.0
T2025000160,2025-11-04,18:49:00,P0152,Samyang Buldak Original Cup,Noodles,1,110.0,0.0,110.0
T2025000160,2025-11-04,18:49:00,P0298,Pepero White Cookie,Snacks,3,55.0,0.0,165.0
T2025000160,2025-11-04,18:49:00,P0005,Ottogi Gold Mayonnaise 300g,Condiments,1,150.0,0.0,150.0
T2025000160,2025-11-04,18:49:00,P0277,Orion Turtle Chips Sweet Corn,Snacks,3,89.0,0.0,267.0
T2025000160,2025-11-04,18:49:00,P0166,Samyang Buldak Original,Noodles,2,88.0,0.0,176.0
T2025000161,2025-11-04,12:48:00,P0023,Dongwon  Luncheon Meat 340g,Dry Food,1,155.0,0.0,155.0
T2025000161,2025-11-04,12:48:00,P0166,Samyang Buldak Original,Noodles,1,88.0,0.0,88.0
T2025000161,2025-11-04,12:48:00,P0299,Lotte Xylitol Green Gum,Snacks,1,55.0,0.0,55.0
T2025000161,2025-11-04,12:48:00,P0293,Lotte Sand Biscuit,Snacks,2,75.0,0.0,150.0
T2025000161,2025-11-04,12:48:00,P0190,Nongshim Tempura Udon Cup,Noodles,5,60.0,0.0,300.0
T2025000162,2025-11-04,11:12:00,P0130,Sunhari Apple 360mL,Liquor/Beverage,1,120.0,0.0,120.0
T2025000162,2025-11-04,11:12:00,P0270,Samlip Custard Cream Cake,Snacks,2,105.0,0.0,210.0
T2025000162,2025-11-04,11:12:00,P0245,Honey Butter Almond 190g,Snacks,1,420.0,0.0,420.0
T2025000162,2025-11-04,11:12:00,P0295,Pepero Almond,Snacks,1,55.0,0.0,55.0
T2025000162,2025-11-04,11:12:00,P0221,CJ  Gochujang 500g,Seasoned/Sauce/Powder,2,220.0,0.0,440.0
T2025000163,2025-11-04,21:49:00,P0124,Terra Lager Beer 500mL,Liquor/Beverage,2,170.0,0.0,340.0
T2025000163,2025-11-04,21:49:00,P0290,Doritos Galbi Chicken,Snacks,2,77.0,0.0,154.0
T2025000163,2025-11-04,21:49:00,P0250,Haitai Honey Butter Almonds,Snacks,2,190.0,0.0,380.0
T2025000163,2025-11-04,21:49:00,P0245,Honey Butter Almond 190g,Snacks,1,420.0,0.0,420.0
T2025000163,2025-11-04,21:49:00,P0165,Samyang Cream Carbo Buldak 140g,Noodles,2,88.0,0.05,167.2
T2025000164,2025-11-04,21:25:00,P0149,Binggrae Mango Milk,Liquor/Beverage,1,45.0,0.0,45.0
T2025000164,2025-11-04,21:25:00,P0245,Honey Butter Almond 190g,Snacks,1,420.0,0.0,420.0
T2025000165,2025-11-04,14:26:00,P0280,Nongshim Potato Sticks,Snacks,2,85.0,0.0,170.0
T2025000165,2025-11-04,14:26:00,P0178,Samyang Mala Buldak,Noodles,3,70.0,0.0,210.0
T2025000165,2025-11-04,14:26:00,P0202,Nongshim Ansung Tangmen,Noodles,3,50.0,0.0,150.0
T2025000165,2025-11-04,14:26:00,P0192,Nongshim Soon Veggie Ramen,Noodles,2,58.0,0.0,116.0
T2025000166,2025-11-04,11:12:00,P0124,Terra Lager Beer 500mL,Liquor/Beverage,1,170.0,0.0,170.0
T2025000167,2025-11-04,17:54:00,P0206,Nongshim Chapagetti,Noodles,2,45.0,0.0,90.0
T2025000168,2025-11-04,13:36:00,P0216,CJ Beksul Chicken Frying Mix 1Kg,Seasoned/Sauce/Powder,2,257.0,0.0,514.0
T2025000169,2025-11-04,18:08:00,P0275,Haitai Sweet Potato Snack,Snacks,3,95.0,0.0,285.0
T2025000169,2025-11-04,18:08:00,P0298,Pepero White Cookie,Snacks,2,55.0,0.0,110.0
T2025000169,2025-11-04,18:08:00,P0263,Samlip Honey Castella,Snacks,3,120.0,0.0,360.0
T2025000170,2025-11-04,12:21:00,P0131,Sunhari Yogurt 360mL,Liquor/Beverage,3,120.0,0.0,360.0
T2025000170,2025-11-04,12:21:00,P0292,Orion Goraebab Crackers,Snacks,3,75.0,0.0,225.0
T2025000170,2025-11-04,12:21:00,P0252,Lotte Banana Choco Pie 12Pcs,Snacks,2,180.0,0.0,360.0
T2025000170,2025-11-04,12:21:00,P0080,Samyang Buldak Original Spicy Mandu 700g,Food Frozen,1,410.0,0.0,410.0
T2025000171,2025-11-04,14:48:00,P0114,Banana Milk 200mL 6Pcs,Liquor/Beverage,2,290.0,0.0,580.0
T2025000171,2025-11-04,14:48:00,P0186,Ottogi Chachelin Blackbean 145g,Noodles,2,60.0,0.0,120.0
T2025000171,2025-11-04,14:48:00,P0009,CJ Beksul Corn Syrup,Condiments,1,95.0,0.0,95.0
T2025000171,2025-11-04,14:48:00,P0102,MWC Tteok Galbi Bar,Food Frozen,1,75.0,0.15,63.75
T2025000172,2025-11-04,11:06:00,P0211,Ottogi Jin Ramen Hot,Noodles,3,40.0,0.1,108.0
T2025000172,2025-11-04,11:06:00,P0180,Samyang Curry Ramen,Noodles,3,68.0,0.0,204.0
T2025000172,2025-11-04,11:06:00,P0288,Nongshim Honey Rice Snack,Snacks,2,80.0,0.05,152.0
T2025000172,2025-11-04,11:06:00,P0279,Orion O! Karto Sweet Corn,Snacks,1,88.0,0.0,88.0
T2025000172,2025-11-04,11:06:00,P0223,Jin Soy Sauce For Soup 860mL,Seasoned/Sauce/Powder,2,205.0,0.0,410.0
T2025000173,2025-11-04,17:27:00,P0122,Chamisul Original Soju,Liquor/Beverage,1,175.0,0.0,175.0
T2025000173,2025-11-04,17:27:00,P0251,Oil Fried & Salted Peanuts,Snacks,1,185.0,0.0,185.0
T2025000173,2025-11-04,17:27:00,P0245,Honey Butter Almond 190g,Snacks,1,420.0,0.0,420.0
T2025000173,2025-11-04,17:27:00,P0034,CJ  Cooked Rice,Dry Food,3,116.0,0.0,348.0
T2025000174,2025-11-04,17:28:00,P0005,Ottogi Gold Mayonnaise 300g,Condiments,2,150.0,0.0,300.0
T2025000175,2025-11-04,18:31:00,P0204,Ottogi Cup Ramen Kimchi,Noodles,3,50.0,0.0,150.0
T2025000175,2025-11-04,18:31:00,P0190,Nongshim Tempura Udon Cup,Noodles,3,60.0,0.0,180.0
T2025000175,2025-11-04,18:31:00,P0211,Ottogi Jin Ramen Hot,Noodles,4,40.0,0.0,160.0
T2025000176,2025-11-04,19:58:00,P0125,Jinro Fresh Soju,Liquor/Beverage,1,170.0,0.0,170.0
T2025000176,2025-11-04,19:58:00,P0264,Lotte Ghana Dark Chocolate,Snacks,1,115.0,0.15,97.75
T2025000176,2025-11-04,19:58:00,P0045,CJ Beksul Wheat Flour,Dry Food,2,90.0,0.0,180.0
T2025000177,2025-11-05,18:53:00,P0122,Chamisul Original Soju,Liquor/Beverage,2,175.0,0.0,350.0
T2025000177,2025-11-05,18:53:00,P0262,Orion Custard Pineapple,Snacks,3,120.0,0.0,360.0
T2025000177,2025-11-05,18:53:00,P0005,Ottogi Gold Mayonnaise 300g,Condiments,2,150.0,0.05,285.0
T2025000177,2025-11-05,18:53:00,P0227,CJ Beksul Beef Bulgogi Sauce 290g,Seasoned/Sauce/Powder,2,150.0,0.0,300.0
T2025000178,2025-11-05,10:26:00,P0140,Woongjin Yogurt Peach 340mL,Liquor/Beverage,1,60.0,0.0,60.0
T2025000179,2025-11-05,15:46:00,P0122,Chamisul Original Soju,Liquor/Beverage,2,175.0,0.15,297.5
T2025000179,2025-11-05,15:46:00,P0036,Dongwon  Tuna Light Can 150g,Dry Food,2,110.0,0.0,220.0
T2025000180,2025-11-05,17:42:00,P0123,Cass Cold Brewed Beer 500mL,Liquor/Beverage,2,170.0,0.0,340.0
T2025000180,2025-11-05,17:42:00,P0245,Honey Butter Almond 190g,Snacks,1,420.0,0.0,420.0
T2025000180,2025-11-05,17:42:00,P0191,Paldo Teumsae Ramen,Noodles,1,60.0,0.0,60.0
T2025000180,2025-11-05,17:42:00,P0171,Tempura Udon Big Cup,Noodles,1,75.0,0.0,75.0
T2025000181,2025-11-05,19:13:00,P0122,Chamisul Original Soju,Liquor/Beverage,2,175.0,0.0,350.0
T2025000181,2025-11-05,19:13:00,P0295,Pepero Almond,Snacks,2,55.0,0.0,110.0
T2025000181,2025-11-05,19:13:00,P0288,Nongshim Honey Rice Snack,Snacks,3,80.0,0.0,240.0
T2025000181,2025-11-05,19:13:00,P0152,Samyang Buldak Original Cup,Noodles,1,110.0,0.0,110.0
T2025000182,2025-11-05,20:36:00,P0204,Ottogi Cup Ramen Kimchi,Noodles,3,50.0,0.0,150.0
T2025000182,2025-11-05,20:36:00,P0245,Honey Butter Almond 190g,Snacks,1,420.0,0.0,420.0
T2025000182,2025-11-05,20:36:00,P0152,Samyang Buldak Original Cup,Noodles,2,110.0,0.15,187.0
T2025000182,2025-11-05,20:36:00,P0250,Haitai Honey Butter Almonds,Snacks,2,190.0,0.0,380.0
T2025000182,2025-11-05,20:36:00,P0149,Binggrae Mango Milk,Liquor/Beverage,3,45.0,0.0,135.0
T2025000183,2025-11-05,20:49:00,P0287,Nongshim Banana Kick 75g,Snacks,1,80.0,0.0,80.0
T2025000183,2025-11-05,20:49:00,P0245,Honey Butter Almond 190g,Snacks,1,420.0,0.0,420.0
T2025000183,2025-11-05,20:49:00,P0178,Samyang Mala Buldak,Noodles,3,70.0,0.0,210.0
T2025000183,2025-11-05,20:49:00,P0194,Shin Ramen Kimchi,Noodles,1,55.0,0.0,55.0
T2025000183,2025-11-05,20:49:00,P0156,Nongshim Ramyun King Bowl,Noodles,1,95.0,0.15,80.75
T2025000184,2025-11-05,11:50:00,P0207,Ottogi Yeul Ramen 120g,Noodles,2,40.0,0.0,80.0
T2025000184,2025-11-05,11:50:00,P0033,CJ Beksul Frying Mix,Dry Food,3,120.0,0.0,360.0
T2025000184,2025-11-05,11:50:00,P0285,Corn Choco,Snacks,3,80.0,0.0,240.0
T2025000184,2025-11-05,11:50:00,P0284,Kkokal Sweet Corn Snack,Snacks,2,80.0,0.0,160.0
T2025000184,2025-11-05,11:50:00,P0133,Sunhari Blueberry 360mL,Liquor/Beverage,1,120.0,0.0,120.0
T2025000185,2025-11-05,18:30:00,P0139,Paldo Pororo Juice,Liquor/Beverage,1,65.0,0.0,65.0
T2025000185,2025-11-05,18:30:00,P0299,Lotte Xylitol Green Gum,Snacks,4,55.0,0.0,220.0
T2025000185,2025-11-05,18:30:00,P0290,Doritos Galbi Chicken,Snacks,1,77.0,0.05,73.15
T2025000186,2025-11-05,21:27:00,P0120,Aloe Vera Juice 1.5L,Liquor/Beverage,2,175.0,0.0,350.0
T2025000186,2025-11-05,21:27:00,P0295,Pepero Almond,Snacks,3,55.0,0.0,165.0
T2025000186,2025-11-05,21:27:00,P0294,Pepero Strawberry,Snacks,3,55.0,0.0,165.0
T2025000186,2025-11-05,21:27:00,P0071,Kongsarang Firm Tofu,Food Fresh/Meat/Sidedish,2,65.0,0.0,130.0
T2025000187,2025-11-05,12:07:00,P0124,Terra Lager Beer 500mL,Liquor/Beverage,1,170.0,0.0,170.0
T2025000187,2025-11-05,12:07:00,P0269,Lotte Soft Strawberry Milk Candy 79g,Snacks,3,105.0,0.0,315.0
T2025000187,2025-11-05,12:07:00,P0276,Orion Sun Chips Korean BBQ,Snacks,1,90.0,0.0,90.0
T2025000187,2025-11-05,12:07:00,P0013,Dongwon  Whelk In Can 140g,Dry Food,1,280.0,0.0,280.0
T2025000187,2025-11-05,12:07:00,P0080,Samyang Buldak Original Spicy Mandu 700g,Food Frozen,1,410.0,0.0,410.0
T2025000188,2025-11-05,11:18:00,P0115,Strawberry Milk 200mL 6Pcs,Liquor/Beverage,1,290.0,0.0,290.0
T2025000188,2025-11-05,11:18:00,P0292,Orion Goraebab Crackers,Snacks,3,75.0,0.05,213.75
T2025000188,2025-11-05,11:18:00,P0261,Lotte Choco Heim,Snacks,2,120.0,0.0,240.0
T2025000188,2025-11-05,11:18:00,P0166,Samyang Buldak Original,Noodles,1,88.0,0.05,83.6
T2025000188,2025-11-05,11:18:00,P0003,Sempio Sesame Oil,Condiments,1,185.0,0.0,185.0
T2025000189,2025-11-05,12:09:00,P0020,CJ Beksul Hotteok Mix,Dry Food,1,185.0,0.0,185.0
T2025000189,2025-11-05,12:09:00,P0100,Binggrae Ice Cream Sandwich,Food Frozen,1,80.0,0.0,80.0
T2025000190,2025-11-05,12:06:00,P0124,Terra Lager Beer 500mL,Liquor/Beverage,1,170.0,0.0,170.0
T2025000190,2025-11-05,12:06:00,P0294,Pepero Strawberry,Snacks,2,55.0,0.0,110.0
T2025000190,2025-11-05,12:06:00,P0180,Samyang Curry Ramen,Noodles,1,68.0,0.0,68.0
T2025000190,2025-11-05,12:06:00,P0152,Samyang Buldak Original Cup,Noodles,2,110.0,0.0,220.0
T2025000191,2025-11-05,17:53:00,P0124,Terra Lager Beer 500mL,Liquor/Beverage,2,170.0,0.0,340.0
T2025000191,2025-11-05,17:53:00,P0249,Lotte Chocopie 12Pcs,Snacks,2,200.0,0.05,380.0
T2025000192,2025-11-05,20:01:00,P0177,Ottogi Beef Seaweed Soup Ramen,Noodles,4,70.0,0.0,280.0
T2025000192,2025-11-05,20:01:00,P0255,Bibigo Crispy Seaweed Snack,Snacks,1,140.0,0.0,140.0
T2025000192,2025-11-05,20:01:00,P0294,Pepero Strawberry,Snacks,1,55.0,0.0,55.0
T2025000192,2025-11-05,20:01:00,P0122,Chamisul Original Soju,Liquor/Beverage,1,175.0,0.05,166.25
T2025000192,2025-11-05,20:01:00,P0025,Sempio Yellow Peach In Can 400g,Dry Food,1,145.0,0.0,145.0
T2025000193,2025-11-05,18:28:00,P0117,Maxim Kanu Dark Roast 10 Sticks,Liquor/Beverage,1,260.0,0.0,260.0
T2025000193,2025-11-05,18:28:00,P0294,Pepero Strawberry,Snacks,5,55.0,0.15,233.75
T2025000193,2025-11-05,18:28:00,P0297,Pepero Choco Filled,Snacks,4,55.0,0.0,220.0
T2025000193,2025-11-05,18:28:00,P0289,Crown Corn Chips,Snacks,1,80.0,0.0,80.0
T2025000193,2025-11-05,18:28:00,P0080,Samyang Buldak Original Spicy Mandu 700g,Food Frozen,1,410.0,0.0,410.0
T2025000194,2025-11-05,13:56:00,P0143,Nongshim Welchs Grape 355mL,Liquor/Beverage,5,60.0,0.0,300.0
T2025000194,2025-11-05,13:56:00,P0290,Doritos Galbi Chicken,Snacks,1,77.0,0.0,77.0
T2025000194,2025-11-05,13:56:00,P0254,Honey Roasted Peanuts,Snacks,1,165.0,0.0,165.0
T2025000194,2025-11-05,13:56:00,P0295,Pepero Almond,Snacks,1,55.0,0.0,55.0
T2025000194,2025-11-05,13:56:00,P0034,CJ  Cooked Rice,Dry Food,3,116.0,0.0,348.0
T2025000195,2025-11-05,18:16:00,P0196,Paldo Cheese Ramen,Noodles,1,55.0,0.0,55.0
T2025000195,2025-11-05,18:16:00,P0187,Paldo Bibim Men,Noodles,3,60.0,0.0,180.0
T2025000195,2025-11-05,18:16:00,P0041,CJ Hetbahn Multi-Grain Rice,Dry Food,2,95.0,0.0,190.0
T2025000196,2025-11-05,19:19:00,P0295,Pepero Almond,Snacks,5,55.0,0.15,233.75
T2025000197,2025-11-05,19:19:00,P0125,Jinro Fresh Soju,Liquor/Beverage,1,170.0,0.0,170.0
T2025000197,2025-11-05,19:19:00,P0278,Haitai O! Karto Chips,Snacks,1,88.0,0.0,88.0
T2025000197,2025-11-05,19:19:00,P0269,Lotte Soft Strawberry Milk Candy 79g,Snacks,1,105.0,0.0,105.0
T2025000197,2025-11-05,19:19:00,P0295,Pepero Almond,Snacks,4,55.0,0.0,220.0
T2025000197,2025-11-05,19:19:00,P0028,CJ Bibigo Seaweed Soup,Dry Food,2,140.0,0.0,280.0
T2025000198,2025-11-05,14:30:00,P0123,Cass Cold Brewed Beer 500mL,Liquor/Beverage,2,170.0,0.1,306.0
T2025000198,2025-11-05,14:30:00,P0099,Daerim  Chaw Spicy Stick 90g,Food Frozen,2,80.0,0.0,160.0
T2025000199,2025-11-05,12:05:00,P0146,Binggrae Yogurt Drink,Liquor/Beverage,1,55.0,0.0,55.0
T2025000199,2025-11-05,12:05:00,P0278,Haitai O! Karto Chips,Snacks,2,88.0,0.0,176.0
T2025000199,2025-11-05,12:05:00,P0273,Haitai  Plumcandy 130g,Snacks,2,95.0,0.0,190.0
T2025000199,2025-11-05,12:05:00,P0183,Samyang Kimchi Ramen Bowl,Noodles,2,65.0,0.0,130.0
T2025000199,2025-11-05,12:05:00,P0004,O'Food Korean Chili Oil,Condiments,1,160.0,0.0,160.0
T2025000200,2025-11-05,18:50:00,P0106,Mocha Gold Coffee 100Sticks,Liquor/Beverage,1,1100.0,0.0,1100.0
T2025000200,2025-11-05,18:50:00,P0009,CJ Beksul Corn Syrup,Condiments,2,95.0,0.0,190.0
T2025000201,2025-11-05,21:02:00,P0114,Banana Milk 200mL 6Pcs,Liquor/Beverage,1,290.0,0.0,290.0
T2025000201,2025-11-05,21:02:00,P0281,Haitai Ace Crackers,Snacks,2,85.0,0.0,170.0
T2025000201,2025-11-05,21:02:00,P0272,Haitai  Sunkist Candy 125g,Snacks,2,95.0,0.0,190.0
T2025000201,2025-11-05,21:02:00,P0039,Ottogi 3Mins Curry,Dry Food,1,99.0,0.0,99.0
T2025000202,2025-11-05,12:48:00,P0245,Honey Butter Almond 190g,Snacks,1,420.0,0.0,420.0
T2025000202,2025-11-05,12:48:00,P0231,O'Food Bulgogi Marinade,Seasoned/Sauce/Powder,2,145.0,0.0,290.0
T2025000203,2025-11-05,19:45:00,P0123,Cass Cold Brewed Beer 500mL,Liquor/Beverage,2,170.0,0.0,340.0
T2025000203,2025-11-05,19:45:00,P0210,2Mins Snack Men,Noodles,1,40.0,0.0,40.0
T2025000203,2025-11-05,19:45:00,P0180,Samyang Curry Ramen,Noodles,4,68.0,0.0,272.0
T2025000203,2025-11-05,19:45:00,P0152,Samyang Buldak Original Cup,Noodles,3,110.0,0.0,330.0
T2025000203,2025-11-05,19:45:00,P0040,Ottogi Sweet Corn 340g,Dry Food,2,95.0,0.0,190.0
T2025000204,2025-11-05,19:23:00,P0245,Honey Butter Almond 190g,Snacks,1,420.0,0.0,420.0
T2025000204,2025-11-05,19:23:00,P0152,Samyang Buldak Original Cup,Noodles,1,110.0,0.0,110.0
T2025000204,2025-11-05,19:23:00,P0205,Ottogi Yeul Ramen,Noodles,3,48.0,0.0,144.0
T2025000204,2025-11-05,19:23:00,P0209,Ottogi Kimchi Ramen,Noodles,5,40.0,0.0,200.0
T2025000205,2025-11-05,12:03:00,P0148,Binggrae Strawberry Milk,Liquor/Beverage,1,45.0,0.0,45.0
T2025000205,2025-11-05,12:03:00,P0293,Lotte Sand Biscuit,Snacks,3,75.0,0.0,225.0
T2025000205,2025-11-05,12:03:00,P0267,Lotte Pepero White Cookie,Snacks,2,110.0,0.0,220.0
T2025000206,2025-11-05,08:23:00,P0283,Orion Ogingo Ttangkong,Snacks,3,83.0,0.0,249.0
T2025000206,2025-11-05,08:23:00,P0252,Lotte Banana Choco Pie 12Pcs,Snacks,1,180.0,0.0,180.0
T2025000206,2025-11-05,08:23:00,P0296,Lotte Cereal Choco,Snacks,2,55.0,0.0,110.0
T2025000207,2025-11-05,10:32:00,P0274,Haitai Matdongsan,Snacks,2,95.0,0.0,190.0
T2025000207,2025-11-05,10:32:00,P0154,Nongshim Jjawang,Noodles,3,100.0,0.0,300.0
T2025000207,2025-11-05,10:32:00,P0152,Samyang Buldak Original Cup,Noodles,2,110.0,0.0,220.0
T2025000208,2025-11-05,19:14:00,P0124,Terra Lager Beer 500mL,Liquor/Beverage,2,170.0,0.0,340.0
T2025000208,2025-11-05,19:14:00,P0263,Samlip Honey Castella,Snacks,2,120.0,0.0,240.0
T2025000209,2025-11-05,12:40:00,P0299,Lotte Xylitol Green Gum,Snacks,2,55.0,0.0,110.0
T2025000209,2025-11-05,12:40:00,P0295,Pepero Almond,Snacks,2,55.0,0.0,110.0
T2025000209,2025-11-05,12:40:00,P0300,Can Choco Balls,Snacks,4,45.0,0.0,180.0
T2025000210,2025-11-05,13:26:00,P0269,Lotte Soft Strawberry Milk Candy 79g,Snacks,3,105.0,0.0,315.0
T2025000210,2025-11-05,13:26:00,P0278,Haitai O! Karto Chips,Snacks,1,88.0,0.0,88.0
T2025000210,2025-11-05,13:26:00,P0254,Honey Roasted Peanuts,Snacks,1,165.0,0.15,140.25
T2025000210,2025-11-05,13:26:00,P0150,Samyang Buldak Rosã Ramen 105g,Noodles,2,110.0,0.0,220.0
T2025000210,2025-11-05,13:26:00,P0186,Ottogi Chachelin Blackbean 145g,Noodles,5,60.0,0.0,300.0
T2025000211,2025-11-05,11:47:00,P0128,Chamiseul Fresh 360mL,Liquor/Beverage,2,120.0,0.1,216.0
T2025000211,2025-11-05,11:47:00,P0180,Samyang Curry Ramen,Noodles,1,68.0,0.0,68.0
T2025000212,2025-11-05,20:46:00,P0149,Binggrae Mango Milk,Liquor/Beverage,2,45.0,0.1,81.0
T2025000212,2025-11-05,20:46:00,P0206,Nongshim Chapagetti,Noodles,4,45.0,0.0,180.0
T2025000212,2025-11-05,20:46:00,P0211,Ottogi Jin Ramen Hot,Noodles,4,40.0,0.0,160.0
T2025000212,2025-11-05,20:46:00,P0046,CJ Beksul Potato Starch,Dry Food,2,85.0,0.0,170.0
T2025000213,2025-11-05,19:52:00,P0149,Binggrae Mango Milk,Liquor/Beverage,3,45.0,0.0,135.0
T2025000214,2025-11-05,11:45:00,P0124,Terra Lager Beer 500mL,Liquor/Beverage,1,170.0,0.0,170.0
T2025000214,2025-11-05,11:45:00,P0290,Doritos Galbi Chicken,Snacks,2,77.0,0.0,154.0
T2025000214,2025-11-05,11:45:00,P0257,Lotte Almond Chocolate,Snacks,1,130.0,0.0,130.0
T2025000214,2025-11-05,11:45:00,P0271,Orion Choco Chip Cookies,Snacks,1,100.0,0.0,100.0
T2025000214,2025-11-05,11:45:00,P0205,Ottogi Yeul Ramen,Noodles,1,48.0,0.0,48.0
T2025000215,2025-11-05,15:43:00,P0152,Samyang Buldak Original Cup,Noodles,1,110.0,0.0,110.0
T2025000215,2025-11-05,15:43:00,P0166,Samyang Buldak Original,Noodles,1,88.0,0.0,88.0
T2025000215,2025-11-05,15:43:00,P0192,Nongshim Soon Veggie Ramen,Noodles,2,58.0,0.0,116.0
T2025000216,2025-11-05,16:00:00,P0137,Hite Beer Can,Liquor/Beverage,3,80.0,0.0,240.0
T2025000216,2025-11-05,16:00:00,P0299,Lotte Xylitol Green Gum,Snacks,5,55.0,0.0,275.0
T2025000216,2025-11-05,16:00:00,P0282,Orion Choco Boy,Snacks,1,85.0,0.0,85.0
T2025000216,2025-11-05,16:00:00,P0005,Ottogi Gold Mayonnaise 300g,Condiments,1,150.0,0.0,150.0
T2025000217,2025-11-05,15:01:00,P0257,Lotte Almond Chocolate,Snacks,2,130.0,0.0,260.0
T2025000217,2025-11-05,15:01:00,P0279,Orion O! Karto Sweet Corn,Snacks,3,88.0,0.0,264.0
T2025000218,2025-11-05,18:42:00,P0200,Paldo Koreno Kimchi Noodle,Noodles,1,50.0,0.0,50.0
T2025000218,2025-11-05,18:42:00,P0288,Nongshim Honey Rice Snack,Snacks,1,80.0,0.0,80.0
T2025000218,2025-11-05,18:42:00,P0267,Lotte Pepero White Cookie,Snacks,3,110.0,0.0,330.0
T2025000218,2025-11-05,18:42:00,P0101,Daerim  Fish Cake Stick,Food Frozen,1,77.0,0.0,77.0
T2025000218,2025-11-05,18:42:00,P0144,Nongshim Welchs Strawberry 355mL,Liquor/Beverage,5,60.0,0.0,300.0
T2025000219,2025-11-05,13:33:00,P0263,Samlip Honey Castella,Snacks,1,120.0,0.1,108.0
T2025000219,2025-11-05,13:33:00,P0267,Lotte Pepero White Cookie,Snacks,3,110.0,0.0,330.0
T2025000219,2025-11-05,13:33:00,P0247,Choco Pie Green Tea 12Pcs,Snacks,1,200.0,0.0,200.0
T2025000219,2025-11-05,13:33:00,P0234,CJ Beksul Spicy Pork Sauce 290g,Seasoned/Sauce/Powder,1,130.0,0.0,130.0
T2025000220,2025-11-05,19:24:00,P0124,Terra Lager Beer 500mL,Liquor/Beverage,1,170.0,0.0,170.0
T2025000220,2025-11-05,19:24:00,P0021,Bibigo Kimbab Kim 10Sheets,Dry Food,1,161.0,0.0,161.0
T2025000221,2025-11-05,15:32:00,P0196,Paldo Cheese Ramen,Noodles,3,55.0,0.0,165.0
T2025000221,2025-11-05,15:32:00,P0201,Sewoo Tang Small Cup,Noodles,1,50.0,0.0,50.0
T2025000221,2025-11-05,15:32:00,P0226,CJ Beksul Sweet Korean Pancake Mix 400g,Seasoned/Sauce/Powder,2,155.0,0.0,310.0
T2025000221,2025-11-05,15:32:00,P0286,Crown Caramel Maple Corn,Snacks,2,80.0,0.15,136.0
T2025000221,2025-11-05,15:32:00,P0125,Jinro Fresh Soju,Liquor/Beverage,2,170.0,0.0,340.0
T2025000222,2025-11-05,08:47:00,P0186,Ottogi Chachelin Blackbean 145g,Noodles,1,60.0,0.0,60.0
T2025000222,2025-11-05,08:47:00,P0127,Lets Be Mild Coffee Can 4Pcs,Liquor/Beverage,1,128.0,0.05,121.6
T2025000222,2025-11-05,08:47:00,P0184,Nongshim Baehongdong Bibimyeon 137g,Noodles,1,61.0,0.0,61.0
T2025000222,2025-11-05,08:47:00,P0101,Daerim  Fish Cake Stick,Food Frozen,3,77.0,0.0,231.0
T2025000222,2025-11-05,08:47:00,P0299,Lotte Xylitol Green Gum,Snacks,1,55.0,0.0,55.0
T2025000223,2025-11-05,12:38:00,P0152,Samyang Buldak Original Cup,Noodles,2,110.0,0.0,220.0
T2025000223,2025-11-05,12:38:00,P0166,Samyang Buldak Original,Noodles,3,88.0,0.1,237.6
T2025000224,2025-11-05,11:55:00,P0137,Hite Beer Can,Liquor/Beverage,1,80.0,0.0,80.0
T2025000224,2025-11-05,11:55:00,P0185,Nongshim Shin Non-Frying Ramen 97g,Noodles,1,60.0,0.0,60.0
T2025000224,2025-11-05,11:55:00,P0004,O'Food Korean Chili Oil,Condiments,1,160.0,0.0,160.0
T2025000225,2025-11-05,08:40:00,P0125,Jinro Fresh Soju,Liquor/Beverage,1,170.0,0.0,170.0
T2025000225,2025-11-05,08:40:00,P0193,Paldo Gomtang Ramen,Noodles,3,56.0,0.1,151.2
T2025000225,2025-11-05,08:40:00,P0034,CJ  Cooked Rice,Dry Food,3,116.0,0.0,348.0
T2025000225,2025-11-05,08:40:00,P0297,Pepero Choco Filled,Snacks,1,55.0,0.0,55.0
T2025000226,2025-11-05,17:33:00,P0295,Pepero Almond,Snacks,5,55.0,0.0,275.0
T2025000226,2025-11-05,17:33:00,P0265,Orion Almond Candy,Snacks,2,110.0,0.0,220.0
T2025000226,2025-11-05,17:33:00,P0271,Orion Choco Chip Cookies,Snacks,3,100.0,0.0,300.0
T2025000226,2025-11-05,17:33:00,P0152,Samyang Buldak Original Cup,Noodles,1,110.0,0.1,99.0
T2025000226,2025-11-05,17:33:00,P0207,Ottogi Yeul Ramen 120g,Noodles,3,40.0,0.15,102.0
T2025000227,2025-11-05,19:06:00,P0265,Orion Almond Candy,Snacks,3,110.0,0.0,330.0
T2025000227,2025-11-05,19:06:00,P0146,Binggrae Yogurt Drink,Liquor/Beverage,1,55.0,0.0,55.0
T2025000227,2025-11-05,19:06:00,P0207,Ottogi Yeul Ramen 120g,Noodles,4,40.0,0.0,160.0
T2025000227,2025-11-05,19:06:00,P0184,Nongshim Baehongdong Bibimyeon 137g,Noodles,2,61.0,0.0,122.0
T2025000227,2025-11-05,19:06:00,P0282,Orion Choco Boy,Snacks,2,85.0,0.0,170.0
T2025000228,2025-11-05,15:59:00,P0263,Samlip Honey Castella,Snacks,1,120.0,0.0,120.0
T2025000228,2025-11-05,15:59:00,P0298,Pepero White Cookie,Snacks,1,55.0,0.0,55.0
T2025000228,2025-11-05,15:59:00,P0207,Ottogi Yeul Ramen 120g,Noodles,2,40.0,0.0,80.0
T2025000228,2025-11-05,15:59:00,P0198,Paldo Koreno Beef Noodle 100g,Noodles,3,50.0,0.0,150.0
T2025000229,2025-11-05,11:46:00,P0122,Chamisul Original Soju,Liquor/Beverage,2,175.0,0.0,350.0
T2025000229,2025-11-05,11:46:00,P0265,Orion Almond Candy,Snacks,2,110.0,0.0,220.0
T2025000229,2025-11-05,11:46:00,P0270,Samlip Custard Cream Cake,Snacks,3,105.0,0.0,315.0
T2025000229,2025-11-05,11:46:00,P0188,Nagasaki Jjampong,Noodles,3,60.0,0.0,180.0
T2025000230,2025-11-05,12:29:00,P0259,Nongshim Sengseng U-Dong,Snacks,1,125.0,0.15,106.25
T2025000230,2025-11-05,12:29:00,P0252,Lotte Banana Choco Pie 12Pcs,Snacks,2,180.0,0.0,360.0
T2025000230,2025-11-05,12:29:00,P0261,Lotte Choco Heim,Snacks,3,120.0,0.0,360.0
T2025000230,2025-11-05,12:29:00,P0005,Ottogi Gold Mayonnaise 300g,Condiments,1,150.0,0.0,150.0
T2025000231,2025-11-05,18:24:00,P0162,Ottogi Jin Jjampong,Noodles,3,90.0,0.0,270.0
T2025000231,2025-11-05,18:24:00,P0254,Honey Roasted Peanuts,Snacks,2,165.0,0.0,330.0
T2025000231,2025-11-05,18:24:00,P0198,Paldo Koreno Beef Noodle 100g,Noodles,2,50.0,0.1,90.0
T2025000231,2025-11-05,18:24:00,P0286,Crown Caramel Maple Corn,Snacks,2,80.0,0.0,160.0
T2025000231,2025-11-05,18:24:00,P0126,Woongjin Yogurt Pineapple 1.5L,Liquor/Beverage,1,135.0,0.0,135.0
T2025000232,2025-11-05,16:29:00,P0124,Terra Lager Beer 500mL,Liquor/Beverage,2,170.0,0.0,340.0
T2025000232,2025-11-05,16:29:00,P0181,Paldo Bibim Cold Noodles,Noodles,4,65.0,0.15,221.0
T2025000232,2025-11-05,16:29:00,P0162,Ottogi Jin Jjampong,Noodles,3,90.0,0.0,270.0
T2025000232,2025-11-05,16:29:00,P0210,2Mins Snack Men,Noodles,1,40.0,0.0,40.0
T2025000232,2025-11-05,16:29:00,P0080,Samyang Buldak Original Spicy Mandu 700g,Food Frozen,1,410.0,0.0,410.0
T2025000233,2025-11-05,09:55:00,P0171,Tempura Udon Big Cup,Noodles,2,75.0,0.0,150.0
T2025000233,2025-11-05,09:55:00,P0152,Samyang Buldak Original Cup,Noodles,1,110.0,0.0,110.0
T2025000233,2025-11-05,09:55:00,P0291,Crown Sando Biscuit,Snacks,2,75.0,0.0,150.0
T2025000233,2025-11-05,09:55:00,P0276,Orion Sun Chips Korean BBQ,Snacks,2,90.0,0.0,180.0
T2025000233,2025-11-05,09:55:00,P0269,Lotte Soft Strawberry Milk Candy 79g,Snacks,3,105.0,0.0,315.0
T2025000234,2025-11-05,18:31:00,P0115,Strawberry Milk 200mL 6Pcs,Liquor/Beverage,1,290.0,0.0,290.0
T2025000234,2025-11-05,18:31:00,P0292,Orion Goraebab Crackers,Snacks,1,75.0,0.0,75.0
T2025000235,2025-11-05,13:43:00,P0170,Ottogi Jin Jjajang,Noodles,2,80.0,0.05,152.0
T2025000235,2025-11-05,13:43:00,P0174,Ottogi Cheese Bokki Cup,Noodles,1,75.0,0.0,75.0
T2025000235,2025-11-05,13:43:00,P0245,Honey Butter Almond 190g,Snacks,1,420.0,0.0,420.0
T2025000235,2025-11-05,13:43:00,P0124,Terra Lager Beer 500mL,Liquor/Beverage,2,170.0,0.0,340.0
T2025000235,2025-11-05,13:43:00,P0152,Samyang Buldak Original Cup,Noodles,3,110.0,0.0,330.0
T2025000236,2025-11-05,10:47:00,P0125,Jinro Fresh Soju,Liquor/Beverage,1,170.0,0.0,170.0
T2025000236,2025-11-05,10:47:00,P0299,Lotte Xylitol Green Gum,Snacks,5,55.0,0.0,275.0
T2025000236,2025-11-05,10:47:00,P0292,Orion Goraebab Crackers,Snacks,1,75.0,0.0,75.0
T2025000236,2025-11-05,10:47:00,P0297,Pepero Choco Filled,Snacks,4,55.0,0.0,220.0
T2025000236,2025-11-05,10:47:00,P0206,Nongshim Chapagetti,Noodles,5,45.0,0.0,225.0
T2025000237,2025-11-05,11:09:00,P0114,Banana Milk 200mL 6Pcs,Liquor/Beverage,1,290.0,0.0,290.0
T2025000237,2025-11-05,11:09:00,P0254,Honey Roasted Peanuts,Snacks,1,165.0,0.0,165.0
T2025000237,2025-11-05,11:09:00,P0268,Samlip Walnut Pie,Snacks,1,110.0,0.0,110.0
T2025000237,2025-11-05,11:09:00,P0157,Nongshim Yachae Ramyeon 100g,Noodles,2,93.0,0.0,186.0
T2025000237,2025-11-05,11:09:00,P0242,CJ  Gochujang 200g,Seasoned/Sauce/Powder,3,100.0,0.05,285.0
T2025000238,2025-11-05,12:00:00,P0125,Jinro Fresh Soju,Liquor/Beverage,1,170.0,0.0,170.0
T2025000238,2025-11-05,12:00:00,P0004,O'Food Korean Chili Oil,Condiments,1,160.0,0.0,160.0
T2025000239,2025-11-05,18:12:00,P0148,Binggrae Strawberry Milk,Liquor/Beverage,5,45.0,0.0,225.0
T2025000239,2025-11-05,18:12:00,P0164,Samyang Buldak 4 Cheese 145g,Noodles,1,88.0,0.0,88.0
T2025000239,2025-11-05,18:12:00,P0283,Orion Ogingo Ttangkong,Snacks,2,83.0,0.0,166.0
T2025000239,2025-11-05,18:12:00,P0205,Ottogi Yeul Ramen,Noodles,1,48.0,0.0,48.0
T2025000239,2025-11-05,18:12:00,P0245,Honey Butter Almond 190g,Snacks,1,420.0,0.0,420.0
T2025000240,2025-11-05,19:31:00,P0138,Kirin Ichiban Beer 330mL,Liquor/Beverage,1,68.0,0.0,68.0
T2025000240,2025-11-05,19:31:00,P0300,Can Choco Balls,Snacks,4,45.0,0.0,180.0
T2025000240,2025-11-05,19:31:00,P0297,Pepero Choco Filled,Snacks,4,55.0,0.0,220.0
T2025000240,2025-11-05,19:31:00,P0172,Ottogi Jin Hot Big Cup,Noodles,1,75.0,0.0,75.0
T2025000241,2025-11-05,21:36:00,P0245,Honey Butter Almond 190g,Snacks,1,420.0,0.0,420.0
T2025000241,2025-11-05,21:36:00,P0200,Paldo Koreno Kimchi Noodle,Noodles,4,50.0,0.0,200.0
T2025000241,2025-11-05,21:36:00,P0154,Nongshim Jjawang,Noodles,3,100.0,0.0,300.0
T2025000241,2025-11-05,21:36:00,P0208,Ottogi Jin Ramen Mild,Noodles,1,40.0,0.15,34.0
T2025000242,2025-11-05,12:44:00,P0123,Cass Cold Brewed Beer 500mL,Liquor/Beverage,2,170.0,0.0,340.0
T2025000242,2025-11-05,12:44:00,P0300,Can Choco Balls,Snacks,1,45.0,0.0,45.0
T2025000242,2025-11-05,12:44:00,P0295,Pepero Almond,Snacks,4,55.0,0.0,220.0
T2025000242,2025-11-05,12:44:00,P0279,Orion O! Karto Sweet Corn,Snacks,1,88.0,0.0,88.0
T2025000243,2025-11-05,17:50:00,P0284,Kkokal Sweet Corn Snack,Snacks,3,80.0,0.0,240.0
T2025000243,2025-11-05,17:50:00,P0245,Honey Butter Almond 190g,Snacks,1,420.0,0.0,420.0
T2025000243,2025-11-05,17:50:00,P0166,Samyang Buldak Original,Noodles,1,88.0,0.0,88.0
T2025000243,2025-11-05,17:50:00,P0152,Samyang Buldak Original Cup,Noodles,2,110.0,0.0,220.0
T2025000243,2025-11-05,17:50:00,P0080,Samyang Buldak Original Spicy Mandu 700g,Food Frozen,1,410.0,0.0,410.0
T2025000244,2025-11-05,15:40:00,P0125,Jinro Fresh Soju,Liquor/Beverage,2,170.0,0.05,323.0
T2025000244,2025-11-05,15:40:00,P0282,Orion Choco Boy,Snacks,1,85.0,0.0,85.0
T2025000244,2025-11-05,15:40:00,P0254,Honey Roasted Peanuts,Snacks,1,165.0,0.0,165.0
T2025000244,2025-11-05,15:40:00,P0029,CJ Beksul Pancake Flour,Dry Food,1,125.0,0.05,118.75
T2025000245,2025-11-05,18:32:00,P0122,Chamisul Original Soju,Liquor/Beverage,2,175.0,0.0,350.0
T2025000245,2025-11-05,18:32:00,P0299,Lotte Xylitol Green Gum,Snacks,4,55.0,0.0,220.0
T2025000245,2025-11-05,18:32:00,P0197,Nongshim Seafood Ramyun,Noodles,5,52.0,0.15,221.0
T2025000245,2025-11-05,18:32:00,P0270,Samlip Custard Cream Cake,Snacks,2,105.0,0.0,210.0
T2025000245,2025-11-05,18:32:00,P0191,Paldo Teumsae Ramen,Noodles,1,60.0,0.0,60.0
T2025000246,2025-11-05,14:21:00,P0249,Lotte Chocopie 12Pcs,Snacks,1,200.0,0.0,200.0
T2025000246,2025-11-05,14:21:00,P0289,Crown Corn Chips,Snacks,1,80.0,0.0,80.0
T2025000246,2025-11-05,14:21:00,P0042,CJ Hetbahn Brown Rice,Dry Food,3,95.0,0.0,285.0
T2025000247,2025-11-05,12:04:00,P0124,Terra Lager Beer 500mL,Liquor/Beverage,1,170.0,0.0,170.0
T2025000247,2025-11-05,12:04:00,P0206,Nongshim Chapagetti,Noodles,1,45.0,0.0,45.0
T2025000248,2025-11-05,12:36:00,P0121,Lotte Chum Churum Soju,Liquor/Beverage,1,175.0,0.0,175.0
T2025000248,2025-11-05,12:36:00,P0297,Pepero Choco Filled,Snacks,3,55.0,0.0,165.0
T2025000248,2025-11-05,12:36:00,P0197,Nongshim Seafood Ramyun,Noodles,1,52.0,0.0,52.0
T2025000248,2025-11-05,12:36:00,P0042,CJ Hetbahn Brown Rice,Dry Food,2,95.0,0.0,190.0
T2025000249,2025-11-05,12:31:00,P0140,Woongjin Yogurt Peach 340mL,Liquor/Beverage,1,60.0,0.0,60.0
T2025000249,2025-11-05,12:31:00,P0296,Lotte Cereal Choco,Snacks,5,55.0,0.0,275.0
T2025000249,2025-11-05,12:31:00,P0245,Honey Butter Almond 190g,Snacks,1,420.0,0.0,420.0
T2025000249,2025-11-05,12:31:00,P0273,Haitai  Plumcandy 130g,Snacks,3,95.0,0.0,285.0
T2025000249,2025-11-05,12:31:00,P0038,(Kaya) Korean Rice 1Kg,Dry Food,1,100.0,0.0,100.0
T2025000250,2025-11-05,16:41:00,P0295,Pepero Almond,Snacks,5,55.0,0.0,275.0
T2025000250,2025-11-05,16:41:00,P0284,Kkokal Sweet Corn Snack,Snacks,2,80.0,0.0,160.0
T2025000250,2025-11-05,16:41:00,P0270,Samlip Custard Cream Cake,Snacks,1,105.0,0.15,89.25
T2025000250,2025-11-05,16:41:00,P0046,CJ Beksul Potato Starch,Dry Food,3,85.0,0.0,255.0
T2025000251,2025-11-05,19:47:00,P0290,Doritos Galbi Chicken,Snacks,3,77.0,0.0,231.0
T2025000252,2025-11-05,19:16:00,P0124,Terra Lager Beer 500mL,Liquor/Beverage,1,170.0,0.0,170.0
T2025000252,2025-11-05,19:16:00,P0040,Ottogi Sweet Corn 340g,Dry Food,2,95.0,0.0,190.0
T2025000252,2025-11-05,19:16:00,P0223,Jin Soy Sauce For Soup 860mL,Seasoned/Sauce/Powder,2,205.0,0.0,410.0
T2025000253,2025-11-05,14:02:00,P0152,Samyang Buldak Original Cup,Noodles,3,110.0,0.0,330.0
T2025000253,2025-11-05,14:02:00,P0155,Nongshim Dungji Mul Nengmyeon (Cold Noodle),Noodles,2,95.0,0.0,190.0
T2025000253,2025-11-05,14:02:00,P0009,CJ Beksul Corn Syrup,Condiments,3,95.0,0.0,285.0
T2025000254,2025-11-05,21:44:00,P0122,Chamisul Original Soju,Liquor/Beverage,2,175.0,0.0,350.0
T2025000254,2025-11-05,21:44:00,P0024,O'Food Kimchi Soup Mix,Dry Food,1,150.0,0.0,150.0
T2025000255,2025-11-05,09:48:00,P0290,Doritos Galbi Chicken,Snacks,1,77.0,0.05,73.15
T2025000255,2025-11-05,09:48:00,P0298,Pepero White Cookie,Snacks,3,55.0,0.0,165.0
T2025000255,2025-11-05,09:48:00,P0058,Homemade Kimchi 850g,Food Fresh/Meat/Sidedish,1,290.0,0.0,290.0
T2025000256,2025-11-05,11:54:00,P0144,Nongshim Welchs Strawberry 355mL,Liquor/Beverage,3,60.0,0.0,180.0
T2025000256,2025-11-05,11:54:00,P0005,Ottogi Gold Mayonnaise 300g,Condiments,2,150.0,0.0,300.0
T2025000256,2025-11-05,11:54:00,P0228,Sempio Gochujang (500g),Seasoned/Sauce/Powder,2,145.0,0.0,290.0
T2025000256,2025-11-05,11:54:00,P0080,Samyang Buldak Original Spicy Mandu 700g,Food Frozen,1,410.0,0.0,410.0
T2025000257,2025-11-05,18:05:00,P0236,CJ  Soybean Paste 500g,Seasoned/Sauce/Powder,2,123.0,0.0,246.0
T2025000257,2025-11-05,18:05:00,P0104,Pepero Original,Food Frozen,2,55.0,0.0,110.0
T2025000257,2025-11-05,18:05:00,P0206,Nongshim Chapagetti,Noodles,5,45.0,0.0,225.0
T2025000257,2025-11-05,18:05:00,P0147,Binggrae Coffee Milk,Liquor/Beverage,2,48.0,0.0,96.0
T2025000257,2025-11-05,18:05:00,P0158,Nongshim Shin Ramen Black,Noodles,2,92.0,0.0,184.0
T2025000258,2025-11-05,14:17:00,P0138,Kirin Ichiban Beer 330mL,Liquor/Beverage,3,68.0,0.0,204.0
T2025000258,2025-11-05,14:17:00,P0166,Samyang Buldak Original,Noodles,1,88.0,0.0,88.0
T2025000258,2025-11-05,14:17:00,P0206,Nongshim Chapagetti,Noodles,5,45.0,0.0,225.0
T2025000258,2025-11-05,14:17:00,P0187,Paldo Bibim Men,Noodles,3,60.0,0.0,180.0
T2025000258,2025-11-05,14:17:00,P0242,CJ  Gochujang 200g,Seasoned/Sauce/Powder,1,100.0,0.1,90.0
T2025000259,2025-11-05,20:34:00,P0048,Dongwon Light Tuna,Dry Food,2,75.0,0.0,150.0
T2025000259,2025-11-05,20:34:00,P0005,Ottogi Gold Mayonnaise 300g,Condiments,1,150.0,0.0,150.0
T2025000259,2025-11-05,20:34:00,P0226,CJ Beksul Sweet Korean Pancake Mix 400g,Seasoned/Sauce/Powder,1,155.0,0.0,155.0
T2025000260,2025-11-05,13:24:00,P0126,Woongjin Yogurt Pineapple 1.5L,Liquor/Beverage,2,135.0,0.0,270.0
T2025000260,2025-11-05,13:24:00,P0051,Us Premium Rib Eye 500g,Food Fresh/Meat/Sidedish,1,725.0,0.0,725.0
T2025000261,2025-11-05,17:09:00,P0125,Jinro Fresh Soju,Liquor/Beverage,2,170.0,0.0,340.0
T2025000261,2025-11-05,17:09:00,P0259,Nongshim Sengseng U-Dong,Snacks,1,125.0,0.0,125.0
T2025000261,2025-11-05,17:09:00,P0197,Nongshim Seafood Ramyun,Noodles,1,52.0,0.05,49.4
T2025000261,2025-11-05,17:09:00,P0206,Nongshim Chapagetti,Noodles,4,45.0,0.0,180.0
T2025000262,2025-11-05,20:00:00,P0172,Ottogi Jin Hot Big Cup,Noodles,3,75.0,0.0,225.0
T2025000262,2025-11-05,20:00:00,P0183,Samyang Kimchi Ramen Bowl,Noodles,5,65.0,0.0,325.0
T2025000262,2025-11-05,20:00:00,P0284,Kkokal Sweet Corn Snack,Snacks,2,80.0,0.0,160.0
T2025000262,2025-11-05,20:00:00,P0174,Ottogi Cheese Bokki Cup,Noodles,2,75.0,0.0,150.0
T2025000262,2025-11-05,20:00:00,P0269,Lotte Soft Strawberry Milk Candy 79g,Snacks,3,105.0,0.0,315.0
T2025000263,2025-11-05,19:32:00,P0149,Binggrae Mango Milk,Liquor/Beverage,2,45.0,0.0,90.0
T2025000263,2025-11-05,19:32:00,P0291,Crown Sando Biscuit,Snacks,3,75.0,0.0,225.0
T2025000263,2025-11-05,19:32:00,P0269,Lotte Soft Strawberry Milk Candy 79g,Snacks,2,105.0,0.0,210.0
T2025000264,2025-11-05,19:18:00,P0137,Hite Beer Can,Liquor/Beverage,1,80.0,0.0,80.0
T2025000264,2025-11-05,19:18:00,P0252,Lotte Banana Choco Pie 12Pcs,Snacks,2,180.0,0.0,360.0
T2025000264,2025-11-05,19:18:00,P0161,Paldo Wang Cup,Noodles,2,90.0,0.0,180.0
T2025000264,2025-11-05,19:18:00,P0166,Samyang Buldak Original,Noodles,1,88.0,0.05,83.6
T2025000264,2025-11-05,19:18:00,P0152,Samyang Buldak Original Cup,Noodles,3,110.0,0.0,330.0
T2025000265,2025-11-05,13:30:00,P0139,Paldo Pororo Juice,Liquor/Beverage,5,65.0,0.0,325.0
T2025000265,2025-11-05,13:30:00,P0250,Haitai Honey Butter Almonds,Snacks,2,190.0,0.0,380.0
T2025000265,2025-11-05,13:30:00,P0298,Pepero White Cookie,Snacks,3,55.0,0.0,165.0
T2025000265,2025-11-05,13:30:00,P0001,Ottogi Sesame Oil 500mL,Condiments,1,590.5,0.0,590.5
T2025000266,2025-11-05,12:17:00,P0114,Banana Milk 200mL 6Pcs,Liquor/Beverage,1,290.0,0.0,290.0
T2025000266,2025-11-05,12:17:00,P0197,Nongshim Seafood Ramyun,Noodles,2,52.0,0.0,104.0
T2025000266,2025-11-05,12:17:00,P0154,Nongshim Jjawang,Noodles,3,100.0,0.0,300.0
T2025000266,2025-11-05,12:17:00,P0207,Ottogi Yeul Ramen 120g,Noodles,1,40.0,0.0,40.0
T2025000266,2025-11-05,12:17:00,P0103,Daerim  Chaw Stick 100g,Food Frozen,1,73.0,0.0,73.0
T2025000267,2025-11-05,21:22:00,P0177,Ottogi Beef Seaweed Soup Ramen,Noodles,3,70.0,0.0,210.0
T2025000267,2025-11-05,21:22:00,P0211,Ottogi Jin Ramen Hot,Noodles,5,40.0,0.0,200.0
T2025000267,2025-11-05,21:22:00,P0236,CJ  Soybean Paste 500g,Seasoned/Sauce/Powder,2,123.0,0.0,246.0
T2025000268,2025-11-05,16:28:00,P0186,Ottogi Chachelin Blackbean 145g,Noodles,1,60.0,0.0,60.0
T2025000268,2025-11-05,16:28:00,P0035,CJ  Multi-Grains Cooked Rice 210g,Dry Food,2,110.0,0.0,220.0
T2025000269,2025-11-05,08:08:00,P0005,Ottogi Gold Mayonnaise 300g,Condiments,1,150.0,0.0,150.0
T2025000269,2025-11-05,08:08:00,P0192,Nongshim Soon Veggie Ramen,Noodles,4,58.0,0.0,232.0
T2025000269,2025-11-05,08:08:00,P0048,Dongwon Light Tuna,Dry Food,2,75.0,0.0,150.0
T2025000269,2025-11-05,08:08:00,P0232,O'Food Tofu Stew Base,Seasoned/Sauce/Powder,2,135.0,0.0,270.0
T2025000269,2025-11-05,08:08:00,P0145,Binggrae Melon Soda,Liquor/Beverage,4,60.0,0.0,240.0
T2025000270,2025-11-05,12:33:00,P0140,Woongjin Yogurt Peach 340mL,Liquor/Beverage,3,60.0,0.0,180.0
T2025000270,2025-11-05,12:33:00,P0098,Daerim  Crabstick 216g,Food Frozen,1,98.0,0.15,83.3
T2025000271,2025-11-05,13:41:00,P0139,Paldo Pororo Juice,Liquor/Beverage,5,65.0,0.0,325.0
T2025000271,2025-11-05,13:41:00,P0254,Honey Roasted Peanuts,Snacks,2,165.0,0.1,297.0
T2025000271,2025-11-05,13:41:00,P0288,Nongshim Honey Rice Snack,Snacks,2,80.0,0.0,160.0
T2025000272,2025-11-05,13:31:00,P0245,Honey Butter Almond 190g,Snacks,1,420.0,0.0,420.0
T2025000272,2025-11-05,13:31:00,P0036,Dongwon  Tuna Light Can 150g,Dry Food,1,110.0,0.0,110.0
T2025000272,2025-11-05,13:31:00,P0209,Ottogi Kimchi Ramen,Noodles,4,40.0,0.0,160.0
T2025000272,2025-11-05,13:31:00,P0166,Samyang Buldak Original,Noodles,2,88.0,0.0,176.0
T2025000272,2025-11-05,13:31:00,P0298,Pepero White Cookie,Snacks,2,55.0,0.0,110.0
T2025000273,2025-11-05,09:05:00,P0123,Cass Cold Brewed Beer 500mL,Liquor/Beverage,1,170.0,0.0,170.0
T2025000273,2025-11-05,09:05:00,P0188,Nagasaki Jjampong,Noodles,1,60.0,0.0,60.0
T2025000273,2025-11-05,09:05:00,P0004,O'Food Korean Chili Oil,Condiments,1,160.0,0.0,160.0
T2025000274,2025-11-05,12:42:00,P0150,Samyang Buldak Rosã Ramen 105g,Noodles,1,110.0,0.0,110.0
T2025000274,2025-11-05,12:42:00,P0033,CJ Beksul Frying Mix,Dry Food,1,120.0,0.0,120.0
T2025000274,2025-11-05,12:42:00,P0292,Orion Goraebab Crackers,Snacks,2,75.0,0.0,150.0
T2025000274,2025-11-05,12:42:00,P0151,Samyang Buldak 4 Cheese Ramen 110g,Noodles,1,110.0,0.0,110.0
T2025000274,2025-11-05,12:42:00,P0122,Chamisul Original Soju,Liquor/Beverage,1,175.0,0.0,175.0
T2025000275,2025-11-05,08:10:00,P0005,Ottogi Gold Mayonnaise 300g,Condiments,2,150.0,0.05,285.0
T2025000275,2025-11-05,08:10:00,P0125,Jinro Fresh Soju,Liquor/Beverage,1,170.0,0.0,170.0
T2025000275,2025-11-05,08:10:00,P0198,Paldo Koreno Beef Noodle 100g,Noodles,3,50.0,0.0,150.0
T2025000275,2025-11-05,08:10:00,P0096,Daerim  Vienna Sausage 170g,Food Frozen,1,145.0,0.0,145.0
T2025000275,2025-11-05,08:10:00,P0295,Pepero Almond,Snacks,2,55.0,0.0,110.0
T2025000276,2025-11-05,08:51:00,P0124,Terra Lager Beer 500mL,Liquor/Beverage,2,170.0,0.0,340.0
T2025000276,2025-11-05,08:51:00,P0270,Samlip Custard Cream Cake,Snacks,2,105.0,0.15,178.5
T2025000276,2025-11-05,08:51:00,P0298,Pepero White Cookie,Snacks,2,55.0,0.0,110.0
T2025000277,2025-11-05,13:30:00,P0266,Bibigo Seaweed Crisps,Snacks,1,110.0,0.0,110.0
T2025000277,2025-11-05,13:30:00,P0093,Bibigo Kimchi Fried Rice,Food Frozen,2,190.0,0.0,380.0
T2025000277,2025-11-05,13:30:00,P0125,Jinro Fresh Soju,Liquor/Beverage,1,170.0,0.0,170.0
T2025000277,2025-11-05,13:30:00,P0295,Pepero Almond,Snacks,5,55.0,0.0,275.0
T2025000277,2025-11-05,13:30:00,P0153,Samyang Buldak Cheese Cup,Noodles,1,110.0,0.1,99.0
T2025000278,2025-11-05,19:41:00,P0196,Paldo Cheese Ramen,Noodles,5,55.0,0.0,275.0
T2025000279,2025-11-05,12:41:00,P0298,Pepero White Cookie,Snacks,2,55.0,0.0,110.0
T2025000279,2025-11-05,12:41:00,P0182,Paldo Ilpoom Jjajang,Noodles,1,65.0,0.0,65.0
T2025000279,2025-11-05,12:41:00,P0198,Paldo Koreno Beef Noodle 100g,Noodles,4,50.0,0.05,190.0
T2025000280,2025-11-05,12:08:00,P0128,Chamiseul Fresh 360mL,Liquor/Beverage,3,120.0,0.0,360.0
T2025000280,2025-11-05,12:08:00,P0164,Samyang Buldak 4 Cheese 145g,Noodles,3,88.0,0.0,264.0
T2025000280,2025-11-05,12:08:00,P0166,Samyang Buldak Original,Noodles,2,88.0,0.0,176.0
T2025000280,2025-11-05,12:08:00,P0167,Samyang Cheese Buldak,Noodles,3,88.0,0.0,264.0
T2025000281,2025-11-05,17:16:00,P0149,Binggrae Mango Milk,Liquor/Beverage,4,45.0,0.0,180.0
T2025000281,2025-11-05,17:16:00,P0295,Pepero Almond,Snacks,3,55.0,0.0,165.0
T2025000281,2025-11-05,17:16:00,P0266,Bibigo Seaweed Crisps,Snacks,1,110.0,0.0,110.0
T2025000281,2025-11-05,17:16:00,P0152,Samyang Buldak Original Cup,Noodles,3,110.0,0.0,330.0
T2025000281,2025-11-05,17:16:00,P0039,Ottogi 3Mins Curry,Dry Food,1,99.0,0.05,94.05
T2025000282,2025-11-06,13:30:00,P0124,Terra Lager Beer 500mL,Liquor/Beverage,1,170.0,0.0,170.0
T2025000282,2025-11-06,13:30:00,P0152,Samyang Buldak Original Cup,Noodles,2,110.0,0.0,220.0
T2025000283,2025-11-06,19:31:00,P0245,Honey Butter Almond 190g,Snacks,1,420.0,0.0,420.0
T2025000283,2025-11-06,19:31:00,P0270,Samlip Custard Cream Cake,Snacks,2,105.0,0.0,210.0
T2025000283,2025-11-06,19:31:00,P0176,Ottogi Cheese Bokki Cup,Noodles,3,72.0,0.0,216.0
T2025000283,2025-11-06,19:31:00,P0180,Samyang Curry Ramen,Noodles,5,68.0,0.0,340.0
T2025000283,2025-11-06,19:31:00,P0200,Paldo Koreno Kimchi Noodle,Noodles,4,50.0,0.0,200.0
T2025000284,2025-11-06,18:07:00,P0295,Pepero Almond,Snacks,3,55.0,0.0,165.0
T2025000284,2025-11-06,18:07:00,P0259,Nongshim Sengseng U-Dong,Snacks,1,125.0,0.0,125.0
T2025000284,2025-11-06,18:07:00,P0181,Paldo Bibim Cold Noodles,Noodles,4,65.0,0.0,260.0
T2025000284,2025-11-06,18:07:00,P0009,CJ Beksul Corn Syrup,Condiments,1,95.0,0.0,95.0
T2025000284,2025-11-06,18:07:00,P0234,CJ Beksul Spicy Pork Sauce 290g,Seasoned/Sauce/Powder,1,130.0,0.1,117.0
T2025000285,2025-11-06,17:59:00,P0279,Orion O! Karto Sweet Corn,Snacks,2,88.0,0.0,176.0
T2025000285,2025-11-06,17:59:00,P0041,CJ Hetbahn Multi-Grain Rice,Dry Food,3,95.0,0.0,285.0
T2025000286,2025-11-06,13:29:00,P0297,Pepero Choco Filled,Snacks,5,55.0,0.0,275.0
T2025000286,2025-11-06,13:29:00,P0300,Can Choco Balls,Snacks,2,45.0,0.0,90.0
T2025000286,2025-11-06,13:29:00,P0043,CJ Hetbahn Cooked Barley,Dry Food,1,95.0,0.0,95.0
T2025000287,2025-11-06,19:15:00,P0143,Nongshim Welchs Grape 355mL,Liquor/Beverage,1,60.0,0.0,60.0
T2025000287,2025-11-06,19:15:00,P0173,Nongshim Jjapageti,Noodles,2,75.0,0.0,150.0
T2025000288,2025-11-06,18:47:00,P0125,Jinro Fresh Soju,Liquor/Beverage,1,170.0,0.0,170.0
T2025000288,2025-11-06,18:47:00,P0291,Crown Sando Biscuit,Snacks,1,75.0,0.0,75.0
T2025000288,2025-11-06,18:47:00,P0245,Honey Butter Almond 190g,Snacks,1,420.0,0.0,420.0
T2025000288,2025-11-06,18:47:00,P0269,Lotte Soft Strawberry Milk Candy 79g,Snacks,2,105.0,0.0,210.0
T2025000288,2025-11-06,18:47:00,P0233,O'Food Korean Fried Chicken Sauce,Seasoned/Sauce/Powder,1,135.0,0.05,128.25
T2025000289,2025-11-06,13:40:00,P0261,Lotte Choco Heim,Snacks,3,120.0,0.0,360.0
T2025000289,2025-11-06,13:40:00,P0253,Orion Market O Brownie,Snacks,1,170.0,0.0,170.0
T2025000289,2025-11-06,13:40:00,P0300,Can Choco Balls,Snacks,3,45.0,0.0,135.0
T2025000289,2025-11-06,13:40:00,P0190,Nongshim Tempura Udon Cup,Noodles,2,60.0,0.0,120.0
T2025000289,2025-11-06,13:40:00,P0165,Samyang Cream Carbo Buldak 140g,Noodles,2,88.0,0.0,176.0
T2025000290,2025-11-06,14:33:00,P0146,Binggrae Yogurt Drink,Liquor/Beverage,5,55.0,0.0,275.0
T2025000290,2025-11-06,14:33:00,P0188,Nagasaki Jjampong,Noodles,5,60.0,0.0,300.0
T2025000290,2025-11-06,14:33:00,P0166,Samyang Buldak Original,Noodles,1,88.0,0.05,83.6
T2025000290,2025-11-06,14:33:00,P0299,Lotte Xylitol Green Gum,Snacks,1,55.0,0.0,55.0
T2025000290,2025-11-06,14:33:00,P0259,Nongshim Sengseng U-Dong,Snacks,2,125.0,0.0,250.0
T2025000291,2025-11-06,15:40:00,P0027,Yopokki Cheese 240g,Dry Food,1,145.0,0.15,123.25
T2025000292,2025-11-06,18:48:00,P0268,Samlip Walnut Pie,Snacks,3,110.0,0.1,297.0
T2025000292,2025-11-06,18:48:00,P0270,Samlip Custard Cream Cake,Snacks,3,105.0,0.0,315.0
T2025000292,2025-11-06,18:48:00,P0277,Orion Turtle Chips Sweet Corn,Snacks,1,89.0,0.0,89.0
T2025000292,2025-11-06,18:48:00,P0004,O'Food Korean Chili Oil,Condiments,2,160.0,0.0,320.0
T2025000293,2025-11-06,08:59:00,P0299,Lotte Xylitol Green Gum,Snacks,5,55.0,0.0,275.0
T2025000293,2025-11-06,08:59:00,P0296,Lotte Cereal Choco,Snacks,3,55.0,0.0,165.0
T2025000294,2025-11-06,10:41:00,P0288,Nongshim Honey Rice Snack,Snacks,1,80.0,0.0,80.0
T2025000294,2025-11-06,10:41:00,P0152,Samyang Buldak Original Cup,Noodles,2,110.0,0.0,220.0
T2025000294,2025-11-06,10:41:00,P0175,Samyang Jjajang Hot Chicken,Noodles,3,75.0,0.0,225.0
T2025000294,2025-11-06,10:41:00,P0203,Jin Ramen Spicy Cup,Noodles,1,50.0,0.0,50.0
T2025000294,2025-11-06,10:41:00,P0027,Yopokki Cheese 240g,Dry Food,2,145.0,0.0,290.0
T2025000295,2025-11-06,18:36:00,P0175,Samyang Jjajang Hot Chicken,Noodles,1,75.0,0.0,75.0
T2025000295,2025-11-06,18:36:00,P0080,Samyang Buldak Original Spicy Mandu 700g,Food Frozen,1,410.0,0.0,410.0
T2025000295,2025-11-06,18:36:00,P0245,Honey Butter Almond 190g,Snacks,1,420.0,0.0,420.0
T2025000295,2025-11-06,18:36:00,P0296,Lotte Cereal Choco,Snacks,4,55.0,0.0,220.0
T2025000295,2025-11-06,18:36:00,P0172,Ottogi Jin Hot Big Cup,Noodles,2,75.0,0.15,127.5
T2025000296,2025-11-06,13:38:00,P0138,Kirin Ichiban Beer 330mL,Liquor/Beverage,4,68.0,0.15,231.2
T2025000296,2025-11-06,13:38:00,P0005,Ottogi Gold Mayonnaise 300g,Condiments,1,150.0,0.0,150.0
T2025000297,2025-11-06,18:37:00,P0139,Paldo Pororo Juice,Liquor/Beverage,2,65.0,0.0,130.0
T2025000297,2025-11-06,18:37:00,P0245,Honey Butter Almond 190g,Snacks,1,420.0,0.0,420.0
T2025000297,2025-11-06,18:37:00,P0288,Nongshim Honey Rice Snack,Snacks,1,80.0,0.0,80.0
T2025000297,2025-11-06,18:37:00,P0284,Kkokal Sweet Corn Snack,Snacks,3,80.0,0.0,240.0
T2025000297,2025-11-06,18:37:00,P0071,Kongsarang Firm Tofu,Food Fresh/Meat/Sidedish,3,65.0,0.1,175.5
T2025000299,2025-11-06,09:24:00,P0204,Ottogi Cup Ramen Kimchi,Noodles,4,50.0,0.0,200.0
T2025000299,2025-11-06,09:24:00,P0164,Samyang Buldak 4 Cheese 145g,Noodles,3,88.0,0.0,264.0
T2025000299,2025-11-06,09:24:00,P0295,Pepero Almond,Snacks,2,55.0,0.0,110.0
T2025000299,2025-11-06,09:24:00,P0152,Samyang Buldak Original Cup,Noodles,3,110.0,0.0,330.0
T2025000299,2025-11-06,09:24:00,P0125,Jinro Fresh Soju,Liquor/Beverage,2,170.0,0.0,340.0
T2025000300,2025-11-06,14:08:00,P0185,Nongshim Shin Non-Frying Ramen 97g,Noodles,2,60.0,0.0,120.0
T2025000300,2025-11-06,14:08:00,P0261,Lotte Choco Heim,Snacks,2,120.0,0.0,240.0
T2025000300,2025-11-06,14:08:00,P0295,Pepero Almond,Snacks,5,55.0,0.0,275.0
T2025000300,2025-11-06,14:08:00,P0196,Paldo Cheese Ramen,Noodles,1,55.0,0.0,55.0
T2025000300,2025-11-06,14:08:00,P0152,Samyang Buldak Original Cup,Noodles,1,110.0,0.0,110.0
T2025000301,2025-11-06,11:22:00,P0125,Jinro Fresh Soju,Liquor/Beverage,2,170.0,0.0,340.0
T2025000301,2025-11-06,11:22:00,P0255,Bibigo Crispy Seaweed Snack,Snacks,2,140.0,0.0,280.0
T2025000301,2025-11-06,11:22:00,P0172,Ottogi Jin Hot Big Cup,Noodles,1,75.0,0.0,75.0
T2025000301,2025-11-06,11:22:00,P0152,Samyang Buldak Original Cup,Noodles,1,110.0,0.15,93.5
T2025000301,2025-11-06,11:22:00,P0165,Samyang Cream Carbo Buldak 140g,Noodles,2,88.0,0.15,149.6
T2025000302,2025-11-06,21:51:00,P0114,Banana Milk 200mL 6Pcs,Liquor/Beverage,2,290.0,0.0,580.0
T2025000302,2025-11-06,21:51:00,P0240,Ottogi Spaghetti Sauce,Seasoned/Sauce/Powder,2,115.0,0.0,230.0
T2025000303,2025-11-06,18:01:00,P0282,Orion Choco Boy,Snacks,3,85.0,0.0,255.0
T2025000303,2025-11-06,18:01:00,P0292,Orion Goraebab Crackers,Snacks,2,75.0,0.1,135.0
T2025000303,2025-11-06,18:01:00,P0178,Samyang Mala Buldak,Noodles,3,70.0,0.1,189.0
T2025000303,2025-11-06,18:01:00,P0233,O'Food Korean Fried Chicken Sauce,Seasoned/Sauce/Powder,1,135.0,0.0,135.0
T2025000304,2025-11-06,17:13:00,P0289,Crown Corn Chips,Snacks,3,80.0,0.0,240.0
T2025000304,2025-11-06,17:13:00,P0207,Ottogi Yeul Ramen 120g,Noodles,4,40.0,0.0,160.0
T2025000304,2025-11-06,17:13:00,P0189,Ottogi Bodle Cheese Ramen,Noodles,3,60.0,0.0,180.0
T2025000304,2025-11-06,17:13:00,P0175,Samyang Jjajang Hot Chicken,Noodles,1,75.0,0.0,75.0
T2025000305,2025-11-06,17:21:00,P0114,Banana Milk 200mL 6Pcs,Liquor/Beverage,1,290.0,0.0,290.0
T2025000305,2025-11-06,17:21:00,P0293,Lotte Sand Biscuit,Snacks,3,75.0,0.0,225.0
T2025000305,2025-11-06,17:21:00,P0277,Orion Turtle Chips Sweet Corn,Snacks,3,89.0,0.0,267.0
T2025000305,2025-11-06,17:21:00,P0281,Haitai Ace Crackers,Snacks,1,85.0,0.0,85.0
T2025000305,2025-11-06,17:21:00,P0102,MWC Tteok Galbi Bar,Food Frozen,1,75.0,0.0,75.0
T2025000306,2025-11-06,10:19:00,P0125,Jinro Fresh Soju,Liquor/Beverage,1,170.0,0.0,170.0
T2025000306,2025-11-06,10:19:00,P0297,Pepero Choco Filled,Snacks,3,55.0,0.0,165.0
T2025000306,2025-11-06,10:19:00,P0240,Ottogi Spaghetti Sauce,Seasoned/Sauce/Powder,3,115.0,0.05,327.75
T2025000306,2025-11-06,10:19:00,P0166,Samyang Buldak Original,Noodles,1,88.0,0.0,88.0
T2025000307,2025-11-06,13:32:00,P0166,Samyang Buldak Original,Noodles,2,88.0,0.0,176.0
T2025000307,2025-11-06,13:32:00,P0186,Ottogi Chachelin Blackbean 145g,Noodles,2,60.0,0.0,120.0
T2025000307,2025-11-06,13:32:00,P0207,Ottogi Yeul Ramen 120g,Noodles,1,40.0,0.0,40.0
T2025000307,2025-11-06,13:32:00,P0029,CJ Beksul Pancake Flour,Dry Food,1,125.0,0.05,118.75
T2025000308,2025-11-06,19:37:00,P0295,Pepero Almond,Snacks,1,55.0,0.05,52.25
T2025000308,2025-11-06,19:37:00,P0290,Doritos Galbi Chicken,Snacks,1,77.0,0.0,77.0
T2025000308,2025-11-06,19:37:00,P0288,Nongshim Honey Rice Snack,Snacks,3,80.0,0.0,240.0
T2025000308,2025-11-06,19:37:00,P0180,Samyang Curry Ramen,Noodles,5,68.0,0.0,340.0
T2025000308,2025-11-06,19:37:00,P0152,Samyang Buldak Original Cup,Noodles,1,110.0,0.0,110.0
T2025000309,2025-11-06,17:32:00,P0174,Ottogi Cheese Bokki Cup,Noodles,1,75.0,0.0,75.0
T2025000309,2025-11-06,17:32:00,P0104,Pepero Original,Food Frozen,1,55.0,0.0,55.0
T2025000309,2025-11-06,17:32:00,P0149,Binggrae Mango Milk,Liquor/Beverage,3,45.0,0.0,135.0
T2025000309,2025-11-06,17:32:00,P0007,Samyang Spicy Mayo,Condiments,2,130.0,0.0,260.0
T2025000309,2025-11-06,17:32:00,P0193,Paldo Gomtang Ramen,Noodles,5,56.0,0.0,280.0
T2025000310,2025-11-06,19:00:00,P0140,Woongjin Yogurt Peach 340mL,Liquor/Beverage,5,60.0,0.05,285.0
T2025000310,2025-11-06,19:00:00,P0184,Nongshim Baehongdong Bibimyeon 137g,Noodles,1,61.0,0.05,57.95
T2025000311,2025-11-06,11:30:00,P0193,Paldo Gomtang Ramen,Noodles,1,56.0,0.0,56.0
T2025000311,2025-11-06,11:30:00,P0196,Paldo Cheese Ramen,Noodles,4,55.0,0.1,198.0
T2025000311,2025-11-06,11:30:00,P0206,Nongshim Chapagetti,Noodles,1,45.0,0.0,45.0
T2025000311,2025-11-06,11:30:00,P0237,O'Food Tteokbokki Sauce,Seasoned/Sauce/Powder,2,120.0,0.0,240.0
T2025000311,2025-11-06,11:30:00,P0069,Bibigo Beef Bone Soup,Food Fresh/Meat/Sidedish,3,110.0,0.0,330.0
T2025000312,2025-11-06,11:56:00,P0114,Banana Milk 200mL 6Pcs,Liquor/Beverage,1,290.0,0.0,290.0
T2025000312,2025-11-06,11:56:00,P0278,Haitai O! Karto Chips,Snacks,2,88.0,0.0,176.0
T2025000312,2025-11-06,11:56:00,P0299,Lotte Xylitol Green Gum,Snacks,5,55.0,0.0,275.0
T2025000312,2025-11-06,11:56:00,P0003,Sempio Sesame Oil,Condiments,2,185.0,0.0,370.0
T2025000313,2025-11-06,16:23:00,P0159,Nongshim Neuguri Cup 111g,Noodles,1,90.0,0.15,76.5
T2025000313,2025-11-06,16:23:00,P0206,Nongshim Chapagetti,Noodles,2,45.0,0.0,90.0
T2025000313,2025-11-06,16:23:00,P0017,Bibigo Seaweed Flakes 50g,Dry Food,2,210.0,0.0,420.0
T2025000314,2025-11-06,19:10:00,P0114,Banana Milk 200mL 6Pcs,Liquor/Beverage,1,290.0,0.15,246.5
T2025000314,2025-11-06,19:10:00,P0282,Orion Choco Boy,Snacks,2,85.0,0.0,170.0
T2025000314,2025-11-06,19:10:00,P0272,Haitai  Sunkist Candy 125g,Snacks,1,95.0,0.0,95.0
T2025000315,2025-11-06,18:31:00,P0295,Pepero Almond,Snacks,1,55.0,0.0,55.0
T2025000316,2025-11-06,12:13:00,P0299,Lotte Xylitol Green Gum,Snacks,1,55.0,0.1,49.5
T2025000317,2025-11-06,19:11:00,P0297,Pepero Choco Filled,Snacks,5,55.0,0.0,275.0
T2025000317,2025-11-06,19:11:00,P0111,Maxim Kanu Ice Latte 10 Sticks,Liquor/Beverage,1,360.0,0.0,360.0
T2025000317,2025-11-06,19:11:00,P0295,Pepero Almond,Snacks,5,55.0,0.0,275.0
T2025000317,2025-11-06,19:11:00,P0178,Samyang Mala Buldak,Noodles,3,70.0,0.0,210.0
T2025000317,2025-11-06,19:11:00,P0007,Samyang Spicy Mayo,Condiments,2,130.0,0.0,260.0
T2025000318,2025-11-06,12:29:00,P0111,Maxim Kanu Ice Latte 10 Sticks,Liquor/Beverage,1,360.0,0.0,360.0
T2025000318,2025-11-06,12:29:00,P0294,Pepero Strawberry,Snacks,2,55.0,0.0,110.0
T2025000319,2025-11-06,12:20:00,P0005,Ottogi Gold Mayonnaise 300g,Condiments,2,150.0,0.0,300.0
T2025000319,2025-11-06,12:20:00,P0220,CJ  Tteokbokki Sauce 150G 2Pcs,Seasoned/Sauce/Powder,2,235.0,0.0,470.0
T2025000320,2025-11-06,18:41:00,P0206,Nongshim Chapagetti,Noodles,5,45.0,0.0,225.0
T2025000320,2025-11-06,18:41:00,P0114,Banana Milk 200mL 6Pcs,Liquor/Beverage,1,290.0,0.0,290.0
T2025000320,2025-11-06,18:41:00,P0232,O'Food Tofu Stew Base,Seasoned/Sauce/Powder,1,135.0,0.0,135.0
T2025000320,2025-11-06,18:41:00,P0180,Samyang Curry Ramen,Noodles,1,68.0,0.0,68.0
T2025000320,2025-11-06,18:41:00,P0188,Nagasaki Jjampong,Noodles,2,60.0,0.0,120.0
T2025000321,2025-11-06,11:10:00,P0138,Kirin Ichiban Beer 330mL,Liquor/Beverage,4,68.0,0.0,272.0
T2025000321,2025-11-06,11:10:00,P0152,Samyang Buldak Original Cup,Noodles,3,110.0,0.05,313.5
T2025000322,2025-11-06,11:58:00,P0124,Terra Lager Beer 500mL,Liquor/Beverage,2,170.0,0.0,340.0
T2025000322,2025-11-06,11:58:00,P0185,Nongshim Shin Non-Frying Ramen 97g,Noodles,4,60.0,0.0,240.0
T2025000322,2025-11-06,11:58:00,P0182,Paldo Ilpoom Jjajang,Noodles,3,65.0,0.15,165.75
T2025000322,2025-11-06,11:58:00,P0237,O'Food Tteokbokki Sauce,Seasoned/Sauce/Powder,3,120.0,0.05,342.0
T2025000323,2025-11-06,12:20:00,P0110,Mitte Hot Choco Original 300g,Liquor/Beverage,1,370.0,0.0,370.0
T2025000323,2025-11-06,12:20:00,P0292,Orion Goraebab Crackers,Snacks,2,75.0,0.0,150.0
T2025000323,2025-11-06,12:20:00,P0279,Orion O! Karto Sweet Corn,Snacks,1,88.0,0.0,88.0
T2025000323,2025-11-06,12:20:00,P0027,Yopokki Cheese 240g,Dry Food,2,145.0,0.0,290.0
T2025000324,2025-11-06,12:12:00,P0202,Nongshim Ansung Tangmen,Noodles,1,50.0,0.0,50.0
T2025000324,2025-11-06,12:12:00,P0295,Pepero Almond,Snacks,4,55.0,0.0,220.0
T2025000324,2025-11-06,12:12:00,P0144,Nongshim Welchs Strawberry 355mL,Liquor/Beverage,4,60.0,0.0,240.0
T2025000324,2025-11-06,12:12:00,P0185,Nongshim Shin Non-Frying Ramen 97g,Noodles,3,60.0,0.0,180.0
T2025000324,2025-11-06,12:12:00,P0298,Pepero White Cookie,Snacks,4,55.0,0.1,198.0
T2025000325,2025-11-06,18:19:00,P0292,Orion Goraebab Crackers,Snacks,2,75.0,0.0,150.0
T2025000327,2025-11-06,19:55:00,P0181,Paldo Bibim Cold Noodles,Noodles,3,65.0,0.0,195.0
T2025000327,2025-11-06,19:55:00,P0138,Kirin Ichiban Beer 330mL,Liquor/Beverage,3,68.0,0.0,204.0
T2025000327,2025-11-06,19:55:00,P0297,Pepero Choco Filled,Snacks,2,55.0,0.0,110.0
T2025000327,2025-11-06,19:55:00,P0179,Ottogi Ramen Bokki Cup,Noodles,1,69.0,0.0,69.0
T2025000327,2025-11-06,19:55:00,P0295,Pepero Almond,Snacks,3,55.0,0.0,165.0
T2025000328,2025-11-06,18:54:00,P0245,Honey Butter Almond 190g,Snacks,1,420.0,0.0,420.0
T2025000328,2025-11-06,18:54:00,P0283,Orion Ogingo Ttangkong,Snacks,2,83.0,0.0,166.0
T2025000328,2025-11-06,18:54:00,P0205,Ottogi Yeul Ramen,Noodles,4,48.0,0.0,192.0
T2025000328,2025-11-06,18:54:00,P0295,Pepero Almond,Snacks,1,55.0,0.0,55.0
T2025000328,2025-11-06,18:54:00,P0009,CJ Beksul Corn Syrup,Condiments,2,95.0,0.0,190.0
T2025000329,2025-11-06,20:22:00,P0114,Banana Milk 200mL 6Pcs,Liquor/Beverage,1,290.0,0.0,290.0
T2025000329,2025-11-06,20:22:00,P0024,O'Food Kimchi Soup Mix,Dry Food,1,150.0,0.0,150.0
T2025000329,2025-11-06,20:22:00,P0005,Ottogi Gold Mayonnaise 300g,Condiments,2,150.0,0.0,300.0
T2025000330,2025-11-06,14:45:00,P0297,Pepero Choco Filled,Snacks,1,55.0,0.0,55.0
T2025000330,2025-11-06,14:45:00,P0276,Orion Sun Chips Korean BBQ,Snacks,3,90.0,0.0,270.0
T2025000330,2025-11-06,14:45:00,P0300,Can Choco Balls,Snacks,1,45.0,0.15,38.25
T2025000330,2025-11-06,14:45:00,P0017,Bibigo Seaweed Flakes 50g,Dry Food,1,210.0,0.0,210.0
T2025000330,2025-11-06,14:45:00,P0102,MWC Tteok Galbi Bar,Food Frozen,3,75.0,0.0,225.0
T2025000331,2025-11-06,20:51:00,P0108,Ottogi Honey Citron Tea 1Kg,Liquor/Beverage,1,530.0,0.0,530.0
T2025000331,2025-11-06,20:51:00,P0257,Lotte Almond Chocolate,Snacks,1,130.0,0.0,130.0
T2025000331,2025-11-06,20:51:00,P0294,Pepero Strawberry,Snacks,5,55.0,0.0,275.0
T2025000332,2025-11-06,10:16:00,P0246,Post Almond Flakes,Snacks,1,245.0,0.0,245.0
T2025000332,2025-11-06,10:16:00,P0297,Pepero Choco Filled,Snacks,5,55.0,0.0,275.0
T2025000332,2025-11-06,10:16:00,P0295,Pepero Almond,Snacks,4,55.0,0.0,220.0
T2025000332,2025-11-06,10:16:00,P0185,Nongshim Shin Non-Frying Ramen 97g,Noodles,2,60.0,0.0,120.0
T2025000333,2025-11-06,17:51:00,P0138,Kirin Ichiban Beer 330mL,Liquor/Beverage,1,68.0,0.05,64.6
T2025000333,2025-11-06,17:51:00,P0295,Pepero Almond,Snacks,4,55.0,0.0,220.0
T2025000333,2025-11-06,17:51:00,P0245,Honey Butter Almond 190g,Snacks,1,420.0,0.0,420.0
T2025000334,2025-11-06,12:00:00,P0184,Nongshim Baehongdong Bibimyeon 137g,Noodles,4,61.0,0.0,244.0
T2025000334,2025-11-06,12:00:00,P0199,Paldo Koreno Shrimp Noodle,Noodles,2,50.0,0.0,100.0
T2025000334,2025-11-06,12:00:00,P0211,Ottogi Jin Ramen Hot,Noodles,1,40.0,0.0,40.0
T2025000334,2025-11-06,12:00:00,P0230,CJ Beksul Pancake Sauce,Seasoned/Sauce/Powder,1,145.0,0.0,145.0
T2025000334,2025-11-06,12:00:00,P0080,Samyang Buldak Original Spicy Mandu 700g,Food Frozen,1,410.0,0.0,410.0
T2025000335,2025-11-06,13:57:00,P0114,Banana Milk 200mL 6Pcs,Liquor/Beverage,1,290.0,0.0,290.0
T2025000335,2025-11-06,13:57:00,P0282,Orion Choco Boy,Snacks,1,85.0,0.05,80.75
T2025000335,2025-11-06,13:57:00,P0046,CJ Beksul Potato Starch,Dry Food,3,85.0,0.0,255.0
T2025000335,2025-11-06,13:57:00,P0004,O'Food Korean Chili Oil,Condiments,2,160.0,0.0,320.0
T2025000335,2025-11-06,13:57:00,P0100,Binggrae Ice Cream Sandwich,Food Frozen,1,80.0,0.0,80.0
T2025000336,2025-11-06,09:54:00,P0148,Binggrae Strawberry Milk,Liquor/Beverage,3,45.0,0.0,135.0
T2025000336,2025-11-06,09:54:00,P0295,Pepero Almond,Snacks,1,55.0,0.0,55.0
T2025000336,2025-11-06,09:54:00,P0274,Haitai Matdongsan,Snacks,2,95.0,0.0,190.0
T2025000337,2025-11-06,21:53:00,P0279,Orion O! Karto Sweet Corn,Snacks,2,88.0,0.0,176.0
T2025000337,2025-11-06,21:53:00,P0004,O'Food Korean Chili Oil,Condiments,1,160.0,0.0,160.0
T2025000337,2025-11-06,21:53:00,P0069,Bibigo Beef Bone Soup,Food Fresh/Meat/Sidedish,3,110.0,0.0,330.0
T2025000338,2025-11-06,18:20:00,P0114,Banana Milk 200mL 6Pcs,Liquor/Beverage,2,290.0,0.0,580.0
T2025000338,2025-11-06,18:20:00,P0207,Ottogi Yeul Ramen 120g,Noodles,2,40.0,0.0,80.0
T2025000338,2025-11-06,18:20:00,P0175,Samyang Jjajang Hot Chicken,Noodles,3,75.0,0.0,225.0
T2025000339,2025-11-06,20:28:00,P0144,Nongshim Welchs Strawberry 355mL,Liquor/Beverage,1,60.0,0.0,60.0
T2025000339,2025-11-06,20:28:00,P0287,Nongshim Banana Kick 75g,Snacks,1,80.0,0.0,80.0
T2025000339,2025-11-06,20:28:00,P0257,Lotte Almond Chocolate,Snacks,1,130.0,0.0,130.0
T2025000339,2025-11-06,20:28:00,P0299,Lotte Xylitol Green Gum,Snacks,5,55.0,0.0,275.0
T2025000340,2025-11-06,17:13:00,P0009,CJ Beksul Corn Syrup,Condiments,2,95.0,0.0,190.0
T2025000340,2025-11-06,17:13:00,P0045,CJ Beksul Wheat Flour,Dry Food,3,90.0,0.0,270.0
T2025000340,2025-11-06,17:13:00,P0265,Orion Almond Candy,Snacks,1,110.0,0.0,110.0
T2025000340,2025-11-06,17:13:00,P0216,CJ Beksul Chicken Frying Mix 1Kg,Seasoned/Sauce/Powder,2,257.0,0.0,514.0
T2025000340,2025-11-06,17:13:00,P0274,Haitai Matdongsan,Snacks,3,95.0,0.0,285.0
T2025000341,2025-11-06,20:44:00,P0123,Cass Cold Brewed Beer 500mL,Liquor/Beverage,1,170.0,0.0,170.0
T2025000341,2025-11-06,20:44:00,P0263,Samlip Honey Castella,Snacks,3,120.0,0.0,360.0
T2025000341,2025-11-06,20:44:00,P0199,Paldo Koreno Shrimp Noodle,Noodles,1,50.0,0.0,50.0
T2025000341,2025-11-06,20:44:00,P0166,Samyang Buldak Original,Noodles,1,88.0,0.0,88.0
T2025000342,2025-11-06,19:12:00,P0038,(Kaya) Korean Rice 1Kg,Dry Food,2,100.0,0.0,200.0
T2025000342,2025-11-06,19:12:00,P0004,O'Food Korean Chili Oil,Condiments,1,160.0,0.0,160.0
T2025000343,2025-11-06,18:37:00,P0139,Paldo Pororo Juice,Liquor/Beverage,3,65.0,0.0,195.0
T2025000343,2025-11-06,18:37:00,P0104,Pepero Original,Food Frozen,4,55.0,0.0,220.0
T2025000344,2025-11-06,16:58:00,P0125,Jinro Fresh Soju,Liquor/Beverage,1,170.0,0.0,170.0
T2025000344,2025-11-06,16:58:00,P0253,Orion Market O Brownie,Snacks,1,170.0,0.0,170.0
T2025000344,2025-11-06,16:58:00,P0276,Orion Sun Chips Korean BBQ,Snacks,3,90.0,0.15,229.5
T2025000344,2025-11-06,16:58:00,P0080,Samyang Buldak Original Spicy Mandu 700g,Food Frozen,1,410.0,0.0,410.0
T2025000345,2025-11-06,19:55:00,P0125,Jinro Fresh Soju,Liquor/Beverage,1,170.0,0.0,170.0
T2025000345,2025-11-06,19:55:00,P0295,Pepero Almond,Snacks,5,55.0,0.0,275.0
T2025000345,2025-11-06,19:55:00,P0027,Yopokki Cheese 240g,Dry Food,2,145.0,0.0,290.0
T2025000345,2025-11-06,19:55:00,P0097,Daerim  Cheese Vienna Sausage 105g,Food Frozen,2,120.0,0.0,240.0
T2025000346,2025-11-06,11:11:00,P0114,Banana Milk 200mL 6Pcs,Liquor/Beverage,1,290.0,0.0,290.0
T2025000346,2025-11-06,11:11:00,P0281,Haitai Ace Crackers,Snacks,2,85.0,0.0,170.0
T2025000346,2025-11-06,11:11:00,P0296,Lotte Cereal Choco,Snacks,2,55.0,0.0,110.0
T2025000346,2025-11-06,11:11:00,P0286,Crown Caramel Maple Corn,Snacks,1,80.0,0.05,76.0
T2025000346,2025-11-06,11:11:00,P0027,Yopokki Cheese 240g,Dry Food,2,145.0,0.0,290.0
T2025000347,2025-11-06,12:00:00,P0296,Lotte Cereal Choco,Snacks,4,55.0,0.0,220.0
T2025000348,2025-11-06,12:13:00,P0227,CJ Beksul Beef Bulgogi Sauce 290g,Seasoned/Sauce/Powder,1,150.0,0.0,150.0
T2025000348,2025-11-06,12:13:00,P0152,Samyang Buldak Original Cup,Noodles,3,110.0,0.0,330.0
T2025000348,2025-11-06,12:13:00,P0290,Doritos Galbi Chicken,Snacks,2,77.0,0.0,154.0
T2025000348,2025-11-06,12:13:00,P0080,Samyang Buldak Original Spicy Mandu 700g,Food Frozen,1,410.0,0.0,410.0
T2025000348,2025-11-06,12:13:00,P0262,Orion Custard Pineapple,Snacks,1,120.0,0.15,102.0
T2025000349,2025-11-06,12:27:00,P0294,Pepero Strawberry,Snacks,3,55.0,0.0,165.0
T2025000349,2025-11-06,12:27:00,P0297,Pepero Choco Filled,Snacks,4,55.0,0.0,220.0
T2025000349,2025-11-06,12:27:00,P0298,Pepero White Cookie,Snacks,3,55.0,0.0,165.0
T2025000349,2025-11-06,12:27:00,P0189,Ottogi Bodle Cheese Ramen,Noodles,4,60.0,0.0,240.0
T2025000349,2025-11-06,12:27:00,P0214,Jin Soy Sauce Rich & Savory 860mL,Seasoned/Sauce/Powder,1,315.0,0.0,315.0
T2025000350,2025-11-06,21:37:00,P0123,Cass Cold Brewed Beer 500mL,Liquor/Beverage,1,170.0,0.0,170.0
T2025000350,2025-11-06,21:37:00,P0292,Orion Goraebab Crackers,Snacks,1,75.0,0.0,75.0
T2025000350,2025-11-06,21:37:00,P0275,Haitai Sweet Potato Snack,Snacks,1,95.0,0.0,95.0
T2025000351,2025-11-06,19:13:00,P0245,Honey Butter Almond 190g,Snacks,1,420.0,0.0,420.0
T2025000351,2025-11-06,19:13:00,P0291,Crown Sando Biscuit,Snacks,3,75.0,0.0,225.0
T2025000351,2025-11-06,19:13:00,P0269,Lotte Soft Strawberry Milk Candy 79g,Snacks,1,105.0,0.0,105.0
T2025000351,2025-11-06,19:13:00,P0192,Nongshim Soon Veggie Ramen,Noodles,2,58.0,0.0,116.0
T2025000352,2025-11-06,12:47:00,P0289,Crown Corn Chips,Snacks,1,80.0,0.0,80.0
T2025000352,2025-11-06,12:47:00,P0295,Pepero Almond,Snacks,2,55.0,0.0,110.0
T2025000353,2025-11-06,15:59:00,P0283,Orion Ogingo Ttangkong,Snacks,1,83.0,0.0,83.0
T2025000353,2025-11-06,15:59:00,P0183,Samyang Kimchi Ramen Bowl,Noodles,1,65.0,0.15,55.25
T2025000353,2025-11-06,15:59:00,P0295,Pepero Almond,Snacks,3,55.0,0.0,165.0
T2025000353,2025-11-06,15:59:00,P0297,Pepero Choco Filled,Snacks,3,55.0,0.0,165.0
T2025000353,2025-11-06,15:59:00,P0230,CJ Beksul Pancake Sauce,Seasoned/Sauce/Powder,1,145.0,0.0,145.0
T2025000354,2025-11-06,19:55:00,P0123,Cass Cold Brewed Beer 500mL,Liquor/Beverage,1,170.0,0.0,170.0
T2025000354,2025-11-06,19:55:00,P0172,Ottogi Jin Hot Big Cup,Noodles,1,75.0,0.0,75.0
T2025000354,2025-11-06,19:55:00,P0021,Bibigo Kimbab Kim 10Sheets,Dry Food,2,161.0,0.0,322.0
T2025000356,2025-11-06,09:39:00,P0140,Woongjin Yogurt Peach 340mL,Liquor/Beverage,3,60.0,0.0,180.0
T2025000356,2025-11-06,09:39:00,P0268,Samlip Walnut Pie,Snacks,2,110.0,0.0,220.0
T2025000356,2025-11-06,09:39:00,P0159,Nongshim Neuguri Cup 111g,Noodles,3,90.0,0.0,270.0
T2025000356,2025-11-06,09:39:00,P0029,CJ Beksul Pancake Flour,Dry Food,2,125.0,0.1,225.0
T2025000356,2025-11-06,09:39:00,P0080,Samyang Buldak Original Spicy Mandu 700g,Food Frozen,1,410.0,0.0,410.0
T2025000357,2025-11-06,21:49:00,P0140,Woongjin Yogurt Peach 340mL,Liquor/Beverage,3,60.0,0.0,180.0
T2025000357,2025-11-06,21:49:00,P0295,Pepero Almond,Snacks,5,55.0,0.0,275.0
T2025000357,2025-11-06,21:49:00,P0297,Pepero Choco Filled,Snacks,2,55.0,0.0,110.0
T2025000357,2025-11-06,21:49:00,P0280,Nongshim Potato Sticks,Snacks,3,85.0,0.0,255.0
T2025000357,2025-11-06,21:49:00,P0036,Dongwon  Tuna Light Can 150g,Dry Food,1,110.0,0.0,110.0
T2025000358,2025-11-06,11:44:00,P0276,Orion Sun Chips Korean BBQ,Snacks,3,90.0,0.0,270.0
T2025000358,2025-11-06,11:44:00,P0297,Pepero Choco Filled,Snacks,4,55.0,0.0,220.0
T2025000358,2025-11-06,11:44:00,P0034,CJ  Cooked Rice,Dry Food,2,116.0,0.0,232.0
T2025000359,2025-11-06,11:34:00,P0109,(꽃샘) Concentrated Flavored Drink 600g,Liquor/Beverage,1,370.0,0.0,370.0
T2025000360,2025-11-06,12:49:00,P0132,Sunhari Strawberry 360mL,Liquor/Beverage,1,120.0,0.0,120.0
T2025000360,2025-11-06,12:49:00,P0297,Pepero Choco Filled,Snacks,3,55.0,0.0,165.0
T2025000360,2025-11-06,12:49:00,P0252,Lotte Banana Choco Pie 12Pcs,Snacks,2,180.0,0.0,360.0
T2025000361,2025-11-06,11:55:00,P0144,Nongshim Welchs Strawberry 355mL,Liquor/Beverage,1,60.0,0.0,60.0
T2025000361,2025-11-06,11:55:00,P0297,Pepero Choco Filled,Snacks,2,55.0,0.1,99.0
T2025000361,2025-11-06,11:55:00,P0054,Chadolbagi Wagyu 500g,Food Fresh/Meat/Sidedish,1,475.0,0.0,475.0
T2025000362,2025-11-06,12:28:00,P0147,Binggrae Coffee Milk,Liquor/Beverage,2,48.0,0.0,96.0
T2025000362,2025-11-06,12:28:00,P0181,Paldo Bibim Cold Noodles,Noodles,5,65.0,0.0,325.0
T2025000362,2025-11-06,12:28:00,P0191,Paldo Teumsae Ramen,Noodles,2,60.0,0.0,120.0
T2025000362,2025-11-06,12:28:00,P0001,Ottogi Sesame Oil 500mL,Condiments,1,590.5,0.0,590.5
T2025000363,2025-11-06,18:41:00,P0114,Banana Milk 200mL 6Pcs,Liquor/Beverage,1,290.0,0.0,290.0
T2025000363,2025-11-06,18:41:00,P0291,Crown Sando Biscuit,Snacks,3,75.0,0.1,202.5
T2025000363,2025-11-06,18:41:00,P0203,Jin Ramen Spicy Cup,Noodles,4,50.0,0.0,200.0
T2025000363,2025-11-06,18:41:00,P0150,Samyang Buldak Rosã Ramen 105g,Noodles,3,110.0,0.0,330.0
T2025000364,2025-11-06,18:44:00,P0152,Samyang Buldak Original Cup,Noodles,3,110.0,0.05,313.5
T2025000364,2025-11-06,18:44:00,P0180,Samyang Curry Ramen,Noodles,5,68.0,0.15,289.0
T2025000364,2025-11-06,18:44:00,P0202,Nongshim Ansung Tangmen,Noodles,5,50.0,0.0,250.0
T2025000364,2025-11-06,18:44:00,P0083,Moguchon Smoked Bacon 200g,Food Frozen,1,320.0,0.0,320.0
T2025000365,2025-11-06,12:02:00,P0274,Haitai Matdongsan,Snacks,3,95.0,0.0,285.0
T2025000365,2025-11-06,12:02:00,P0125,Jinro Fresh Soju,Liquor/Beverage,1,170.0,0.0,170.0
T2025000365,2025-11-06,12:02:00,P0297,Pepero Choco Filled,Snacks,4,55.0,0.0,220.0
T2025000365,2025-11-06,12:02:00,P0098,Daerim  Crabstick 216g,Food Frozen,1,98.0,0.05,93.1
T2025000365,2025-11-06,12:02:00,P0008,Ottogi Corn Syrup,Condiments,2,98.0,0.0,196.0
T2025000366,2025-11-06,13:34:00,P0007,Samyang Spicy Mayo,Condiments,2,130.0,0.0,260.0
T2025000367,2025-11-06,12:36:00,P0250,Haitai Honey Butter Almonds,Snacks,2,190.0,0.0,380.0
T2025000367,2025-11-06,12:36:00,P0131,Sunhari Yogurt 360mL,Liquor/Beverage,3,120.0,0.1,324.0
T2025000367,2025-11-06,12:36:00,P0251,Oil Fried & Salted Peanuts,Snacks,2,185.0,0.0,370.0
T2025000367,2025-11-06,12:36:00,P0038,(Kaya) Korean Rice 1Kg,Dry Food,2,100.0,0.0,200.0
T2025000367,2025-11-06,12:36:00,P0268,Samlip Walnut Pie,Snacks,1,110.0,0.0,110.0
T2025000368,2025-11-06,18:08:00,P0299,Lotte Xylitol Green Gum,Snacks,3,55.0,0.0,165.0
T2025000368,2025-11-06,18:08:00,P0295,Pepero Almond,Snacks,1,55.0,0.1,49.5
T2025000368,2025-11-06,18:08:00,P0273,Haitai  Plumcandy 130g,Snacks,1,95.0,0.0,95.0
T2025000368,2025-11-06,18:08:00,P0031,Yopokki Cheese Cup 120g,Dry Food,2,120.0,0.0,240.0
T2025000369,2025-11-06,19:37:00,P0292,Orion Goraebab Crackers,Snacks,1,75.0,0.1,67.5
T2025000369,2025-11-06,19:37:00,P0249,Lotte Chocopie 12Pcs,Snacks,1,200.0,0.0,200.0
T2025000369,2025-11-06,19:37:00,P0278,Haitai O! Karto Chips,Snacks,3,88.0,0.0,264.0
T2025000369,2025-11-06,19:37:00,P0016,Dongwon  Vegetable Tuna Can 150g 2Pcs,Dry Food,2,235.0,0.0,470.0
T2025000369,2025-11-06,19:37:00,P0241,CJ Anchovy Sauce 500g,Seasoned/Sauce/Powder,3,105.0,0.0,315.0
T2025000371,2025-11-06,18:04:00,P0291,Crown Sando Biscuit,Snacks,2,75.0,0.15,127.5
T2025000371,2025-11-06,18:04:00,P0102,MWC Tteok Galbi Bar,Food Frozen,3,75.0,0.0,225.0
T2025000372,2025-11-06,20:11:00,P0266,Bibigo Seaweed Crisps,Snacks,3,110.0,0.0,330.0
T2025000372,2025-11-06,20:11:00,P0157,Nongshim Yachae Ramyeon 100g,Noodles,3,93.0,0.0,279.0
T2025000372,2025-11-06,20:11:00,P0273,Haitai  Plumcandy 130g,Snacks,3,95.0,0.0,285.0
T2025000372,2025-11-06,20:11:00,P0123,Cass Cold Brewed Beer 500mL,Liquor/Beverage,2,170.0,0.0,340.0
T2025000372,2025-11-06,20:11:00,P0162,Ottogi Jin Jjampong,Noodles,3,90.0,0.0,270.0
T2025000373,2025-11-06,18:33:00,P0284,Kkokal Sweet Corn Snack,Snacks,2,80.0,0.0,160.0
T2025000373,2025-11-06,18:33:00,P0177,Ottogi Beef Seaweed Soup Ramen,Noodles,2,70.0,0.0,140.0
T2025000373,2025-11-06,18:33:00,P0190,Nongshim Tempura Udon Cup,Noodles,1,60.0,0.0,60.0
T2025000373,2025-11-06,18:33:00,P0150,Samyang Buldak Rosã Ramen 105g,Noodles,1,110.0,0.0,110.0
T2025000374,2025-11-06,18:28:00,P0271,Orion Choco Chip Cookies,Snacks,1,100.0,0.0,100.0
T2025000375,2025-11-06,14:58:00,P0136,Cass Fresh Beer,Liquor/Beverage,1,85.0,0.0,85.0
T2025000375,2025-11-06,14:58:00,P0245,Honey Butter Almond 190g,Snacks,1,420.0,0.0,420.0
T2025000375,2025-11-06,14:58:00,P0299,Lotte Xylitol Green Gum,Snacks,3,55.0,0.05,156.75
T2025000375,2025-11-06,14:58:00,P0027,Yopokki Cheese 240g,Dry Food,2,145.0,0.0,290.0
T2025000375,2025-11-06,14:58:00,P0007,Samyang Spicy Mayo,Condiments,1,130.0,0.0,130.0
T2025000376,2025-11-06,13:23:00,P0134,KSD Green Grape Rice Wine 750mL,Liquor/Beverage,3,105.0,0.15,267.75
T2025000376,2025-11-06,13:23:00,P0001,Ottogi Sesame Oil 500mL,Condiments,1,590.5,0.0,590.5
T2025000377,2025-11-07,17:07:00,P0291,Crown Sando Biscuit,Snacks,1,75.0,0.0,75.0
T2025000377,2025-11-07,17:07:00,P0292,Orion Goraebab Crackers,Snacks,2,75.0,0.1,135.0
T2025000377,2025-11-07,17:07:00,P0282,Orion Choco Boy,Snacks,1,85.0,0.0,85.0
T2025000377,2025-11-07,17:07:00,P0027,Yopokki Cheese 240g,Dry Food,2,145.0,0.0,290.0
T2025000377,2025-11-07,17:07:00,P0004,O'Food Korean Chili Oil,Condiments,1,160.0,0.0,160.0
T2025000378,2025-11-07,17:13:00,P0125,Jinro Fresh Soju,Liquor/Beverage,1,170.0,0.0,170.0
T2025000378,2025-11-07,17:13:00,P0206,Nongshim Chapagetti,Noodles,1,45.0,0.0,45.0
T2025000378,2025-11-07,17:13:00,P0170,Ottogi Jin Jjajang,Noodles,1,80.0,0.0,80.0
T2025000378,2025-11-07,17:13:00,P0295,Pepero Almond,Snacks,1,55.0,0.0,55.0
T2025000379,2025-11-07,11:36:00,P0125,Jinro Fresh Soju,Liquor/Beverage,1,170.0,0.05,161.5
T2025000379,2025-11-07,11:36:00,P0269,Lotte Soft Strawberry Milk Candy 79g,Snacks,2,105.0,0.0,210.0
T2025000379,2025-11-07,11:36:00,P0266,Bibigo Seaweed Crisps,Snacks,1,110.0,0.0,110.0
T2025000379,2025-11-07,11:36:00,P0211,Ottogi Jin Ramen Hot,Noodles,4,40.0,0.0,160.0
T2025000380,2025-11-07,18:43:00,P0198,Paldo Koreno Beef Noodle 100g,Noodles,2,50.0,0.0,100.0
T2025000380,2025-11-07,18:43:00,P0080,Samyang Buldak Original Spicy Mandu 700g,Food Frozen,1,410.0,0.0,410.0
T2025000381,2025-11-07,18:31:00,P0114,Banana Milk 200mL 6Pcs,Liquor/Beverage,1,290.0,0.15,246.5
T2025000381,2025-11-07,18:31:00,P0263,Samlip Honey Castella,Snacks,3,120.0,0.0,360.0
T2025000381,2025-11-07,18:31:00,P0184,Nongshim Baehongdong Bibimyeon 137g,Noodles,1,61.0,0.1,54.9
T2025000382,2025-11-07,13:19:00,P0124,Terra Lager Beer 500mL,Liquor/Beverage,2,170.0,0.15,289.0
T2025000382,2025-11-07,13:19:00,P0152,Samyang Buldak Original Cup,Noodles,3,110.0,0.0,330.0
T2025000383,2025-11-07,17:09:00,P0114,Banana Milk 200mL 6Pcs,Liquor/Beverage,1,290.0,0.0,290.0
T2025000383,2025-11-07,17:09:00,P0027,Yopokki Cheese 240g,Dry Food,1,145.0,0.0,145.0
T2025000384,2025-11-07,11:03:00,P0140,Woongjin Yogurt Peach 340mL,Liquor/Beverage,5,60.0,0.0,300.0
T2025000384,2025-11-07,11:03:00,P0019,Haepyo Crispy Seaweed 9Pcs,Dry Food,1,188.0,0.0,188.0
T2025000385,2025-11-07,19:57:00,P0134,KSD Green Grape Rice Wine 750mL,Liquor/Beverage,1,105.0,0.0,105.0
T2025000385,2025-11-07,19:57:00,P0281,Haitai Ace Crackers,Snacks,1,85.0,0.0,85.0
T2025000385,2025-11-07,19:57:00,P0188,Nagasaki Jjampong,Noodles,5,60.0,0.05,285.0
T2025000385,2025-11-07,19:57:00,P0022,Ottogi Tteokbokki Cup,Dry Food,2,160.0,0.15,272.0
T2025000385,2025-11-07,19:57:00,P0009,CJ Beksul Corn Syrup,Condiments,3,95.0,0.0,285.0
T2025000386,2025-11-07,12:48:00,P0293,Lotte Sand Biscuit,Snacks,3,75.0,0.0,225.0
T2025000386,2025-11-07,12:48:00,P0281,Haitai Ace Crackers,Snacks,1,85.0,0.1,76.5
T2025000387,2025-11-07,19:21:00,P0191,Paldo Teumsae Ramen,Noodles,1,60.0,0.0,60.0
T2025000387,2025-11-07,19:21:00,P0156,Nongshim Ramyun King Bowl,Noodles,3,95.0,0.0,285.0
T2025000387,2025-11-07,19:21:00,P0008,Ottogi Corn Syrup,Condiments,3,98.0,0.0,294.0
T2025000388,2025-11-07,20:45:00,P0300,Can Choco Balls,Snacks,3,45.0,0.0,135.0
T2025000388,2025-11-07,20:45:00,P0295,Pepero Almond,Snacks,4,55.0,0.0,220.0
T2025000388,2025-11-07,20:45:00,P0029,CJ Beksul Pancake Flour,Dry Food,1,125.0,0.0,125.0
T2025000389,2025-11-07,19:39:00,P0166,Samyang Buldak Original,Noodles,3,88.0,0.1,237.6
T2025000389,2025-11-07,19:39:00,P0159,Nongshim Neuguri Cup 111g,Noodles,2,90.0,0.0,180.0
T2025000389,2025-11-07,19:39:00,P0150,Samyang Buldak Rosã Ramen 105g,Noodles,3,110.0,0.0,330.0
T2025000390,2025-11-07,12:09:00,P0123,Cass Cold Brewed Beer 500mL,Liquor/Beverage,1,170.0,0.0,170.0
T2025000390,2025-11-07,12:09:00,P0175,Samyang Jjajang Hot Chicken,Noodles,3,75.0,0.0,225.0
T2025000390,2025-11-07,12:09:00,P0196,Paldo Cheese Ramen,Noodles,5,55.0,0.0,275.0
T2025000391,2025-11-07,08:59:00,P0114,Banana Milk 200mL 6Pcs,Liquor/Beverage,2,290.0,0.0,580.0
T2025000391,2025-11-07,08:59:00,P0300,Can Choco Balls,Snacks,3,45.0,0.15,114.75
T2025000391,2025-11-07,08:59:00,P0297,Pepero Choco Filled,Snacks,2,55.0,0.0,110.0
T2025000391,2025-11-07,08:59:00,P0249,Lotte Chocopie 12Pcs,Snacks,1,200.0,0.0,200.0
T2025000391,2025-11-07,08:59:00,P0191,Paldo Teumsae Ramen,Noodles,5,60.0,0.0,300.0
T2025000392,2025-11-07,11:58:00,P0295,Pepero Almond,Snacks,1,55.0,0.0,55.0
T2025000392,2025-11-07,11:58:00,P0298,Pepero White Cookie,Snacks,2,55.0,0.0,110.0
T2025000392,2025-11-07,11:58:00,P0297,Pepero Choco Filled,Snacks,5,55.0,0.15,233.75
T2025000392,2025-11-07,11:58:00,P0021,Bibigo Kimbab Kim 10Sheets,Dry Food,2,161.0,0.0,322.0
T2025000393,2025-11-07,18:49:00,P0298,Pepero White Cookie,Snacks,2,55.0,0.0,110.0
T2025000393,2025-11-07,18:49:00,P0205,Ottogi Yeul Ramen,Noodles,4,48.0,0.05,182.4
T2025000393,2025-11-07,18:49:00,P0019,Haepyo Crispy Seaweed 9Pcs,Dry Food,1,188.0,0.0,188.0
T2025000393,2025-11-07,18:49:00,P0094,MWC Frank Sausage 5Pcs,Food Frozen,2,173.0,0.0,346.0
T2025000394,2025-11-07,12:49:00,P0114,Banana Milk 200mL 6Pcs,Liquor/Beverage,1,290.0,0.0,290.0
T2025000394,2025-11-07,12:49:00,P0258,Orion Custard Choco Cake,Snacks,2,130.0,0.0,260.0
T2025000394,2025-11-07,12:49:00,P0026,Yopokki Sweet & Spicy 280g,Dry Food,2,145.0,0.1,261.0
T2025000394,2025-11-07,12:49:00,P0068,Enoki Mushroom 150G 2Packs,Food Fresh/Meat/Sidedish,1,120.0,0.0,120.0
T2025000395,2025-11-07,08:02:00,P0245,Honey Butter Almond 190g,Snacks,1,420.0,0.0,420.0
T2025000395,2025-11-07,08:02:00,P0030,Yopokki Onion Butter 120g Cup,Dry Food,2,120.0,0.0,240.0
T2025000395,2025-11-07,08:02:00,P0205,Ottogi Yeul Ramen,Noodles,5,48.0,0.0,240.0
T2025000395,2025-11-07,08:02:00,P0114,Banana Milk 200mL 6Pcs,Liquor/Beverage,1,290.0,0.0,290.0
T2025000395,2025-11-07,08:02:00,P0204,Ottogi Cup Ramen Kimchi,Noodles,5,50.0,0.0,250.0
T2025000396,2025-11-07,18:48:00,P0125,Jinro Fresh Soju,Liquor/Beverage,2,170.0,0.0,340.0
T2025000396,2025-11-07,18:48:00,P0295,Pepero Almond,Snacks,5,55.0,0.0,275.0
T2025000396,2025-11-07,18:48:00,P0290,Doritos Galbi Chicken,Snacks,2,77.0,0.0,154.0
T2025000396,2025-11-07,18:48:00,P0152,Samyang Buldak Original Cup,Noodles,1,110.0,0.0,110.0
T2025000397,2025-11-07,11:43:00,P0125,Jinro Fresh Soju,Liquor/Beverage,1,170.0,0.0,170.0
T2025000397,2025-11-07,11:43:00,P0020,CJ Beksul Hotteok Mix,Dry Food,2,185.0,0.0,370.0
T2025000397,2025-11-07,11:43:00,P0297,Pepero Choco Filled,Snacks,1,55.0,0.0,55.0
T2025000398,2025-11-07,13:27:00,P0139,Paldo Pororo Juice,Liquor/Beverage,5,65.0,0.0,325.0
T2025000398,2025-11-07,13:27:00,P0282,Orion Choco Boy,Snacks,2,85.0,0.0,170.0
T2025000398,2025-11-07,13:27:00,P0245,Honey Butter Almond 190g,Snacks,1,420.0,0.0,420.0
T2025000398,2025-11-07,13:27:00,P0009,CJ Beksul Corn Syrup,Condiments,1,95.0,0.0,95.0
T2025000399,2025-11-07,13:31:00,P0128,Chamiseul Fresh 360mL,Liquor/Beverage,2,120.0,0.15,204.0
T2025000399,2025-11-07,13:31:00,P0193,Paldo Gomtang Ramen,Noodles,4,56.0,0.0,224.0
T2025000399,2025-11-07,13:31:00,P0209,Ottogi Kimchi Ramen,Noodles,2,40.0,0.0,80.0
T2025000399,2025-11-07,13:31:00,P0080,Samyang Buldak Original Spicy Mandu 700g,Food Frozen,1,410.0,0.0,410.0
T2025000400,2025-11-07,21:30:00,P0120,Aloe Vera Juice 1.5L,Liquor/Beverage,2,175.0,0.0,350.0
T2025000400,2025-11-07,21:30:00,P0275,Haitai Sweet Potato Snack,Snacks,2,95.0,0.0,190.0
T2025000400,2025-11-07,21:30:00,P0289,Crown Corn Chips,Snacks,1,80.0,0.0,80.0
T2025000400,2025-11-07,21:30:00,P0252,Lotte Banana Choco Pie 12Pcs,Snacks,2,180.0,0.0,360.0
T2025000401,2025-11-07,12:09:00,P0125,Jinro Fresh Soju,Liquor/Beverage,2,170.0,0.1,306.0
T2025000401,2025-11-07,12:09:00,P0266,Bibigo Seaweed Crisps,Snacks,3,110.0,0.0,330.0
T2025000401,2025-11-07,12:09:00,P0277,Orion Turtle Chips Sweet Corn,Snacks,2,89.0,0.0,178.0
T2025000401,2025-11-07,12:09:00,P0258,Orion Custard Choco Cake,Snacks,2,130.0,0.0,260.0
T2025000401,2025-11-07,12:09:00,P0239,Ottogi Curry Hot,Seasoned/Sauce/Powder,1,115.0,0.0,115.0
T2025000402,2025-11-07,14:37:00,P0107,Ottogi Honey Ginger Tea 1Kg,Liquor/Beverage,1,530.0,0.0,530.0
T2025000402,2025-11-07,14:37:00,P0032,Samlip Mini Kimbap,Dry Food,2,120.0,0.0,240.0
T2025000402,2025-11-07,14:37:00,P0005,Ottogi Gold Mayonnaise 300g,Condiments,2,150.0,0.05,285.0
T2025000403,2025-11-07,11:36:00,P0205,Ottogi Yeul Ramen,Noodles,2,48.0,0.0,96.0
T2025000403,2025-11-07,11:36:00,P0035,CJ  Multi-Grains Cooked Rice 210g,Dry Food,3,110.0,0.0,330.0
T2025000403,2025-11-07,11:36:00,P0124,Terra Lager Beer 500mL,Liquor/Beverage,1,170.0,0.0,170.0
T2025000403,2025-11-07,11:36:00,P0181,Paldo Bibim Cold Noodles,Noodles,2,65.0,0.0,130.0
T2025000403,2025-11-07,11:36:00,P0271,Orion Choco Chip Cookies,Snacks,1,100.0,0.0,100.0
T2025000404,2025-11-07,12:04:00,P0295,Pepero Almond,Snacks,4,55.0,0.0,220.0
T2025000404,2025-11-07,12:04:00,P0245,Honey Butter Almond 190g,Snacks,1,420.0,0.0,420.0
T2025000404,2025-11-07,12:04:00,P0226,CJ Beksul Sweet Korean Pancake Mix 400g,Seasoned/Sauce/Powder,1,155.0,0.0,155.0
T2025000404,2025-11-07,12:04:00,P0125,Jinro Fresh Soju,Liquor/Beverage,2,170.0,0.0,340.0
T2025000404,2025-11-07,12:04:00,P0188,Nagasaki Jjampong,Noodles,4,60.0,0.0,240.0
T2025000405,2025-11-07,19:18:00,P0252,Lotte Banana Choco Pie 12Pcs,Snacks,2,180.0,0.0,360.0
T2025000405,2025-11-07,19:18:00,P0298,Pepero White Cookie,Snacks,3,55.0,0.0,165.0
T2025000405,2025-11-07,19:18:00,P0196,Paldo Cheese Ramen,Noodles,5,55.0,0.15,233.75
T2025000405,2025-11-07,19:18:00,P0152,Samyang Buldak Original Cup,Noodles,3,110.0,0.0,330.0
T2025000405,2025-11-07,19:18:00,P0191,Paldo Teumsae Ramen,Noodles,3,60.0,0.0,180.0
T2025000406,2025-11-07,20:57:00,P0149,Binggrae Mango Milk,Liquor/Beverage,5,45.0,0.0,225.0
T2025000406,2025-11-07,20:57:00,P0224,Seasoned Seaweed 200g,Seasoned/Sauce/Powder,2,190.0,0.0,380.0
T2025000407,2025-11-07,19:49:00,P0123,Cass Cold Brewed Beer 500mL,Liquor/Beverage,1,170.0,0.0,170.0
T2025000408,2025-11-07,12:29:00,P0124,Terra Lager Beer 500mL,Liquor/Beverage,1,170.0,0.1,153.0
T2025000408,2025-11-07,12:29:00,P0300,Can Choco Balls,Snacks,5,45.0,0.0,225.0
T2025000408,2025-11-07,12:29:00,P0201,Sewoo Tang Small Cup,Noodles,3,50.0,0.0,150.0
T2025000408,2025-11-07,12:29:00,P0168,Samyang Carbo Buldak,Noodles,2,88.0,0.0,176.0
T2025000408,2025-11-07,12:29:00,P0166,Samyang Buldak Original,Noodles,3,88.0,0.0,264.0
T2025000409,2025-11-07,15:36:00,P0132,Sunhari Strawberry 360mL,Liquor/Beverage,3,120.0,0.0,360.0
T2025000409,2025-11-07,15:36:00,P0300,Can Choco Balls,Snacks,5,45.0,0.0,225.0
T2025000409,2025-11-07,15:36:00,P0249,Lotte Chocopie 12Pcs,Snacks,1,200.0,0.0,200.0
T2025000409,2025-11-07,15:36:00,P0290,Doritos Galbi Chicken,Snacks,3,77.0,0.15,196.35
T2025000409,2025-11-07,15:36:00,P0154,Nongshim Jjawang,Noodles,3,100.0,0.0,300.0
T2025000410,2025-11-07,18:08:00,P0139,Paldo Pororo Juice,Liquor/Beverage,3,65.0,0.0,195.0
T2025000410,2025-11-07,18:08:00,P0284,Kkokal Sweet Corn Snack,Snacks,1,80.0,0.0,80.0
T2025000410,2025-11-07,18:08:00,P0167,Samyang Cheese Buldak,Noodles,1,88.0,0.0,88.0
T2025000410,2025-11-07,18:08:00,P0009,CJ Beksul Corn Syrup,Condiments,1,95.0,0.0,95.0
T2025000410,2025-11-07,18:08:00,P0080,Samyang Buldak Original Spicy Mandu 700g,Food Frozen,1,410.0,0.0,410.0
T2025000411,2025-11-07,13:12:00,P0240,Ottogi Spaghetti Sauce,Seasoned/Sauce/Powder,1,115.0,0.0,115.0
T2025000411,2025-11-07,13:12:00,P0073,Perilla Leaves 2Packs,Food Fresh/Meat/Sidedish,2,40.0,0.0,80.0
T2025000412,2025-11-07,21:53:00,P0245,Honey Butter Almond 190g,Snacks,1,420.0,0.0,420.0
T2025000412,2025-11-07,21:53:00,P0211,Ottogi Jin Ramen Hot,Noodles,5,40.0,0.05,190.0
T2025000413,2025-11-07,19:09:00,P0226,CJ Beksul Sweet Korean Pancake Mix 400g,Seasoned/Sauce/Powder,2,155.0,0.0,310.0
T2025000413,2025-11-07,19:09:00,P0265,Orion Almond Candy,Snacks,3,110.0,0.0,330.0
T2025000413,2025-11-07,19:09:00,P0211,Ottogi Jin Ramen Hot,Noodles,4,40.0,0.0,160.0
T2025000413,2025-11-07,19:09:00,P0281,Haitai Ace Crackers,Snacks,1,85.0,0.0,85.0
T2025000413,2025-11-07,19:09:00,P0114,Banana Milk 200mL 6Pcs,Liquor/Beverage,1,290.0,0.0,290.0
T2025000414,2025-11-07,11:30:00,P0098,Daerim  Crabstick 216g,Food Frozen,2,98.0,0.0,196.0
T2025000414,2025-11-07,11:30:00,P0293,Lotte Sand Biscuit,Snacks,2,75.0,0.0,150.0
T2025000414,2025-11-07,11:30:00,P0269,Lotte Soft Strawberry Milk Candy 79g,Snacks,2,105.0,0.0,210.0
T2025000414,2025-11-07,11:30:00,P0147,Binggrae Coffee Milk,Liquor/Beverage,2,48.0,0.0,96.0
T2025000414,2025-11-07,11:30:00,P0276,Orion Sun Chips Korean BBQ,Snacks,1,90.0,0.0,90.0
T2025000415,2025-11-07,12:22:00,P0141,Woongjin Yogurt Apple 340mL,Liquor/Beverage,3,60.0,0.0,180.0
T2025000415,2025-11-07,12:22:00,P0284,Kkokal Sweet Corn Snack,Snacks,1,80.0,0.0,80.0
T2025000415,2025-11-07,12:22:00,P0017,Bibigo Seaweed Flakes 50g,Dry Food,2,210.0,0.05,399.0
T2025000416,2025-11-07,17:47:00,P0030,Yopokki Onion Butter 120g Cup,Dry Food,3,120.0,0.0,360.0
T2025000417,2025-11-07,17:00:00,P0286,Crown Caramel Maple Corn,Snacks,3,80.0,0.0,240.0
T2025000417,2025-11-07,17:00:00,P0296,Lotte Cereal Choco,Snacks,2,55.0,0.0,110.0
T2025000417,2025-11-07,17:00:00,P0123,Cass Cold Brewed Beer 500mL,Liquor/Beverage,2,170.0,0.0,340.0
T2025000417,2025-11-07,17:00:00,P0233,O'Food Korean Fried Chicken Sauce,Seasoned/Sauce/Powder,2,135.0,0.0,270.0
T2025000417,2025-11-07,17:00:00,P0197,Nongshim Seafood Ramyun,Noodles,3,52.0,0.0,156.0
T2025000419,2025-11-07,11:10:00,P0146,Binggrae Yogurt Drink,Liquor/Beverage,1,55.0,0.0,55.0
T2025000419,2025-11-07,11:10:00,P0258,Orion Custard Choco Cake,Snacks,2,130.0,0.15,221.0
T2025000419,2025-11-07,11:10:00,P0291,Crown Sando Biscuit,Snacks,3,75.0,0.0,225.0
T2025000420,2025-11-07,13:11:00,P0125,Jinro Fresh Soju,Liquor/Beverage,2,170.0,0.0,340.0
T2025000420,2025-11-07,13:11:00,P0200,Paldo Koreno Kimchi Noodle,Noodles,1,50.0,0.0,50.0
T2025000421,2025-11-07,15:58:00,P0114,Banana Milk 200mL 6Pcs,Liquor/Beverage,1,290.0,0.0,290.0
T2025000421,2025-11-07,15:58:00,P0152,Samyang Buldak Original Cup,Noodles,2,110.0,0.0,220.0
T2025000421,2025-11-07,15:58:00,P0193,Paldo Gomtang Ramen,Noodles,2,56.0,0.0,112.0
T2025000421,2025-11-07,15:58:00,P0192,Nongshim Soon Veggie Ramen,Noodles,2,58.0,0.0,116.0
T2025000422,2025-11-07,19:33:00,P0114,Banana Milk 200mL 6Pcs,Liquor/Beverage,1,290.0,0.0,290.0
T2025000422,2025-11-07,19:33:00,P0249,Lotte Chocopie 12Pcs,Snacks,1,200.0,0.0,200.0
T2025000422,2025-11-07,19:33:00,P0245,Honey Butter Almond 190g,Snacks,1,420.0,0.0,420.0
T2025000422,2025-11-07,19:33:00,P0166,Samyang Buldak Original,Noodles,1,88.0,0.0,88.0
T2025000422,2025-11-07,19:33:00,P0240,Ottogi Spaghetti Sauce,Seasoned/Sauce/Powder,1,115.0,0.0,115.0
T2025000423,2025-11-07,18:06:00,P0008,Ottogi Corn Syrup,Condiments,3,98.0,0.1,264.6
T2025000424,2025-11-07,12:39:00,P0245,Honey Butter Almond 190g,Snacks,1,420.0,0.0,420.0
T2025000424,2025-11-07,12:39:00,P0267,Lotte Pepero White Cookie,Snacks,2,110.0,0.0,220.0
T2025000424,2025-11-07,12:39:00,P0263,Samlip Honey Castella,Snacks,1,120.0,0.15,102.0
T2025000425,2025-11-07,18:54:00,P0123,Cass Cold Brewed Beer 500mL,Liquor/Beverage,1,170.0,0.0,170.0
T2025000425,2025-11-07,18:54:00,P0006,Chung Jung One Soy Sauce,Condiments,2,140.0,0.0,280.0
T2025000426,2025-11-07,15:00:00,P0125,Jinro Fresh Soju,Liquor/Beverage,1,170.0,0.0,170.0
T2025000426,2025-11-07,15:00:00,P0269,Lotte Soft Strawberry Milk Candy 79g,Snacks,3,105.0,0.0,315.0
T2025000426,2025-11-07,15:00:00,P0265,Orion Almond Candy,Snacks,3,110.0,0.0,330.0
T2025000426,2025-11-07,15:00:00,P0293,Lotte Sand Biscuit,Snacks,3,75.0,0.0,225.0
T2025000426,2025-11-07,15:00:00,P0102,MWC Tteok Galbi Bar,Food Frozen,3,75.0,0.0,225.0
T2025000427,2025-11-07,09:05:00,P0203,Jin Ramen Spicy Cup,Noodles,3,50.0,0.0,150.0
T2025000427,2025-11-07,09:05:00,P0206,Nongshim Chapagetti,Noodles,1,45.0,0.0,45.0
T2025000427,2025-11-07,09:05:00,P0080,Samyang Buldak Original Spicy Mandu 700g,Food Frozen,1,410.0,0.0,410.0
T2025000428,2025-11-07,19:16:00,P0295,Pepero Almond,Snacks,3,55.0,0.0,165.0
T2025000428,2025-11-07,19:16:00,P0204,Ottogi Cup Ramen Kimchi,Noodles,1,50.0,0.0,50.0
T2025000428,2025-11-07,19:16:00,P0175,Samyang Jjajang Hot Chicken,Noodles,1,75.0,0.0,75.0
T2025000428,2025-11-07,19:16:00,P0272,Haitai  Sunkist Candy 125g,Snacks,2,95.0,0.15,161.5
T2025000428,2025-11-07,19:16:00,P0139,Paldo Pororo Juice,Liquor/Beverage,5,65.0,0.0,325.0
T2025000429,2025-11-07,21:23:00,P0148,Binggrae Strawberry Milk,Liquor/Beverage,3,45.0,0.0,135.0
T2025000429,2025-11-07,21:23:00,P0297,Pepero Choco Filled,Snacks,4,55.0,0.0,220.0
T2025000429,2025-11-07,21:23:00,P0243,CJ  Ssamjang 170g,Seasoned/Sauce/Powder,1,88.0,0.0,88.0
T2025000430,2025-11-07,12:33:00,P0125,Jinro Fresh Soju,Liquor/Beverage,2,170.0,0.0,340.0
T2025000430,2025-11-07,12:33:00,P0173,Nongshim Jjapageti,Noodles,2,75.0,0.0,150.0
T2025000430,2025-11-07,12:33:00,P0009,CJ Beksul Corn Syrup,Condiments,2,95.0,0.0,190.0
T2025000430,2025-11-07,12:33:00,P0236,CJ  Soybean Paste 500g,Seasoned/Sauce/Powder,2,123.0,0.0,246.0
T2025000431,2025-11-07,17:57:00,P0123,Cass Cold Brewed Beer 500mL,Liquor/Beverage,2,170.0,0.15,289.0
T2025000431,2025-11-07,17:57:00,P0201,Sewoo Tang Small Cup,Noodles,4,50.0,0.0,200.0
T2025000431,2025-11-07,17:57:00,P0170,Ottogi Jin Jjajang,Noodles,2,80.0,0.0,160.0
T2025000431,2025-11-07,17:57:00,P0172,Ottogi Jin Hot Big Cup,Noodles,1,75.0,0.0,75.0
T2025000431,2025-11-07,17:57:00,P0044,Ottogi Vegetable Soup 80g,Dry Food,3,90.0,0.0,270.0
T2025000432,2025-11-07,18:16:00,P0123,Cass Cold Brewed Beer 500mL,Liquor/Beverage,1,170.0,0.1,153.0
T2025000432,2025-11-07,18:16:00,P0185,Nongshim Shin Non-Frying Ramen 97g,Noodles,3,60.0,0.0,180.0
T2025000432,2025-11-07,18:16:00,P0211,Ottogi Jin Ramen Hot,Noodles,4,40.0,0.15,136.0
T2025000433,2025-11-07,17:21:00,P0131,Sunhari Yogurt 360mL,Liquor/Beverage,1,120.0,0.0,120.0
T2025000433,2025-11-07,17:21:00,P0294,Pepero Strawberry,Snacks,3,55.0,0.0,165.0
T2025000433,2025-11-07,17:21:00,P0299,Lotte Xylitol Green Gum,Snacks,5,55.0,0.1,247.5
T2025000433,2025-11-07,17:21:00,P0276,Orion Sun Chips Korean BBQ,Snacks,3,90.0,0.15,229.5
T2025000433,2025-11-07,17:21:00,P0100,Binggrae Ice Cream Sandwich,Food Frozen,1,80.0,0.15,68.0
T2025000434,2025-11-07,13:15:00,P0123,Cass Cold Brewed Beer 500mL,Liquor/Beverage,2,170.0,0.0,340.0
T2025000435,2025-11-07,16:15:00,P0300,Can Choco Balls,Snacks,5,45.0,0.0,225.0
T2025000435,2025-11-07,16:15:00,P0289,Crown Corn Chips,Snacks,1,80.0,0.0,80.0
T2025000435,2025-11-07,16:15:00,P0215,Ottogi Wasabi Powder 300g,Seasoned/Sauce/Powder,1,290.0,0.0,290.0
T2025000435,2025-11-07,16:15:00,P0295,Pepero Almond,Snacks,1,55.0,0.0,55.0
T2025000435,2025-11-07,16:15:00,P0033,CJ Beksul Frying Mix,Dry Food,3,120.0,0.1,324.0
T2025000436,2025-11-07,09:07:00,P0147,Binggrae Coffee Milk,Liquor/Beverage,5,48.0,0.0,240.0
T2025000436,2025-11-07,09:07:00,P0258,Orion Custard Choco Cake,Snacks,1,130.0,0.0,130.0
T2025000436,2025-11-07,09:07:00,P0253,Orion Market O Brownie,Snacks,2,170.0,0.15,289.0
T2025000437,2025-11-07,18:40:00,P0027,Yopokki Cheese 240g,Dry Food,2,145.0,0.0,290.0
T2025000437,2025-11-07,18:40:00,P0153,Samyang Buldak Cheese Cup,Noodles,2,110.0,0.0,220.0
T2025000437,2025-11-07,18:40:00,P0279,Orion O! Karto Sweet Corn,Snacks,1,88.0,0.0,88.0
T2025000437,2025-11-07,18:40:00,P0251,Oil Fried & Salted Peanuts,Snacks,1,185.0,0.05,175.75
T2025000437,2025-11-07,18:40:00,P0124,Terra Lager Beer 500mL,Liquor/Beverage,2,170.0,0.0,340.0
T2025000438,2025-11-07,19:39:00,P0139,Paldo Pororo Juice,Liquor/Beverage,2,65.0,0.0,130.0
T2025000438,2025-11-07,19:39:00,P0247,Choco Pie Green Tea 12Pcs,Snacks,2,200.0,0.0,400.0
T2025000438,2025-11-07,19:39:00,P0278,Haitai O! Karto Chips,Snacks,3,88.0,0.0,264.0
T2025000438,2025-11-07,19:39:00,P0080,Samyang Buldak Original Spicy Mandu 700g,Food Frozen,1,410.0,0.1,369.0
T2025000439,2025-11-07,10:36:00,P0124,Terra Lager Beer 500mL,Liquor/Beverage,1,170.0,0.1,153.0
T2025000440,2025-11-07,20:18:00,P0141,Woongjin Yogurt Apple 340mL,Liquor/Beverage,2,60.0,0.0,120.0
T2025000440,2025-11-07,20:18:00,P0203,Jin Ramen Spicy Cup,Noodles,4,50.0,0.0,200.0
T2025000440,2025-11-07,20:18:00,P0200,Paldo Koreno Kimchi Noodle,Noodles,1,50.0,0.0,50.0
T2025000440,2025-11-07,20:18:00,P0175,Samyang Jjajang Hot Chicken,Noodles,3,75.0,0.0,225.0
T2025000440,2025-11-07,20:18:00,P0080,Samyang Buldak Original Spicy Mandu 700g,Food Frozen,1,410.0,0.0,410.0
T2025000441,2025-11-07,12:12:00,P0124,Terra Lager Beer 500mL,Liquor/Beverage,1,170.0,0.0,170.0
T2025000441,2025-11-07,12:12:00,P0295,Pepero Almond,Snacks,5,55.0,0.0,275.0
T2025000442,2025-11-07,17:26:00,P0263,Samlip Honey Castella,Snacks,2,120.0,0.0,240.0
T2025000442,2025-11-07,17:26:00,P0201,Sewoo Tang Small Cup,Noodles,1,50.0,0.0,50.0
T2025000442,2025-11-07,17:26:00,P0210,2Mins Snack Men,Noodles,3,40.0,0.0,120.0
T2025000442,2025-11-07,17:26:00,P0177,Ottogi Beef Seaweed Soup Ramen,Noodles,1,70.0,0.0,70.0
T2025000442,2025-11-07,17:26:00,P0224,Seasoned Seaweed 200g,Seasoned/Sauce/Powder,2,190.0,0.0,380.0
T2025000443,2025-11-07,12:00:00,P0026,Yopokki Sweet & Spicy 280g,Dry Food,2,145.0,0.0,290.0
T2025000443,2025-11-07,12:00:00,P0245,Honey Butter Almond 190g,Snacks,1,420.0,0.0,420.0
T2025000443,2025-11-07,12:00:00,P0096,Daerim  Vienna Sausage 170g,Food Frozen,1,145.0,0.0,145.0
T2025000443,2025-11-07,12:00:00,P0219,CJ Beksul Spicy Pork Sauce 500g,Seasoned/Sauce/Powder,2,240.0,0.0,480.0
T2025000443,2025-11-07,12:00:00,P0204,Ottogi Cup Ramen Kimchi,Noodles,3,50.0,0.0,150.0
T2025000444,2025-11-07,19:55:00,P0266,Bibigo Seaweed Crisps,Snacks,1,110.0,0.0,110.0
T2025000444,2025-11-07,19:55:00,P0295,Pepero Almond,Snacks,4,55.0,0.0,220.0
T2025000444,2025-11-07,19:55:00,P0163,Samyang Buldak Rose 140g,Noodles,3,88.0,0.0,264.0
T2025000444,2025-11-07,19:55:00,P0171,Tempura Udon Big Cup,Noodles,2,75.0,0.0,150.0
T2025000445,2025-11-07,19:22:00,P0125,Jinro Fresh Soju,Liquor/Beverage,1,170.0,0.0,170.0
T2025000445,2025-11-07,19:22:00,P0259,Nongshim Sengseng U-Dong,Snacks,2,125.0,0.0,250.0
T2025000445,2025-11-07,19:22:00,P0277,Orion Turtle Chips Sweet Corn,Snacks,2,89.0,0.0,178.0
T2025000445,2025-11-07,19:22:00,P0281,Haitai Ace Crackers,Snacks,1,85.0,0.0,85.0
T2025000445,2025-11-07,19:22:00,P0045,CJ Beksul Wheat Flour,Dry Food,1,90.0,0.0,90.0
T2025000446,2025-11-07,11:58:00,P0114,Banana Milk 200mL 6Pcs,Liquor/Beverage,1,290.0,0.0,290.0
T2025000446,2025-11-07,11:58:00,P0269,Lotte Soft Strawberry Milk Candy 79g,Snacks,3,105.0,0.0,315.0
T2025000446,2025-11-07,11:58:00,P0286,Crown Caramel Maple Corn,Snacks,1,80.0,0.0,80.0
T2025000446,2025-11-07,11:58:00,P0289,Crown Corn Chips,Snacks,3,80.0,0.0,240.0
T2025000447,2025-11-07,18:33:00,P0245,Honey Butter Almond 190g,Snacks,1,420.0,0.0,420.0
T2025000447,2025-11-07,18:33:00,P0166,Samyang Buldak Original,Noodles,2,88.0,0.0,176.0
T2025000447,2025-11-07,18:33:00,P0211,Ottogi Jin Ramen Hot,Noodles,1,40.0,0.0,40.0
T2025000447,2025-11-07,18:33:00,P0229,O'Food Korean BBQ Sauce,Seasoned/Sauce/Powder,2,145.0,0.0,290.0
T2025000448,2025-11-07,19:39:00,P0245,Honey Butter Almond 190g,Snacks,1,420.0,0.0,420.0
T2025000448,2025-11-07,19:39:00,P0295,Pepero Almond,Snacks,5,55.0,0.0,275.0
T2025000448,2025-11-07,19:39:00,P0007,Samyang Spicy Mayo,Condiments,2,130.0,0.0,260.0
T2025000449,2025-11-07,11:55:00,P0267,Lotte Pepero White Cookie,Snacks,1,110.0,0.0,110.0
T2025000449,2025-11-07,11:55:00,P0299,Lotte Xylitol Green Gum,Snacks,1,55.0,0.0,55.0
T2025000449,2025-11-07,11:55:00,P0204,Ottogi Cup Ramen Kimchi,Noodles,1,50.0,0.0,50.0
T2025000450,2025-11-07,19:27:00,P0125,Jinro Fresh Soju,Liquor/Beverage,2,170.0,0.0,340.0
T2025000450,2025-11-07,19:27:00,P0287,Nongshim Banana Kick 75g,Snacks,1,80.0,0.0,80.0
T2025000450,2025-11-07,19:27:00,P0252,Lotte Banana Choco Pie 12Pcs,Snacks,2,180.0,0.1,324.0
T2025000450,2025-11-07,19:27:00,P0276,Orion Sun Chips Korean BBQ,Snacks,1,90.0,0.0,90.0
T2025000451,2025-11-07,17:19:00,P0123,Cass Cold Brewed Beer 500mL,Liquor/Beverage,1,170.0,0.15,144.5
T2025000451,2025-11-07,17:19:00,P0003,Sempio Sesame Oil,Condiments,2,185.0,0.05,351.5
T2025000452,2025-11-07,18:38:00,P0005,Ottogi Gold Mayonnaise 300g,Condiments,2,150.0,0.0,300.0
T2025000452,2025-11-07,18:38:00,P0250,Haitai Honey Butter Almonds,Snacks,2,190.0,0.0,380.0
T2025000452,2025-11-07,18:38:00,P0220,CJ  Tteokbokki Sauce 150G 2Pcs,Seasoned/Sauce/Powder,2,235.0,0.0,470.0
T2025000452,2025-11-07,18:38:00,P0285,Corn Choco,Snacks,2,80.0,0.0,160.0
T2025000452,2025-11-07,18:38:00,P0286,Crown Caramel Maple Corn,Snacks,2,80.0,0.15,136.0
T2025000453,2025-11-07,13:20:00,P0259,Nongshim Sengseng U-Dong,Snacks,1,125.0,0.0,125.0
T2025000453,2025-11-07,13:20:00,P0265,Orion Almond Candy,Snacks,1,110.0,0.0,110.0
T2025000453,2025-11-07,13:20:00,P0207,Ottogi Yeul Ramen 120g,Noodles,5,40.0,0.0,200.0
T2025000453,2025-11-07,13:20:00,P0139,Paldo Pororo Juice,Liquor/Beverage,5,65.0,0.0,325.0
T2025000453,2025-11-07,13:20:00,P0002,Ottogi Gold Mayonnaise 500g,Condiments,2,235.0,0.0,470.0
T2025000454,2025-11-07,11:49:00,P0135,KSD Peach Rice Wine 750mL,Liquor/Beverage,2,105.0,0.05,199.5
T2025000454,2025-11-07,11:49:00,P0027,Yopokki Cheese 240g,Dry Food,2,145.0,0.05,275.5
T2025000454,2025-11-07,11:49:00,P0008,Ottogi Corn Syrup,Condiments,3,98.0,0.0,294.0
T2025000455,2025-11-07,12:53:00,P0165,Samyang Cream Carbo Buldak 140g,Noodles,1,88.0,0.0,88.0
T2025000455,2025-11-07,12:53:00,P0188,Nagasaki Jjampong,Noodles,2,60.0,0.0,120.0
T2025000455,2025-11-07,12:53:00,P0198,Paldo Koreno Beef Noodle 100g,Noodles,4,50.0,0.0,200.0
T2025000455,2025-11-07,12:53:00,P0038,(Kaya) Korean Rice 1Kg,Dry Food,3,100.0,0.0,300.0
T2025000456,2025-11-07,17:30:00,P0124,Terra Lager Beer 500mL,Liquor/Beverage,2,170.0,0.0,340.0
T2025000456,2025-11-07,17:30:00,P0277,Orion Turtle Chips Sweet Corn,Snacks,3,89.0,0.0,267.0
T2025000456,2025-11-07,17:30:00,P0235,O'Food Kimchi Base Sauce,Seasoned/Sauce/Powder,1,130.0,0.0,130.0
T2025000457,2025-11-07,13:35:00,P0245,Honey Butter Almond 190g,Snacks,1,420.0,0.0,420.0
T2025000457,2025-11-07,13:35:00,P0269,Lotte Soft Strawberry Milk Candy 79g,Snacks,1,105.0,0.0,105.0
T2025000457,2025-11-07,13:35:00,P0286,Crown Caramel Maple Corn,Snacks,3,80.0,0.0,240.0
T2025000457,2025-11-07,13:35:00,P0186,Ottogi Chachelin Blackbean 145g,Noodles,4,60.0,0.0,240.0
T2025000457,2025-11-07,13:35:00,P0183,Samyang Kimchi Ramen Bowl,Noodles,1,65.0,0.0,65.0
T2025000458,2025-11-07,12:09:00,P0073,Perilla Leaves 2Packs,Food Fresh/Meat/Sidedish,5,40.0,0.0,200.0
T2025000459,2025-11-07,19:48:00,P0208,Ottogi Jin Ramen Mild,Noodles,5,40.0,0.0,200.0
T2025000459,2025-11-07,19:48:00,P0043,CJ Hetbahn Cooked Barley,Dry Food,3,95.0,0.05,270.75
T2025000460,2025-11-07,13:48:00,P0140,Woongjin Yogurt Peach 340mL,Liquor/Beverage,5,60.0,0.0,300.0
T2025000460,2025-11-07,13:48:00,P0166,Samyang Buldak Original,Noodles,1,88.0,0.1,79.2
T2025000460,2025-11-07,13:48:00,P0184,Nongshim Baehongdong Bibimyeon 137g,Noodles,2,61.0,0.0,122.0
T2025000460,2025-11-07,13:48:00,P0168,Samyang Carbo Buldak,Noodles,3,88.0,0.1,237.6
T2025000460,2025-11-07,13:48:00,P0034,CJ  Cooked Rice,Dry Food,3,116.0,0.0,348.0
T2025000461,2025-11-07,19:27:00,P0149,Binggrae Mango Milk,Liquor/Beverage,3,45.0,0.0,135.0
T2025000461,2025-11-07,19:27:00,P0255,Bibigo Crispy Seaweed Snack,Snacks,2,140.0,0.0,280.0
T2025000461,2025-11-07,19:27:00,P0032,Samlip Mini Kimbap,Dry Food,3,120.0,0.1,324.0
T2025000462,2025-11-07,12:04:00,P0143,Nongshim Welchs Grape 355mL,Liquor/Beverage,5,60.0,0.0,300.0
T2025000462,2025-11-07,12:04:00,P0246,Post Almond Flakes,Snacks,2,245.0,0.0,490.0
T2025000462,2025-11-07,12:04:00,P0269,Lotte Soft Strawberry Milk Candy 79g,Snacks,3,105.0,0.1,283.5
T2025000462,2025-11-07,12:04:00,P0280,Nongshim Potato Sticks,Snacks,1,85.0,0.0,85.0
T2025000462,2025-11-07,12:04:00,P0018,(Kaya) Korean Rice 1.5Kg,Dry Food,1,190.0,0.0,190.0
T2025000463,2025-11-07,12:01:00,P0270,Samlip Custard Cream Cake,Snacks,3,105.0,0.0,315.0
T2025000463,2025-11-07,12:01:00,P0206,Nongshim Chapagetti,Noodles,2,45.0,0.0,90.0
T2025000463,2025-11-07,12:01:00,P0184,Nongshim Baehongdong Bibimyeon 137g,Noodles,3,61.0,0.0,183.0
T2025000464,2025-11-07,13:03:00,P0136,Cass Fresh Beer,Liquor/Beverage,2,85.0,0.0,170.0
T2025000464,2025-11-07,13:03:00,P0277,Orion Turtle Chips Sweet Corn,Snacks,1,89.0,0.05,84.55
T2025000464,2025-11-07,13:03:00,P0080,Samyang Buldak Original Spicy Mandu 700g,Food Frozen,1,410.0,0.0,410.0
T2025000465,2025-11-07,18:50:00,P0240,Ottogi Spaghetti Sauce,Seasoned/Sauce/Powder,1,115.0,0.0,115.0
T2025000465,2025-11-07,18:50:00,P0156,Nongshim Ramyun King Bowl,Noodles,3,95.0,0.0,285.0
T2025000465,2025-11-07,18:50:00,P0209,Ottogi Kimchi Ramen,Noodles,3,40.0,0.0,120.0
T2025000465,2025-11-07,18:50:00,P0151,Samyang Buldak 4 Cheese Ramen 110g,Noodles,3,110.0,0.0,330.0
T2025000465,2025-11-07,18:50:00,P0295,Pepero Almond,Snacks,4,55.0,0.15,187.0
T2025000466,2025-11-07,08:57:00,P0144,Nongshim Welchs Strawberry 355mL,Liquor/Beverage,4,60.0,0.0,240.0
T2025000466,2025-11-07,08:57:00,P0263,Samlip Honey Castella,Snacks,2,120.0,0.0,240.0
T2025000466,2025-11-07,08:57:00,P0245,Honey Butter Almond 190g,Snacks,1,420.0,0.0,420.0
T2025000466,2025-11-07,08:57:00,P0266,Bibigo Seaweed Crisps,Snacks,3,110.0,0.0,330.0
T2025000466,2025-11-07,08:57:00,P0034,CJ  Cooked Rice,Dry Food,1,116.0,0.05,110.2
T2025000467,2025-11-07,20:46:00,P0124,Terra Lager Beer 500mL,Liquor/Beverage,1,170.0,0.1,153.0
T2025000467,2025-11-07,20:46:00,P0286,Crown Caramel Maple Corn,Snacks,3,80.0,0.0,240.0
T2025000467,2025-11-07,20:46:00,P0250,Haitai Honey Butter Almonds,Snacks,2,190.0,0.05,361.0
T2025000467,2025-11-07,20:46:00,P0012,Ottogi Glass Noodle 1Kg,Dry Food,1,300.0,0.0,300.0
T2025000468,2025-11-07,19:26:00,P0287,Nongshim Banana Kick 75g,Snacks,1,80.0,0.0,80.0
T2025000468,2025-11-07,19:26:00,P0300,Can Choco Balls,Snacks,1,45.0,0.0,45.0
T2025000468,2025-11-07,19:26:00,P0207,Ottogi Yeul Ramen 120g,Noodles,5,40.0,0.0,200.0
T2025000468,2025-11-07,19:26:00,P0204,Ottogi Cup Ramen Kimchi,Noodles,3,50.0,0.0,150.0
T2025000468,2025-11-07,19:26:00,P0175,Samyang Jjajang Hot Chicken,Noodles,1,75.0,0.0,75.0
T2025000469,2025-11-07,09:00:00,P0270,Samlip Custard Cream Cake,Snacks,2,105.0,0.0,210.0
T2025000469,2025-11-07,09:00:00,P0294,Pepero Strawberry,Snacks,4,55.0,0.0,220.0
T2025000470,2025-11-07,11:35:00,P0128,Chamiseul Fresh 360mL,Liquor/Beverage,1,120.0,0.0,120.0
T2025000470,2025-11-07,11:35:00,P0295,Pepero Almond,Snacks,1,55.0,0.0,55.0
T2025000470,2025-11-07,11:35:00,P0288,Nongshim Honey Rice Snack,Snacks,3,80.0,0.0,240.0
T2025000470,2025-11-07,11:35:00,P0027,Yopokki Cheese 240g,Dry Food,2,145.0,0.0,290.0
T2025000470,2025-11-07,11:35:00,P0232,O'Food Tofu Stew Base,Seasoned/Sauce/Powder,1,135.0,0.0,135.0
T2025000471,2025-11-07,12:23:00,P0124,Terra Lager Beer 500mL,Liquor/Beverage,2,170.0,0.0,340.0
T2025000472,2025-11-07,14:11:00,P0290,Doritos Galbi Chicken,Snacks,3,77.0,0.0,231.0
T2025000472,2025-11-07,14:11:00,P0176,Ottogi Cheese Bokki Cup,Noodles,1,72.0,0.0,72.0
T2025000472,2025-11-07,14:11:00,P0063,Our Home Kimchi 1Kg Jar,Food Fresh/Meat/Sidedish,2,190.0,0.0,380.0
T2025000472,2025-11-07,14:11:00,P0152,Samyang Buldak Original Cup,Noodles,1,110.0,0.0,110.0
T2025000472,2025-11-07,14:11:00,P0300,Can Choco Balls,Snacks,3,45.0,0.0,135.0
T2025000473,2025-11-07,13:57:00,P0127,Lets Be Mild Coffee Can 4Pcs,Liquor/Beverage,2,128.0,0.0,256.0
T2025000474,2025-11-07,18:32:00,P0146,Binggrae Yogurt Drink,Liquor/Beverage,4,55.0,0.0,220.0
T2025000474,2025-11-07,18:32:00,P0187,Paldo Bibim Men,Noodles,4,60.0,0.0,240.0
T2025000475,2025-11-07,11:31:00,P0295,Pepero Almond,Snacks,3,55.0,0.0,165.0
T2025000475,2025-11-07,11:31:00,P0255,Bibigo Crispy Seaweed Snack,Snacks,1,140.0,0.0,140.0
T2025000475,2025-11-07,11:31:00,P0293,Lotte Sand Biscuit,Snacks,2,75.0,0.0,150.0
T2025000475,2025-11-07,11:31:00,P0158,Nongshim Shin Ramen Black,Noodles,3,92.0,0.0,276.0
T2025000475,2025-11-07,11:31:00,P0182,Paldo Ilpoom Jjajang,Noodles,5,65.0,0.0,325.0
T2025000476,2025-11-07,14:48:00,P0299,Lotte Xylitol Green Gum,Snacks,5,55.0,0.0,275.0
T2025000476,2025-11-07,14:48:00,P0008,Ottogi Corn Syrup,Condiments,1,98.0,0.15,83.3
T2025000477,2025-11-07,12:24:00,P0128,Chamiseul Fresh 360mL,Liquor/Beverage,1,120.0,0.0,120.0
T2025000477,2025-11-07,12:24:00,P0155,Nongshim Dungji Mul Nengmyeon (Cold Noodle),Noodles,1,95.0,0.05,90.25
T2025000477,2025-11-07,12:24:00,P0203,Jin Ramen Spicy Cup,Noodles,2,50.0,0.0,100.0
T2025000477,2025-11-07,12:24:00,P0152,Samyang Buldak Original Cup,Noodles,3,110.0,0.0,330.0
T2025000477,2025-11-07,12:24:00,P0238,Ottogi Curry Mild,Seasoned/Sauce/Powder,2,115.0,0.0,230.0
T2025000478,2025-11-07,12:06:00,P0007,Samyang Spicy Mayo,Condiments,1,130.0,0.0,130.0
T2025000478,2025-11-07,12:06:00,P0298,Pepero White Cookie,Snacks,5,55.0,0.0,275.0
T2025000478,2025-11-07,12:06:00,P0198,Paldo Koreno Beef Noodle 100g,Noodles,2,50.0,0.15,85.0
T2025000478,2025-11-07,12:06:00,P0272,Haitai  Sunkist Candy 125g,Snacks,3,95.0,0.0,285.0
T2025000478,2025-11-07,12:06:00,P0124,Terra Lager Beer 500mL,Liquor/Beverage,2,170.0,0.0,340.0
T2025000479,2025-11-07,12:02:00,P0028,CJ Bibigo Seaweed Soup,Dry Food,2,140.0,0.0,280.0
T2025000479,2025-11-07,12:02:00,P0245,Honey Butter Almond 190g,Snacks,1,420.0,0.0,420.0
T2025000479,2025-11-07,12:02:00,P0295,Pepero Almond,Snacks,4,55.0,0.0,220.0
T2025000479,2025-11-07,12:02:00,P0009,CJ Beksul Corn Syrup,Condiments,1,95.0,0.0,95.0
T2025000479,2025-11-07,12:02:00,P0252,Lotte Banana Choco Pie 12Pcs,Snacks,2,180.0,0.0,360.0
T2025000480,2025-11-07,17:56:00,P0147,Binggrae Coffee Milk,Liquor/Beverage,3,48.0,0.0,144.0
T2025000480,2025-11-07,17:56:00,P0180,Samyang Curry Ramen,Noodles,4,68.0,0.0,272.0
T2025000480,2025-11-07,17:56:00,P0211,Ottogi Jin Ramen Hot,Noodles,1,40.0,0.0,40.0
T2025000480,2025-11-07,17:56:00,P0076,CJ  Crispy Hotdog,Food Frozen,1,640.0,0.0,640.0
T2025000481,2025-11-07,19:37:00,P0125,Jinro Fresh Soju,Liquor/Beverage,1,170.0,0.0,170.0
T2025000481,2025-11-07,19:37:00,P0190,Nongshim Tempura Udon Cup,Noodles,2,60.0,0.0,120.0
T2025000481,2025-11-07,19:37:00,P0268,Samlip Walnut Pie,Snacks,3,110.0,0.0,330.0
T2025000481,2025-11-07,19:37:00,P0005,Ottogi Gold Mayonnaise 300g,Condiments,2,150.0,0.0,300.0
T2025000481,2025-11-07,19:37:00,P0152,Samyang Buldak Original Cup,Noodles,1,110.0,0.0,110.0
T2025000482,2025-11-07,12:20:00,P0252,Lotte Banana Choco Pie 12Pcs,Snacks,2,180.0,0.0,360.0
T2025000482,2025-11-07,12:20:00,P0296,Lotte Cereal Choco,Snacks,3,55.0,0.0,165.0
T2025000482,2025-11-07,12:20:00,P0294,Pepero Strawberry,Snacks,2,55.0,0.0,110.0
T2025000483,2025-11-07,19:44:00,P0125,Jinro Fresh Soju,Liquor/Beverage,2,170.0,0.0,340.0
T2025000483,2025-11-07,19:44:00,P0197,Nongshim Seafood Ramyun,Noodles,2,52.0,0.1,93.6
T2025000483,2025-11-07,19:44:00,P0152,Samyang Buldak Original Cup,Noodles,2,110.0,0.0,220.0
T2025000483,2025-11-07,19:44:00,P0030,Yopokki Onion Butter 120g Cup,Dry Food,2,120.0,0.0,240.0
T2025000484,2025-11-07,12:42:00,P0299,Lotte Xylitol Green Gum,Snacks,3,55.0,0.0,165.0
T2025000484,2025-11-07,12:42:00,P0272,Haitai  Sunkist Candy 125g,Snacks,3,95.0,0.0,285.0
T2025000484,2025-11-07,12:42:00,P0208,Ottogi Jin Ramen Mild,Noodles,2,40.0,0.0,80.0
T2025000484,2025-11-07,12:42:00,P0044,Ottogi Vegetable Soup 80g,Dry Food,3,90.0,0.0,270.0
T2025000484,2025-11-07,12:42:00,P0284,Kkokal Sweet Corn Snack,Snacks,1,80.0,0.0,80.0
T2025000485,2025-11-07,18:33:00,P0146,Binggrae Yogurt Drink,Liquor/Beverage,4,55.0,0.0,220.0
T2025000485,2025-11-07,18:33:00,P0295,Pepero Almond,Snacks,4,55.0,0.0,220.0
T2025000485,2025-11-07,18:33:00,P0211,Ottogi Jin Ramen Hot,Noodles,3,40.0,0.0,120.0
T2025000485,2025-11-07,18:33:00,P0200,Paldo Koreno Kimchi Noodle,Noodles,1,50.0,0.0,50.0
T2025000486,2025-11-07,13:25:00,P0251,Oil Fried & Salted Peanuts,Snacks,1,185.0,0.0,185.0
T2025000486,2025-11-07,13:25:00,P0264,Lotte Ghana Dark Chocolate,Snacks,2,115.0,0.1,207.0
T2025000487,2025-11-07,11:56:00,P0149,Binggrae Mango Milk,Liquor/Beverage,2,45.0,0.1,81.0
T2025000487,2025-11-07,11:56:00,P0170,Ottogi Jin Jjajang,Noodles,2,80.0,0.0,160.0
T2025000487,2025-11-07,11:56:00,P0008,Ottogi Corn Syrup,Condiments,1,98.0,0.0,98.0
T2025000488,2025-11-08,17:39:00,P0123,Cass Cold Brewed Beer 500mL,Liquor/Beverage,1,170.0,0.0,170.0
T2025000488,2025-11-08,17:39:00,P0267,Lotte Pepero White Cookie,Snacks,1,110.0,0.0,110.0
T2025000488,2025-11-08,17:39:00,P0287,Nongshim Banana Kick 75g,Snacks,3,80.0,0.0,240.0
T2025000488,2025-11-08,17:39:00,P0189,Ottogi Bodle Cheese Ramen,Noodles,5,60.0,0.0,300.0
T2025000489,2025-11-08,15:17:00,P0295,Pepero Almond,Snacks,3,55.0,0.0,165.0
T2025000489,2025-11-08,15:17:00,P0036,Dongwon  Tuna Light Can 150g,Dry Food,2,110.0,0.1,198.0
T2025000489,2025-11-08,15:17:00,P0002,Ottogi Gold Mayonnaise 500g,Condiments,2,235.0,0.0,470.0
T2025000490,2025-11-08,11:47:00,P0191,Paldo Teumsae Ramen,Noodles,4,60.0,0.0,240.0
T2025000490,2025-11-08,11:47:00,P0203,Jin Ramen Spicy Cup,Noodles,2,50.0,0.0,100.0
T2025000490,2025-11-08,11:47:00,P0298,Pepero White Cookie,Snacks,1,55.0,0.0,55.0
T2025000490,2025-11-08,11:47:00,P0114,Banana Milk 200mL 6Pcs,Liquor/Beverage,1,290.0,0.0,290.0
T2025000490,2025-11-08,11:47:00,P0270,Samlip Custard Cream Cake,Snacks,2,105.0,0.0,210.0
T2025000491,2025-11-08,13:10:00,P0280,Nongshim Potato Sticks,Snacks,2,85.0,0.0,170.0
T2025000491,2025-11-08,13:10:00,P0168,Samyang Carbo Buldak,Noodles,2,88.0,0.0,176.0
T2025000491,2025-11-08,13:10:00,P0004,O'Food Korean Chili Oil,Condiments,2,160.0,0.0,320.0
T2025000492,2025-11-08,13:07:00,P0128,Chamiseul Fresh 360mL,Liquor/Beverage,1,120.0,0.0,120.0
T2025000492,2025-11-08,13:07:00,P0274,Haitai Matdongsan,Snacks,3,95.0,0.0,285.0
T2025000492,2025-11-08,13:07:00,P0288,Nongshim Honey Rice Snack,Snacks,3,80.0,0.0,240.0
T2025000492,2025-11-08,13:07:00,P0184,Nongshim Baehongdong Bibimyeon 137g,Noodles,5,61.0,0.1,274.5
T2025000493,2025-11-08,19:19:00,P0259,Nongshim Sengseng U-Dong,Snacks,2,125.0,0.0,250.0
T2025000493,2025-11-08,19:19:00,P0253,Orion Market O Brownie,Snacks,2,170.0,0.0,340.0
T2025000493,2025-11-08,19:19:00,P0268,Samlip Walnut Pie,Snacks,2,110.0,0.0,220.0
T2025000493,2025-11-08,19:19:00,P0166,Samyang Buldak Original,Noodles,2,88.0,0.0,176.0
T2025000493,2025-11-08,19:19:00,P0098,Daerim  Crabstick 216g,Food Frozen,2,98.0,0.0,196.0
T2025000494,2025-11-08,19:23:00,P0152,Samyang Buldak Original Cup,Noodles,2,110.0,0.0,220.0
T2025000494,2025-11-08,19:23:00,P0045,CJ Beksul Wheat Flour,Dry Food,2,90.0,0.0,180.0
T2025000495,2025-11-08,13:05:00,P0266,Bibigo Seaweed Crisps,Snacks,1,110.0,0.0,110.0
T2025000495,2025-11-08,13:05:00,P0102,MWC Tteok Galbi Bar,Food Frozen,1,75.0,0.0,75.0
T2025000495,2025-11-08,13:05:00,P0125,Jinro Fresh Soju,Liquor/Beverage,1,170.0,0.0,170.0
T2025000495,2025-11-08,13:05:00,P0297,Pepero Choco Filled,Snacks,1,55.0,0.0,55.0
T2025000495,2025-11-08,13:05:00,P0243,CJ  Ssamjang 170g,Seasoned/Sauce/Powder,1,88.0,0.0,88.0
T2025000496,2025-11-08,16:39:00,P0139,Paldo Pororo Juice,Liquor/Beverage,1,65.0,0.15,55.25
T2025000496,2025-11-08,16:39:00,P0293,Lotte Sand Biscuit,Snacks,1,75.0,0.0,75.0
T2025000496,2025-11-08,16:39:00,P0270,Samlip Custard Cream Cake,Snacks,1,105.0,0.0,105.0
T2025000496,2025-11-08,16:39:00,P0168,Samyang Carbo Buldak,Noodles,1,88.0,0.0,88.0
T2025000496,2025-11-08,16:39:00,P0175,Samyang Jjajang Hot Chicken,Noodles,2,75.0,0.0,150.0
T2025000497,2025-11-08,17:26:00,P0123,Cass Cold Brewed Beer 500mL,Liquor/Beverage,2,170.0,0.0,340.0
T2025000498,2025-11-08,12:15:00,P0257,Lotte Almond Chocolate,Snacks,1,130.0,0.0,130.0
T2025000498,2025-11-08,12:15:00,P0007,Samyang Spicy Mayo,Condiments,1,130.0,0.0,130.0
T2025000498,2025-11-08,12:15:00,P0246,Post Almond Flakes,Snacks,2,245.0,0.0,490.0
T2025000498,2025-11-08,12:15:00,P0130,Sunhari Apple 360mL,Liquor/Beverage,1,120.0,0.0,120.0
T2025000498,2025-11-08,12:15:00,P0027,Yopokki Cheese 240g,Dry Food,2,145.0,0.0,290.0
T2025000499,2025-11-08,19:12:00,P0192,Nongshim Soon Veggie Ramen,Noodles,4,58.0,0.0,232.0
T2025000499,2025-11-08,19:12:00,P0204,Ottogi Cup Ramen Kimchi,Noodles,4,50.0,0.0,200.0
T2025000500,2025-11-08,08:36:00,P0279,Orion O! Karto Sweet Corn,Snacks,2,88.0,0.0,176.0
T2025000500,2025-11-08,08:36:00,P0286,Crown Caramel Maple Corn,Snacks,2,80.0,0.0,160.0
T2025000500,2025-11-08,08:36:00,P0254,Honey Roasted Peanuts,Snacks,2,165.0,0.0,330.0
T2025000500,2025-11-08,08:36:00,P0173,Nongshim Jjapageti,Noodles,2,75.0,0.0,150.0
T2025000500,2025-11-08,08:36:00,P0027,Yopokki Cheese 240g,Dry Food,2,145.0,0.0,290.0
T2025000501,2025-11-08,12:45:00,P0211,Ottogi Jin Ramen Hot,Noodles,1,40.0,0.0,40.0
T2025000501,2025-11-08,12:45:00,P0245,Honey Butter Almond 190g,Snacks,1,420.0,0.0,420.0
T2025000501,2025-11-08,12:45:00,P0209,Ottogi Kimchi Ramen,Noodles,4,40.0,0.0,160.0
T2025000501,2025-11-08,12:45:00,P0071,Kongsarang Firm Tofu,Food Fresh/Meat/Sidedish,1,65.0,0.15,55.25
T2025000501,2025-11-08,12:45:00,P0254,Honey Roasted Peanuts,Snacks,1,165.0,0.0,165.0
T2025000502,2025-11-08,19:29:00,P0267,Lotte Pepero White Cookie,Snacks,2,110.0,0.1,198.0
T2025000502,2025-11-08,19:29:00,P0027,Yopokki Cheese 240g,Dry Food,2,145.0,0.0,290.0
T2025000503,2025-11-08,20:24:00,P0257,Lotte Almond Chocolate,Snacks,1,130.0,0.0,130.0
T2025000503,2025-11-08,20:24:00,P0166,Samyang Buldak Original,Noodles,1,88.0,0.0,88.0
T2025000503,2025-11-08,20:24:00,P0293,Lotte Sand Biscuit,Snacks,1,75.0,0.0,75.0
T2025000503,2025-11-08,20:24:00,P0299,Lotte Xylitol Green Gum,Snacks,2,55.0,0.0,110.0
T2025000503,2025-11-08,20:24:00,P0014,Bibigo Beef Seaweed Soup,Dry Food,1,264.0,0.0,264.0
T2025000504,2025-11-08,12:10:00,P0197,Nongshim Seafood Ramyun,Noodles,5,52.0,0.0,260.0
T2025000504,2025-11-08,12:10:00,P0168,Samyang Carbo Buldak,Noodles,1,88.0,0.05,83.6
T2025000504,2025-11-08,12:10:00,P0211,Ottogi Jin Ramen Hot,Noodles,2,40.0,0.0,80.0
T2025000505,2025-11-08,19:17:00,P0199,Paldo Koreno Shrimp Noodle,Noodles,3,50.0,0.0,150.0
T2025000505,2025-11-08,19:17:00,P0208,Ottogi Jin Ramen Mild,Noodles,2,40.0,0.0,80.0
T2025000505,2025-11-08,19:17:00,P0180,Samyang Curry Ramen,Noodles,4,68.0,0.0,272.0
T2025000506,2025-11-08,13:01:00,P0164,Samyang Buldak 4 Cheese 145g,Noodles,3,88.0,0.0,264.0
T2025000506,2025-11-08,13:01:00,P0166,Samyang Buldak Original,Noodles,2,88.0,0.0,176.0
T2025000507,2025-11-08,20:10:00,P0122,Chamisul Original Soju,Liquor/Beverage,1,175.0,0.0,175.0
T2025000507,2025-11-08,20:10:00,P0270,Samlip Custard Cream Cake,Snacks,1,105.0,0.0,105.0
T2025000507,2025-11-08,20:10:00,P0182,Paldo Ilpoom Jjajang,Noodles,4,65.0,0.0,260.0
T2025000507,2025-11-08,20:10:00,P0179,Ottogi Ramen Bokki Cup,Noodles,1,69.0,0.0,69.0
T2025000508,2025-11-08,12:58:00,P0293,Lotte Sand Biscuit,Snacks,1,75.0,0.1,67.5
T2025000508,2025-11-08,12:58:00,P0288,Nongshim Honey Rice Snack,Snacks,3,80.0,0.0,240.0
T2025000508,2025-11-08,12:58:00,P0159,Nongshim Neuguri Cup 111g,Noodles,1,90.0,0.0,90.0
T2025000508,2025-11-08,12:58:00,P0189,Ottogi Bodle Cheese Ramen,Noodles,4,60.0,0.0,240.0
T2025000508,2025-11-08,12:58:00,P0095,Samlip Fish Cake Sheets,Food Frozen,2,150.0,0.0,300.0
T2025000509,2025-11-08,20:19:00,P0295,Pepero Almond,Snacks,2,55.0,0.0,110.0
T2025000509,2025-11-08,20:19:00,P0294,Pepero Strawberry,Snacks,4,55.0,0.0,220.0
T2025000509,2025-11-08,20:19:00,P0297,Pepero Choco Filled,Snacks,5,55.0,0.0,275.0
T2025000509,2025-11-08,20:19:00,P0229,O'Food Korean BBQ Sauce,Seasoned/Sauce/Powder,2,145.0,0.0,290.0
T2025000510,2025-11-08,09:07:00,P0125,Jinro Fresh Soju,Liquor/Beverage,1,170.0,0.0,170.0
T2025000510,2025-11-08,09:07:00,P0295,Pepero Almond,Snacks,5,55.0,0.0,275.0
T2025000510,2025-11-08,09:07:00,P0257,Lotte Almond Chocolate,Snacks,1,130.0,0.0,130.0
T2025000510,2025-11-08,09:07:00,P0242,CJ  Gochujang 200g,Seasoned/Sauce/Powder,3,100.0,0.0,300.0
T2025000510,2025-11-08,09:07:00,P0102,MWC Tteok Galbi Bar,Food Frozen,3,75.0,0.0,225.0
T2025000511,2025-11-08,19:15:00,P0158,Nongshim Shin Ramen Black,Noodles,1,92.0,0.05,87.4
T2025000511,2025-11-08,19:15:00,P0207,Ottogi Yeul Ramen 120g,Noodles,1,40.0,0.0,40.0
T2025000511,2025-11-08,19:15:00,P0171,Tempura Udon Big Cup,Noodles,3,75.0,0.0,225.0
T2025000513,2025-11-08,19:17:00,P0121,Lotte Chum Churum Soju,Liquor/Beverage,1,175.0,0.0,175.0
T2025000513,2025-11-08,19:17:00,P0198,Paldo Koreno Beef Noodle 100g,Noodles,3,50.0,0.05,142.5
T2025000513,2025-11-08,19:17:00,P0034,CJ  Cooked Rice,Dry Food,1,116.0,0.0,116.0
T2025000514,2025-11-08,14:10:00,P0125,Jinro Fresh Soju,Liquor/Beverage,2,170.0,0.1,306.0
T2025000514,2025-11-08,14:10:00,P0286,Crown Caramel Maple Corn,Snacks,3,80.0,0.0,240.0
T2025000514,2025-11-08,14:10:00,P0285,Corn Choco,Snacks,3,80.0,0.0,240.0
T2025000514,2025-11-08,14:10:00,P0027,Yopokki Cheese 240g,Dry Food,2,145.0,0.0,290.0
T2025000515,2025-11-08,18:32:00,P0124,Terra Lager Beer 500mL,Liquor/Beverage,2,170.0,0.1,306.0
T2025000515,2025-11-08,18:32:00,P0252,Lotte Banana Choco Pie 12Pcs,Snacks,1,180.0,0.0,180.0
T2025000515,2025-11-08,18:32:00,P0152,Samyang Buldak Original Cup,Noodles,3,110.0,0.0,330.0
T2025000515,2025-11-08,18:32:00,P0163,Samyang Buldak Rose 140g,Noodles,3,88.0,0.0,264.0
T2025000516,2025-11-08,11:48:00,P0125,Jinro Fresh Soju,Liquor/Beverage,1,170.0,0.0,170.0
T2025000516,2025-11-08,11:48:00,P0180,Samyang Curry Ramen,Noodles,4,68.0,0.0,272.0
T2025000517,2025-11-08,21:01:00,P0257,Lotte Almond Chocolate,Snacks,2,130.0,0.0,260.0
T2025000517,2025-11-08,21:01:00,P0290,Doritos Galbi Chicken,Snacks,3,77.0,0.0,231.0
T2025000518,2025-11-08,18:33:00,P0138,Kirin Ichiban Beer 330mL,Liquor/Beverage,5,68.0,0.0,340.0
T2025000518,2025-11-08,18:33:00,P0033,CJ Beksul Frying Mix,Dry Food,2,120.0,0.0,240.0
T2025000518,2025-11-08,18:33:00,P0240,Ottogi Spaghetti Sauce,Seasoned/Sauce/Powder,3,115.0,0.0,345.0
T2025000518,2025-11-08,18:33:00,P0093,Bibigo Kimchi Fried Rice,Food Frozen,2,190.0,0.0,380.0
T2025000519,2025-11-08,14:08:00,P0295,Pepero Almond,Snacks,4,55.0,0.15,187.0
T2025000519,2025-11-08,14:08:00,P0124,Terra Lager Beer 500mL,Liquor/Beverage,1,170.0,0.0,170.0
T2025000519,2025-11-08,14:08:00,P0184,Nongshim Baehongdong Bibimyeon 137g,Noodles,2,61.0,0.0,122.0
T2025000519,2025-11-08,14:08:00,P0199,Paldo Koreno Shrimp Noodle,Noodles,3,50.0,0.0,150.0
T2025000519,2025-11-08,14:08:00,P0189,Ottogi Bodle Cheese Ramen,Noodles,4,60.0,0.0,240.0
T2025000520,2025-11-08,13:26:00,P0114,Banana Milk 200mL 6Pcs,Liquor/Beverage,1,290.0,0.15,246.5
T2025000520,2025-11-08,13:26:00,P0273,Haitai  Plumcandy 130g,Snacks,3,95.0,0.05,270.75
T2025000520,2025-11-08,13:26:00,P0154,Nongshim Jjawang,Noodles,1,100.0,0.0,100.0
T2025000520,2025-11-08,13:26:00,P0027,Yopokki Cheese 240g,Dry Food,1,145.0,0.0,145.0
T2025000521,2025-11-08,18:23:00,P0277,Orion Turtle Chips Sweet Corn,Snacks,2,89.0,0.0,178.0
T2025000521,2025-11-08,18:23:00,P0263,Samlip Honey Castella,Snacks,1,120.0,0.0,120.0
T2025000521,2025-11-08,18:23:00,P0279,Orion O! Karto Sweet Corn,Snacks,3,88.0,0.0,264.0
T2025000521,2025-11-08,18:23:00,P0225,Chung Jung One Soybean Paste,Seasoned/Sauce/Powder,2,160.0,0.0,320.0
T2025000522,2025-11-08,12:54:00,P0124,Terra Lager Beer 500mL,Liquor/Beverage,2,170.0,0.0,340.0
T2025000522,2025-11-08,12:54:00,P0296,Lotte Cereal Choco,Snacks,3,55.0,0.0,165.0
T2025000522,2025-11-08,12:54:00,P0171,Tempura Udon Big Cup,Noodles,3,75.0,0.0,225.0
T2025000523,2025-11-08,18:09:00,P0255,Bibigo Crispy Seaweed Snack,Snacks,2,140.0,0.0,280.0
T2025000523,2025-11-08,18:09:00,P0252,Lotte Banana Choco Pie 12Pcs,Snacks,1,180.0,0.0,180.0
T2025000523,2025-11-08,18:09:00,P0298,Pepero White Cookie,Snacks,2,55.0,0.0,110.0
T2025000524,2025-11-08,21:00:00,P0270,Samlip Custard Cream Cake,Snacks,2,105.0,0.05,199.5
T2025000524,2025-11-08,21:00:00,P0154,Nongshim Jjawang,Noodles,3,100.0,0.0,300.0
T2025000524,2025-11-08,21:00:00,P0006,Chung Jung One Soy Sauce,Condiments,2,140.0,0.0,280.0
T2025000525,2025-11-08,09:25:00,P0279,Orion O! Karto Sweet Corn,Snacks,1,88.0,0.15,74.8
T2025000525,2025-11-08,09:25:00,P0297,Pepero Choco Filled,Snacks,2,55.0,0.0,110.0
T2025000525,2025-11-08,09:25:00,P0295,Pepero Almond,Snacks,1,55.0,0.0,55.0
T2025000525,2025-11-08,09:25:00,P0048,Dongwon Light Tuna,Dry Food,3,75.0,0.1,202.5
T2025000525,2025-11-08,09:25:00,P0007,Samyang Spicy Mayo,Condiments,1,130.0,0.0,130.0
T2025000526,2025-11-08,13:54:00,P0144,Nongshim Welchs Strawberry 355mL,Liquor/Beverage,4,60.0,0.0,240.0
T2025000526,2025-11-08,13:54:00,P0274,Haitai Matdongsan,Snacks,1,95.0,0.0,95.0
T2025000526,2025-11-08,13:54:00,P0152,Samyang Buldak Original Cup,Noodles,1,110.0,0.0,110.0
T2025000527,2025-11-08,19:20:00,P0298,Pepero White Cookie,Snacks,4,55.0,0.0,220.0
T2025000527,2025-11-08,19:20:00,P0288,Nongshim Honey Rice Snack,Snacks,3,80.0,0.0,240.0
T2025000527,2025-11-08,19:20:00,P0245,Honey Butter Almond 190g,Snacks,1,420.0,0.0,420.0
T2025000527,2025-11-08,19:20:00,P0095,Samlip Fish Cake Sheets,Food Frozen,2,150.0,0.1,270.0
T2025000528,2025-11-08,12:37:00,P0172,Ottogi Jin Hot Big Cup,Noodles,1,75.0,0.0,75.0
T2025000528,2025-11-08,12:37:00,P0211,Ottogi Jin Ramen Hot,Noodles,5,40.0,0.0,200.0
T2025000528,2025-11-08,12:37:00,P0048,Dongwon Light Tuna,Dry Food,2,75.0,0.1,135.0
T2025000529,2025-11-08,21:14:00,P0114,Banana Milk 200mL 6Pcs,Liquor/Beverage,1,290.0,0.0,290.0
T2025000529,2025-11-08,21:14:00,P0276,Orion Sun Chips Korean BBQ,Snacks,1,90.0,0.0,90.0
T2025000529,2025-11-08,21:14:00,P0006,Chung Jung One Soy Sauce,Condiments,2,140.0,0.0,280.0
T2025000530,2025-11-08,17:44:00,P0299,Lotte Xylitol Green Gum,Snacks,5,55.0,0.0,275.0
T2025000530,2025-11-08,17:44:00,P0189,Ottogi Bodle Cheese Ramen,Noodles,2,60.0,0.0,120.0
T2025000530,2025-11-08,17:44:00,P0175,Samyang Jjajang Hot Chicken,Noodles,3,75.0,0.0,225.0
T2025000530,2025-11-08,17:44:00,P0158,Nongshim Shin Ramen Black,Noodles,2,92.0,0.0,184.0
T2025000530,2025-11-08,17:44:00,P0103,Daerim  Chaw Stick 100g,Food Frozen,2,73.0,0.0,146.0
T2025000531,2025-11-08,15:44:00,P0124,Terra Lager Beer 500mL,Liquor/Beverage,2,170.0,0.0,340.0
T2025000531,2025-11-08,15:44:00,P0175,Samyang Jjajang Hot Chicken,Noodles,2,75.0,0.0,150.0
T2025000532,2025-11-08,17:50:00,P0128,Chamiseul Fresh 360mL,Liquor/Beverage,1,120.0,0.0,120.0
T2025000532,2025-11-08,17:50:00,P0288,Nongshim Honey Rice Snack,Snacks,3,80.0,0.0,240.0
T2025000532,2025-11-08,17:50:00,P0270,Samlip Custard Cream Cake,Snacks,1,105.0,0.0,105.0
T2025000532,2025-11-08,17:50:00,P0252,Lotte Banana Choco Pie 12Pcs,Snacks,2,180.0,0.0,360.0
T2025000532,2025-11-08,17:50:00,P0026,Yopokki Sweet & Spicy 280g,Dry Food,1,145.0,0.15,123.25
T2025000533,2025-11-08,20:50:00,P0295,Pepero Almond,Snacks,3,55.0,0.0,165.0
T2025000533,2025-11-08,20:50:00,P0009,CJ Beksul Corn Syrup,Condiments,2,95.0,0.0,190.0
T2025000533,2025-11-08,20:50:00,P0273,Haitai  Plumcandy 130g,Snacks,2,95.0,0.0,190.0
T2025000533,2025-11-08,20:50:00,P0019,Haepyo Crispy Seaweed 9Pcs,Dry Food,1,188.0,0.0,188.0
T2025000533,2025-11-08,20:50:00,P0269,Lotte Soft Strawberry Milk Candy 79g,Snacks,1,105.0,0.0,105.0
T2025000535,2025-11-08,12:27:00,P0295,Pepero Almond,Snacks,1,55.0,0.0,55.0
T2025000535,2025-11-08,12:27:00,P0285,Corn Choco,Snacks,2,80.0,0.0,160.0
T2025000535,2025-11-08,12:27:00,P0003,Sempio Sesame Oil,Condiments,1,185.0,0.0,185.0
T2025000536,2025-11-08,12:08:00,P0291,Crown Sando Biscuit,Snacks,2,75.0,0.0,150.0
T2025000536,2025-11-08,12:08:00,P0026,Yopokki Sweet & Spicy 280g,Dry Food,1,145.0,0.0,145.0
T2025000536,2025-11-08,12:08:00,P0192,Nongshim Soon Veggie Ramen,Noodles,4,58.0,0.0,232.0
T2025000536,2025-11-08,12:08:00,P0204,Ottogi Cup Ramen Kimchi,Noodles,3,50.0,0.0,150.0
T2025000536,2025-11-08,12:08:00,P0198,Paldo Koreno Beef Noodle 100g,Noodles,5,50.0,0.0,250.0
T2025000537,2025-11-08,12:17:00,P0122,Chamisul Original Soju,Liquor/Beverage,2,175.0,0.0,350.0
T2025000537,2025-11-08,12:17:00,P0274,Haitai Matdongsan,Snacks,2,95.0,0.1,171.0
T2025000537,2025-11-08,12:17:00,P0295,Pepero Almond,Snacks,3,55.0,0.0,165.0
T2025000537,2025-11-08,12:17:00,P0152,Samyang Buldak Original Cup,Noodles,1,110.0,0.0,110.0
T2025000538,2025-11-08,17:45:00,P0298,Pepero White Cookie,Snacks,5,55.0,0.0,275.0
T2025000538,2025-11-08,17:45:00,P0282,Orion Choco Boy,Snacks,3,85.0,0.0,255.0
T2025000538,2025-11-08,17:45:00,P0297,Pepero Choco Filled,Snacks,2,55.0,0.0,110.0
T2025000539,2025-11-08,12:24:00,P0151,Samyang Buldak 4 Cheese Ramen 110g,Noodles,3,110.0,0.0,330.0
T2025000539,2025-11-08,12:24:00,P0265,Orion Almond Candy,Snacks,2,110.0,0.0,220.0
T2025000539,2025-11-08,12:24:00,P0254,Honey Roasted Peanuts,Snacks,2,165.0,0.0,330.0
T2025000539,2025-11-08,12:24:00,P0195,Ottogi Jin Mild Small Cup,Noodles,2,55.0,0.0,110.0
T2025000539,2025-11-08,12:24:00,P0182,Paldo Ilpoom Jjajang,Noodles,2,65.0,0.0,130.0
T2025000540,2025-11-08,11:54:00,P0105,White Gold Coffee 100Sticks,Liquor/Beverage,1,1150.0,0.0,1150.0
T2025000540,2025-11-08,11:54:00,P0029,CJ Beksul Pancake Flour,Dry Food,2,125.0,0.0,250.0
T2025000541,2025-11-08,11:13:00,P0252,Lotte Banana Choco Pie 12Pcs,Snacks,2,180.0,0.0,360.0
T2025000541,2025-11-08,11:13:00,P0157,Nongshim Yachae Ramyeon 100g,Noodles,3,93.0,0.0,279.0
T2025000541,2025-11-08,11:13:00,P0019,Haepyo Crispy Seaweed 9Pcs,Dry Food,1,188.0,0.0,188.0
T2025000542,2025-11-08,10:36:00,P0144,Nongshim Welchs Strawberry 355mL,Liquor/Beverage,3,60.0,0.0,180.0
T2025000542,2025-11-08,10:36:00,P0031,Yopokki Cheese Cup 120g,Dry Food,1,120.0,0.0,120.0
T2025000543,2025-11-08,11:22:00,P0206,Nongshim Chapagetti,Noodles,5,45.0,0.0,225.0
T2025000544,2025-11-08,12:04:00,P0295,Pepero Almond,Snacks,4,55.0,0.0,220.0
T2025000544,2025-11-08,12:04:00,P0265,Orion Almond Candy,Snacks,1,110.0,0.0,110.0
T2025000544,2025-11-08,12:04:00,P0232,O'Food Tofu Stew Base,Seasoned/Sauce/Powder,1,135.0,0.0,135.0
T2025000545,2025-11-08,13:48:00,P0125,Jinro Fresh Soju,Liquor/Beverage,1,170.0,0.15,144.5
T2025000545,2025-11-08,13:48:00,P0255,Bibigo Crispy Seaweed Snack,Snacks,2,140.0,0.0,280.0
T2025000545,2025-11-08,13:48:00,P0290,Doritos Galbi Chicken,Snacks,2,77.0,0.0,154.0
T2025000545,2025-11-08,13:48:00,P0259,Nongshim Sengseng U-Dong,Snacks,2,125.0,0.0,250.0
T2025000545,2025-11-08,13:48:00,P0172,Ottogi Jin Hot Big Cup,Noodles,1,75.0,0.0,75.0
T2025000546,2025-11-08,12:07:00,P0134,KSD Green Grape Rice Wine 750mL,Liquor/Beverage,3,105.0,0.0,315.0
T2025000546,2025-11-08,12:07:00,P0245,Honey Butter Almond 190g,Snacks,1,420.0,0.0,420.0
T2025000546,2025-11-08,12:07:00,P0295,Pepero Almond,Snacks,4,55.0,0.0,220.0
T2025000546,2025-11-08,12:07:00,P0152,Samyang Buldak Original Cup,Noodles,1,110.0,0.0,110.0
T2025000547,2025-11-08,08:13:00,P0114,Banana Milk 200mL 6Pcs,Liquor/Beverage,1,290.0,0.0,290.0
T2025000547,2025-11-08,08:13:00,P0298,Pepero White Cookie,Snacks,1,55.0,0.0,55.0
T2025000547,2025-11-08,08:13:00,P0245,Honey Butter Almond 190g,Snacks,1,420.0,0.0,420.0
T2025000547,2025-11-08,08:13:00,P0293,Lotte Sand Biscuit,Snacks,2,75.0,0.15,127.5
T2025000548,2025-11-08,17:33:00,P0295,Pepero Almond,Snacks,1,55.0,0.0,55.0
T2025000548,2025-11-08,17:33:00,P0114,Banana Milk 200mL 6Pcs,Liquor/Beverage,2,290.0,0.0,580.0
T2025000548,2025-11-08,17:33:00,P0199,Paldo Koreno Shrimp Noodle,Noodles,3,50.0,0.0,150.0
T2025000548,2025-11-08,17:33:00,P0206,Nongshim Chapagetti,Noodles,5,45.0,0.0,225.0
T2025000548,2025-11-08,17:33:00,P0280,Nongshim Potato Sticks,Snacks,1,85.0,0.0,85.0
T2025000549,2025-11-08,17:06:00,P0125,Jinro Fresh Soju,Liquor/Beverage,2,170.0,0.0,340.0
T2025000549,2025-11-08,17:06:00,P0164,Samyang Buldak 4 Cheese 145g,Noodles,1,88.0,0.0,88.0
T2025000550,2025-11-08,18:50:00,P0266,Bibigo Seaweed Crisps,Snacks,1,110.0,0.0,110.0
T2025000550,2025-11-08,18:50:00,P0271,Orion Choco Chip Cookies,Snacks,3,100.0,0.0,300.0
T2025000550,2025-11-08,18:50:00,P0244,Wasabi Almond 190g,Snacks,1,440.0,0.0,440.0
T2025000551,2025-11-08,16:50:00,P0125,Jinro Fresh Soju,Liquor/Beverage,2,170.0,0.0,340.0
T2025000551,2025-11-08,16:50:00,P0273,Haitai  Plumcandy 130g,Snacks,1,95.0,0.0,95.0
T2025000551,2025-11-08,16:50:00,P0190,Nongshim Tempura Udon Cup,Noodles,4,60.0,0.0,240.0
T2025000551,2025-11-08,16:50:00,P0022,Ottogi Tteokbokki Cup,Dry Food,1,160.0,0.0,160.0
T2025000552,2025-11-08,09:22:00,P0114,Banana Milk 200mL 6Pcs,Liquor/Beverage,1,290.0,0.15,246.5
T2025000553,2025-11-08,20:02:00,P0008,Ottogi Corn Syrup,Condiments,3,98.0,0.0,294.0
T2025000554,2025-11-08,19:14:00,P0145,Binggrae Melon Soda,Liquor/Beverage,4,60.0,0.0,240.0
T2025000554,2025-11-08,19:14:00,P0152,Samyang Buldak Original Cup,Noodles,2,110.0,0.0,220.0
T2025000554,2025-11-08,19:14:00,P0172,Ottogi Jin Hot Big Cup,Noodles,1,75.0,0.0,75.0
T2025000554,2025-11-08,19:14:00,P0008,Ottogi Corn Syrup,Condiments,1,98.0,0.0,98.0
T2025000555,2025-11-08,13:11:00,P0256,Orion Custard Cake,Snacks,2,130.0,0.0,260.0
T2025000555,2025-11-08,13:11:00,P0038,(Kaya) Korean Rice 1Kg,Dry Food,3,100.0,0.0,300.0
T2025000556,2025-11-08,17:09:00,P0184,Nongshim Baehongdong Bibimyeon 137g,Noodles,5,61.0,0.0,305.0
T2025000556,2025-11-08,17:09:00,P0290,Doritos Galbi Chicken,Snacks,3,77.0,0.0,231.0
T2025000556,2025-11-08,17:09:00,P0158,Nongshim Shin Ramen Black,Noodles,2,92.0,0.0,184.0
T2025000556,2025-11-08,17:09:00,P0104,Pepero Original,Food Frozen,4,55.0,0.05,209.0
T2025000556,2025-11-08,17:09:00,P0189,Ottogi Bodle Cheese Ramen,Noodles,4,60.0,0.0,240.0
T2025000557,2025-11-08,20:08:00,P0140,Woongjin Yogurt Peach 340mL,Liquor/Beverage,2,60.0,0.0,120.0
T2025000557,2025-11-08,20:08:00,P0292,Orion Goraebab Crackers,Snacks,1,75.0,0.0,75.0
T2025000557,2025-11-08,20:08:00,P0286,Crown Caramel Maple Corn,Snacks,3,80.0,0.05,228.0
T2025000557,2025-11-08,20:08:00,P0238,Ottogi Curry Mild,Seasoned/Sauce/Powder,3,115.0,0.0,345.0
T2025000558,2025-11-08,12:02:00,P0070,Skinless Garlic 150G,Food Fresh/Meat/Sidedish,1,65.0,0.0,65.0
T2025000558,2025-11-08,12:02:00,P0039,Ottogi 3Mins Curry,Dry Food,3,99.0,0.0,297.0
T2025000558,2025-11-08,12:02:00,P0144,Nongshim Welchs Strawberry 355mL,Liquor/Beverage,4,60.0,0.0,240.0
T2025000558,2025-11-08,12:02:00,P0206,Nongshim Chapagetti,Noodles,3,45.0,0.0,135.0
T2025000558,2025-11-08,12:02:00,P0191,Paldo Teumsae Ramen,Noodles,1,60.0,0.0,60.0
T2025000559,2025-11-08,19:18:00,P0203,Jin Ramen Spicy Cup,Noodles,3,50.0,0.0,150.0
T2025000559,2025-11-08,19:18:00,P0027,Yopokki Cheese 240g,Dry Food,2,145.0,0.0,290.0
T2025000560,2025-11-08,19:00:00,P0299,Lotte Xylitol Green Gum,Snacks,1,55.0,0.0,55.0
T2025000560,2025-11-08,19:00:00,P0267,Lotte Pepero White Cookie,Snacks,3,110.0,0.0,330.0
T2025000561,2025-11-08,15:13:00,P0253,Orion Market O Brownie,Snacks,1,170.0,0.0,170.0
T2025000561,2025-11-08,15:13:00,P0292,Orion Goraebab Crackers,Snacks,2,75.0,0.0,150.0
T2025000561,2025-11-08,15:13:00,P0274,Haitai Matdongsan,Snacks,1,95.0,0.0,95.0
T2025000562,2025-11-08,14:49:00,P0300,Can Choco Balls,Snacks,5,45.0,0.1,202.5
T2025000562,2025-11-08,14:49:00,P0192,Nongshim Soon Veggie Ramen,Noodles,5,58.0,0.0,290.0
T2025000562,2025-11-08,14:49:00,P0190,Nongshim Tempura Udon Cup,Noodles,3,60.0,0.1,162.0
T2025000562,2025-11-08,14:49:00,P0193,Paldo Gomtang Ramen,Noodles,1,56.0,0.0,56.0
T2025000562,2025-11-08,14:49:00,P0297,Pepero Choco Filled,Snacks,4,55.0,0.0,220.0
T2025000563,2025-11-08,12:07:00,P0114,Banana Milk 200mL 6Pcs,Liquor/Beverage,2,290.0,0.0,580.0
T2025000563,2025-11-08,12:07:00,P0227,CJ Beksul Beef Bulgogi Sauce 290g,Seasoned/Sauce/Powder,1,150.0,0.05,142.5
T2025000564,2025-11-08,12:38:00,P0124,Terra Lager Beer 500mL,Liquor/Beverage,2,170.0,0.0,340.0
T2025000564,2025-11-08,12:38:00,P0298,Pepero White Cookie,Snacks,2,55.0,0.0,110.0
T2025000564,2025-11-08,12:38:00,P0248,Choco Pie Black Sugar 12Pcs,Snacks,2,200.0,0.0,400.0
T2025000564,2025-11-08,12:38:00,P0032,Samlip Mini Kimbap,Dry Food,3,120.0,0.0,360.0
T2025000565,2025-11-08,19:15:00,P0245,Honey Butter Almond 190g,Snacks,1,420.0,0.0,420.0
T2025000565,2025-11-08,19:15:00,P0040,Ottogi Sweet Corn 340g,Dry Food,1,95.0,0.0,95.0
T2025000565,2025-11-08,19:15:00,P0226,CJ Beksul Sweet Korean Pancake Mix 400g,Seasoned/Sauce/Powder,1,155.0,0.0,155.0
T2025000565,2025-11-08,19:15:00,P0091,CJ Bibigo Japchae,Food Frozen,1,220.0,0.0,220.0
T2025000566,2025-11-08,09:06:00,P0171,Tempura Udon Big Cup,Noodles,1,75.0,0.0,75.0
T2025000566,2025-11-08,09:06:00,P0143,Nongshim Welchs Grape 355mL,Liquor/Beverage,3,60.0,0.0,180.0
T2025000566,2025-11-08,09:06:00,P0279,Orion O! Karto Sweet Corn,Snacks,3,88.0,0.0,264.0
T2025000566,2025-11-08,09:06:00,P0192,Nongshim Soon Veggie Ramen,Noodles,3,58.0,0.0,174.0
T2025000566,2025-11-08,09:06:00,P0100,Binggrae Ice Cream Sandwich,Food Frozen,2,80.0,0.0,160.0
T2025000567,2025-11-08,11:46:00,P0292,Orion Goraebab Crackers,Snacks,3,75.0,0.0,225.0
T2025000567,2025-11-08,11:46:00,P0299,Lotte Xylitol Green Gum,Snacks,4,55.0,0.05,209.0
T2025000567,2025-11-08,11:46:00,P0180,Samyang Curry Ramen,Noodles,2,68.0,0.0,136.0
T2025000568,2025-11-08,13:09:00,P0175,Samyang Jjajang Hot Chicken,Noodles,3,75.0,0.0,225.0
T2025000568,2025-11-08,13:09:00,P0028,CJ Bibigo Seaweed Soup,Dry Food,1,140.0,0.0,140.0
T2025000568,2025-11-08,13:09:00,P0008,Ottogi Corn Syrup,Condiments,2,98.0,0.0,196.0
T2025000569,2025-11-08,13:14:00,P0140,Woongjin Yogurt Peach 340mL,Liquor/Beverage,2,60.0,0.0,120.0
T2025000570,2025-11-08,11:22:00,P0123,Cass Cold Brewed Beer 500mL,Liquor/Beverage,1,170.0,0.0,170.0
T2025000570,2025-11-08,11:22:00,P0268,Samlip Walnut Pie,Snacks,3,110.0,0.0,330.0
T2025000571,2025-11-08,10:16:00,P0282,Orion Choco Boy,Snacks,3,85.0,0.0,255.0
T2025000571,2025-11-08,10:16:00,P0260,Binch Biscuit,Snacks,3,120.0,0.15,306.0
T2025000572,2025-11-08,08:55:00,P0199,Paldo Koreno Shrimp Noodle,Noodles,4,50.0,0.0,200.0
T2025000572,2025-11-08,08:55:00,P0182,Paldo Ilpoom Jjajang,Noodles,3,65.0,0.0,195.0
T2025000572,2025-11-08,08:55:00,P0186,Ottogi Chachelin Blackbean 145g,Noodles,3,60.0,0.0,180.0
T2025000572,2025-11-08,08:55:00,P0125,Jinro Fresh Soju,Liquor/Beverage,1,170.0,0.0,170.0
T2025000572,2025-11-08,08:55:00,P0280,Nongshim Potato Sticks,Snacks,2,85.0,0.05,161.5
T2025000573,2025-11-08,12:07:00,P0125,Jinro Fresh Soju,Liquor/Beverage,2,170.0,0.0,340.0
T2025000573,2025-11-08,12:07:00,P0293,Lotte Sand Biscuit,Snacks,1,75.0,0.05,71.25
T2025000573,2025-11-08,12:07:00,P0184,Nongshim Baehongdong Bibimyeon 137g,Noodles,3,61.0,0.0,183.0
T2025000573,2025-11-08,12:07:00,P0177,Ottogi Beef Seaweed Soup Ramen,Noodles,3,70.0,0.0,210.0
T2025000574,2025-11-08,10:50:00,P0297,Pepero Choco Filled,Snacks,2,55.0,0.0,110.0
T2025000574,2025-11-08,10:50:00,P0295,Pepero Almond,Snacks,4,55.0,0.0,220.0
T2025000574,2025-11-08,10:50:00,P0245,Honey Butter Almond 190g,Snacks,1,420.0,0.0,420.0
T2025000574,2025-11-08,10:50:00,P0045,CJ Beksul Wheat Flour,Dry Food,1,90.0,0.0,90.0
T2025000575,2025-11-08,11:56:00,P0123,Cass Cold Brewed Beer 500mL,Liquor/Beverage,1,170.0,0.0,170.0
T2025000575,2025-11-08,11:56:00,P0032,Samlip Mini Kimbap,Dry Food,3,120.0,0.05,342.0
T2025000576,2025-11-08,18:33:00,P0125,Jinro Fresh Soju,Liquor/Beverage,1,170.0,0.0,170.0
T2025000576,2025-11-08,18:33:00,P0042,CJ Hetbahn Brown Rice,Dry Food,1,95.0,0.0,95.0
T2025000576,2025-11-08,18:33:00,P0243,CJ  Ssamjang 170g,Seasoned/Sauce/Powder,1,88.0,0.0,88.0
T2025000576,2025-11-08,18:33:00,P0080,Samyang Buldak Original Spicy Mandu 700g,Food Frozen,1,410.0,0.0,410.0
T2025000577,2025-11-08,15:12:00,P0166,Samyang Buldak Original,Noodles,1,88.0,0.0,88.0
T2025000577,2025-11-08,15:12:00,P0019,Haepyo Crispy Seaweed 9Pcs,Dry Food,1,188.0,0.0,188.0
T2025000578,2025-11-08,21:47:00,P0124,Terra Lager Beer 500mL,Liquor/Beverage,1,170.0,0.0,170.0
T2025000578,2025-11-08,21:47:00,P0264,Lotte Ghana Dark Chocolate,Snacks,2,115.0,0.15,195.5
T2025000578,2025-11-08,21:47:00,P0257,Lotte Almond Chocolate,Snacks,2,130.0,0.0,260.0
T2025000578,2025-11-08,21:47:00,P0215,Ottogi Wasabi Powder 300g,Seasoned/Sauce/Powder,1,290.0,0.0,290.0
T2025000579,2025-11-08,20:58:00,P0122,Chamisul Original Soju,Liquor/Beverage,2,175.0,0.0,350.0
T2025000580,2025-11-08,18:32:00,P0261,Lotte Choco Heim,Snacks,1,120.0,0.0,120.0
T2025000580,2025-11-08,18:32:00,P0197,Nongshim Seafood Ramyun,Noodles,3,52.0,0.0,156.0
T2025000580,2025-11-08,18:32:00,P0173,Nongshim Jjapageti,Noodles,3,75.0,0.0,225.0
T2025000580,2025-11-08,18:32:00,P0200,Paldo Koreno Kimchi Noodle,Noodles,5,50.0,0.1,225.0
T2025000581,2025-11-08,20:08:00,P0284,Kkokal Sweet Corn Snack,Snacks,1,80.0,0.0,80.0
T2025000581,2025-11-08,20:08:00,P0152,Samyang Buldak Original Cup,Noodles,3,110.0,0.0,330.0
T2025000581,2025-11-08,20:08:00,P0005,Ottogi Gold Mayonnaise 300g,Condiments,2,150.0,0.0,300.0
T2025000582,2025-11-08,09:55:00,P0266,Bibigo Seaweed Crisps,Snacks,1,110.0,0.0,110.0
T2025000582,2025-11-08,09:55:00,P0262,Orion Custard Pineapple,Snacks,2,120.0,0.1,216.0
T2025000582,2025-11-08,09:55:00,P0189,Ottogi Bodle Cheese Ramen,Noodles,2,60.0,0.0,120.0
T2025000582,2025-11-08,09:55:00,P0036,Dongwon  Tuna Light Can 150g,Dry Food,3,110.0,0.0,330.0
T2025000582,2025-11-08,09:55:00,P0242,CJ  Gochujang 200g,Seasoned/Sauce/Powder,3,100.0,0.0,300.0
T2025000583,2025-11-08,17:16:00,P0191,Paldo Teumsae Ramen,Noodles,1,60.0,0.0,60.0
T2025000583,2025-11-08,17:16:00,P0266,Bibigo Seaweed Crisps,Snacks,2,110.0,0.0,220.0
T2025000583,2025-11-08,17:16:00,P0152,Samyang Buldak Original Cup,Noodles,1,110.0,0.0,110.0
T2025000583,2025-11-08,17:16:00,P0294,Pepero Strawberry,Snacks,1,55.0,0.0,55.0
T2025000583,2025-11-08,17:16:00,P0155,Nongshim Dungji Mul Nengmyeon (Cold Noodle),Noodles,2,95.0,0.0,190.0
T2025000584,2025-11-08,18:52:00,P0276,Orion Sun Chips Korean BBQ,Snacks,1,90.0,0.0,90.0
T2025000584,2025-11-08,18:52:00,P0182,Paldo Ilpoom Jjajang,Noodles,4,65.0,0.05,247.0
T2025000584,2025-11-08,18:52:00,P0184,Nongshim Baehongdong Bibimyeon 137g,Noodles,1,61.0,0.0,61.0
T2025000584,2025-11-08,18:52:00,P0176,Ottogi Cheese Bokki Cup,Noodles,2,72.0,0.15,122.4
T2025000585,2025-11-08,20:17:00,P0124,Terra Lager Beer 500mL,Liquor/Beverage,1,170.0,0.0,170.0
T2025000585,2025-11-08,20:17:00,P0257,Lotte Almond Chocolate,Snacks,1,130.0,0.0,130.0
T2025000586,2025-11-08,19:51:00,P0120,Aloe Vera Juice 1.5L,Liquor/Beverage,1,175.0,0.0,175.0
T2025000586,2025-11-08,19:51:00,P0276,Orion Sun Chips Korean BBQ,Snacks,2,90.0,0.0,180.0
T2025000586,2025-11-08,19:51:00,P0208,Ottogi Jin Ramen Mild,Noodles,4,40.0,0.0,160.0
T2025000586,2025-11-08,19:51:00,P0199,Paldo Koreno Shrimp Noodle,Noodles,3,50.0,0.0,150.0
T2025000586,2025-11-08,19:51:00,P0152,Samyang Buldak Original Cup,Noodles,3,110.0,0.0,330.0
T2025000587,2025-11-08,11:01:00,P0297,Pepero Choco Filled,Snacks,1,55.0,0.0,55.0
T2025000587,2025-11-08,11:01:00,P0273,Haitai  Plumcandy 130g,Snacks,2,95.0,0.0,190.0
T2025000587,2025-11-08,11:01:00,P0252,Lotte Banana Choco Pie 12Pcs,Snacks,2,180.0,0.0,360.0
T2025000588,2025-11-08,19:48:00,P0298,Pepero White Cookie,Snacks,2,55.0,0.0,110.0
T2025000588,2025-11-08,19:48:00,P0004,O'Food Korean Chili Oil,Condiments,2,160.0,0.0,320.0
T2025000588,2025-11-08,19:48:00,P0299,Lotte Xylitol Green Gum,Snacks,5,55.0,0.0,275.0
T2025000588,2025-11-08,19:48:00,P0048,Dongwon Light Tuna,Dry Food,1,75.0,0.0,75.0
T2025000588,2025-11-08,19:48:00,P0064,Kimbab Radish 400g,Food Fresh/Meat/Sidedish,1,185.0,0.0,185.0
T2025000589,2025-11-08,21:23:00,P0139,Paldo Pororo Juice,Liquor/Beverage,3,65.0,0.0,195.0
T2025000589,2025-11-08,21:23:00,P0209,Ottogi Kimchi Ramen,Noodles,3,40.0,0.0,120.0
T2025000589,2025-11-08,21:23:00,P0042,CJ Hetbahn Brown Rice,Dry Food,1,95.0,0.0,95.0
T2025000590,2025-11-08,08:19:00,P0125,Jinro Fresh Soju,Liquor/Beverage,1,170.0,0.15,144.5
T2025000590,2025-11-08,08:19:00,P0300,Can Choco Balls,Snacks,3,45.0,0.0,135.0
T2025000590,2025-11-08,08:19:00,P0245,Honey Butter Almond 190g,Snacks,1,420.0,0.0,420.0
T2025000590,2025-11-08,08:19:00,P0295,Pepero Almond,Snacks,4,55.0,0.0,220.0
T2025000590,2025-11-08,08:19:00,P0243,CJ  Ssamjang 170g,Seasoned/Sauce/Powder,3,88.0,0.0,264.0
T2025000591,2025-11-08,19:15:00,P0152,Samyang Buldak Original Cup,Noodles,2,110.0,0.15,187.0
T2025000591,2025-11-08,19:15:00,P0177,Ottogi Beef Seaweed Soup Ramen,Noodles,1,70.0,0.0,70.0
T2025000591,2025-11-08,19:15:00,P0041,CJ Hetbahn Multi-Grain Rice,Dry Food,2,95.0,0.0,190.0
T2025000591,2025-11-08,19:15:00,P0005,Ottogi Gold Mayonnaise 300g,Condiments,2,150.0,0.0,300.0
T2025000592,2025-11-08,13:47:00,P0111,Maxim Kanu Ice Latte 10 Sticks,Liquor/Beverage,1,360.0,0.05,342.0
T2025000592,2025-11-08,13:47:00,P0245,Honey Butter Almond 190g,Snacks,1,420.0,0.0,420.0
T2025000592,2025-11-08,13:47:00,P0286,Crown Caramel Maple Corn,Snacks,2,80.0,0.0,160.0
T2025000592,2025-11-08,13:47:00,P0007,Samyang Spicy Mayo,Condiments,1,130.0,0.0,130.0
T2025000593,2025-11-08,14:17:00,P0124,Terra Lager Beer 500mL,Liquor/Beverage,1,170.0,0.0,170.0
T2025000593,2025-11-08,14:17:00,P0295,Pepero Almond,Snacks,4,55.0,0.0,220.0
T2025000594,2025-11-08,08:33:00,P0040,Ottogi Sweet Corn 340g,Dry Food,1,95.0,0.0,95.0
T2025000594,2025-11-08,08:33:00,P0295,Pepero Almond,Snacks,1,55.0,0.15,46.75
T2025000594,2025-11-08,08:33:00,P0171,Tempura Udon Big Cup,Noodles,2,75.0,0.0,150.0
T2025000594,2025-11-08,08:33:00,P0207,Ottogi Yeul Ramen 120g,Noodles,4,40.0,0.05,152.0
T2025000594,2025-11-08,08:33:00,P0266,Bibigo Seaweed Crisps,Snacks,1,110.0,0.0,110.0
T2025000595,2025-11-08,19:15:00,P0199,Paldo Koreno Shrimp Noodle,Noodles,1,50.0,0.0,50.0
T2025000595,2025-11-08,19:15:00,P0007,Samyang Spicy Mayo,Condiments,2,130.0,0.0,260.0
T2025000595,2025-11-08,19:15:00,P0298,Pepero White Cookie,Snacks,1,55.0,0.0,55.0
T2025000595,2025-11-08,19:15:00,P0152,Samyang Buldak Original Cup,Noodles,1,110.0,0.0,110.0
T2025000595,2025-11-08,19:15:00,P0184,Nongshim Baehongdong Bibimyeon 137g,Noodles,4,61.0,0.0,244.0
T2025000596,2025-11-08,13:56:00,P0125,Jinro Fresh Soju,Liquor/Beverage,1,170.0,0.1,153.0
T2025000596,2025-11-08,13:56:00,P0294,Pepero Strawberry,Snacks,1,55.0,0.15,46.75
T2025000597,2025-11-08,16:55:00,P0272,Haitai  Sunkist Candy 125g,Snacks,3,95.0,0.0,285.0
T2025000597,2025-11-08,16:55:00,P0300,Can Choco Balls,Snacks,4,45.0,0.0,180.0
T2025000597,2025-11-08,16:55:00,P0245,Honey Butter Almond 190g,Snacks,1,420.0,0.0,420.0
T2025000597,2025-11-08,16:55:00,P0066,Imported Kimchi Big Tub 850g,Food Fresh/Meat/Sidedish,1,150.0,0.0,150.0
T2025000599,2025-11-08,15:59:00,P0178,Samyang Mala Buldak,Noodles,3,70.0,0.0,210.0
T2025000599,2025-11-08,15:59:00,P0257,Lotte Almond Chocolate,Snacks,2,130.0,0.0,260.0
T2025000599,2025-11-08,15:59:00,P0273,Haitai  Plumcandy 130g,Snacks,1,95.0,0.0,95.0
T2025000599,2025-11-08,15:59:00,P0005,Ottogi Gold Mayonnaise 300g,Condiments,1,150.0,0.0,150.0
T2025000599,2025-11-08,15:59:00,P0124,Terra Lager Beer 500mL,Liquor/Beverage,2,170.0,0.0,340.0
T2025000600,2025-11-08,12:02:00,P0297,Pepero Choco Filled,Snacks,4,55.0,0.0,220.0
T2025000600,2025-11-08,12:02:00,P0188,Nagasaki Jjampong,Noodles,3,60.0,0.0,180.0
T2025000600,2025-11-08,12:02:00,P0196,Paldo Cheese Ramen,Noodles,1,55.0,0.1,49.5
T2025000600,2025-11-08,12:02:00,P0166,Samyang Buldak Original,Noodles,1,88.0,0.0,88.0
T2025000600,2025-11-08,12:02:00,P0005,Ottogi Gold Mayonnaise 300g,Condiments,2,150.0,0.0,300.0
T2025000601,2025-11-08,19:04:00,P0290,Doritos Galbi Chicken,Snacks,1,77.0,0.0,77.0
T2025000601,2025-11-08,19:04:00,P0278,Haitai O! Karto Chips,Snacks,1,88.0,0.0,88.0
T2025000601,2025-11-08,19:04:00,P0263,Samlip Honey Castella,Snacks,3,120.0,0.15,306.0
T2025000601,2025-11-08,19:04:00,P0080,Samyang Buldak Original Spicy Mandu 700g,Food Frozen,1,410.0,0.0,410.0
T2025000602,2025-11-08,20:08:00,P0123,Cass Cold Brewed Beer 500mL,Liquor/Beverage,2,170.0,0.0,340.0
T2025000602,2025-11-08,20:08:00,P0295,Pepero Almond,Snacks,3,55.0,0.0,165.0
T2025000603,2025-11-08,20:06:00,P0295,Pepero Almond,Snacks,2,55.0,0.0,110.0
T2025000603,2025-11-08,20:06:00,P0207,Ottogi Yeul Ramen 120g,Noodles,4,40.0,0.0,160.0
T2025000603,2025-11-08,20:06:00,P0039,Ottogi 3Mins Curry,Dry Food,1,99.0,0.0,99.0
T2025000603,2025-11-08,20:06:00,P0095,Samlip Fish Cake Sheets,Food Frozen,1,150.0,0.0,150.0
T2025000603,2025-11-08,20:06:00,P0060,Homemade Spring Onion Kimchi 350g,Food Fresh/Meat/Sidedish,2,250.0,0.0,500.0
T2025000604,2025-11-08,18:10:00,P0143,Nongshim Welchs Grape 355mL,Liquor/Beverage,3,60.0,0.0,180.0
T2025000604,2025-11-08,18:10:00,P0267,Lotte Pepero White Cookie,Snacks,3,110.0,0.0,330.0
T2025000604,2025-11-08,18:10:00,P0227,CJ Beksul Beef Bulgogi Sauce 290g,Seasoned/Sauce/Powder,1,150.0,0.0,150.0
T2025000604,2025-11-08,18:10:00,P0292,Orion Goraebab Crackers,Snacks,3,75.0,0.0,225.0
T2025000604,2025-11-08,18:10:00,P0016,Dongwon  Vegetable Tuna Can 150g 2Pcs,Dry Food,1,235.0,0.0,235.0
T2025000605,2025-11-08,11:52:00,P0114,Banana Milk 200mL 6Pcs,Liquor/Beverage,1,290.0,0.05,275.5
T2025000605,2025-11-08,11:52:00,P0295,Pepero Almond,Snacks,4,55.0,0.0,220.0
T2025000605,2025-11-08,11:52:00,P0197,Nongshim Seafood Ramyun,Noodles,5,52.0,0.0,260.0
T2025000605,2025-11-08,11:52:00,P0006,Chung Jung One Soy Sauce,Condiments,1,140.0,0.05,133.0
T2025000606,2025-11-08,12:14:00,P0147,Binggrae Coffee Milk,Liquor/Beverage,3,48.0,0.0,144.0
T2025000606,2025-11-08,12:14:00,P0181,Paldo Bibim Cold Noodles,Noodles,4,65.0,0.0,260.0
T2025000606,2025-11-08,12:14:00,P0070,Skinless Garlic 150G,Food Fresh/Meat/Sidedish,2,65.0,0.0,130.0
T2025000607,2025-11-08,19:06:00,P0123,Cass Cold Brewed Beer 500mL,Liquor/Beverage,2,170.0,0.0,340.0
T2025000607,2025-11-08,19:06:00,P0189,Ottogi Bodle Cheese Ramen,Noodles,3,60.0,0.0,180.0
T2025000607,2025-11-08,19:06:00,P0188,Nagasaki Jjampong,Noodles,2,60.0,0.05,114.0
T2025000607,2025-11-08,19:06:00,P0152,Samyang Buldak Original Cup,Noodles,2,110.0,0.0,220.0
T2025000607,2025-11-08,19:06:00,P0250,Haitai Honey Butter Almonds,Snacks,2,190.0,0.05,361.0
T2025000608,2025-11-08,18:54:00,P0143,Nongshim Welchs Grape 355mL,Liquor/Beverage,1,60.0,0.0,60.0
T2025000608,2025-11-08,18:54:00,P0152,Samyang Buldak Original Cup,Noodles,1,110.0,0.0,110.0
T2025000608,2025-11-08,18:54:00,P0158,Nongshim Shin Ramen Black,Noodles,2,92.0,0.0,184.0
T2025000608,2025-11-08,18:54:00,P0166,Samyang Buldak Original,Noodles,2,88.0,0.0,176.0
T2025000608,2025-11-08,18:54:00,P0104,Pepero Original,Food Frozen,1,55.0,0.0,55.0
T2025000609,2025-11-09,10:28:00,P0142,Nongshim Welchs White Grape 355mL,Liquor/Beverage,2,60.0,0.0,120.0
T2025000609,2025-11-09,10:28:00,P0190,Nongshim Tempura Udon Cup,Noodles,2,60.0,0.0,120.0
T2025000609,2025-11-09,10:28:00,P0080,Samyang Buldak Original Spicy Mandu 700g,Food Frozen,1,410.0,0.0,410.0
T2025000609,2025-11-09,10:28:00,P0293,Lotte Sand Biscuit,Snacks,1,75.0,0.0,75.0
T2025000609,2025-11-09,10:28:00,P0264,Lotte Ghana Dark Chocolate,Snacks,3,115.0,0.0,345.0
T2025000610,2025-11-09,11:07:00,P0125,Jinro Fresh Soju,Liquor/Beverage,1,170.0,0.0,170.0
T2025000610,2025-11-09,11:07:00,P0281,Haitai Ace Crackers,Snacks,2,85.0,0.0,170.0
T2025000610,2025-11-09,11:07:00,P0200,Paldo Koreno Kimchi Noodle,Noodles,1,50.0,0.0,50.0
T2025000610,2025-11-09,11:07:00,P0004,O'Food Korean Chili Oil,Condiments,2,160.0,0.05,304.0
T2025000611,2025-11-09,21:53:00,P0195,Ottogi Jin Mild Small Cup,Noodles,4,55.0,0.0,220.0
T2025000611,2025-11-09,21:53:00,P0300,Can Choco Balls,Snacks,2,45.0,0.0,90.0
T2025000611,2025-11-09,21:53:00,P0104,Pepero Original,Food Frozen,4,55.0,0.0,220.0
T2025000611,2025-11-09,21:53:00,P0245,Honey Butter Almond 190g,Snacks,1,420.0,0.0,420.0
T2025000611,2025-11-09,21:53:00,P0148,Binggrae Strawberry Milk,Liquor/Beverage,4,45.0,0.0,180.0
T2025000612,2025-11-09,11:14:00,P0139,Paldo Pororo Juice,Liquor/Beverage,5,65.0,0.0,325.0
T2025000612,2025-11-09,11:14:00,P0005,Ottogi Gold Mayonnaise 300g,Condiments,1,150.0,0.0,150.0
T2025000613,2025-11-09,19:37:00,P0040,Ottogi Sweet Corn 340g,Dry Food,3,95.0,0.0,285.0
T2025000614,2025-11-09,11:58:00,P0146,Binggrae Yogurt Drink,Liquor/Beverage,2,55.0,0.0,110.0
T2025000614,2025-11-09,11:58:00,P0286,Crown Caramel Maple Corn,Snacks,1,80.0,0.0,80.0
T2025000615,2025-11-09,09:12:00,P0124,Terra Lager Beer 500mL,Liquor/Beverage,1,170.0,0.0,170.0
T2025000615,2025-11-09,09:12:00,P0291,Crown Sando Biscuit,Snacks,3,75.0,0.0,225.0
T2025000615,2025-11-09,09:12:00,P0209,Ottogi Kimchi Ramen,Noodles,2,40.0,0.0,80.0
T2025000615,2025-11-09,09:12:00,P0034,CJ  Cooked Rice,Dry Food,1,116.0,0.0,116.0
T2025000616,2025-11-09,17:35:00,P0123,Cass Cold Brewed Beer 500mL,Liquor/Beverage,1,170.0,0.0,170.0
T2025000616,2025-11-09,17:35:00,P0289,Crown Corn Chips,Snacks,2,80.0,0.0,160.0
T2025000617,2025-11-09,21:52:00,P0279,Orion O! Karto Sweet Corn,Snacks,3,88.0,0.0,264.0
T2025000617,2025-11-09,21:52:00,P0295,Pepero Almond,Snacks,5,55.0,0.0,275.0
T2025000617,2025-11-09,21:52:00,P0291,Crown Sando Biscuit,Snacks,2,75.0,0.0,150.0
T2025000617,2025-11-09,21:52:00,P0166,Samyang Buldak Original,Noodles,2,88.0,0.0,176.0
T2025000617,2025-11-09,21:52:00,P0008,Ottogi Corn Syrup,Condiments,3,98.0,0.0,294.0
T2025000618,2025-11-09,08:45:00,P0038,(Kaya) Korean Rice 1Kg,Dry Food,3,100.0,0.0,300.0
T2025000618,2025-11-09,08:45:00,P0265,Orion Almond Candy,Snacks,1,110.0,0.0,110.0
T2025000618,2025-11-09,08:45:00,P0294,Pepero Strawberry,Snacks,4,55.0,0.0,220.0
T2025000618,2025-11-09,08:45:00,P0175,Samyang Jjajang Hot Chicken,Noodles,2,75.0,0.0,150.0
T2025000618,2025-11-09,08:45:00,P0252,Lotte Banana Choco Pie 12Pcs,Snacks,1,180.0,0.1,162.0
T2025000619,2025-11-09,18:53:00,P0125,Jinro Fresh Soju,Liquor/Beverage,1,170.0,0.0,170.0
T2025000619,2025-11-09,18:53:00,P0295,Pepero Almond,Snacks,3,55.0,0.0,165.0
T2025000619,2025-11-09,18:53:00,P0278,Haitai O! Karto Chips,Snacks,2,88.0,0.0,176.0
T2025000619,2025-11-09,18:53:00,P0181,Paldo Bibim Cold Noodles,Noodles,1,65.0,0.0,65.0
T2025000619,2025-11-09,18:53:00,P0104,Pepero Original,Food Frozen,1,55.0,0.0,55.0
T2025000620,2025-11-09,11:16:00,P0264,Lotte Ghana Dark Chocolate,Snacks,1,115.0,0.05,109.25
T2025000620,2025-11-09,11:16:00,P0291,Crown Sando Biscuit,Snacks,1,75.0,0.0,75.0
T2025000620,2025-11-09,11:16:00,P0037,Ottogi Cup Spaghetti,Dry Food,2,110.0,0.0,220.0
T2025000621,2025-11-09,19:20:00,P0166,Samyang Buldak Original,Noodles,2,88.0,0.0,176.0
T2025000621,2025-11-09,19:20:00,P0187,Paldo Bibim Men,Noodles,1,60.0,0.0,60.0
T2025000621,2025-11-09,19:20:00,P0104,Pepero Original,Food Frozen,3,55.0,0.15,140.25
T2025000622,2025-11-09,20:31:00,P0258,Orion Custard Choco Cake,Snacks,2,130.0,0.0,260.0
T2025000622,2025-11-09,20:31:00,P0140,Woongjin Yogurt Peach 340mL,Liquor/Beverage,1,60.0,0.0,60.0
T2025000622,2025-11-09,20:31:00,P0298,Pepero White Cookie,Snacks,1,55.0,0.1,49.5
T2025000622,2025-11-09,20:31:00,P0150,Samyang Buldak Rosã Ramen 105g,Noodles,1,110.0,0.0,110.0
T2025000622,2025-11-09,20:31:00,P0292,Orion Goraebab Crackers,Snacks,1,75.0,0.15,63.75
T2025000623,2025-11-09,11:01:00,P0124,Terra Lager Beer 500mL,Liquor/Beverage,2,170.0,0.0,340.0
T2025000623,2025-11-09,11:01:00,P0196,Paldo Cheese Ramen,Noodles,1,55.0,0.0,55.0
T2025000623,2025-11-09,11:01:00,P0198,Paldo Koreno Beef Noodle 100g,Noodles,2,50.0,0.0,100.0
T2025000625,2025-11-09,18:05:00,P0292,Orion Goraebab Crackers,Snacks,1,75.0,0.0,75.0
T2025000625,2025-11-09,18:05:00,P0275,Haitai Sweet Potato Snack,Snacks,1,95.0,0.0,95.0
T2025000626,2025-11-09,10:36:00,P0135,KSD Peach Rice Wine 750mL,Liquor/Beverage,3,105.0,0.0,315.0
T2025000626,2025-11-09,10:36:00,P0286,Crown Caramel Maple Corn,Snacks,3,80.0,0.0,240.0
T2025000626,2025-11-09,10:36:00,P0298,Pepero White Cookie,Snacks,5,55.0,0.1,247.5
T2025000626,2025-11-09,10:36:00,P0245,Honey Butter Almond 190g,Snacks,1,420.0,0.0,420.0
T2025000627,2025-11-09,21:54:00,P0146,Binggrae Yogurt Drink,Liquor/Beverage,2,55.0,0.05,104.5
T2025000627,2025-11-09,21:54:00,P0219,CJ Beksul Spicy Pork Sauce 500g,Seasoned/Sauce/Powder,2,240.0,0.0,480.0
T2025000629,2025-11-09,13:43:00,P0296,Lotte Cereal Choco,Snacks,5,55.0,0.0,275.0
T2025000629,2025-11-09,13:43:00,P0295,Pepero Almond,Snacks,5,55.0,0.0,275.0
T2025000629,2025-11-09,13:43:00,P0298,Pepero White Cookie,Snacks,1,55.0,0.05,52.25
T2025000629,2025-11-09,13:43:00,P0009,CJ Beksul Corn Syrup,Condiments,2,95.0,0.0,190.0
T2025000630,2025-11-09,20:11:00,P0125,Jinro Fresh Soju,Liquor/Beverage,1,170.0,0.0,170.0
T2025000630,2025-11-09,20:11:00,P0152,Samyang Buldak Original Cup,Noodles,1,110.0,0.0,110.0
T2025000631,2025-11-09,12:35:00,P0126,Woongjin Yogurt Pineapple 1.5L,Liquor/Beverage,1,135.0,0.0,135.0
T2025000631,2025-11-09,12:35:00,P0286,Crown Caramel Maple Corn,Snacks,3,80.0,0.0,240.0
T2025000633,2025-11-09,11:42:00,P0140,Woongjin Yogurt Peach 340mL,Liquor/Beverage,5,60.0,0.0,300.0
T2025000633,2025-11-09,11:42:00,P0245,Honey Butter Almond 190g,Snacks,1,420.0,0.0,420.0
T2025000633,2025-11-09,11:42:00,P0258,Orion Custard Choco Cake,Snacks,2,130.0,0.0,260.0
T2025000634,2025-11-09,19:06:00,P0125,Jinro Fresh Soju,Liquor/Beverage,1,170.0,0.0,170.0
T2025000634,2025-11-09,19:06:00,P0270,Samlip Custard Cream Cake,Snacks,1,105.0,0.0,105.0
T2025000634,2025-11-09,19:06:00,P0245,Honey Butter Almond 190g,Snacks,1,420.0,0.0,420.0
T2025000634,2025-11-09,19:06:00,P0166,Samyang Buldak Original,Noodles,1,88.0,0.0,88.0
T2025000635,2025-11-09,09:27:00,P0124,Terra Lager Beer 500mL,Liquor/Beverage,1,170.0,0.15,144.5
T2025000635,2025-11-09,09:27:00,P0247,Choco Pie Green Tea 12Pcs,Snacks,1,200.0,0.0,200.0
T2025000635,2025-11-09,09:27:00,P0274,Haitai Matdongsan,Snacks,2,95.0,0.0,190.0
T2025000635,2025-11-09,09:27:00,P0178,Samyang Mala Buldak,Noodles,2,70.0,0.0,140.0
T2025000636,2025-11-09,18:30:00,P0126,Woongjin Yogurt Pineapple 1.5L,Liquor/Beverage,1,135.0,0.0,135.0
T2025000636,2025-11-09,18:30:00,P0295,Pepero Almond,Snacks,5,55.0,0.0,275.0
T2025000636,2025-11-09,18:30:00,P0266,Bibigo Seaweed Crisps,Snacks,1,110.0,0.0,110.0
T2025000636,2025-11-09,18:30:00,P0259,Nongshim Sengseng U-Dong,Snacks,2,125.0,0.0,250.0
T2025000636,2025-11-09,18:30:00,P0150,Samyang Buldak Rosã Ramen 105g,Noodles,1,110.0,0.0,110.0
T2025000637,2025-11-09,17:59:00,P0299,Lotte Xylitol Green Gum,Snacks,3,55.0,0.0,165.0
T2025000637,2025-11-09,17:59:00,P0297,Pepero Choco Filled,Snacks,1,55.0,0.0,55.0
T2025000637,2025-11-09,17:59:00,P0298,Pepero White Cookie,Snacks,2,55.0,0.0,110.0
T2025000637,2025-11-09,17:59:00,P0166,Samyang Buldak Original,Noodles,3,88.0,0.0,264.0
T2025000637,2025-11-09,17:59:00,P0162,Ottogi Jin Jjampong,Noodles,3,90.0,0.0,270.0
T2025000638,2025-11-09,14:33:00,P0133,Sunhari Blueberry 360mL,Liquor/Beverage,3,120.0,0.0,360.0
T2025000639,2025-11-09,19:06:00,P0125,Jinro Fresh Soju,Liquor/Beverage,2,170.0,0.1,306.0
T2025000639,2025-11-09,19:06:00,P0277,Orion Turtle Chips Sweet Corn,Snacks,2,89.0,0.0,178.0
T2025000639,2025-11-09,19:06:00,P0165,Samyang Cream Carbo Buldak 140g,Noodles,1,88.0,0.0,88.0
T2025000639,2025-11-09,19:06:00,P0096,Daerim  Vienna Sausage 170g,Food Frozen,2,145.0,0.15,246.5
T2025000640,2025-11-09,18:25:00,P0103,Daerim  Chaw Stick 100g,Food Frozen,1,73.0,0.0,73.0
T2025000641,2025-11-09,17:00:00,P0114,Banana Milk 200mL 6Pcs,Liquor/Beverage,1,290.0,0.0,290.0
T2025000641,2025-11-09,17:00:00,P0187,Paldo Bibim Men,Noodles,1,60.0,0.0,60.0
T2025000641,2025-11-09,17:00:00,P0186,Ottogi Chachelin Blackbean 145g,Noodles,5,60.0,0.0,300.0
T2025000641,2025-11-09,17:00:00,P0205,Ottogi Yeul Ramen,Noodles,1,48.0,0.0,48.0
T2025000641,2025-11-09,17:00:00,P0007,Samyang Spicy Mayo,Condiments,2,130.0,0.0,260.0
T2025000642,2025-11-09,19:01:00,P0257,Lotte Almond Chocolate,Snacks,1,130.0,0.0,130.0
T2025000642,2025-11-09,19:01:00,P0183,Samyang Kimchi Ramen Bowl,Noodles,2,65.0,0.1,117.0
T2025000643,2025-11-09,13:29:00,P0162,Ottogi Jin Jjampong,Noodles,2,90.0,0.0,180.0
T2025000643,2025-11-09,13:29:00,P0295,Pepero Almond,Snacks,5,55.0,0.0,275.0
T2025000643,2025-11-09,13:29:00,P0236,CJ  Soybean Paste 500g,Seasoned/Sauce/Powder,1,123.0,0.0,123.0
T2025000643,2025-11-09,13:29:00,P0247,Choco Pie Green Tea 12Pcs,Snacks,1,200.0,0.0,200.0
T2025000643,2025-11-09,13:29:00,P0193,Paldo Gomtang Ramen,Noodles,3,56.0,0.0,168.0
T2025000644,2025-11-09,12:27:00,P0185,Nongshim Shin Non-Frying Ramen 97g,Noodles,2,60.0,0.0,120.0
T2025000644,2025-11-09,12:27:00,P0152,Samyang Buldak Original Cup,Noodles,1,110.0,0.0,110.0
T2025000645,2025-11-09,12:37:00,P0114,Banana Milk 200mL 6Pcs,Liquor/Beverage,1,290.0,0.0,290.0
T2025000645,2025-11-09,12:37:00,P0245,Honey Butter Almond 190g,Snacks,1,420.0,0.1,378.0
T2025000645,2025-11-09,12:37:00,P0266,Bibigo Seaweed Crisps,Snacks,2,110.0,0.0,220.0
T2025000645,2025-11-09,12:37:00,P0002,Ottogi Gold Mayonnaise 500g,Condiments,2,235.0,0.0,470.0
T2025000646,2025-11-09,17:32:00,P0122,Chamisul Original Soju,Liquor/Beverage,2,175.0,0.0,350.0
T2025000646,2025-11-09,17:32:00,P0290,Doritos Galbi Chicken,Snacks,1,77.0,0.0,77.0
T2025000646,2025-11-09,17:32:00,P0297,Pepero Choco Filled,Snacks,5,55.0,0.0,275.0
T2025000646,2025-11-09,17:32:00,P0270,Samlip Custard Cream Cake,Snacks,3,105.0,0.0,315.0
T2025000646,2025-11-09,17:32:00,P0022,Ottogi Tteokbokki Cup,Dry Food,2,160.0,0.0,320.0
T2025000647,2025-11-09,11:23:00,P0208,Ottogi Jin Ramen Mild,Noodles,3,40.0,0.0,120.0
T2025000647,2025-11-09,11:23:00,P0148,Binggrae Strawberry Milk,Liquor/Beverage,1,45.0,0.0,45.0
T2025000647,2025-11-09,11:23:00,P0252,Lotte Banana Choco Pie 12Pcs,Snacks,1,180.0,0.0,180.0
T2025000647,2025-11-09,11:23:00,P0046,CJ Beksul Potato Starch,Dry Food,3,85.0,0.0,255.0
T2025000647,2025-11-09,11:23:00,P0150,Samyang Buldak Rosã Ramen 105g,Noodles,1,110.0,0.0,110.0
T2025000648,2025-11-09,20:14:00,P0248,Choco Pie Black Sugar 12Pcs,Snacks,2,200.0,0.0,400.0
T2025000648,2025-11-09,20:14:00,P0152,Samyang Buldak Original Cup,Noodles,2,110.0,0.0,220.0
T2025000649,2025-11-09,20:47:00,P0124,Terra Lager Beer 500mL,Liquor/Beverage,2,170.0,0.0,340.0
T2025000649,2025-11-09,20:47:00,P0277,Orion Turtle Chips Sweet Corn,Snacks,2,89.0,0.0,178.0
T2025000649,2025-11-09,20:47:00,P0174,Ottogi Cheese Bokki Cup,Noodles,3,75.0,0.0,225.0
T2025000649,2025-11-09,20:47:00,P0001,Ottogi Sesame Oil 500mL,Condiments,1,590.5,0.0,590.5
T2025000650,2025-11-09,21:50:00,P0144,Nongshim Welchs Strawberry 355mL,Liquor/Beverage,5,60.0,0.0,300.0
T2025000650,2025-11-09,21:50:00,P0270,Samlip Custard Cream Cake,Snacks,1,105.0,0.0,105.0
T2025000651,2025-11-09,13:53:00,P0144,Nongshim Welchs Strawberry 355mL,Liquor/Beverage,1,60.0,0.1,54.0
T2025000651,2025-11-09,13:53:00,P0268,Samlip Walnut Pie,Snacks,3,110.0,0.0,330.0
T2025000651,2025-11-09,13:53:00,P0282,Orion Choco Boy,Snacks,1,85.0,0.1,76.5
T2025000652,2025-11-09,19:13:00,P0125,Jinro Fresh Soju,Liquor/Beverage,2,170.0,0.0,340.0
T2025000652,2025-11-09,19:13:00,P0203,Jin Ramen Spicy Cup,Noodles,1,50.0,0.0,50.0
T2025000653,2025-11-09,13:11:00,P0124,Terra Lager Beer 500mL,Liquor/Beverage,2,170.0,0.0,340.0
T2025000653,2025-11-09,13:11:00,P0216,CJ Beksul Chicken Frying Mix 1Kg,Seasoned/Sauce/Powder,1,257.0,0.0,257.0
T2025000654,2025-11-09,15:21:00,P0123,Cass Cold Brewed Beer 500mL,Liquor/Beverage,2,170.0,0.0,340.0
T2025000654,2025-11-09,15:21:00,P0266,Bibigo Seaweed Crisps,Snacks,2,110.0,0.0,220.0
T2025000654,2025-11-09,15:21:00,P0280,Nongshim Potato Sticks,Snacks,2,85.0,0.0,170.0
T2025000654,2025-11-09,15:21:00,P0071,Kongsarang Firm Tofu,Food Fresh/Meat/Sidedish,3,65.0,0.0,195.0
T2025000655,2025-11-09,20:06:00,P0175,Samyang Jjajang Hot Chicken,Noodles,2,75.0,0.0,150.0
T2025000655,2025-11-09,20:06:00,P0174,Ottogi Cheese Bokki Cup,Noodles,3,75.0,0.0,225.0
T2025000655,2025-11-09,20:06:00,P0295,Pepero Almond,Snacks,4,55.0,0.0,220.0
T2025000655,2025-11-09,20:06:00,P0034,CJ  Cooked Rice,Dry Food,3,116.0,0.0,348.0
T2025000655,2025-11-09,20:06:00,P0189,Ottogi Bodle Cheese Ramen,Noodles,1,60.0,0.0,60.0
T2025000656,2025-11-09,12:30:00,P0149,Binggrae Mango Milk,Liquor/Beverage,2,45.0,0.0,90.0
T2025000656,2025-11-09,12:30:00,P0245,Honey Butter Almond 190g,Snacks,1,420.0,0.0,420.0
T2025000656,2025-11-09,12:30:00,P0251,Oil Fried & Salted Peanuts,Snacks,2,185.0,0.0,370.0
T2025000656,2025-11-09,12:30:00,P0279,Orion O! Karto Sweet Corn,Snacks,1,88.0,0.0,88.0
T2025000656,2025-11-09,12:30:00,P0229,O'Food Korean BBQ Sauce,Seasoned/Sauce/Powder,2,145.0,0.15,246.5
T2025000657,2025-11-09,14:01:00,P0295,Pepero Almond,Snacks,3,55.0,0.0,165.0
T2025000657,2025-11-09,14:01:00,P0253,Orion Market O Brownie,Snacks,1,170.0,0.0,170.0
T2025000657,2025-11-09,14:01:00,P0245,Honey Butter Almond 190g,Snacks,1,420.0,0.0,420.0
T2025000658,2025-11-09,12:37:00,P0212,Beef Dasida (Soup Stock) 1Kg,Seasoned/Sauce/Powder,1,550.0,0.0,550.0
T2025000660,2025-11-09,12:30:00,P0149,Binggrae Mango Milk,Liquor/Beverage,4,45.0,0.0,180.0
T2025000660,2025-11-09,12:30:00,P0245,Honey Butter Almond 190g,Snacks,1,420.0,0.0,420.0
T2025000660,2025-11-09,12:30:00,P0171,Tempura Udon Big Cup,Noodles,1,75.0,0.0,75.0
T2025000660,2025-11-09,12:30:00,P0153,Samyang Buldak Cheese Cup,Noodles,1,110.0,0.0,110.0
T2025000660,2025-11-09,12:30:00,P0196,Paldo Cheese Ramen,Noodles,4,55.0,0.0,220.0
T2025000661,2025-11-09,19:59:00,P0149,Binggrae Mango Milk,Liquor/Beverage,4,45.0,0.0,180.0
T2025000661,2025-11-09,19:59:00,P0299,Lotte Xylitol Green Gum,Snacks,4,55.0,0.0,220.0
T2025000661,2025-11-09,19:59:00,P0163,Samyang Buldak Rose 140g,Noodles,3,88.0,0.0,264.0
T2025000662,2025-11-09,10:02:00,P0105,White Gold Coffee 100Sticks,Liquor/Beverage,1,1150.0,0.0,1150.0
T2025000662,2025-11-09,10:02:00,P0281,Haitai Ace Crackers,Snacks,3,85.0,0.0,255.0
T2025000662,2025-11-09,10:02:00,P0294,Pepero Strawberry,Snacks,5,55.0,0.0,275.0
T2025000662,2025-11-09,10:02:00,P0024,O'Food Kimchi Soup Mix,Dry Food,1,150.0,0.0,150.0
T2025000662,2025-11-09,10:02:00,P0241,CJ Anchovy Sauce 500g,Seasoned/Sauce/Powder,1,105.0,0.0,105.0
T2025000663,2025-11-09,21:27:00,P0195,Ottogi Jin Mild Small Cup,Noodles,2,55.0,0.0,110.0
T2025000663,2025-11-09,21:27:00,P0209,Ottogi Kimchi Ramen,Noodles,2,40.0,0.0,80.0
T2025000663,2025-11-09,21:27:00,P0193,Paldo Gomtang Ramen,Noodles,5,56.0,0.0,280.0
T2025000664,2025-11-09,13:28:00,P0298,Pepero White Cookie,Snacks,5,55.0,0.0,275.0
T2025000664,2025-11-09,13:28:00,P0249,Lotte Chocopie 12Pcs,Snacks,2,200.0,0.0,400.0
T2025000664,2025-11-09,13:28:00,P0254,Honey Roasted Peanuts,Snacks,2,165.0,0.0,330.0
T2025000664,2025-11-09,13:28:00,P0166,Samyang Buldak Original,Noodles,3,88.0,0.0,264.0
T2025000664,2025-11-09,13:28:00,P0006,Chung Jung One Soy Sauce,Condiments,2,140.0,0.0,280.0
T2025000665,2025-11-09,13:51:00,P0186,Ottogi Chachelin Blackbean 145g,Noodles,3,60.0,0.0,180.0
T2025000666,2025-11-09,11:39:00,P0291,Crown Sando Biscuit,Snacks,3,75.0,0.0,225.0
T2025000666,2025-11-09,11:39:00,P0245,Honey Butter Almond 190g,Snacks,1,420.0,0.0,420.0
T2025000666,2025-11-09,11:39:00,P0298,Pepero White Cookie,Snacks,3,55.0,0.0,165.0
T2025000666,2025-11-09,11:39:00,P0205,Ottogi Yeul Ramen,Noodles,1,48.0,0.0,48.0
T2025000666,2025-11-09,11:39:00,P0192,Nongshim Soon Veggie Ramen,Noodles,5,58.0,0.0,290.0
T2025000667,2025-11-09,09:47:00,P0149,Binggrae Mango Milk,Liquor/Beverage,4,45.0,0.0,180.0
T2025000667,2025-11-09,09:47:00,P0268,Samlip Walnut Pie,Snacks,1,110.0,0.0,110.0
T2025000667,2025-11-09,09:47:00,P0244,Wasabi Almond 190g,Snacks,1,440.0,0.0,440.0
T2025000667,2025-11-09,09:47:00,P0295,Pepero Almond,Snacks,1,55.0,0.0,55.0
T2025000668,2025-11-09,13:39:00,P0007,Samyang Spicy Mayo,Condiments,1,130.0,0.0,130.0
T2025000668,2025-11-09,13:39:00,P0224,Seasoned Seaweed 200g,Seasoned/Sauce/Powder,1,190.0,0.0,190.0
T2025000669,2025-11-09,09:51:00,P0294,Pepero Strawberry,Snacks,5,55.0,0.0,275.0
T2025000669,2025-11-09,09:51:00,P0287,Nongshim Banana Kick 75g,Snacks,2,80.0,0.0,160.0
T2025000670,2025-11-09,11:06:00,P0298,Pepero White Cookie,Snacks,1,55.0,0.0,55.0
T2025000670,2025-11-09,11:06:00,P0004,O'Food Korean Chili Oil,Condiments,2,160.0,0.0,320.0
T2025000671,2025-11-09,11:51:00,P0147,Binggrae Coffee Milk,Liquor/Beverage,5,48.0,0.0,240.0
T2025000671,2025-11-09,11:51:00,P0245,Honey Butter Almond 190g,Snacks,1,420.0,0.0,420.0
T2025000672,2025-11-09,11:30:00,P0264,Lotte Ghana Dark Chocolate,Snacks,1,115.0,0.05,109.25
T2025000672,2025-11-09,11:30:00,P0295,Pepero Almond,Snacks,2,55.0,0.0,110.0
T2025000672,2025-11-09,11:30:00,P0203,Jin Ramen Spicy Cup,Noodles,5,50.0,0.0,250.0
T2025000672,2025-11-09,11:30:00,P0194,Shin Ramen Kimchi,Noodles,2,55.0,0.1,99.0
T2025000672,2025-11-09,11:30:00,P0007,Samyang Spicy Mayo,Condiments,2,130.0,0.15,221.0
T2025000673,2025-11-09,18:20:00,P0139,Paldo Pororo Juice,Liquor/Beverage,3,65.0,0.0,195.0
T2025000673,2025-11-09,18:20:00,P0279,Orion O! Karto Sweet Corn,Snacks,3,88.0,0.0,264.0
T2025000673,2025-11-09,18:20:00,P0099,Daerim  Chaw Spicy Stick 90g,Food Frozen,3,80.0,0.0,240.0
T2025000673,2025-11-09,18:20:00,P0270,Samlip Custard Cream Cake,Snacks,1,105.0,0.0,105.0
T2025000673,2025-11-09,18:20:00,P0207,Ottogi Yeul Ramen 120g,Noodles,4,40.0,0.0,160.0
T2025000674,2025-11-09,11:39:00,P0050,Boneless Rib Eye 250g,Food Fresh/Meat/Sidedish,1,750.0,0.05,712.5
T2025000674,2025-11-09,11:39:00,P0184,Nongshim Baehongdong Bibimyeon 137g,Noodles,3,61.0,0.0,183.0
T2025000674,2025-11-09,11:39:00,P0260,Binch Biscuit,Snacks,1,120.0,0.0,120.0
T2025000674,2025-11-09,11:39:00,P0200,Paldo Koreno Kimchi Noodle,Noodles,3,50.0,0.0,150.0
T2025000674,2025-11-09,11:39:00,P0102,MWC Tteok Galbi Bar,Food Frozen,2,75.0,0.0,150.0
T2025000675,2025-11-09,19:35:00,P0114,Banana Milk 200mL 6Pcs,Liquor/Beverage,1,290.0,0.0,290.0
T2025000675,2025-11-09,19:35:00,P0297,Pepero Choco Filled,Snacks,4,55.0,0.05,209.0
T2025000675,2025-11-09,19:35:00,P0287,Nongshim Banana Kick 75g,Snacks,1,80.0,0.0,80.0
T2025000675,2025-11-09,19:35:00,P0207,Ottogi Yeul Ramen 120g,Noodles,3,40.0,0.0,120.0
T2025000675,2025-11-09,19:35:00,P0175,Samyang Jjajang Hot Chicken,Noodles,3,75.0,0.0,225.0
T2025000676,2025-11-09,18:08:00,P0300,Can Choco Balls,Snacks,2,45.0,0.0,90.0
T2025000676,2025-11-09,18:08:00,P0098,Daerim  Crabstick 216g,Food Frozen,2,98.0,0.0,196.0
T2025000677,2025-11-09,20:34:00,P0300,Can Choco Balls,Snacks,1,45.0,0.0,45.0
T2025000677,2025-11-09,20:34:00,P0296,Lotte Cereal Choco,Snacks,3,55.0,0.0,165.0
T2025000677,2025-11-09,20:34:00,P0265,Orion Almond Candy,Snacks,2,110.0,0.0,220.0
T2025000677,2025-11-09,20:34:00,P0166,Samyang Buldak Original,Noodles,1,88.0,0.0,88.0
T2025000677,2025-11-09,20:34:00,P0158,Nongshim Shin Ramen Black,Noodles,3,92.0,0.0,276.0
T2025000678,2025-11-09,18:44:00,P0295,Pepero Almond,Snacks,1,55.0,0.0,55.0
T2025000678,2025-11-09,18:44:00,P0245,Honey Butter Almond 190g,Snacks,1,420.0,0.15,357.0
T2025000678,2025-11-09,18:44:00,P0257,Lotte Almond Chocolate,Snacks,2,130.0,0.0,260.0
T2025000678,2025-11-09,18:44:00,P0153,Samyang Buldak Cheese Cup,Noodles,1,110.0,0.0,110.0
T2025000678,2025-11-09,18:44:00,P0169,Samyang Buldak Stew Type 145g,Noodles,2,80.0,0.0,160.0
T2025000679,2025-11-09,13:48:00,P0293,Lotte Sand Biscuit,Snacks,3,75.0,0.0,225.0
T2025000679,2025-11-09,13:48:00,P0189,Ottogi Bodle Cheese Ramen,Noodles,1,60.0,0.15,51.0
T2025000679,2025-11-09,13:48:00,P0151,Samyang Buldak 4 Cheese Ramen 110g,Noodles,3,110.0,0.0,330.0
T2025000679,2025-11-09,13:48:00,P0124,Terra Lager Beer 500mL,Liquor/Beverage,1,170.0,0.0,170.0
T2025000679,2025-11-09,13:48:00,P0257,Lotte Almond Chocolate,Snacks,2,130.0,0.0,260.0
T2025000680,2025-11-09,21:57:00,P0299,Lotte Xylitol Green Gum,Snacks,3,55.0,0.0,165.0
T2025000680,2025-11-09,21:57:00,P0266,Bibigo Seaweed Crisps,Snacks,3,110.0,0.0,330.0
T2025000680,2025-11-09,21:57:00,P0152,Samyang Buldak Original Cup,Noodles,1,110.0,0.1,99.0
T2025000680,2025-11-09,21:57:00,P0202,Nongshim Ansung Tangmen,Noodles,4,50.0,0.0,200.0
T2025000681,2025-11-09,12:17:00,P0124,Terra Lager Beer 500mL,Liquor/Beverage,1,170.0,0.0,170.0
T2025000681,2025-11-09,12:17:00,P0298,Pepero White Cookie,Snacks,1,55.0,0.0,55.0
T2025000682,2025-11-09,20:03:00,P0277,Orion Turtle Chips Sweet Corn,Snacks,2,89.0,0.0,178.0
T2025000682,2025-11-09,20:03:00,P0259,Nongshim Sengseng U-Dong,Snacks,1,125.0,0.0,125.0
T2025000682,2025-11-09,20:03:00,P0155,Nongshim Dungji Mul Nengmyeon (Cold Noodle),Noodles,1,95.0,0.05,90.25
T2025000682,2025-11-09,20:03:00,P0202,Nongshim Ansung Tangmen,Noodles,3,50.0,0.0,150.0
T2025000682,2025-11-09,20:03:00,P0253,Orion Market O Brownie,Snacks,2,170.0,0.0,340.0
T2025000683,2025-11-09,14:50:00,P0007,Samyang Spicy Mayo,Condiments,1,130.0,0.0,130.0
T2025000684,2025-11-09,19:20:00,P0101,Daerim  Fish Cake Stick,Food Frozen,2,77.0,0.15,130.9
T2025000684,2025-11-09,19:20:00,P0156,Nongshim Ramyun King Bowl,Noodles,2,95.0,0.0,190.0
T2025000684,2025-11-09,19:20:00,P0123,Cass Cold Brewed Beer 500mL,Liquor/Beverage,1,170.0,0.15,144.5
T2025000684,2025-11-09,19:20:00,P0200,Paldo Koreno Kimchi Noodle,Noodles,1,50.0,0.0,50.0
T2025000684,2025-11-09,19:20:00,P0248,Choco Pie Black Sugar 12Pcs,Snacks,2,200.0,0.0,400.0
T2025000685,2025-11-09,13:54:00,P0124,Terra Lager Beer 500mL,Liquor/Beverage,2,170.0,0.0,340.0
T2025000685,2025-11-09,13:54:00,P0278,Haitai O! Karto Chips,Snacks,3,88.0,0.0,264.0
T2025000685,2025-11-09,13:54:00,P0020,CJ Beksul Hotteok Mix,Dry Food,2,185.0,0.0,370.0
T2025000686,2025-11-09,15:26:00,P0239,Ottogi Curry Hot,Seasoned/Sauce/Powder,3,115.0,0.0,345.0
T2025000687,2025-11-09,15:15:00,P0155,Nongshim Dungji Mul Nengmyeon (Cold Noodle),Noodles,1,95.0,0.0,95.0
T2025000687,2025-11-09,15:15:00,P0080,Samyang Buldak Original Spicy Mandu 700g,Food Frozen,1,410.0,0.0,410.0
T2025000687,2025-11-09,15:15:00,P0269,Lotte Soft Strawberry Milk Candy 79g,Snacks,2,105.0,0.1,189.0
T2025000687,2025-11-09,15:15:00,P0203,Jin Ramen Spicy Cup,Noodles,1,50.0,0.05,47.5
T2025000687,2025-11-09,15:15:00,P0177,Ottogi Beef Seaweed Soup Ramen,Noodles,2,70.0,0.05,133.0
T2025000688,2025-11-09,17:50:00,P0133,Sunhari Blueberry 360mL,Liquor/Beverage,2,120.0,0.0,240.0
T2025000689,2025-11-09,12:52:00,P0275,Haitai Sweet Potato Snack,Snacks,1,95.0,0.0,95.0
T2025000689,2025-11-09,12:52:00,P0293,Lotte Sand Biscuit,Snacks,1,75.0,0.0,75.0
T2025000689,2025-11-09,12:52:00,P0180,Samyang Curry Ramen,Noodles,1,68.0,0.0,68.0
T2025000690,2025-11-09,15:00:00,P0175,Samyang Jjajang Hot Chicken,Noodles,1,75.0,0.0,75.0
T2025000690,2025-11-09,15:00:00,P0245,Honey Butter Almond 190g,Snacks,1,420.0,0.0,420.0
T2025000690,2025-11-09,15:00:00,P0124,Terra Lager Beer 500mL,Liquor/Beverage,2,170.0,0.0,340.0
T2025000690,2025-11-09,15:00:00,P0188,Nagasaki Jjampong,Noodles,1,60.0,0.0,60.0
T2025000690,2025-11-09,15:00:00,P0180,Samyang Curry Ramen,Noodles,5,68.0,0.0,340.0
T2025000691,2025-11-09,19:00:00,P0147,Binggrae Coffee Milk,Liquor/Beverage,2,48.0,0.0,96.0
T2025000691,2025-11-09,19:00:00,P0074,Bibigo Fried Dumplings 450g,Food Frozen,1,740.0,0.0,740.0
T2025000692,2025-11-09,12:18:00,P0138,Kirin Ichiban Beer 330mL,Liquor/Beverage,2,68.0,0.0,136.0
T2025000692,2025-11-09,12:18:00,P0282,Orion Choco Boy,Snacks,2,85.0,0.0,170.0
T2025000692,2025-11-09,12:18:00,P0031,Yopokki Cheese Cup 120g,Dry Food,2,120.0,0.0,240.0
T2025000693,2025-11-09,20:18:00,P0236,CJ  Soybean Paste 500g,Seasoned/Sauce/Powder,1,123.0,0.0,123.0
T2025000693,2025-11-09,20:18:00,P0122,Chamisul Original Soju,Liquor/Beverage,1,175.0,0.0,175.0
T2025000693,2025-11-09,20:18:00,P0094,MWC Frank Sausage 5Pcs,Food Frozen,1,173.0,0.1,155.7
T2025000693,2025-11-09,20:18:00,P0297,Pepero Choco Filled,Snacks,4,55.0,0.0,220.0
T2025000693,2025-11-09,20:18:00,P0152,Samyang Buldak Original Cup,Noodles,3,110.0,0.0,330.0
T2025000694,2025-11-09,20:22:00,P0124,Terra Lager Beer 500mL,Liquor/Beverage,2,170.0,0.0,340.0
T2025000694,2025-11-09,20:22:00,P0033,CJ Beksul Frying Mix,Dry Food,1,120.0,0.0,120.0
T2025000694,2025-11-09,20:22:00,P0082,Daerim  Crab Sticks 1Kg,Food Frozen,1,350.0,0.0,350.0
T2025000695,2025-11-09,18:02:00,P0121,Lotte Chum Churum Soju,Liquor/Beverage,1,175.0,0.1,157.5
T2025000695,2025-11-09,18:02:00,P0276,Orion Sun Chips Korean BBQ,Snacks,3,90.0,0.0,270.0
T2025000695,2025-11-09,18:02:00,P0166,Samyang Buldak Original,Noodles,1,88.0,0.0,88.0
T2025000696,2025-11-09,13:37:00,P0299,Lotte Xylitol Green Gum,Snacks,5,55.0,0.0,275.0
T2025000696,2025-11-09,13:37:00,P0284,Kkokal Sweet Corn Snack,Snacks,3,80.0,0.0,240.0
T2025000696,2025-11-09,13:37:00,P0175,Samyang Jjajang Hot Chicken,Noodles,1,75.0,0.0,75.0
T2025000696,2025-11-09,13:37:00,P0208,Ottogi Jin Ramen Mild,Noodles,1,40.0,0.0,40.0
T2025000696,2025-11-09,13:37:00,P0168,Samyang Carbo Buldak,Noodles,2,88.0,0.0,176.0
T2025000697,2025-11-09,10:44:00,P0298,Pepero White Cookie,Snacks,2,55.0,0.0,110.0
T2025000697,2025-11-09,10:44:00,P0275,Haitai Sweet Potato Snack,Snacks,3,95.0,0.0,285.0
T2025000697,2025-11-09,10:44:00,P0241,CJ Anchovy Sauce 500g,Seasoned/Sauce/Powder,1,105.0,0.0,105.0
T2025000698,2025-11-09,17:22:00,P0135,KSD Peach Rice Wine 750mL,Liquor/Beverage,2,105.0,0.0,210.0
T2025000698,2025-11-09,17:22:00,P0299,Lotte Xylitol Green Gum,Snacks,3,55.0,0.0,165.0
T2025000698,2025-11-09,17:22:00,P0261,Lotte Choco Heim,Snacks,1,120.0,0.15,102.0
T2025000698,2025-11-09,17:22:00,P0245,Honey Butter Almond 190g,Snacks,1,420.0,0.0,420.0
T2025000699,2025-11-09,18:08:00,P0288,Nongshim Honey Rice Snack,Snacks,3,80.0,0.15,204.0
T2025000699,2025-11-09,18:08:00,P0295,Pepero Almond,Snacks,1,55.0,0.0,55.0
T2025000699,2025-11-09,18:08:00,P0213,Sempio Yondu 500mL,Seasoned/Sauce/Powder,2,345.0,0.0,690.0
T2025000700,2025-11-09,17:04:00,P0124,Terra Lager Beer 500mL,Liquor/Beverage,2,170.0,0.0,340.0
T2025000700,2025-11-09,17:04:00,P0183,Samyang Kimchi Ramen Bowl,Noodles,5,65.0,0.0,325.0
T2025000701,2025-11-09,16:26:00,P0140,Woongjin Yogurt Peach 340mL,Liquor/Beverage,3,60.0,0.0,180.0
T2025000702,2025-11-09,14:38:00,P0021,Bibigo Kimbab Kim 10Sheets,Dry Food,2,161.0,0.0,322.0
T2025000703,2025-11-09,17:44:00,P0295,Pepero Almond,Snacks,4,55.0,0.0,220.0
T2025000704,2025-11-09,17:30:00,P0272,Haitai  Sunkist Candy 125g,Snacks,1,95.0,0.0,95.0
T2025000704,2025-11-09,17:30:00,P0192,Nongshim Soon Veggie Ramen,Noodles,5,58.0,0.0,290.0
T2025000704,2025-11-09,17:30:00,P0196,Paldo Cheese Ramen,Noodles,4,55.0,0.0,220.0
T2025000704,2025-11-09,17:30:00,P0040,Ottogi Sweet Corn 340g,Dry Food,2,95.0,0.15,161.5
T2025000705,2025-11-09,19:32:00,P0114,Banana Milk 200mL 6Pcs,Liquor/Beverage,1,290.0,0.0,290.0
T2025000705,2025-11-09,19:32:00,P0207,Ottogi Yeul Ramen 120g,Noodles,2,40.0,0.0,80.0
T2025000705,2025-11-09,19:32:00,P0166,Samyang Buldak Original,Noodles,2,88.0,0.0,176.0
T2025000706,2025-11-09,17:54:00,P0127,Lets Be Mild Coffee Can 4Pcs,Liquor/Beverage,1,128.0,0.0,128.0
T2025000706,2025-11-09,17:54:00,P0260,Binch Biscuit,Snacks,2,120.0,0.0,240.0
T2025000706,2025-11-09,17:54:00,P0191,Paldo Teumsae Ramen,Noodles,1,60.0,0.0,60.0
T2025000706,2025-11-09,17:54:00,P0269,Lotte Soft Strawberry Milk Candy 79g,Snacks,1,105.0,0.0,105.0
T2025000706,2025-11-09,17:54:00,P0187,Paldo Bibim Men,Noodles,4,60.0,0.0,240.0
T2025000707,2025-11-09,16:31:00,P0297,Pepero Choco Filled,Snacks,5,55.0,0.15,233.75
T2025000707,2025-11-09,16:31:00,P0283,Orion Ogingo Ttangkong,Snacks,1,83.0,0.0,83.0
T2025000707,2025-11-09,16:31:00,P0293,Lotte Sand Biscuit,Snacks,2,75.0,0.1,135.0
T2025000708,2025-11-09,17:13:00,P0133,Sunhari Blueberry 360mL,Liquor/Beverage,3,120.0,0.0,360.0
T2025000708,2025-11-09,17:13:00,P0232,O'Food Tofu Stew Base,Seasoned/Sauce/Powder,2,135.0,0.0,270.0
T2025000709,2025-11-09,17:46:00,P0032,Samlip Mini Kimbap,Dry Food,3,120.0,0.0,360.0
T2025000709,2025-11-09,17:46:00,P0270,Samlip Custard Cream Cake,Snacks,2,105.0,0.0,210.0
T2025000709,2025-11-09,17:46:00,P0054,Chadolbagi Wagyu 500g,Food Fresh/Meat/Sidedish,1,475.0,0.0,475.0
T2025000709,2025-11-09,17:46:00,P0151,Samyang Buldak 4 Cheese Ramen 110g,Noodles,3,110.0,0.0,330.0
T2025000709,2025-11-09,17:46:00,P0195,Ottogi Jin Mild Small Cup,Noodles,4,55.0,0.0,220.0
T2025000710,2025-11-09,19:50:00,P0124,Terra Lager Beer 500mL,Liquor/Beverage,2,170.0,0.0,340.0
T2025000710,2025-11-09,19:50:00,P0245,Honey Butter Almond 190g,Snacks,1,420.0,0.0,420.0
T2025000710,2025-11-09,19:50:00,P0182,Paldo Ilpoom Jjajang,Noodles,4,65.0,0.15,221.0
T2025000710,2025-11-09,19:50:00,P0193,Paldo Gomtang Ramen,Noodles,4,56.0,0.0,224.0
T2025000710,2025-11-09,19:50:00,P0203,Jin Ramen Spicy Cup,Noodles,3,50.0,0.0,150.0
T2025000711,2025-11-09,20:03:00,P0125,Jinro Fresh Soju,Liquor/Beverage,1,170.0,0.0,170.0
T2025000711,2025-11-09,20:03:00,P0245,Honey Butter Almond 190g,Snacks,1,420.0,0.0,420.0
T2025000711,2025-11-09,20:03:00,P0152,Samyang Buldak Original Cup,Noodles,2,110.0,0.15,187.0
T2025000711,2025-11-09,20:03:00,P0207,Ottogi Yeul Ramen 120g,Noodles,5,40.0,0.0,200.0
T2025000711,2025-11-09,20:03:00,P0187,Paldo Bibim Men,Noodles,2,60.0,0.0,120.0
T2025000712,2025-11-09,12:19:00,P0288,Nongshim Honey Rice Snack,Snacks,2,80.0,0.0,160.0
T2025000712,2025-11-09,12:19:00,P0250,Haitai Honey Butter Almonds,Snacks,2,190.0,0.0,380.0
T2025000713,2025-11-09,17:40:00,P0145,Binggrae Melon Soda,Liquor/Beverage,2,60.0,0.0,120.0
T2025000713,2025-11-09,17:40:00,P0295,Pepero Almond,Snacks,2,55.0,0.0,110.0
T2025000713,2025-11-09,17:40:00,P0298,Pepero White Cookie,Snacks,2,55.0,0.0,110.0
T2025000713,2025-11-09,17:40:00,P0245,Honey Butter Almond 190g,Snacks,1,420.0,0.0,420.0
T2025000714,2025-11-09,18:27:00,P0142,Nongshim Welchs White Grape 355mL,Liquor/Beverage,5,60.0,0.0,300.0
T2025000715,2025-11-09,11:34:00,P0294,Pepero Strawberry,Snacks,4,55.0,0.0,220.0
T2025000715,2025-11-09,11:34:00,P0152,Samyang Buldak Original Cup,Noodles,1,110.0,0.0,110.0
T2025000715,2025-11-09,11:34:00,P0245,Honey Butter Almond 190g,Snacks,1,420.0,0.0,420.0
T2025000715,2025-11-09,11:34:00,P0264,Lotte Ghana Dark Chocolate,Snacks,3,115.0,0.0,345.0
T2025000715,2025-11-09,11:34:00,P0154,Nongshim Jjawang,Noodles,2,100.0,0.0,200.0
T2025000717,2025-11-09,20:52:00,P0124,Terra Lager Beer 500mL,Liquor/Beverage,1,170.0,0.0,170.0
T2025000717,2025-11-09,20:52:00,P0296,Lotte Cereal Choco,Snacks,4,55.0,0.0,220.0
T2025000717,2025-11-09,20:52:00,P0080,Samyang Buldak Original Spicy Mandu 700g,Food Frozen,1,410.0,0.0,410.0
T2025000718,2025-11-09,18:24:00,P0124,Terra Lager Beer 500mL,Liquor/Beverage,2,170.0,0.0,340.0
T2025000718,2025-11-09,18:24:00,P0263,Samlip Honey Castella,Snacks,2,120.0,0.05,228.0
T2025000718,2025-11-09,18:24:00,P0005,Ottogi Gold Mayonnaise 300g,Condiments,1,150.0,0.0,150.0
T2025000719,2025-11-09,11:37:00,P0245,Honey Butter Almond 190g,Snacks,1,420.0,0.0,420.0
T2025000719,2025-11-09,11:37:00,P0255,Bibigo Crispy Seaweed Snack,Snacks,2,140.0,0.05,266.0
T2025000719,2025-11-09,11:37:00,P0286,Crown Caramel Maple Corn,Snacks,1,80.0,0.0,80.0
T2025000719,2025-11-09,11:37:00,P0194,Shin Ramen Kimchi,Noodles,3,55.0,0.0,165.0
T2025000720,2025-11-09,11:21:00,P0123,Cass Cold Brewed Beer 500mL,Liquor/Beverage,2,170.0,0.0,340.0
T2025000720,2025-11-09,11:21:00,P0252,Lotte Banana Choco Pie 12Pcs,Snacks,2,180.0,0.0,360.0
T2025000721,2025-11-09,08:54:00,P0120,Aloe Vera Juice 1.5L,Liquor/Beverage,1,175.0,0.0,175.0
T2025000721,2025-11-09,08:54:00,P0179,Ottogi Ramen Bokki Cup,Noodles,1,69.0,0.0,69.0
T2025000721,2025-11-09,08:54:00,P0155,Nongshim Dungji Mul Nengmyeon (Cold Noodle),Noodles,3,95.0,0.0,285.0
T2025000721,2025-11-09,08:54:00,P0152,Samyang Buldak Original Cup,Noodles,1,110.0,0.0,110.0
T2025000722,2025-11-09,13:13:00,P0124,Terra Lager Beer 500mL,Liquor/Beverage,1,170.0,0.0,170.0
T2025000722,2025-11-09,13:13:00,P0298,Pepero White Cookie,Snacks,3,55.0,0.05,156.75
T2025000722,2025-11-09,13:13:00,P0299,Lotte Xylitol Green Gum,Snacks,5,55.0,0.0,275.0
T2025000722,2025-11-09,13:13:00,P0221,CJ  Gochujang 500g,Seasoned/Sauce/Powder,1,220.0,0.0,220.0
T2025000723,2025-11-09,20:26:00,P0268,Samlip Walnut Pie,Snacks,2,110.0,0.0,220.0
T2025000723,2025-11-09,20:26:00,P0165,Samyang Cream Carbo Buldak 140g,Noodles,3,88.0,0.15,224.4
T2025000723,2025-11-09,20:26:00,P0180,Samyang Curry Ramen,Noodles,1,68.0,0.05,64.6
T2025000723,2025-11-09,20:26:00,P0278,Haitai O! Karto Chips,Snacks,3,88.0,0.0,264.0
T2025000723,2025-11-09,20:26:00,P0001,Ottogi Sesame Oil 500mL,Condiments,1,590.5,0.0,590.5
T2025000724,2025-11-09,12:01:00,P0295,Pepero Almond,Snacks,3,55.0,0.0,165.0
T2025000724,2025-11-09,12:01:00,P0267,Lotte Pepero White Cookie,Snacks,3,110.0,0.0,330.0
T2025000724,2025-11-09,12:01:00,P0300,Can Choco Balls,Snacks,4,45.0,0.0,180.0
T2025000724,2025-11-09,12:01:00,P0226,CJ Beksul Sweet Korean Pancake Mix 400g,Seasoned/Sauce/Powder,1,155.0,0.0,155.0
T2025000725,2025-11-09,19:53:00,P0285,Corn Choco,Snacks,1,80.0,0.0,80.0
T2025000725,2025-11-09,19:53:00,P0193,Paldo Gomtang Ramen,Noodles,4,56.0,0.15,190.4
T2025000725,2025-11-09,19:53:00,P0230,CJ Beksul Pancake Sauce,Seasoned/Sauce/Powder,2,145.0,0.05,275.5
T2025000726,2025-11-09,11:22:00,P0143,Nongshim Welchs Grape 355mL,Liquor/Beverage,3,60.0,0.0,180.0
T2025000726,2025-11-09,11:22:00,P0298,Pepero White Cookie,Snacks,1,55.0,0.0,55.0
T2025000726,2025-11-09,11:22:00,P0284,Kkokal Sweet Corn Snack,Snacks,2,80.0,0.0,160.0
